ISO-10303-21;
HEADER;
FILE_DESCRIPTION (( 'STEP AP214' ),
    '1' );
FILE_NAME ('65mmÂÖ×Ó.STEP',
    '2024-12-23T03:10:32',
    ( '' ),
    ( '' ),
    'SwSTEP 2.0',
    'SolidWorks 2021',
    '' );
FILE_SCHEMA (( 'AUTOMOTIVE_DESIGN' ));
ENDSEC;

DATA;
#1 = FACE_OUTER_BOUND ( 'NONE', #10097, .T. ) ;
#2 = COLOUR_RGB ( '',0.1529411764705882470, 0.4901960784313725283, 1.000000000000000000 ) ;
#3 = B_SPLINE_CURVE_WITH_KNOTS ( 'NONE', 3,
 ( #3512, #7373, #78, #4401, #3166, #3839, #9151, #4476 ),
 .UNSPECIFIED., .F., .F.,
 ( 4, 2, 2, 4 ),
 ( 0.000000000000000000, 0.0002427953948744192368, 0.0004855907897488384735, 0.0009711815794976745618 ),
 .UNSPECIFIED. ) ;
#4 =( LENGTH_UNIT ( ) NAMED_UNIT ( * ) SI_UNIT ( .MILLI., .METRE. ) );
#5 =( NAMED_UNIT ( * ) PLANE_ANGLE_UNIT ( ) SI_UNIT ( $, .RADIAN. ) );
#6 = EDGE_CURVE ( 'NONE', #2534, #5433, #7999, .T. ) ;
#7 = TOROIDAL_SURFACE ( 'NONE', #378, 8.736131791852239203, 0.5000000000000000000 ) ;
#8 =( LENGTH_UNIT ( ) NAMED_UNIT ( * ) SI_UNIT ( .MILLI., .METRE. ) );
#9 = CARTESIAN_POINT ( 'NONE',  ( -12.63115847475036801, -18.21991441758264685, -18.37780823672240516 ) ) ;
#10 = FACE_OUTER_BOUND ( 'NONE', #9779, .T. ) ;
#11 = MECHANICAL_DESIGN_GEOMETRIC_PRESENTATION_REPRESENTATION (  '', ( #4968 ), #2398 ) ;
#12 = ORIENTED_EDGE ( 'NONE', *, *, #7498, .F. ) ;
#13 = VERTEX_POINT ( 'NONE', #7737 ) ;
#14 = SURFACE_STYLE_USAGE ( .BOTH. , #5369 ) ;
#15 = CARTESIAN_POINT ( 'NONE',  ( 22.80419369326623524, -13.25000000000000178, 22.80419369326607537 ) ) ;
#16 = VECTOR ( 'NONE', #6664, 1000.000000000000000 ) ;
#17 = VERTEX_POINT ( 'NONE', #7791 ) ;
#18 =( GEOMETRIC_REPRESENTATION_CONTEXT ( 3 ) GLOBAL_UNCERTAINTY_ASSIGNED_CONTEXT ( ( #2490 ) ) GLOBAL_UNIT_ASSIGNED_CONTEXT ( ( #5756, #1424, #2384 ) ) REPRESENTATION_CONTEXT ( 'NONE', 'WORKASPACE' ) );
#19 = VERTEX_POINT ( 'NONE', #6016 ) ;
#20 = CARTESIAN_POINT ( 'NONE',  ( 10.40793606078343458, 6.064326197966698473, 8.029750628565414772 ) ) ;
#21 = CARTESIAN_POINT ( 'NONE',  ( 14.30000000000000071, 10.49999999999999822, 0.000000000000000000 ) ) ;
#22 = SURFACE_SIDE_STYLE ('',( #7683 ) ) ;
#23 = CARTESIAN_POINT ( 'NONE',  ( -10.99238589528254018, 4.112992312804595763, 4.325731013513937739 ) ) ;
#24 = CARTESIAN_POINT ( 'NONE',  ( -8.080022258328391160, 6.192532590100033651, 10.49500907771220248 ) ) ;
#25 = CARTESIAN_POINT ( 'NONE',  ( 0.000000000000000000, -12.50000000000000000, 26.00000000000000355 ) ) ;
#26 = ORIENTED_EDGE ( 'NONE', *, *, #10080, .F. ) ;
#27 =( NAMED_UNIT ( * ) SI_UNIT ( $, .STERADIAN. ) SOLID_ANGLE_UNIT ( ) );
#28 = VECTOR ( 'NONE', #2293, 1000.000000000000000 ) ;
#29 = CARTESIAN_POINT ( 'NONE',  ( 15.85000000000001030, 6.499999999999999112, 11.17172770881925459 ) ) ;
#30 = ADVANCED_FACE ( 'NONE', ( #3261 ), #6078, .T. ) ;
#31 = SURFACE_STYLE_FILL_AREA ( #8026 ) ;
#32 = DIRECTION ( 'NONE',  ( 0.000000000000000000, 0.000000000000000000, -1.000000000000000000 ) ) ;
#33 = ORIENTED_EDGE ( 'NONE', *, *, #7462, .F. ) ;
#34 = CARTESIAN_POINT ( 'NONE',  ( -22.62741699796956851, -13.25000000000000178, 22.62741699796947259 ) ) ;
#35 = B_SPLINE_CURVE_WITH_KNOTS ( 'NONE', 3,
 ( #6066, #9588, #2633, #10429 ),
 .UNSPECIFIED., .F., .F.,
 ( 4, 4 ),
 ( 2.441178545094324440E-07, 0.01041986825085307322 ),
 .UNSPECIFIED. ) ;
#36 = PLANE ( 'NONE',  #2539 ) ;
#37 = AXIS2_PLACEMENT_3D ( 'NONE', #5882, #6555, #9340 ) ;
#38 = DIRECTION ( 'NONE',  ( 0.000000000000000000, -1.000000000000000000, 0.000000000000000000 ) ) ;
#39 = FACE_OUTER_BOUND ( 'NONE', #5939, .T. ) ;
#40 = TOROIDAL_SURFACE ( 'NONE', #5533, 14.82773641629552053, 1.000000000000000000 ) ;
#41 = VERTEX_POINT ( 'NONE', #6774 ) ;
#42 = VECTOR ( 'NONE', #8596, 1000.000000000000114 ) ;
#43 = ORIENTED_EDGE ( 'NONE', *, *, #2068, .F. ) ;
#44 = EDGE_CURVE ( 'NONE', #3536, #11203, #9784, .T. ) ;
#45 = LINE ( 'NONE', #7766, #11130 ) ;
#46 = CONICAL_SURFACE ( 'NONE', #3887, 14.30000000000000071, 0.5996168419455644161 ) ;
#47 = DIRECTION ( 'NONE',  ( 0.000000000000000000, 0.000000000000000000, 1.000000000000000000 ) ) ;
#48 = AXIS2_PLACEMENT_3D ( 'NONE', #7382, #10818, #248 ) ;
#49 = CARTESIAN_POINT ( 'NONE',  ( 0.000000000000000000, 6.064326197966700249, 0.000000000000000000 ) ) ;
#50 = ORIENTED_EDGE ( 'NONE', *, *, #10094, .F. ) ;
#51 = PRESENTATION_LAYER_ASSIGNMENT (  '', '', ( #11148 ) ) ;
#52 = PLANE ( 'NONE',  #8950 ) ;
#53 = CARTESIAN_POINT ( 'NONE',  ( 12.90616799762222655, 10.06432619796669847, 5.430653625470030832 ) ) ;
#54 =( NAMED_UNIT ( * ) PLANE_ANGLE_UNIT ( ) SI_UNIT ( $, .RADIAN. ) );
#55 = ORIENTED_EDGE ( 'NONE', *, *, #7548, .F. ) ;
#56 = PLANE ( 'NONE',  #9044 ) ;
#57 = CIRCLE ( 'NONE', #10421, 28.99999999999999645 ) ;
#58 = STYLED_ITEM ( 'NONE', ( #468 ), #2781 ) ;
#59 = CARTESIAN_POINT ( 'NONE',  ( 0.000000000000000000, 13.54999999999999893, 0.000000000000000000 ) ) ;
#60 = EDGE_CURVE ( 'NONE', #8760, #4712, #10263, .T. ) ;
#61 = EDGE_CURVE ( 'NONE', #3050, #5146, #4361, .T. ) ;
#62 = SURFACE_SIDE_STYLE ('',( #4475 ) ) ;
#63 = CIRCLE ( 'NONE', #2959, 8.147829831584077809 ) ;
#64 = DIRECTION ( 'NONE',  ( 0.000000000000000000, 0.000000000000000000, 1.000000000000000000 ) ) ;
#65 = B_SPLINE_CURVE_WITH_KNOTS ( 'NONE', 3,
 ( #4646, #1278, #10751, #4753 ),
 .UNSPECIFIED., .F., .F.,
 ( 4, 4 ),
 ( 0.01661598937564637279, 0.02708069842683679535 ),
 .UNSPECIFIED. ) ;
#66 = CARTESIAN_POINT ( 'NONE',  ( -21.74353352148641250, 13.54999999999999893, -21.74353352148625618 ) ) ;
#67 = FILL_AREA_STYLE ('',( #7093 ) ) ;
#68 = ORIENTED_EDGE ( 'NONE', *, *, #7250, .F. ) ;
#69 = VERTEX_POINT ( 'NONE', #1630 ) ;
#70 = SURFACE_STYLE_FILL_AREA ( #7096 ) ;
#71 = DIRECTION ( 'NONE',  ( -0.000000000000000000, 1.000000000000000000, -0.000000000000000000 ) ) ;
#72 = AXIS2_PLACEMENT_3D ( 'NONE', #7247, #328, #10679 ) ;
#73 = ADVANCED_FACE ( 'NONE', ( #8584 ), #1742, .F. ) ;
#74 = EDGE_CURVE ( 'NONE', #3918, #6707, #7158, .T. ) ;
#75 = VERTEX_POINT ( 'NONE', #8954 ) ;
#76 = CARTESIAN_POINT ( 'NONE',  ( -1.749999999999994449, 10.49999999999999822, 22.23122803625566846 ) ) ;
#77 = DIRECTION ( 'NONE',  ( -0.8660254037844397068, 0.000000000000000000, 0.4999999999999980571 ) ) ;
#78 = CARTESIAN_POINT ( 'NONE',  ( 13.99279811729185141, 10.19249530351371291, -1.750000000000411227 ) ) ;
#79 = CYLINDRICAL_SURFACE ( 'NONE', #8628, 0.2500000000000002220 ) ;
#80 = CARTESIAN_POINT ( 'NONE',  ( -22.80419369326623524, -13.15000000000000213, -22.80419369326607537 ) ) ;
#81 = CARTESIAN_POINT ( 'NONE',  ( -9.825101441731296958, 2.163045022804031881, 3.651799020035262355 ) ) ;
#82 = MECHANICAL_DESIGN_GEOMETRIC_PRESENTATION_REPRESENTATION (  '', ( #5221 ), #9902 ) ;
#83 =( GEOMETRIC_REPRESENTATION_CONTEXT ( 3 ) GLOBAL_UNCERTAINTY_ASSIGNED_CONTEXT ( ( #441 ) ) GLOBAL_UNIT_ASSIGNED_CONTEXT ( ( #5284, #935, #2577 ) ) REPRESENTATION_CONTEXT ( 'NONE', 'WORKASPACE' ) );
#84 = SURFACE_SIDE_STYLE ('',( #3621 ) ) ;
#85 = VERTEX_POINT ( 'NONE', #7432 ) ;
#86 = FILL_AREA_STYLE_COLOUR ( '', #9398 ) ;
#87 = DIRECTION ( 'NONE',  ( 0.000000000000000000, 0.000000000000000000, 1.000000000000000000 ) ) ;
#88 = DIRECTION ( 'NONE',  ( -0.000000000000000000, -1.000000000000000000, -0.000000000000000000 ) ) ;
#89 = ORIENTED_EDGE ( 'NONE', *, *, #9533, .T. ) ;
#90 = DIRECTION ( 'NONE',  ( -0.000000000000000000, 1.000000000000000000, -0.000000000000000000 ) ) ;
#91 = PRESENTATION_LAYER_ASSIGNMENT (  '', '', ( #1923 ) ) ;
#92 = VECTOR ( 'NONE', #113, 1000.000000000000114 ) ;
#93 = DIRECTION ( 'NONE',  ( -0.000000000000000000, 1.000000000000000000, -0.000000000000000000 ) ) ;
#94 = EDGE_LOOP ( 'NONE', ( #8193, #9410, #4921, #365 ) ) ;
#95 = CARTESIAN_POINT ( 'NONE',  ( -6.000000000000001776, -0.2000000000000000944, 3.464101615137755275 ) ) ;
#96 = DIRECTION ( 'NONE',  ( 0.000000000000000000, -1.000000000000000000, 0.000000000000000000 ) ) ;
#97 = CARTESIAN_POINT ( 'NONE',  ( 22.23122803625593491, 6.499999999999999112, -1.750000000000412559 ) ) ;
#98 = CARTESIAN_POINT ( 'NONE',  ( 13.89239616418565504, 10.06432619796669847, 1.749999999999589440 ) ) ;
#99 = CARTESIAN_POINT ( 'NONE',  ( 12.55918128136511314, 10.53235529095875656, 18.25314008079234185 ) ) ;
#100 = UNCERTAINTY_MEASURE_WITH_UNIT (LENGTH_MEASURE( 1.000000000000000082E-05 ), #5781, 'distance_accuracy_value', 'NONE');
#101 = COLOUR_RGB ( '',0.1529411764705882470, 0.4901960784313725283, 1.000000000000000000 ) ;
#102 = PLANE ( 'NONE',  #846 ) ;
#103 = ORIENTED_EDGE ( 'NONE', *, *, #8065, .T. ) ;
#104 = CARTESIAN_POINT ( 'NONE',  ( 5.494383199411029928, 1.500000000000001332, 6.016550857632738669 ) ) ;
#105 = EDGE_LOOP ( 'NONE', ( #6638, #7945, #3317, #4720 ) ) ;
#106 = AXIS2_PLACEMENT_3D ( 'NONE', #847, #11197, #3397 ) ;
#107 =( NAMED_UNIT ( * ) SI_UNIT ( $, .STERADIAN. ) SOLID_ANGLE_UNIT ( ) );
#108 =( NAMED_UNIT ( * ) PLANE_ANGLE_UNIT ( ) SI_UNIT ( $, .RADIAN. ) );
#109 = CARTESIAN_POINT ( 'NONE',  ( 0.000000000000000000, -13.25000000000000178, 29.50000000000000000 ) ) ;
#110 = ORIENTED_EDGE ( 'NONE', *, *, #5575, .F. ) ;
#111 = EDGE_CURVE ( 'NONE', #1623, #2580, #7321, .T. ) ;
#112 = UNCERTAINTY_MEASURE_WITH_UNIT (LENGTH_MEASURE( 1.000000000000000082E-05 ), #3765, 'distance_accuracy_value', 'NONE');
#113 = DIRECTION ( 'NONE',  ( 0.8660254037844383745, 0.000000000000000000, 0.5000000000000003331 ) ) ;
#114 = ORIENTED_EDGE ( 'NONE', *, *, #11174, .F. ) ;
#115 = MECHANICAL_DESIGN_GEOMETRIC_PRESENTATION_REPRESENTATION (  '', ( #5247 ), #9773 ) ;
#116 = CARTESIAN_POINT ( 'NONE',  ( 0.000000000000000000, 6.499999999999999112, 0.000000000000000000 ) ) ;
#117 = AXIS2_PLACEMENT_3D ( 'NONE', #4890, #8076, #5734 ) ;
#118 = CARTESIAN_POINT ( 'NONE',  ( 0.000000000000000000, 10.49999999999999822, 0.000000000000000000 ) ) ;
#119 = CYLINDRICAL_SURFACE ( 'NONE', #7078, 0.2500000000000002220 ) ;
#120 = EDGE_LOOP ( 'NONE', ( #7929, #9089, #2712, #2786 ) ) ;
#121 = AXIS2_PLACEMENT_3D ( 'NONE', #8471, #3084, #662 ) ;
#122 = DIRECTION ( 'NONE',  ( -0.000000000000000000, 1.000000000000000000, -0.000000000000000000 ) ) ;
#123 = AXIS2_PLACEMENT_3D ( 'NONE', #2522, #8564, #594 ) ;
#124 = DIRECTION ( 'NONE',  ( -0.000000000000000000, 1.000000000000000000, -0.000000000000000000 ) ) ;
#125 = EDGE_CURVE ( 'NONE', #1224, #6261, #8723, .T. ) ;
#126 = EDGE_CURVE ( 'NONE', #11274, #7887, #295, .T. ) ;
#127 = LINE ( 'NONE', #8798, #10411 ) ;
#128 = ORIENTED_EDGE ( 'NONE', *, *, #710, .T. ) ;
#129 = ORIENTED_EDGE ( 'NONE', *, *, #6, .T. ) ;
#130 = CARTESIAN_POINT ( 'NONE',  ( 0.000000000000000000, 10.80000000000000071, 0.000000000000000000 ) ) ;
#131 = AXIS2_PLACEMENT_3D ( 'NONE', #7099, #5395, #8855 ) ;
#132 = DIRECTION ( 'NONE',  ( 0.000000000000000000, -1.000000000000000000, 0.000000000000000000 ) ) ;
#133 = ORIENTED_EDGE ( 'NONE', *, *, #3963, .T. ) ;
#134 = CONICAL_SURFACE ( 'NONE', #8879, 9.000000000000000000, 0.5996168419455644161 ) ;
#135 = ORIENTED_EDGE ( 'NONE', *, *, #3192, .T. ) ;
#136 = CARTESIAN_POINT ( 'NONE',  ( 21.74353352148639118, 13.54999999999999893, -21.74353352148628460 ) ) ;
#137 = STYLED_ITEM ( 'NONE', ( #3149 ), #5040 ) ;
#138 = DIRECTION ( 'NONE',  ( 0.000000000000000000, -1.000000000000000000, 0.000000000000000000 ) ) ;
#139 = DIRECTION ( 'NONE',  ( 0.000000000000000000, -0.000000000000000000, -1.000000000000000000 ) ) ;
#140 = DIRECTION ( 'NONE',  ( -0.000000000000000000, 1.000000000000000000, -0.000000000000000000 ) ) ;
#141 = COLOUR_RGB ( '',0.1529411764705882470, 0.4901960784313725283, 1.000000000000000000 ) ;
#142 = DIRECTION ( 'NONE',  ( 0.000000000000000000, 0.000000000000000000, 1.000000000000000000 ) ) ;
#143 = DIRECTION ( 'NONE',  ( -0.000000000000000000, -1.000000000000000000, -0.000000000000000000 ) ) ;
#144 = ADVANCED_FACE ( 'NONE', ( #10816 ), #9792, .F. ) ;
#145 = CARTESIAN_POINT ( 'NONE',  ( -20.12780823672224173, 6.499999999999999112, 9.600069561505080173 ) ) ;
#146 = ORIENTED_EDGE ( 'NONE', *, *, #8857, .F. ) ;
#147 =( NAMED_UNIT ( * ) PLANE_ANGLE_UNIT ( ) SI_UNIT ( $, .RADIAN. ) );
#148 = AXIS2_PLACEMENT_3D ( 'NONE', #8910, #1855, #8809 ) ;
#149 = ORIENTED_EDGE ( 'NONE', *, *, #9680, .F. ) ;
#150 = AXIS2_PLACEMENT_3D ( 'NONE', #5422, #227, #47 ) ;
#151 = CARTESIAN_POINT ( 'NONE',  ( -12.19833614036843095, 6.131962964354679357, 5.021986712143574394 ) ) ;
#152 = CARTESIAN_POINT ( 'NONE',  ( 0.000000000000000000, -12.50000000000000000, 0.000000000000000000 ) ) ;
#153 = DIRECTION ( 'NONE',  ( -0.000000000000000000, 1.000000000000000000, -0.000000000000000000 ) ) ;
#154 = ORIENTED_EDGE ( 'NONE', *, *, #2647, .T. ) ;
#155 = CARTESIAN_POINT ( 'NONE',  ( 1.749999999999998668, 2.163039541227800733, -10.33468313576157804 ) ) ;
#156 = CARTESIAN_POINT ( 'NONE',  ( 0.000000000000000000, 13.44999999999999929, 0.000000000000000000 ) ) ;
#157 = CARTESIAN_POINT ( 'NONE',  ( 1.750000000000003553, 10.19249530351371646, 13.99279811729190115 ) ) ;
#158 = PLANE ( 'NONE',  #10728 ) ;
#159 = EDGE_CURVE ( 'NONE', #10651, #660, #65, .T. ) ;
#160 =( NAMED_UNIT ( * ) PLANE_ANGLE_UNIT ( ) SI_UNIT ( $, .RADIAN. ) );
#161 = ORIENTED_EDGE ( 'NONE', *, *, #10637, .F. ) ;
#162 = B_SPLINE_CURVE_WITH_KNOTS ( 'NONE', 3,
 ( #8506, #694, #11099, #6807, #10248, #2466, #9409, #1614 ),
 .UNSPECIFIED., .F., .F.,
 ( 4, 2, 2, 4 ),
 ( 1.939479807224432123E-18, 0.0002427953948744194265, 0.0004855907897488369014, 0.0009711815794976742366 ),
 .UNSPECIFIED. ) ;
#163 = ORIENTED_EDGE ( 'NONE', *, *, #774, .F. ) ;
#164 = VERTEX_POINT ( 'NONE', #945 ) ;
#165 = SURFACE_STYLE_FILL_AREA ( #7987 ) ;
#166 = CARTESIAN_POINT ( 'NONE',  ( 11.19962538056080703, 7.204220786794516940, 4.445380786126051476 ) ) ;
#167 = ORIENTED_EDGE ( 'NONE', *, *, #1653, .T. ) ;
#168 = CARTESIAN_POINT ( 'NONE',  ( -1.750000000000001776, 6.451575245584117546, -13.54055653721067287 ) ) ;
#169 = VECTOR ( 'NONE', #4292, 1000.000000000000000 ) ;
#170 = CARTESIAN_POINT ( 'NONE',  ( 8.140864842152991443, 6.300111172951808669, -10.60039152416014296 ) ) ;
#171 = CARTESIAN_POINT ( 'NONE',  ( -6.000000000000001776, -0.2000000000000000944, -3.464101615137754386 ) ) ;
#172 = DIRECTION ( 'NONE',  ( -0.000000000000000000, 1.000000000000000000, -0.000000000000000000 ) ) ;
#173 = EDGE_LOOP ( 'NONE', ( #10377, #8536, #1359, #10863 ) ) ;
#174 = STYLED_ITEM ( 'NONE', ( #2129 ), #5495 ) ;
#175 = CARTESIAN_POINT ( 'NONE',  ( -20.68287334970656133, -13.15000000000000213, 20.68287334970646896 ) ) ;
#176 = CARTESIAN_POINT ( 'NONE',  ( -9.600069561504810167, 6.499999999999999112, -20.12780823672236963 ) ) ;
#177 = VECTOR ( 'NONE', #10060, 1000.000000000000000 ) ;
#178 =( NAMED_UNIT ( * ) SI_UNIT ( $, .STERADIAN. ) SOLID_ANGLE_UNIT ( ) );
#179 = EDGE_CURVE ( 'NONE', #8296, #5017, #9954, .T. ) ;
#180 = CARTESIAN_POINT ( 'NONE',  ( 3.459095744105421311, 4.345517802399426976, -9.491329577035839904 ) ) ;
#181 = COLOUR_RGB ( '',0.1529411764705882470, 0.4901960784313725283, 1.000000000000000000 ) ;
#182 = B_SPLINE_CURVE_WITH_KNOTS ( 'NONE', 3,
 ( #6203, #6904, #3634, #4393 ),
 .UNSPECIFIED., .F., .F.,
 ( 4, 4 ),
 ( 3.178227529326649318E-18, 0.0004900010714873856725 ),
 .UNSPECIFIED. ) ;
#183 = CARTESIAN_POINT ( 'NONE',  ( 0.000000000000000000, -12.50000000000000000, -23.80000000000000071 ) ) ;
#184 = FACE_OUTER_BOUND ( 'NONE', #2467, .T. ) ;
#185 = DIRECTION ( 'NONE',  ( -0.000000000000000000, -1.000000000000000000, -0.000000000000000000 ) ) ;
#186 = VECTOR ( 'NONE', #9093, 1000.000000000000000 ) ;
#187 = ORIENTED_EDGE ( 'NONE', *, *, #5964, .F. ) ;
#188 = ORIENTED_EDGE ( 'NONE', *, *, #11165, .F. ) ;
#189 = CIRCLE ( 'NONE', #1838, 0.2500000000000002220 ) ;
#190 = CARTESIAN_POINT ( 'NONE',  ( 5.846508029456381372, 10.49999999999999822, 13.62644895387783706 ) ) ;
#191 = ORIENTED_EDGE ( 'NONE', *, *, #3060, .T. ) ;
#192 = EDGE_CURVE ( 'NONE', #8370, #2160, #406, .T. ) ;
#193 =( NAMED_UNIT ( * ) SI_UNIT ( $, .STERADIAN. ) SOLID_ANGLE_UNIT ( ) );
#194 = DIRECTION ( 'NONE',  ( 0.000000000000000000, -0.000000000000000000, -1.000000000000000000 ) ) ;
#195 = CARTESIAN_POINT ( 'NONE',  ( -13.69829723630776108, 6.490181703155796455, 1.750000000000270228 ) ) ;
#196 = COLOUR_RGB ( '',0.1529411764705882470, 0.4901960784313725283, 1.000000000000000000 ) ;
#197 = VECTOR ( 'NONE', #2915, 999.9999999999998863 ) ;
#198 = CARTESIAN_POINT ( 'NONE',  ( -1.750000000000000888, 10.45964560473159111, -14.39775725846409848 ) ) ;
#199 = DIRECTION ( 'NONE',  ( -0.000000000000000000, 1.000000000000000000, -0.000000000000000000 ) ) ;
#200 = ORIENTED_EDGE ( 'NONE', *, *, #510, .T. ) ;
#201 = FACE_OUTER_BOUND ( 'NONE', #2555, .T. ) ;
#202 = VECTOR ( 'NONE', #10645, 1000.000000000000000 ) ;
#203 = ORIENTED_EDGE ( 'NONE', *, *, #60, .F. ) ;
#204 = VECTOR ( 'NONE', #208, 1000.000000000000000 ) ;
#205 = FACE_OUTER_BOUND ( 'NONE', #919, .T. ) ;
#206 = EDGE_CURVE ( 'NONE', #7392, #10430, #2170, .T. ) ;
#207 = EDGE_CURVE ( 'NONE', #6177, #41, #2171, .T. ) ;
#208 = DIRECTION ( 'NONE',  ( -0.000000000000000000, 1.000000000000000000, -0.000000000000000000 ) ) ;
#209 = CARTESIAN_POINT ( 'NONE',  ( -20.68287334970658620, 13.44999999999999929, -20.68287334970643698 ) ) ;
#210 = ORIENTED_EDGE ( 'NONE', *, *, #2679, .F. ) ;
#211 = CARTESIAN_POINT ( 'NONE',  ( 1.750000000000003331, 6.064326197966514620, 13.02841234388517577 ) ) ;
#212 =( LENGTH_UNIT ( ) NAMED_UNIT ( * ) SI_UNIT ( .MILLI., .METRE. ) );
#213 = DIRECTION ( 'NONE',  ( -0.000000000000000000, 1.000000000000000000, -0.000000000000000000 ) ) ;
#214 =( GEOMETRIC_REPRESENTATION_CONTEXT ( 3 ) GLOBAL_UNCERTAINTY_ASSIGNED_CONTEXT ( ( #7867 ) ) GLOBAL_UNIT_ASSIGNED_CONTEXT ( ( #9154, #10047, #2266 ) ) REPRESENTATION_CONTEXT ( 'NONE', 'WORKASPACE' ) );
#215 = CARTESIAN_POINT ( 'NONE',  ( -11.15616799762221945, 10.06432619796669847, 8.461742538715576245 ) ) ;
#216 = CARTESIAN_POINT ( 'NONE',  ( 0.000000000000000000, 6.499999999999999112, 0.000000000000000000 ) ) ;
#217 = UNCERTAINTY_MEASURE_WITH_UNIT (LENGTH_MEASURE( 1.000000000000000082E-05 ), #3940, 'distance_accuracy_value', 'NONE');
#218 = CIRCLE ( 'NONE', #5341, 23.30000000000000071 ) ;
#219 = AXIS2_PLACEMENT_3D ( 'NONE', #10887, #10035, #11006 ) ;
#220 = CARTESIAN_POINT ( 'NONE',  ( 0.000000000000000000, 1.499999999999999556, 0.000000000000000000 ) ) ;
#221 = CIRCLE ( 'NONE', #5515, 0.2500000000000002220 ) ;
#222 = ORIENTED_EDGE ( 'NONE', *, *, #5561, .F. ) ;
#223 = ADVANCED_FACE ( 'NONE', ( #6339 ), #3063, .T. ) ;
#224 = PRODUCT_DEFINITION ( 'Î´Öª', '', #9620, #3760 ) ;
#225 = CARTESIAN_POINT ( 'NONE',  ( -10.33468313576162245, 2.163039541227801177, -1.749999999999730882 ) ) ;
#226 = ORIENTED_EDGE ( 'NONE', *, *, #2099, .T. ) ;
#227 = DIRECTION ( 'NONE',  ( 0.000000000000000000, -1.000000000000000000, 0.000000000000000000 ) ) ;
#228 = CARTESIAN_POINT ( 'NONE',  ( 9.491329577035896747, 4.345517802399507801, 3.459095744105437742 ) ) ;
#229 = ORIENTED_EDGE ( 'NONE', *, *, #2854, .F. ) ;
#230 = PRESENTATION_LAYER_ASSIGNMENT (  '', '', ( #3686 ) ) ;
#231 = MECHANICAL_DESIGN_GEOMETRIC_PRESENTATION_REPRESENTATION (  '', ( #3687 ), #606 ) ;
#232 = DIRECTION ( 'NONE',  ( 1.000000000000000000, 0.000000000000000000, -3.038353123523052496E-16 ) ) ;
#233 = PRESENTATION_STYLE_ASSIGNMENT (( #10805 ) ) ;
#234 = DIRECTION ( 'NONE',  ( -0.000000000000000000, 1.000000000000000000, -0.000000000000000000 ) ) ;
#235 = AXIS2_PLACEMENT_3D ( 'NONE', #6431, #7309, #10741 ) ;
#236 = ORIENTED_EDGE ( 'NONE', *, *, #4615, .F. ) ;
#237 = DIRECTION ( 'NONE',  ( 0.000000000000000000, 0.000000000000000000, -1.000000000000000000 ) ) ;
#238 = FACE_OUTER_BOUND ( 'NONE', #5675, .T. ) ;
#239 =( NAMED_UNIT ( * ) SI_UNIT ( $, .STERADIAN. ) SOLID_ANGLE_UNIT ( ) );
#240 = CARTESIAN_POINT ( 'NONE',  ( -20.68287334970658620, -13.25000000000000178, -20.68287334970643698 ) ) ;
#241 = PRESENTATION_LAYER_ASSIGNMENT (  '', '', ( #781 ) ) ;
#242 =( NAMED_UNIT ( * ) PLANE_ANGLE_UNIT ( ) SI_UNIT ( $, .RADIAN. ) );
#243 = DIRECTION ( 'NONE',  ( 0.000000000000000000, 0.000000000000000000, -1.000000000000000000 ) ) ;
#244 = AXIS2_PLACEMENT_3D ( 'NONE', #7614, #3138, #8517 ) ;
#245 = DIRECTION ( 'NONE',  ( 0.000000000000000000, 0.000000000000000000, 1.000000000000000000 ) ) ;
#246 = MECHANICAL_DESIGN_GEOMETRIC_PRESENTATION_REPRESENTATION (  '', ( #1154 ), #3507 ) ;
#247 = DIRECTION ( 'NONE',  ( 0.000000000000000000, 0.000000000000000000, -1.000000000000000000 ) ) ;
#248 = DIRECTION ( 'NONE',  ( 0.000000000000000000, 0.000000000000000000, -1.000000000000000000 ) ) ;
#249 = TOROIDAL_SURFACE ( 'NONE', #10051, 13.97097042681812873, 1.000000000000000000 ) ;
#250 = EDGE_LOOP ( 'NONE', ( #10943, #10652, #1576, #10892, #8847, #6782, #3088, #9720, #452, #417, #7387 ) ) ;
#251 = EDGE_CURVE ( 'NONE', #1467, #5187, #9267, .T. ) ;
#252 = SURFACE_SIDE_STYLE ('',( #3835 ) ) ;
#253 = ORIENTED_EDGE ( 'NONE', *, *, #5509, .T. ) ;
#254 = ORIENTED_EDGE ( 'NONE', *, *, #8290, .F. ) ;
#255 =( GEOMETRIC_REPRESENTATION_CONTEXT ( 3 ) GLOBAL_UNCERTAINTY_ASSIGNED_CONTEXT ( ( #6259 ) ) GLOBAL_UNIT_ASSIGNED_CONTEXT ( ( #7805, #11247, #8027 ) ) REPRESENTATION_CONTEXT ( 'NONE', 'WORKASPACE' ) );
#256 = CARTESIAN_POINT ( 'NONE',  ( -9.949287626662643547, 4.345528125467876812, 1.750000000000268896 ) ) ;
#257 = FACE_OUTER_BOUND ( 'NONE', #1102, .T. ) ;
#258 = CARTESIAN_POINT ( 'NONE',  ( -1.750000000000001110, 10.13193726329756750, -13.93897860555255974 ) ) ;
#259 =( NAMED_UNIT ( * ) PLANE_ANGLE_UNIT ( ) SI_UNIT ( $, .RADIAN. ) );
#260 = PRESENTATION_STYLE_ASSIGNMENT (( #5355 ) ) ;
#261 = ORIENTED_EDGE ( 'NONE', *, *, #330, .T. ) ;
#262 = FILL_AREA_STYLE_COLOUR ( '', #11121 ) ;
#263 = EDGE_CURVE ( 'NONE', #11268, #8610, #9708, .T. ) ;
#264 = MECHANICAL_DESIGN_GEOMETRIC_PRESENTATION_REPRESENTATION (  '', ( #8271 ), #1174 ) ;
#265 = DIRECTION ( 'NONE',  ( 0.000000000000000000, 0.000000000000000000, 1.000000000000000000 ) ) ;
#266 =( NAMED_UNIT ( * ) PLANE_ANGLE_UNIT ( ) SI_UNIT ( $, .RADIAN. ) );
#267 = VERTEX_POINT ( 'NONE', #11156 ) ;
#268 = CARTESIAN_POINT ( 'NONE',  ( -22.80419369326642709, 13.54999999999999893, 22.80419369326633827 ) ) ;
#269 = PRESENTATION_LAYER_ASSIGNMENT (  '', '', ( #3534 ) ) ;
#270 = CARTESIAN_POINT ( 'NONE',  ( 0.000000000000000000, 1.499999999999999556, 0.000000000000000000 ) ) ;
#271 = FACE_OUTER_BOUND ( 'NONE', #2110, .T. ) ;
#272 = DIRECTION ( 'NONE',  ( 0.8660254037844397068, 0.000000000000000000, -0.4999999999999980571 ) ) ;
#273 = EDGE_CURVE ( 'NONE', #6557, #8467, #717, .T. ) ;
#274 = EDGE_CURVE ( 'NONE', #8196, #6739, #5830, .T. ) ;
#275 = DIRECTION ( 'NONE',  ( -0.000000000000000000, 1.000000000000000000, -0.000000000000000000 ) ) ;
#276 = SURFACE_SIDE_STYLE ('',( #2826 ) ) ;
#277 = MECHANICAL_DESIGN_GEOMETRIC_PRESENTATION_REPRESENTATION (  '', ( #8468 ), #1386 ) ;
#278 = CONICAL_SURFACE ( 'NONE', #3921, 23.80000000000000071, 0.7853981633974460586 ) ;
#279 = B_SPLINE_CURVE_WITH_KNOTS ( 'NONE', 3,
 ( #10581, #3709, #7994, #7366, #9944, #10638 ),
 .UNSPECIFIED., .F., .F.,
 ( 4, 2, 4 ),
 ( 0.000000000000000000, 0.0002346920004465220192, 0.0004693840008930440385 ),
 .UNSPECIFIED. ) ;
#280 = ORIENTED_EDGE ( 'NONE', *, *, #8118, .F. ) ;
#281 = ORIENTED_EDGE ( 'NONE', *, *, #7251, .T. ) ;
#282 = DIRECTION ( 'NONE',  ( 0.000000000000000000, 0.000000000000000000, -1.000000000000000000 ) ) ;
#283 = CARTESIAN_POINT ( 'NONE',  ( 6.005533679434344130, 0.2178369010166510411, -6.901889459346329581 ) ) ;
#284 = ORIENTED_EDGE ( 'NONE', *, *, #5462, .T. ) ;
#285 = AXIS2_PLACEMENT_3D ( 'NONE', #6974, #10415, #4352 ) ;
#286 = FACE_OUTER_BOUND ( 'NONE', #9923, .T. ) ;
#287 = ADVANCED_FACE ( 'NONE', ( #8332 ), #6542, .F. ) ;
#288 = PRESENTATION_STYLE_ASSIGNMENT (( #7260 ) ) ;
#289 = CARTESIAN_POINT ( 'NONE',  ( 5.021986712143571729, 6.131962964354677581, 12.19833614036843095 ) ) ;
#290 = VERTEX_POINT ( 'NONE', #6631 ) ;
#291 = CARTESIAN_POINT ( 'NONE',  ( -18.37780823672224173, 10.80000000000000071, 12.63115847475061315 ) ) ;
#292 = CARTESIAN_POINT ( 'NONE',  ( 4.998661715319930643, 6.064326197966797949, -12.15793606078348787 ) ) ;
#293 = AXIS2_PLACEMENT_3D ( 'NONE', #6038, #6155, #9670 ) ;
#294 = FILL_AREA_STYLE_COLOUR ( '', #3480 ) ;
#295 = LINE ( 'NONE', #3004, #3428 ) ;
#296 = FACE_OUTER_BOUND ( 'NONE', #7937, .T. ) ;
#297 = EDGE_CURVE ( 'NONE', #7276, #7553, #4550, .T. ) ;
#298 = FACE_OUTER_BOUND ( 'NONE', #9261, .T. ) ;
#299 = SURFACE_STYLE_USAGE ( .BOTH. , #3069 ) ;
#300 = ORIENTED_EDGE ( 'NONE', *, *, #9889, .F. ) ;
#301 =( NAMED_UNIT ( * ) SI_UNIT ( $, .STERADIAN. ) SOLID_ANGLE_UNIT ( ) );
#302 = CYLINDRICAL_SURFACE ( 'NONE', #5263, 29.50000000000000000 ) ;
#303 = ORIENTED_EDGE ( 'NONE', *, *, #601, .T. ) ;
#304 = ORIENTED_EDGE ( 'NONE', *, *, #6056, .T. ) ;
#305 = TOROIDAL_SURFACE ( 'NONE', #3037, 8.736131791852239203, 0.5000000000000000000 ) ;
#306 = CIRCLE ( 'NONE', #117, 8.147829831584077809 ) ;
#307 = LINE ( 'NONE', #983, #6896 ) ;
#308 = SURFACE_STYLE_FILL_AREA ( #5456 ) ;
#309 = VERTEX_POINT ( 'NONE', #2408 ) ;
#310 = AXIS2_PLACEMENT_3D ( 'NONE', #3059, #7211, #6560 ) ;
#311 = FILL_AREA_STYLE ('',( #3682 ) ) ;
#312 = ORIENTED_EDGE ( 'NONE', *, *, #5177, .T. ) ;
#313 = SURFACE_STYLE_FILL_AREA ( #9300 ) ;
#314 = ORIENTED_EDGE ( 'NONE', *, *, #8766, .F. ) ;
#315 = AXIS2_PLACEMENT_3D ( 'NONE', #4482, #2005, #9018 ) ;
#316 = EDGE_CURVE ( 'NONE', #1753, #4926, #4734, .T. ) ;
#317 = LINE ( 'NONE', #2866, #6234 ) ;
#318 = PRESENTATION_LAYER_ASSIGNMENT (  '', '', ( #6507 ) ) ;
#319 = DIRECTION ( 'NONE',  ( 0.000000000000000000, 0.000000000000000000, 1.000000000000000000 ) ) ;
#320 = DIRECTION ( 'NONE',  ( -0.000000000000000000, -1.000000000000000000, -0.000000000000000000 ) ) ;
#321 = DIRECTION ( 'NONE',  ( -0.000000000000000000, 1.000000000000000000, -0.000000000000000000 ) ) ;
#322 = UNCERTAINTY_MEASURE_WITH_UNIT (LENGTH_MEASURE( 1.000000000000000082E-05 ), #643, 'distance_accuracy_value', 'NONE');
#323 = EDGE_LOOP ( 'NONE', ( #11018, #6472, #2853, #8147, #11243, #3271, #9307, #8854, #7383, #4511, #4457 ) ) ;
#324 = AXIS2_PLACEMENT_3D ( 'NONE', #2497, #5982, #5220 ) ;
#325 = FACE_OUTER_BOUND ( 'NONE', #9001, .T. ) ;
#326 = CARTESIAN_POINT ( 'NONE',  ( 0.000000000000000000, 0.5000000000000000000, 0.000000000000000000 ) ) ;
#327 = VERTEX_POINT ( 'NONE', #10074 ) ;
#328 = DIRECTION ( 'NONE',  ( 0.000000000000000000, 1.000000000000000000, 0.000000000000000000 ) ) ;
#329 = ORIENTED_EDGE ( 'NONE', *, *, #382, .F. ) ;
#330 = EDGE_CURVE ( 'NONE', #10677, #485, #6178, .T. ) ;
#331 = CARTESIAN_POINT ( 'NONE',  ( -6.016550857632677385, 1.500000000000003109, -5.494383199411098317 ) ) ;
#332 = CARTESIAN_POINT ( 'NONE',  ( -1.749999999999997780, 0.08184250052690704436, 8.885267360840723327 ) ) ;
#333 = CARTESIAN_POINT ( 'NONE',  ( -8.029750628565322401, 6.064326197966799725, -10.40793606078359623 ) ) ;
#334 = AXIS2_PLACEMENT_3D ( 'NONE', #9387, #3163, #8487 ) ;
#335 = ORIENTED_EDGE ( 'NONE', *, *, #8684, .T. ) ;
#336 = DIRECTION ( 'NONE',  ( -0.000000000000000000, -1.000000000000000000, -0.000000000000000000 ) ) ;
#337 = UNCERTAINTY_MEASURE_WITH_UNIT (LENGTH_MEASURE( 1.000000000000000082E-05 ), #3705, 'distance_accuracy_value', 'NONE');
#338 = SURFACE_STYLE_FILL_AREA ( #394 ) ;
#339 = CARTESIAN_POINT ( 'NONE',  ( 10.87176676074319559, 13.54999999999999893, -10.87176676074314230 ) ) ;
#340 = VERTEX_POINT ( 'NONE', #523 ) ;
#341 = SURFACE_STYLE_FILL_AREA ( #4002 ) ;
#342 = CARTESIAN_POINT ( 'NONE',  ( -1.750000000000000888, 0.2178369010166504027, -8.979978445623141070 ) ) ;
#343 = CARTESIAN_POINT ( 'NONE',  ( -9.600069561504810167, 10.72064156802580825, -20.12780823672236963 ) ) ;
#344 = DIRECTION ( 'NONE',  ( -0.000000000000000000, 1.000000000000000000, -0.000000000000000000 ) ) ;
#345 = ADVANCED_FACE ( 'NONE', ( #4174 ), #4007, .T. ) ;
#346 = ADVANCED_FACE ( 'NONE', ( #10925 ), #7098, .F. ) ;
#347 = FILL_AREA_STYLE ('',( #7431 ) ) ;
#348 = AXIS2_PLACEMENT_3D ( 'NONE', #1339, #8557, #1558 ) ;
#349 = DIRECTION ( 'NONE',  ( 0.000000000000000000, 0.000000000000000000, -1.000000000000000000 ) ) ;
#350 = DIRECTION ( 'NONE',  ( -0.000000000000000000, -1.000000000000000000, -0.000000000000000000 ) ) ;
#351 = FILL_AREA_STYLE_COLOUR ( '', #5902 ) ;
#352 = ORIENTED_EDGE ( 'NONE', *, *, #2029, .F. ) ;
#353 = CARTESIAN_POINT ( 'NONE',  ( -19.86718589315095329, 10.49999999999999822, -9.449599181287203109 ) ) ;
#354 = CYLINDRICAL_SURFACE ( 'NONE', #11219, 0.2499999999999967526 ) ;
#355 = ORIENTED_EDGE ( 'NONE', *, *, #10953, .F. ) ;
#356 = ORIENTED_EDGE ( 'NONE', *, *, #7515, .T. ) ;
#357 = AXIS2_PLACEMENT_3D ( 'NONE', #2955, #6446, #3174 ) ;
#358 = EDGE_CURVE ( 'NONE', #10430, #660, #6753, .T. ) ;
#359 = EDGE_CURVE ( 'NONE', #3846, #5092, #8636, .T. ) ;
#360 = DIRECTION ( 'NONE',  ( 0.000000000000000000, -1.000000000000000000, 0.000000000000000000 ) ) ;
#361 = AXIS2_PLACEMENT_3D ( 'NONE', #7293, #213, #3692 ) ;
#362 = DIRECTION ( 'NONE',  ( 0.000000000000000000, 0.000000000000000000, 1.000000000000000000 ) ) ;
#363 = ORIENTED_EDGE ( 'NONE', *, *, #2528, .T. ) ;
#364 = COLOUR_RGB ( '',0.1529411764705882470, 0.4901960784313725283, 1.000000000000000000 ) ;
#365 = ORIENTED_EDGE ( 'NONE', *, *, #4458, .T. ) ;
#366 = PRESENTATION_STYLE_ASSIGNMENT (( #5466 ) ) ;
#367 = CIRCLE ( 'NONE', #5845, 32.50000000000000000 ) ;
#368 = ORIENTED_EDGE ( 'NONE', *, *, #7605, .F. ) ;
#369 = ORIENTED_EDGE ( 'NONE', *, *, #6644, .T. ) ;
#370 = AXIS2_PLACEMENT_3D ( 'NONE', #9520, #2515, #8668 ) ;
#371 = ORIENTED_EDGE ( 'NONE', *, *, #1667, .F. ) ;
#372 = CONICAL_SURFACE ( 'NONE', #9292, 14.30000000000000071, 0.5996168419455644161 ) ;
#373 = CARTESIAN_POINT ( 'NONE',  ( -11.87644895387783528, 10.49999999999999822, 8.877596942701918792 ) ) ;
#374 = PRESENTATION_STYLE_ASSIGNMENT (( #10725 ) ) ;
#375 = LINE ( 'NONE', #10563, #4376 ) ;
#376 = DIRECTION ( 'NONE',  ( -0.000000000000000000, 1.000000000000000000, -0.000000000000000000 ) ) ;
#377 = LINE ( 'NONE', #5529, #7147 ) ;
#378 = AXIS2_PLACEMENT_3D ( 'NONE', #2174, #7866, #2710 ) ;
#379 = VERTEX_POINT ( 'NONE', #3350 ) ;
#380 = SURFACE_SIDE_STYLE ('',( #1072 ) ) ;
#381 = PRESENTATION_LAYER_ASSIGNMENT (  '', '', ( #7141 ) ) ;
#382 = EDGE_CURVE ( 'NONE', #3008, #11135, #7821, .T. ) ;
#383 = CARTESIAN_POINT ( 'NONE',  ( 6.680832114471050076, 0.000000000000000000, 5.877906161864245860 ) ) ;
#384 = ORIENTED_EDGE ( 'NONE', *, *, #11174, .T. ) ;
#385 = VECTOR ( 'NONE', #1929, 1000.000000000000114 ) ;
#386 = DIRECTION ( 'NONE',  ( 0.000000000000000000, 1.000000000000000000, 0.000000000000000000 ) ) ;
#387 = ORIENTED_EDGE ( 'NONE', *, *, #7530, .T. ) ;
#388 = DIRECTION ( 'NONE',  ( 0.000000000000000000, -1.000000000000000000, 0.000000000000000000 ) ) ;
#389 = COLOUR_RGB ( '',0.1529411764705882470, 0.4901960784313725283, 1.000000000000000000 ) ;
#390 =( GEOMETRIC_REPRESENTATION_CONTEXT ( 3 ) GLOBAL_UNCERTAINTY_ASSIGNED_CONTEXT ( ( #1251 ) ) GLOBAL_UNIT_ASSIGNED_CONTEXT ( ( #3348, #6965, #10350 ) ) REPRESENTATION_CONTEXT ( 'NONE', 'WORKASPACE' ) );
#391 = VERTEX_POINT ( 'NONE', #6106 ) ;
#392 = CARTESIAN_POINT ( 'NONE',  ( -12.87892169252490326, 6.499999999999999112, 5.414922963887680574 ) ) ;
#393 = CARTESIAN_POINT ( 'NONE',  ( 8.080022258328407148, 6.192532590100030987, -10.49500907771219360 ) ) ;
#394 = FILL_AREA_STYLE ('',( #1084 ) ) ;
#395 = CARTESIAN_POINT ( 'NONE',  ( 5.251629952056397599, 6.459664993593751348, 12.59608989951217595 ) ) ;
#396 = ORIENTED_EDGE ( 'NONE', *, *, #8684, .F. ) ;
#397 = EDGE_CURVE ( 'NONE', #5573, #5757, #1445, .T. ) ;
#398 = SURFACE_STYLE_FILL_AREA ( #10535 ) ;
#399 = DIRECTION ( 'NONE',  ( -0.4999999999999996669, 0.000000000000000000, 0.8660254037844388186 ) ) ;
#400 = FILL_AREA_STYLE_COLOUR ( '', #7443 ) ;
#401 = COLOUR_RGB ( '',0.1529411764705882470, 0.4901960784313725283, 1.000000000000000000 ) ;
#402 = MECHANICAL_DESIGN_GEOMETRIC_PRESENTATION_REPRESENTATION (  '', ( #10184 ), #6047 ) ;
#403 = SURFACE_SIDE_STYLE ('',( #5441 ) ) ;
#404 =( NAMED_UNIT ( * ) PLANE_ANGLE_UNIT ( ) SI_UNIT ( $, .RADIAN. ) );
#405 = COLOUR_RGB ( '',0.1529411764705882470, 0.4901960784313725283, 1.000000000000000000 ) ;
#406 = LINE ( 'NONE', #4433, #11069 ) ;
#407 = CIRCLE ( 'NONE', #8783, 22.30000000000000071 ) ;
#408 = COLOUR_RGB ( '',0.1529411764705882470, 0.4901960784313725283, 1.000000000000000000 ) ;
#409 = DIRECTION ( 'NONE',  ( -0.000000000000000000, -1.000000000000000000, -0.000000000000000000 ) ) ;
#410 = CARTESIAN_POINT ( 'NONE',  ( 18.37780823672225594, -18.21991441758264685, 12.63115847475059716 ) ) ;
#411 = ORIENTED_EDGE ( 'NONE', *, *, #10301, .F. ) ;
#412 = CARTESIAN_POINT ( 'NONE',  ( 0.000000000000000000, 10.06432619796669670, 0.000000000000000000 ) ) ;
#413 = EDGE_CURVE ( 'NONE', #3053, #899, #5995, .T. ) ;
#414 = EDGE_CURVE ( 'NONE', #9559, #3939, #1658, .T. ) ;
#415 = ORIENTED_EDGE ( 'NONE', *, *, #753, .T. ) ;
#416 = CIRCLE ( 'NONE', #3124, 30.50000000000000000 ) ;
#417 = ORIENTED_EDGE ( 'NONE', *, *, #1409, .F. ) ;
#418 = AXIS2_PLACEMENT_3D ( 'NONE', #6601, #9092, #2264 ) ;
#419 = FILL_AREA_STYLE_COLOUR ( '', #4208 ) ;
#420 = CIRCLE ( 'NONE', #7718, 14.82773641629552053 ) ;
#421 = DIRECTION ( 'NONE',  ( 0.000000000000000000, 0.000000000000000000, 1.000000000000000000 ) ) ;
#422 = CARTESIAN_POINT ( 'NONE',  ( 18.37780823672227726, 10.80000000000000071, -12.63115847475055986 ) ) ;
#423 = DIRECTION ( 'NONE',  ( -0.4999999999999890643, -0.000000000000000000, -0.8660254037844449249 ) ) ;
#424 = VERTEX_POINT ( 'NONE', #109 ) ;
#425 = EDGE_CURVE ( 'NONE', #7761, #7339, #5518, .T. ) ;
#426 = ORIENTED_EDGE ( 'NONE', *, *, #6917, .F. ) ;
#427 = EDGE_CURVE ( 'NONE', #8494, #6829, #1826, .T. ) ;
#428 = CARTESIAN_POINT ( 'NONE',  ( 0.000000000000000000, -12.15000000000000036, -32.50000000000000000 ) ) ;
#429 = DIRECTION ( 'NONE',  ( -0.000000000000000000, 1.000000000000000000, -0.000000000000000000 ) ) ;
#430 = DIRECTION ( 'NONE',  ( 0.000000000000000000, 0.000000000000000000, -1.000000000000000000 ) ) ;
#431 = VECTOR ( 'NONE', #2757, 1000.000000000000000 ) ;
#432 = VECTOR ( 'NONE', #6253, 1000.000000000000000 ) ;
#433 = ORIENTED_EDGE ( 'NONE', *, *, #8512, .F. ) ;
#434 = ORIENTED_EDGE ( 'NONE', *, *, #3268, .T. ) ;
#435 = EDGE_LOOP ( 'NONE', ( #5633, #3431, #312, #507 ) ) ;
#436 = PLANE ( 'NONE',  #5974 ) ;
#437 = FACE_OUTER_BOUND ( 'NONE', #105, .T. ) ;
#438 = SURFACE_STYLE_USAGE ( .BOTH. , #9152 ) ;
#439 = CARTESIAN_POINT ( 'NONE',  ( 0.000000000000000000, -13.15000000000000213, 30.50000000000000000 ) ) ;
#440 = AXIS2_PLACEMENT_3D ( 'NONE', #9548, #8691, #886 ) ;
#441 = UNCERTAINTY_MEASURE_WITH_UNIT (LENGTH_MEASURE( 1.000000000000000082E-05 ), #5284, 'distance_accuracy_value', 'NONE');
#442 = ORIENTED_EDGE ( 'NONE', *, *, #1836, .F. ) ;
#443 = CARTESIAN_POINT ( 'NONE',  ( 8.511943515268724170, 10.19249530351371469, 11.24311863960184787 ) ) ;
#444 = EDGE_CURVE ( 'NONE', #5265, #1482, #7817, .T. ) ;
#445 = CARTESIAN_POINT ( 'NONE',  ( -5.795074182089435588, 0.000000000000000000, 6.537362917009565066 ) ) ;
#446 = EDGE_LOOP ( 'NONE', ( #8457, #3703, #8745, #5403 ) ) ;
#447 = CONICAL_SURFACE ( 'NONE', #3726, 9.000000000000000000, 0.5996168419455644161 ) ;
#448 = CARTESIAN_POINT ( 'NONE',  ( 2.846817248618715990, 0.000000000000000000, 8.430832114471048300 ) ) ;
#449 = ORIENTED_EDGE ( 'NONE', *, *, #10255, .T. ) ;
#450 = CARTESIAN_POINT ( 'NONE',  ( 22.80419369326621393, -13.25000000000000178, -22.80419369326610379 ) ) ;
#451 = DIRECTION ( 'NONE',  ( 0.000000000000000000, 0.000000000000000000, -1.000000000000000000 ) ) ;
#452 = ORIENTED_EDGE ( 'NONE', *, *, #4546, .F. ) ;
#453 = LINE ( 'NONE', #5714, #10762 ) ;
#454 = PRESENTATION_LAYER_ASSIGNMENT (  '', '', ( #5221 ) ) ;
#455 = CIRCLE ( 'NONE', #3171, 0.2500000000000002220 ) ;
#456 = ORIENTED_EDGE ( 'NONE', *, *, #7812, .F. ) ;
#457 =( LENGTH_UNIT ( ) NAMED_UNIT ( * ) SI_UNIT ( .MILLI., .METRE. ) );
#458 = CARTESIAN_POINT ( 'NONE',  ( 4.325731013513965273, 4.112992312804660600, -10.99238589528257748 ) ) ;
#459 = FACE_OUTER_BOUND ( 'NONE', #7398, .T. ) ;
#460 = AXIS2_PLACEMENT_3D ( 'NONE', #6811, #5954, #11164 ) ;
#461 = AXIS2_PLACEMENT_3D ( 'NONE', #647, #7485, #4130 ) ;
#462 = SURFACE_STYLE_USAGE ( .BOTH. , #8953 ) ;
#463 = CARTESIAN_POINT ( 'NONE',  ( 2.755455298081544285E-16, -17.49999999999999645, -2.250000000000000000 ) ) ;
#464 = EDGE_CURVE ( 'NONE', #5022, #1141, #3466, .T. ) ;
#465 = CARTESIAN_POINT ( 'NONE',  ( 0.000000000000000000, -13.15000000000000213, -32.50000000000000000 ) ) ;
#466 = DIRECTION ( 'NONE',  ( -0.000000000000000000, 1.000000000000000000, -0.000000000000000000 ) ) ;
#467 = CARTESIAN_POINT ( 'NONE',  ( 8.029750628565428983, 6.064326197966698473, -10.40793606078342570 ) ) ;
#468 = PRESENTATION_STYLE_ASSIGNMENT (( #5670 ) ) ;
#469 = VERTEX_POINT ( 'NONE', #7363 ) ;
#470 = CARTESIAN_POINT ( 'NONE',  ( -20.00314008079239514, 10.53235529095875656, -9.528092368119454036 ) ) ;
#471 = PRESENTATION_LAYER_ASSIGNMENT (  '', '', ( #8300 ) ) ;
#472 = ORIENTED_EDGE ( 'NONE', *, *, #6, .F. ) ;
#473 = VERTEX_POINT ( 'NONE', #9000 ) ;
#474 = EDGE_CURVE ( 'NONE', #3990, #6804, #11246, .T. ) ;
#475 = ADVANCED_FACE ( 'NONE', ( #4800 ), #5481, .F. ) ;
#476 = SURFACE_SIDE_STYLE ('',( #9962 ) ) ;
#477 =( NAMED_UNIT ( * ) SI_UNIT ( $, .STERADIAN. ) SOLID_ANGLE_UNIT ( ) );
#478 = CARTESIAN_POINT ( 'NONE',  ( 2.853427042013333212E-15, 12.79999999999999893, -23.30000000000000071 ) ) ;
#479 = ORIENTED_EDGE ( 'NONE', *, *, #6917, .T. ) ;
#480 = VERTEX_POINT ( 'NONE', #9777 ) ;
#481 = AXIS2_PLACEMENT_3D ( 'NONE', #2546, #3443, #7916 ) ;
#482 = CARTESIAN_POINT ( 'NONE',  ( -5.494383199410948215, 0.000000000000000000, -6.016550857632813276 ) ) ;
#483 = PLANE ( 'NONE',  #859 ) ;
#484 = AXIS2_PLACEMENT_3D ( 'NONE', #7231, #4609, #7963 ) ;
#485 = VERTEX_POINT ( 'NONE', #3811 ) ;
#486 = ORIENTED_EDGE ( 'NONE', *, *, #192, .T. ) ;
#487 = SURFACE_STYLE_USAGE ( .BOTH. , #2322 ) ;
#488 = ORIENTED_EDGE ( 'NONE', *, *, #4536, .F. ) ;
#489 = CARTESIAN_POINT ( 'NONE',  ( 0.000000000000000000, 0.000000000000000000, 0.000000000000000000 ) ) ;
#490 = EDGE_CURVE ( 'NONE', #5751, #5087, #2777, .T. ) ;
#491 =( NAMED_UNIT ( * ) SI_UNIT ( $, .STERADIAN. ) SOLID_ANGLE_UNIT ( ) );
#492 = EDGE_CURVE ( 'NONE', #9968, #8549, #1643, .T. ) ;
#493 = DIRECTION ( 'NONE',  ( 0.000000000000000000, -1.000000000000000000, 0.000000000000000000 ) ) ;
#494 =( NAMED_UNIT ( * ) SI_UNIT ( $, .STERADIAN. ) SOLID_ANGLE_UNIT ( ) );
#495 = DIRECTION ( 'NONE',  ( -0.000000000000000000, 1.000000000000000000, -0.000000000000000000 ) ) ;
#496 = CIRCLE ( 'NONE', #3015, 13.14541852518598830 ) ;
#497 = CARTESIAN_POINT ( 'NONE',  ( -1.750000000000001110, 4.112980027586009335, -11.68254246699178367 ) ) ;
#498 = AXIS2_PLACEMENT_3D ( 'NONE', #4879, #2168, #237 ) ;
#499 = FILL_AREA_STYLE_COLOUR ( '', #4779 ) ;
#500 = ORIENTED_EDGE ( 'NONE', *, *, #8618, .F. ) ;
#501 = FACE_OUTER_BOUND ( 'NONE', #2282, .T. ) ;
#502 = DIRECTION ( 'NONE',  ( -0.000000000000000000, 1.000000000000000000, -0.000000000000000000 ) ) ;
#503 = ORIENTED_EDGE ( 'NONE', *, *, #3698, .F. ) ;
#504 = STYLED_ITEM ( 'NONE', ( #3542 ), #10692 ) ;
#505 = DIRECTION ( 'NONE',  ( 0.000000000000000000, 0.000000000000000000, 1.000000000000000000 ) ) ;
#506 = AXIS2_PLACEMENT_3D ( 'NONE', #6041, #10569, #7019 ) ;
#507 = ORIENTED_EDGE ( 'NONE', *, *, #7548, .T. ) ;
#508 = FILL_AREA_STYLE_COLOUR ( '', #8165 ) ;
#509 = CARTESIAN_POINT ( 'NONE',  ( -8.674632498157878691E-16, -0.2000000000000000944, -6.928203230275510549 ) ) ;
#510 = EDGE_CURVE ( 'NONE', #8904, #8350, #6740, .T. ) ;
#511 = AXIS2_PLACEMENT_3D ( 'NONE', #2899, #6398, #5454 ) ;
#512 = VERTEX_POINT ( 'NONE', #1985 ) ;
#513 = AXIS2_PLACEMENT_3D ( 'NONE', #1504, #7768, #6863 ) ;
#514 = AXIS2_PLACEMENT_3D ( 'NONE', #3506, #10498, #7006 ) ;
#515 = FACE_OUTER_BOUND ( 'NONE', #2805, .T. ) ;
#516 = DIRECTION ( 'NONE',  ( -0.000000000000000000, 1.000000000000000000, -0.000000000000000000 ) ) ;
#517 = VERTEX_POINT ( 'NONE', #5541 ) ;
#518 = CARTESIAN_POINT ( 'NONE',  ( 0.000000000000000000, 1.499999999999999556, 0.000000000000000000 ) ) ;
#519 = CARTESIAN_POINT ( 'NONE',  ( 0.000000000000000000, 0.000000000000000000, 0.000000000000000000 ) ) ;
#520 = AXIS2_PLACEMENT_3D ( 'NONE', #1631, #882, #3433 ) ;
#521 = DIRECTION ( 'NONE',  ( 0.000000000000000000, 0.000000000000000000, -1.000000000000000000 ) ) ;
#522 = AXIS2_PLACEMENT_3D ( 'NONE', #1142, #2214, #282 ) ;
#523 = CARTESIAN_POINT ( 'NONE',  ( -1.749999999999998002, 0.000000000000000000, 7.957677485576517995 ) ) ;
#524 = CARTESIAN_POINT ( 'NONE',  ( -2.846812269065116308, -2.684216195998631598E-17, 8.430823489631231737 ) ) ;
#525 = CARTESIAN_POINT ( 'NONE',  ( 0.000000000000000000, 13.44999999999999929, 0.000000000000000000 ) ) ;
#526 = EDGE_LOOP ( 'NONE', ( #7618, #7933, #2980, #1314 ) ) ;
#527 = FACE_OUTER_BOUND ( 'NONE', #5923, .T. ) ;
#528 = SURFACE_SIDE_STYLE ('',( #6513 ) ) ;
#529 = EDGE_CURVE ( 'NONE', #10952, #1741, #5297, .T. ) ;
#530 = CARTESIAN_POINT ( 'NONE',  ( -18.37780823672224173, 6.499999999999999112, 12.63115847475061315 ) ) ;
#531 = AXIS2_PLACEMENT_3D ( 'NONE', #4818, #10869, #1157 ) ;
#532 = CARTESIAN_POINT ( 'NONE',  ( 22.23122803625593491, -18.21991441758264685, -1.750000000000412559 ) ) ;
#533 = ORIENTED_EDGE ( 'NONE', *, *, #10255, .F. ) ;
#534 =( LENGTH_UNIT ( ) NAMED_UNIT ( * ) SI_UNIT ( .MILLI., .METRE. ) );
#535 = DIRECTION ( 'NONE',  ( 0.000000000000000000, 0.000000000000000000, -1.000000000000000000 ) ) ;
#536 = DIRECTION ( 'NONE',  ( 0.000000000000000000, -1.000000000000000000, 0.000000000000000000 ) ) ;
#537 = SURFACE_STYLE_FILL_AREA ( #3137 ) ;
#538 = CARTESIAN_POINT ( 'NONE',  ( -20.85965004500322806, -13.25000000000000178, -20.85965004500307174 ) ) ;
#539 = AXIS2_PLACEMENT_3D ( 'NONE', #786, #10506, #11142 ) ;
#540 = ORIENTED_EDGE ( 'NONE', *, *, #1460, .T. ) ;
#541 = VERTEX_POINT ( 'NONE', #2930 ) ;
#542 = CIRCLE ( 'NONE', #9277, 14.00218451466337477 ) ;
#543 = EDGE_CURVE ( 'NONE', #7466, #4106, #10577, .T. ) ;
#544 =( LENGTH_UNIT ( ) NAMED_UNIT ( * ) SI_UNIT ( .MILLI., .METRE. ) );
#545 = EDGE_LOOP ( 'NONE', ( #9019, #2991, #8963, #5884 ) ) ;
#546 = MECHANICAL_DESIGN_GEOMETRIC_PRESENTATION_REPRESENTATION (  '', ( #8190 ), #2547 ) ;
#547 = ORIENTED_EDGE ( 'NONE', *, *, #3993, .F. ) ;
#548 = DIRECTION ( 'NONE',  ( -0.000000000000000000, 1.000000000000000000, -0.000000000000000000 ) ) ;
#549 = PRESENTATION_LAYER_ASSIGNMENT (  '', '', ( #11270 ) ) ;
#550 = B_SPLINE_CURVE_WITH_KNOTS ( 'NONE', 3,
 ( #978, #4466, #2784, #1774 ),
 .UNSPECIFIED., .F., .F.,
 ( 4, 4 ),
 ( 0.01085163898397443517, 0.01796298218115460754 ),
 .UNSPECIFIED. ) ;
#551 = CARTESIAN_POINT ( 'NONE',  ( -22.23122803625525634, -18.21991441758264685, -1.749999999999727329 ) ) ;
#552 = CARTESIAN_POINT ( 'NONE',  ( 10.40793606078350919, 6.064326197966798837, -8.029750628565428983 ) ) ;
#553 = UNCERTAINTY_MEASURE_WITH_UNIT (LENGTH_MEASURE( 1.000000000000000082E-05 ), #8443, 'distance_accuracy_value', 'NONE');
#554 = ORIENTED_EDGE ( 'NONE', *, *, #2001, .F. ) ;
#555 = CARTESIAN_POINT ( 'NONE',  ( 21.92031021678291225, 13.54999999999999893, -21.92031021678302949 ) ) ;
#556 = COLOUR_RGB ( '',0.1529411764705882470, 0.4901960784313725283, 1.000000000000000000 ) ;
#557 = ADVANCED_FACE ( 'NONE', ( #9728 ), #2102, .F. ) ;
#558 = FILL_AREA_STYLE_COLOUR ( '', #9421 ) ;
#559 = EDGE_CURVE ( 'NONE', #6707, #10627, #7653, .T. ) ;
#560 = ORIENTED_EDGE ( 'NONE', *, *, #74, .T. ) ;
#561 = DIRECTION ( 'NONE',  ( 0.000000000000000000, 0.000000000000000000, 1.000000000000000000 ) ) ;
#562 = DIRECTION ( 'NONE',  ( 7.105427357601001859E-15, 0.000000000000000000, -1.000000000000000000 ) ) ;
#563 = ORIENTED_EDGE ( 'NONE', *, *, #4207, .F. ) ;
#564 = CYLINDRICAL_SURFACE ( 'NONE', #7445, 0.2500000000000002220 ) ;
#565 = DIRECTION ( 'NONE',  ( -0.000000000000000000, -1.000000000000000000, -0.000000000000000000 ) ) ;
#566 = AXIS2_PLACEMENT_3D ( 'NONE', #8850, #9848, #7272 ) ;
#567 = ORIENTED_EDGE ( 'NONE', *, *, #6554, .T. ) ;
#568 = UNCERTAINTY_MEASURE_WITH_UNIT (LENGTH_MEASURE( 1.000000000000000082E-05 ), #2645, 'distance_accuracy_value', 'NONE');
#569 = MECHANICAL_DESIGN_GEOMETRIC_PRESENTATION_REPRESENTATION (  '', ( #10730 ), #4586 ) ;
#570 = LINE ( 'NONE', #10388, #6061 ) ;
#571 = PRESENTATION_LAYER_ASSIGNMENT (  '', '', ( #3468 ) ) ;
#572 = UNCERTAINTY_MEASURE_WITH_UNIT (LENGTH_MEASURE( 1.000000000000000082E-05 ), #8108, 'distance_accuracy_value', 'NONE');
#573 = CYLINDRICAL_SURFACE ( 'NONE', #37, 26.00000000000000355 ) ;
#574 = SURFACE_STYLE_FILL_AREA ( #9283 ) ;
#575 = EDGE_LOOP ( 'NONE', ( #10964, #8639, #7463, #7669 ) ) ;
#576 = CARTESIAN_POINT ( 'NONE',  ( -20.85965004500322806, 13.54999999999999893, -20.85965004500307174 ) ) ;
#577 = FACE_OUTER_BOUND ( 'NONE', #9573, .T. ) ;
#578 = EDGE_CURVE ( 'NONE', #327, #5757, #9302, .T. ) ;
#579 = VECTOR ( 'NONE', #2979, 1000.000000000000000 ) ;
#580 = PRESENTATION_LAYER_ASSIGNMENT (  '', '', ( #6586 ) ) ;
#581 = DIRECTION ( 'NONE',  ( -0.000000000000000000, 1.000000000000000000, -0.000000000000000000 ) ) ;
#582 = CARTESIAN_POINT ( 'NONE',  ( 1.749999999999998446, 6.192532590100032763, -13.12895560341125467 ) ) ;
#583 = SURFACE_STYLE_USAGE ( .BOTH. , #2349 ) ;
#584 = CARTESIAN_POINT ( 'NONE',  ( 5.430653625470048596, 10.06432619796669847, -12.90616799762221945 ) ) ;
#585 = DIRECTION ( 'NONE',  ( 0.000000000000000000, -1.000000000000000000, 0.000000000000000000 ) ) ;
#586 = SURFACE_SIDE_STYLE ('',( #3122 ) ) ;
#587 = AXIS2_PLACEMENT_3D ( 'NONE', #9023, #1231, #4716 ) ;
#588 = CYLINDRICAL_SURFACE ( 'NONE', #4123, 0.2500000000000002220 ) ;
#589 = SURFACE_SIDE_STYLE ('',( #3243 ) ) ;
#590 = CIRCLE ( 'NONE', #8774, 0.2500000000000002220 ) ;
#591 = ORIENTED_EDGE ( 'NONE', *, *, #6928, .T. ) ;
#592 = DIRECTION ( 'NONE',  ( 0.000000000000000000, 0.000000000000000000, 1.000000000000000000 ) ) ;
#593 = PRESENTATION_LAYER_ASSIGNMENT (  '', '', ( #2389 ) ) ;
#594 = DIRECTION ( 'NONE',  ( -6.217248937900876626E-15, 0.000000000000000000, 1.000000000000000000 ) ) ;
#595 = CARTESIAN_POINT ( 'NONE',  ( 0.000000000000000000, 13.54999999999999893, 0.000000000000000000 ) ) ;
#596 = CARTESIAN_POINT ( 'NONE',  ( 13.77878098578594113, 6.499999999999998224, -1.750000000000411005 ) ) ;
#597 = COLOUR_RGB ( '',0.1529411764705882470, 0.4901960784313725283, 1.000000000000000000 ) ;
#598 = PRESENTATION_STYLE_ASSIGNMENT (( #8179 ) ) ;
#599 = CIRCLE ( 'NONE', #10220, 9.148907742668312082 ) ;
#600 = DIRECTION ( 'NONE',  ( -0.000000000000000000, -1.000000000000000000, -0.000000000000000000 ) ) ;
#601 = EDGE_CURVE ( 'NONE', #8592, #85, #3161, .T. ) ;
#602 = CARTESIAN_POINT ( 'NONE',  ( -14.11124785010229488, 10.30978705923616801, -1.749999999999729772 ) ) ;
#603 =( GEOMETRIC_REPRESENTATION_CONTEXT ( 3 ) GLOBAL_UNCERTAINTY_ASSIGNED_CONTEXT ( ( #9665 ) ) GLOBAL_UNIT_ASSIGNED_CONTEXT ( ( #2708, #10457, #1927 ) ) REPRESENTATION_CONTEXT ( 'NONE', 'WORKASPACE' ) );
#604 = CARTESIAN_POINT ( 'NONE',  ( -8.029750628565412995, 6.064326197966699361, 10.40793606078343814 ) ) ;
#605 = CARTESIAN_POINT ( 'NONE',  ( -20.09947380216722834, 10.64307090431699088, 9.583710668087407569 ) ) ;
#606 =( GEOMETRIC_REPRESENTATION_CONTEXT ( 3 ) GLOBAL_UNCERTAINTY_ASSIGNED_CONTEXT ( ( #1014 ) ) GLOBAL_UNIT_ASSIGNED_CONTEXT ( ( #8717, #5160, #6160 ) ) REPRESENTATION_CONTEXT ( 'NONE', 'WORKASPACE' ) );
#607 = ORIENTED_EDGE ( 'NONE', *, *, #4059, .F. ) ;
#608 = ORIENTED_EDGE ( 'NONE', *, *, #1107, .T. ) ;
#609 = B_SPLINE_CURVE_WITH_KNOTS ( 'NONE', 3,
 ( #11032, #3226, #2394, #5880, #9336, #8488, #678, #98 ),
 .UNSPECIFIED., .F., .F.,
 ( 4, 2, 2, 4 ),
 ( 0.000000000000000000, 0.0002427981594783684607, 0.0004855963189567369213, 0.0009711926379134738427 ),
 .UNSPECIFIED. ) ;
#610 = CARTESIAN_POINT ( 'NONE',  ( 8.569867253904785542, 0.08184250052690854316, -2.927089223797574746 ) ) ;
#611 = SURFACE_SIDE_STYLE ('',( #10889 ) ) ;
#612 = ORIENTED_EDGE ( 'NONE', *, *, #3318, .T. ) ;
#613 = VECTOR ( 'NONE', #11182, 1000.000000000000000 ) ;
#614 = CIRCLE ( 'NONE', #2052, 31.00000000000000000 ) ;
#615 = ORIENTED_EDGE ( 'NONE', *, *, #1889, .F. ) ;
#616 = PRESENTATION_STYLE_ASSIGNMENT (( #2324 ) ) ;
#617 = SURFACE_SIDE_STYLE ('',( #767 ) ) ;
#618 = SURFACE_STYLE_FILL_AREA ( #1535 ) ;
#619 =( LENGTH_UNIT ( ) NAMED_UNIT ( * ) SI_UNIT ( .MILLI., .METRE. ) );
#620 = AXIS2_PLACEMENT_3D ( 'NONE', #5245, #8696, #10448 ) ;
#621 = SURFACE_STYLE_USAGE ( .BOTH. , #770 ) ;
#622 = EDGE_CURVE ( 'NONE', #3912, #5960, #6429, .T. ) ;
#623 = DIRECTION ( 'NONE',  ( 0.000000000000000000, 0.000000000000000000, 1.000000000000000000 ) ) ;
#624 = FACE_OUTER_BOUND ( 'NONE', #8253, .T. ) ;
#625 = ORIENTED_EDGE ( 'NONE', *, *, #7877, .F. ) ;
#626 = DIRECTION ( 'NONE',  ( 0.000000000000000000, 0.000000000000000000, 1.000000000000000000 ) ) ;
#627 = AXIS2_PLACEMENT_3D ( 'NONE', #9702, #7170, #6999 ) ;
#628 = DIRECTION ( 'NONE',  ( -0.000000000000000000, 1.000000000000000000, -0.000000000000000000 ) ) ;
#629 = ORIENTED_EDGE ( 'NONE', *, *, #1921, .F. ) ;
#630 = DIRECTION ( 'NONE',  ( -0.000000000000000000, 1.000000000000000000, -0.000000000000000000 ) ) ;
#631 = VERTEX_POINT ( 'NONE', #5597 ) ;
#632 = VECTOR ( 'NONE', #1828, 1000.000000000000000 ) ;
#633 = DIRECTION ( 'NONE',  ( 0.000000000000000000, 0.000000000000000000, 1.000000000000000000 ) ) ;
#634 = LINE ( 'NONE', #4112, #10345 ) ;
#635 = EDGE_CURVE ( 'NONE', #10763, #6075, #9047, .T. ) ;
#636 = EDGE_CURVE ( 'NONE', #6729, #11135, #10891, .T. ) ;
#637 = DIRECTION ( 'NONE',  ( 5.329070518200751394E-15, 0.000000000000000000, -1.000000000000000000 ) ) ;
#638 = FILL_AREA_STYLE ('',( #10918 ) ) ;
#639 = CARTESIAN_POINT ( 'NONE',  ( 1.750000000000003775, 10.49999999999999822, 14.72410497215828507 ) ) ;
#640 = ORIENTED_EDGE ( 'NONE', *, *, #2907, .T. ) ;
#641 =( NAMED_UNIT ( * ) SI_UNIT ( $, .STERADIAN. ) SOLID_ANGLE_UNIT ( ) );
#642 = CARTESIAN_POINT ( 'NONE',  ( -10.40793606078348610, 6.064326197966795284, 8.029750628565459181 ) ) ;
#643 =( LENGTH_UNIT ( ) NAMED_UNIT ( * ) SI_UNIT ( .MILLI., .METRE. ) );
#644 = DIRECTION ( 'NONE',  ( 0.000000000000000000, 0.000000000000000000, -1.000000000000000000 ) ) ;
#645 = ORIENTED_EDGE ( 'NONE', *, *, #4995, .T. ) ;
#646 = EDGE_CURVE ( 'NONE', #4311, #631, #7951, .T. ) ;
#647 = CARTESIAN_POINT ( 'NONE',  ( 0.000000000000000000, 11.79999999999999716, 0.000000000000000000 ) ) ;
#648 = SURFACE_STYLE_USAGE ( .BOTH. , #589 ) ;
#649 = VERTEX_POINT ( 'NONE', #2159 ) ;
#650 = SURFACE_STYLE_USAGE ( .BOTH. , #8461 ) ;
#651 = AXIS2_PLACEMENT_3D ( 'NONE', #3073, #7439, #10875 ) ;
#652 = CIRCLE ( 'NONE', #7029, 8.736131791852239203 ) ;
#653 = CYLINDRICAL_SURFACE ( 'NONE', #2808, 29.50000000000000000 ) ;
#654 = EDGE_CURVE ( 'NONE', #11120, #2334, #6672, .T. ) ;
#655 = MECHANICAL_DESIGN_GEOMETRIC_PRESENTATION_REPRESENTATION (  '', ( #1923 ), #2984 ) ;
#656 = AXIS2_PLACEMENT_3D ( 'NONE', #1269, #5601, #9054 ) ;
#657 = CARTESIAN_POINT ( 'NONE',  ( -1.749999999999994449, 10.49999999999999822, 21.93028727582017012 ) ) ;
#658 = CARTESIAN_POINT ( 'NONE',  ( -20.00331861737269890, 10.53248139031239816, 9.528195446262303747 ) ) ;
#659 = ORIENTED_EDGE ( 'NONE', *, *, #7134, .T. ) ;
#660 = VERTEX_POINT ( 'NONE', #2341 ) ;
#661 = FILL_AREA_STYLE_COLOUR ( '', #8939 ) ;
#662 = DIRECTION ( 'NONE',  ( 0.000000000000000000, 0.000000000000000000, 1.000000000000000000 ) ) ;
#663 = EDGE_LOOP ( 'NONE', ( #6085, #4449, #8791, #5219 ) ) ;
#664 = COLOUR_RGB ( '',0.1529411764705882470, 0.4901960784313725283, 1.000000000000000000 ) ;
#665 = EDGE_LOOP ( 'NONE', ( #7633, #7984, #4314, #6766 ) ) ;
#666 = ORIENTED_EDGE ( 'NONE', *, *, #957, .T. ) ;
#667 = FILL_AREA_STYLE_COLOUR ( '', #10488 ) ;
#668 =( NAMED_UNIT ( * ) PLANE_ANGLE_UNIT ( ) SI_UNIT ( $, .RADIAN. ) );
#669 = FILL_AREA_STYLE_COLOUR ( '', #10355 ) ;
#670 = CYLINDRICAL_SURFACE ( 'NONE', #2573, 30.50000000000000000 ) ;
#671 = UNCERTAINTY_MEASURE_WITH_UNIT (LENGTH_MEASURE( 1.000000000000000082E-05 ), #5821, 'distance_accuracy_value', 'NONE');
#672 = VERTEX_POINT ( 'NONE', #509 ) ;
#673 = CARTESIAN_POINT ( 'NONE',  ( 8.572711958591664683, 10.30006695603316835, 11.34837267093404733 ) ) ;
#674 = EDGE_CURVE ( 'NONE', #7466, #6534, #1082, .T. ) ;
#675 = ORIENTED_EDGE ( 'NONE', *, *, #10094, .T. ) ;
#676 = MECHANICAL_DESIGN_GEOMETRIC_PRESENTATION_REPRESENTATION (  '', ( #7246 ), #6890 ) ;
#677 = DIRECTION ( 'NONE',  ( 1.000000000000000000, 0.000000000000000000, -1.224646799147353207E-16 ) ) ;
#678 = CARTESIAN_POINT ( 'NONE',  ( 13.98556174125135065, 10.19954933640112493, 1.749999999999589440 ) ) ;
#679 = UNCERTAINTY_MEASURE_WITH_UNIT (LENGTH_MEASURE( 1.000000000000000082E-05 ), #6331, 'distance_accuracy_value', 'NONE');
#680 = UNCERTAINTY_MEASURE_WITH_UNIT (LENGTH_MEASURE( 1.000000000000000082E-05 ), #3607, 'distance_accuracy_value', 'NONE');
#681 = VERTEX_POINT ( 'NONE', #1435 ) ;
#682 = VECTOR ( 'NONE', #5451, 1000.000000000000114 ) ;
#683 = FILL_AREA_STYLE ('',( #6738 ) ) ;
#684 = ORIENTED_EDGE ( 'NONE', *, *, #11126, .T. ) ;
#685 = ADVANCED_FACE ( 'NONE', ( #3996 ), #7639, .T. ) ;
#686 = SURFACE_STYLE_USAGE ( .BOTH. , #4228 ) ;
#687 = DIRECTION ( 'NONE',  ( 0.000000000000000000, 0.000000000000000000, 1.000000000000000000 ) ) ;
#688 = SURFACE_SIDE_STYLE ('',( #8500 ) ) ;
#689 = DIRECTION ( 'NONE',  ( -0.000000000000000000, 1.000000000000000000, -0.000000000000000000 ) ) ;
#690 = CIRCLE ( 'NONE', #513, 9.148907742668312082 ) ;
#691 = ORIENTED_EDGE ( 'NONE', *, *, #7892, .T. ) ;
#692 = STYLED_ITEM ( 'NONE', ( #8192 ), #10055 ) ;
#693 = DIRECTION ( 'NONE',  ( -0.000000000000000000, 1.000000000000000000, -0.000000000000000000 ) ) ;
#694 = CARTESIAN_POINT ( 'NONE',  ( 12.94650957521630374, 10.13193726329756750, 5.453944846153506276 ) ) ;
#695 = ORIENTED_EDGE ( 'NONE', *, *, #5198, .F. ) ;
#696 = SURFACE_SIDE_STYLE ('',( #1117 ) ) ;
#697 = AXIS2_PLACEMENT_3D ( 'NONE', #450, #7417, #10855 ) ;
#698 = ADVANCED_FACE ( 'NONE', ( #10908 ), #3281, .T. ) ;
#699 = EDGE_CURVE ( 'NONE', #926, #8174, #6744, .T. ) ;
#700 = LINE ( 'NONE', #4184, #9721 ) ;
#701 = B_SPLINE_CURVE_WITH_KNOTS ( 'NONE', 3,
 ( #5548, #8152, #9053, #2782, #3651, #9838 ),
 .UNSPECIFIED., .F., .F.,
 ( 4, 2, 4 ),
 ( 0.000000000000000000, 0.0002346925379797273848, 0.0004693850759594547697 ),
 .UNSPECIFIED. ) ;
#702 = SURFACE_SIDE_STYLE ('',( #8514 ) ) ;
#703 = CARTESIAN_POINT ( 'NONE',  ( -5.494383199411023710, 1.499999999999996225, 6.016550857632742222 ) ) ;
#704 = SURFACE_SIDE_STYLE ('',( #4140 ) ) ;
#705 = CARTESIAN_POINT ( 'NONE',  ( 14.72410497215823533, 10.49999999999999822, -1.750000000000411005 ) ) ;
#706 = ORIENTED_EDGE ( 'NONE', *, *, #444, .F. ) ;
#707 = B_SPLINE_CURVE_WITH_KNOTS ( 'NONE', 3,
 ( #8084, #1369, #8182, #8983, #8127, #10669, #3979, #373 ),
 .UNSPECIFIED., .F., .F.,
 ( 4, 2, 2, 4 ),
 ( 0.000000000000000000, 0.0002427953948744187218, 0.0004855907897488374435, 0.0009711815794976733692 ),
 .UNSPECIFIED. ) ;
#708 = ORIENTED_EDGE ( 'NONE', *, *, #10646, .T. ) ;
#709 = CARTESIAN_POINT ( 'NONE',  ( -5.045312099002829065, 6.199600861750094616, 12.23873689551489541 ) ) ;
#710 = EDGE_CURVE ( 'NONE', #1455, #1427, #10856, .T. ) ;
#711 = ORIENTED_EDGE ( 'NONE', *, *, #5450, .F. ) ;
#712 = ORIENTED_EDGE ( 'NONE', *, *, #9725, .T. ) ;
#713 = ORIENTED_EDGE ( 'NONE', *, *, #2893, .F. ) ;
#714 = CYLINDRICAL_SURFACE ( 'NONE', #5439, 32.50000000000000000 ) ;
#715 = CARTESIAN_POINT ( 'NONE',  ( -22.98097038856284513, 13.44999999999999929, 22.98097038856274921 ) ) ;
#716 = FACE_OUTER_BOUND ( 'NONE', #10723, .T. ) ;
#717 = CIRCLE ( 'NONE', #9624, 13.14541852518598830 ) ;
#718 = DIRECTION ( 'NONE',  ( 0.000000000000000000, -1.000000000000000000, 0.000000000000000000 ) ) ;
#719 = VERTEX_POINT ( 'NONE', #2281 ) ;
#720 =( GEOMETRIC_REPRESENTATION_CONTEXT ( 3 ) GLOBAL_UNCERTAINTY_ASSIGNED_CONTEXT ( ( #9096 ) ) GLOBAL_UNIT_ASSIGNED_CONTEXT ( ( #1461, #11084, #10064 ) ) REPRESENTATION_CONTEXT ( 'NONE', 'WORKASPACE' ) );
#721 = SURFACE_STYLE_USAGE ( .BOTH. , #2208 ) ;
#722 = VECTOR ( 'NONE', #7808, 1000.000000000000000 ) ;
#723 = LINE ( 'NONE', #9385, #8993 ) ;
#724 = ORIENTED_EDGE ( 'NONE', *, *, #7938, .T. ) ;
#725 = TOROIDAL_SURFACE ( 'NONE', #5833, 22.00000000000000000, 0.2999999999999999889 ) ;
#726 = CARTESIAN_POINT ( 'NONE',  ( -12.63115847475059361, 6.499999999999999112, 18.37780823672225594 ) ) ;
#727 = CARTESIAN_POINT ( 'NONE',  ( -8.651889459346309152, 0.2178369010166498476, -2.974444766188877320 ) ) ;
#728 = PRESENTATION_LAYER_ASSIGNMENT (  '', '', ( #3078 ) ) ;
#729 = PLANE ( 'NONE',  #4424 ) ;
#730 = EDGE_CURVE ( 'NONE', #480, #13, #3013, .T. ) ;
#731 = SURFACE_STYLE_USAGE ( .BOTH. , #3230 ) ;
#732 = VERTEX_POINT ( 'NONE', #4928 ) ;
#733 = STYLED_ITEM ( 'NONE', ( #10981 ), #5790 ) ;
#734 = ORIENTED_EDGE ( 'NONE', *, *, #4098, .T. ) ;
#735 = AXIS2_PLACEMENT_3D ( 'NONE', #2527, #11167, #2574 ) ;
#736 = FILL_AREA_STYLE_COLOUR ( '', #8609 ) ;
#737 = SURFACE_STYLE_USAGE ( .BOTH. , #1609 ) ;
#738 =( LENGTH_UNIT ( ) NAMED_UNIT ( * ) SI_UNIT ( .MILLI., .METRE. ) );
#739 = SURFACE_SIDE_STYLE ('',( #11267 ) ) ;
#740 = ORIENTED_EDGE ( 'NONE', *, *, #3347, .F. ) ;
#741 = EDGE_CURVE ( 'NONE', #10298, #1021, #1285, .T. ) ;
#742 = CARTESIAN_POINT ( 'NONE',  ( -4.998661715319911103, 6.064326197966798837, 12.15793606078349320 ) ) ;
#743 = CIRCLE ( 'NONE', #3282, 32.00000000000000000 ) ;
#744 = ORIENTED_EDGE ( 'NONE', *, *, #6694, .T. ) ;
#745 = LINE ( 'NONE', #10306, #9407 ) ;
#746 = CARTESIAN_POINT ( 'NONE',  ( -22.80419369326623524, -13.25000000000000178, -22.80419369326607537 ) ) ;
#747 = COLOUR_RGB ( '',0.1529411764705882470, 0.4901960784313725283, 1.000000000000000000 ) ;
#748 = AXIS2_PLACEMENT_3D ( 'NONE', #9311, #10832, #2259 ) ;
#749 = AXIS2_PLACEMENT_3D ( 'NONE', #5805, #9380, #623 ) ;
#750 = CARTESIAN_POINT ( 'NONE',  ( 0.000000000000000000, 13.54999999999999893, 0.000000000000000000 ) ) ;
#751 = AXIS2_PLACEMENT_3D ( 'NONE', #59, #3540, #7036 ) ;
#752 = AXIS2_PLACEMENT_3D ( 'NONE', #6610, #9687, #7357 ) ;
#753 = EDGE_CURVE ( 'NONE', #424, #7977, #9632, .T. ) ;
#754 = EDGE_CURVE ( 'NONE', #5333, #1790, #8376, .T. ) ;
#755 = CARTESIAN_POINT ( 'NONE',  ( 4.445380786126069239, 7.204220786794539144, 11.19962538056081591 ) ) ;
#756 = LINE ( 'NONE', #5849, #3311 ) ;
#757 = ORIENTED_EDGE ( 'NONE', *, *, #3010, .F. ) ;
#758 = ORIENTED_EDGE ( 'NONE', *, *, #9862, .F. ) ;
#759 = SURFACE_SIDE_STYLE ('',( #10204 ) ) ;
#760 = STYLED_ITEM ( 'NONE', ( #9078 ), #2163 ) ;
#761 = FACE_OUTER_BOUND ( 'NONE', #7502, .T. ) ;
#762 = PRESENTATION_LAYER_ASSIGNMENT (  '', '', ( #10936 ) ) ;
#763 = VERTEX_POINT ( 'NONE', #6617 ) ;
#764 = EDGE_LOOP ( 'NONE', ( #6608, #5048, #5191, #9875 ) ) ;
#765 = EDGE_LOOP ( 'NONE', ( #5238, #10884, #4870, #9640 ) ) ;
#766 = SURFACE_STYLE_USAGE ( .BOTH. , #824 ) ;
#767 = SURFACE_STYLE_FILL_AREA ( #4199 ) ;
#768 = MECHANICAL_DESIGN_GEOMETRIC_PRESENTATION_REPRESENTATION (  '', ( #10213 ), #4825 ) ;
#769 = CARTESIAN_POINT ( 'NONE',  ( 0.000000000000000000, 13.44999999999999929, 0.000000000000000000 ) ) ;
#770 = SURFACE_SIDE_STYLE ('',( #9320 ) ) ;
#771 = DIRECTION ( 'NONE',  ( -0.000000000000000000, 1.000000000000000000, -0.000000000000000000 ) ) ;
#772 = CARTESIAN_POINT ( 'NONE',  ( -8.029750628565412995, 6.064326197966699361, 10.40793606078343814 ) ) ;
#773 = EDGE_CURVE ( 'NONE', #6071, #2690, #8018, .T. ) ;
#774 = EDGE_CURVE ( 'NONE', #2004, #3086, #4742, .T. ) ;
#775 = STYLED_ITEM ( 'NONE', ( #10173 ), #8090 ) ;
#776 = EDGE_LOOP ( 'NONE', ( #2392, #411, #488, #7312 ) ) ;
#777 =( LENGTH_UNIT ( ) NAMED_UNIT ( * ) SI_UNIT ( .MILLI., .METRE. ) );
#778 = DIRECTION ( 'NONE',  ( -0.000000000000000000, -1.000000000000000000, -0.000000000000000000 ) ) ;
#779 =( NAMED_UNIT ( * ) PLANE_ANGLE_UNIT ( ) SI_UNIT ( $, .RADIAN. ) );
#780 = MECHANICAL_DESIGN_GEOMETRIC_PRESENTATION_REPRESENTATION (  '', ( #3686 ), #603 ) ;
#781 = STYLED_ITEM ( 'NONE', ( #7242 ), #2502 ) ;
#782 = FILL_AREA_STYLE ('',( #7581 ) ) ;
#783 = SURFACE_STYLE_USAGE ( .BOTH. , #5978 ) ;
#784 = ORIENTED_EDGE ( 'NONE', *, *, #5167, .T. ) ;
#785 = SURFACE_STYLE_FILL_AREA ( #902 ) ;
#786 = CARTESIAN_POINT ( 'NONE',  ( 0.000000000000000000, 0.000000000000000000, 0.000000000000000000 ) ) ;
#787 = CARTESIAN_POINT ( 'NONE',  ( -10.87176676074319204, -13.25000000000000178, 10.87176676074314585 ) ) ;
#788 = FACE_BOUND ( 'NONE', #10534, .T. ) ;
#789 = CIRCLE ( 'NONE', #10229, 14.00218451466337655 ) ;
#790 = UNCERTAINTY_MEASURE_WITH_UNIT (LENGTH_MEASURE( 1.000000000000000082E-05 ), #9011, 'distance_accuracy_value', 'NONE');
#791 = EDGE_CURVE ( 'NONE', #2476, #926, #634, .T. ) ;
#792 =( GEOMETRIC_REPRESENTATION_CONTEXT ( 3 ) GLOBAL_UNCERTAINTY_ASSIGNED_CONTEXT ( ( #9565 ) ) GLOBAL_UNIT_ASSIGNED_CONTEXT ( ( #2121, #5616, #9125 ) ) REPRESENTATION_CONTEXT ( 'NONE', 'WORKASPACE' ) );
#793 = EDGE_LOOP ( 'NONE', ( #2138, #6612, #303, #1689 ) ) ;
#794 = PRESENTATION_STYLE_ASSIGNMENT (( #2454 ) ) ;
#795 = DIRECTION ( 'NONE',  ( 0.000000000000000000, 0.000000000000000000, 1.000000000000000000 ) ) ;
#796 = ORIENTED_EDGE ( 'NONE', *, *, #9052, .T. ) ;
#797 =( GEOMETRIC_REPRESENTATION_CONTEXT ( 3 ) GLOBAL_UNCERTAINTY_ASSIGNED_CONTEXT ( ( #7533 ) ) GLOBAL_UNIT_ASSIGNED_CONTEXT ( ( #8721, #6049, #7822 ) ) REPRESENTATION_CONTEXT ( 'NONE', 'WORKASPACE' ) );
#798 = PRESENTATION_STYLE_ASSIGNMENT (( #686 ) ) ;
#799 = SURFACE_STYLE_FILL_AREA ( #1446 ) ;
#800 = CARTESIAN_POINT ( 'NONE',  ( 5.999999999999997335, -0.2000000000000000944, 3.464101615137759715 ) ) ;
#801 = CARTESIAN_POINT ( 'NONE',  ( -10.40793606078334221, 6.064326197966698473, -8.029750628565540893 ) ) ;
#802 = ORIENTED_EDGE ( 'NONE', *, *, #1669, .T. ) ;
#803 = UNCERTAINTY_MEASURE_WITH_UNIT (LENGTH_MEASURE( 1.000000000000000082E-05 ), #4224, 'distance_accuracy_value', 'NONE');
#804 = CARTESIAN_POINT ( 'NONE',  ( 12.63115847475062026, 10.80000000000000071, -18.37780823672223462 ) ) ;
#805 = ORIENTED_EDGE ( 'NONE', *, *, #1178, .T. ) ;
#806 = CARTESIAN_POINT ( 'NONE',  ( 21.74353352148660079, 13.54999999999999893, 21.49353352148607144 ) ) ;
#807 = CARTESIAN_POINT ( 'NONE',  ( 1.749999999999999112, 0.000000000000000000, -8.559059450933345303 ) ) ;
#808 = B_SPLINE_CURVE_WITH_KNOTS ( 'NONE', 3,
 ( #8578, #2532, #6072, #10151, #10374, #4367, #709, #9539 ),
 .UNSPECIFIED., .F., .F.,
 ( 4, 2, 2, 4 ),
 ( 2.602085213965210642E-18, 0.0002429715048039801401, 0.0004859430096079576781, 0.0009718860192159114531 ),
 .UNSPECIFIED. ) ;
#809 =( NAMED_UNIT ( * ) PLANE_ANGLE_UNIT ( ) SI_UNIT ( $, .RADIAN. ) );
#810 = EDGE_CURVE ( 'NONE', #7774, #9141, #609, .T. ) ;
#811 = CIRCLE ( 'NONE', #8100, 9.148907742668312082 ) ;
#812 = PRESENTATION_STYLE_ASSIGNMENT (( #10088 ) ) ;
#813 = PRESENTATION_STYLE_ASSIGNMENT (( #5447 ) ) ;
#814 = ORIENTED_EDGE ( 'NONE', *, *, #7947, .F. ) ;
#815 = ORIENTED_EDGE ( 'NONE', *, *, #8386, .F. ) ;
#816 = LINE ( 'NONE', #3552, #8560 ) ;
#817 = FACE_OUTER_BOUND ( 'NONE', #7393, .T. ) ;
#818 = VERTEX_POINT ( 'NONE', #4391 ) ;
#819 = ORIENTED_EDGE ( 'NONE', *, *, #674, .T. ) ;
#820 = ADVANCED_FACE ( 'NONE', ( #3453 ), #10340, .T. ) ;
#821 = EDGE_CURVE ( 'NONE', #7027, #9973, #4187, .T. ) ;
#822 = EDGE_LOOP ( 'NONE', ( #8460, #5659, #9473, #9372 ) ) ;
#823 = DIRECTION ( 'NONE',  ( -0.000000000000000000, 1.000000000000000000, -0.000000000000000000 ) ) ;
#824 = SURFACE_SIDE_STYLE ('',( #4373 ) ) ;
#825 = STYLED_ITEM ( 'NONE', ( #6059 ), #4950 ) ;
#826 = AXIS2_PLACEMENT_3D ( 'NONE', #4013, #5835, #8394 ) ;
#827 = SURFACE_STYLE_USAGE ( .BOTH. , #22 ) ;
#828 = CARTESIAN_POINT ( 'NONE',  ( -1.750000000000001554, 10.06432619796670025, -13.89239616418560352 ) ) ;
#829 = LINE ( 'NONE', #6892, #3299 ) ;
#830 = CARTESIAN_POINT ( 'NONE',  ( -21.74353352148638407, 13.44999999999999929, 21.49353352148629170 ) ) ;
#831 = ORIENTED_EDGE ( 'NONE', *, *, #1960, .T. ) ;
#832 = CYLINDRICAL_SURFACE ( 'NONE', #1945, 8.147829831584077809 ) ;
#833 = DIRECTION ( 'NONE',  ( 0.000000000000000000, 0.000000000000000000, -1.000000000000000000 ) ) ;
#834 = SURFACE_SIDE_STYLE ('',( #6090 ) ) ;
#835 = SURFACE_STYLE_USAGE ( .BOTH. , #8819 ) ;
#836 = TOROIDAL_SURFACE ( 'NONE', #293, 13.97097042681812873, 1.000000000000000000 ) ;
#837 = EDGE_CURVE ( 'NONE', #3615, #4311, #6003, .T. ) ;
#838 = EDGE_CURVE ( 'NONE', #7117, #8961, #3578, .T. ) ;
#839 = CARTESIAN_POINT ( 'NONE',  ( 3.184081677783118585E-15, 13.44999999999999929, 26.00000000000000355 ) ) ;
#840 = FILL_AREA_STYLE_COLOUR ( '', #10968 ) ;
#841 = ORIENTED_EDGE ( 'NONE', *, *, #5253, .T. ) ;
#842 = DIRECTION ( 'NONE',  ( 0.000000000000000000, -1.000000000000000000, 0.000000000000000000 ) ) ;
#843 = SURFACE_SIDE_STYLE ('',( #785 ) ) ;
#844 = CARTESIAN_POINT ( 'NONE',  ( -21.74353352148638407, 13.44999999999999929, 21.74353352148629170 ) ) ;
#845 = CARTESIAN_POINT ( 'NONE',  ( 1.749999999999998224, 10.45155730935270100, -14.40396405925243428 ) ) ;
#846 = AXIS2_PLACEMENT_3D ( 'NONE', #8931, #9719, #5473 ) ;
#847 = CARTESIAN_POINT ( 'NONE',  ( 0.000000000000000000, 6.499999999999999112, 0.000000000000000000 ) ) ;
#848 = ORIENTED_EDGE ( 'NONE', *, *, #6980, .T. ) ;
#849 = CARTESIAN_POINT ( 'NONE',  ( 0.000000000000000000, 13.54999999999999893, 0.000000000000000000 ) ) ;
#850 = ORIENTED_EDGE ( 'NONE', *, *, #4537, .F. ) ;
#851 = CIRCLE ( 'NONE', #5977, 0.2500000000000002220 ) ;
#852 = COLOUR_RGB ( '',0.1529411764705882470, 0.4901960784313725283, 1.000000000000000000 ) ;
#853 = ADVANCED_FACE ( 'NONE', ( #9612 ), #36, .F. ) ;
#854 = EDGE_CURVE ( 'NONE', #5433, #7369, #8905, .T. ) ;
#855 = CARTESIAN_POINT ( 'NONE',  ( 0.000000000000000000, 10.49999999999999822, 0.000000000000000000 ) ) ;
#856 = CARTESIAN_POINT ( 'NONE',  ( -1.749999999999996447, 10.30978705923616090, 14.11124785010225757 ) ) ;
#857 = CARTESIAN_POINT ( 'NONE',  ( -11.12892169252481089, 6.499999999999999112, -8.446011877133338785 ) ) ;
#858 = ORIENTED_EDGE ( 'NONE', *, *, #10069, .T. ) ;
#859 = AXIS2_PLACEMENT_3D ( 'NONE', #4309, #11175, #3429 ) ;
#860 = CARTESIAN_POINT ( 'NONE',  ( -9.600069561505057081, -18.21991441758264685, 20.12780823672225239 ) ) ;
#861 = FILL_AREA_STYLE ('',( #6222 ) ) ;
#862 = ORIENTED_EDGE ( 'NONE', *, *, #8964, .T. ) ;
#863 = CARTESIAN_POINT ( 'NONE',  ( 10.87176676074319559, -13.25000000000000178, -10.87176676074314230 ) ) ;
#864 = B_SPLINE_CURVE_WITH_KNOTS ( 'NONE', 3,
 ( #10589, #7315, #458, #292 ),
 .UNSPECIFIED., .F., .F.,
 ( 4, 4 ),
 ( 0.0002657290228356844913, 0.007377075875908817998 ),
 .UNSPECIFIED. ) ;
#865 = PRESENTATION_LAYER_ASSIGNMENT (  '', '', ( #9416 ) ) ;
#866 = MECHANICAL_DESIGN_GEOMETRIC_PRESENTATION_REPRESENTATION (  '', ( #6147 ), #7433 ) ;
#867 = PRESENTATION_STYLE_ASSIGNMENT (( #7894 ) ) ;
#868 = FILL_AREA_STYLE ('',( #6063 ) ) ;
#869 = COLOUR_RGB ( '',0.1529411764705882470, 0.4901960784313725283, 1.000000000000000000 ) ;
#870 =( LENGTH_UNIT ( ) NAMED_UNIT ( * ) SI_UNIT ( .MILLI., .METRE. ) );
#871 = DIRECTION ( 'NONE',  ( 0.000000000000000000, 0.000000000000000000, -1.000000000000000000 ) ) ;
#872 = ORIENTED_EDGE ( 'NONE', *, *, #1033, .T. ) ;
#873 =( GEOMETRIC_REPRESENTATION_CONTEXT ( 3 ) GLOBAL_UNCERTAINTY_ASSIGNED_CONTEXT ( ( #7535 ) ) GLOBAL_UNIT_ASSIGNED_CONTEXT ( ( #6565, #3889, #4817 ) ) REPRESENTATION_CONTEXT ( 'NONE', 'WORKASPACE' ) );
#874 = EDGE_CURVE ( 'NONE', #10203, #10599, #7832, .T. ) ;
#875 = VERTEX_POINT ( 'NONE', #7864 ) ;
#876 = SURFACE_STYLE_USAGE ( .BOTH. , #759 ) ;
#877 = FILL_AREA_STYLE ('',( #5232 ) ) ;
#878 = CARTESIAN_POINT ( 'NONE',  ( 10.78429375639691656, 6.422318986420135545, -8.247040845439412848 ) ) ;
#879 = EDGE_LOOP ( 'NONE', ( #434, #9142, #1237, #8907 ) ) ;
#880 = ORIENTED_EDGE ( 'NONE', *, *, #4471, .F. ) ;
#881 = VERTEX_POINT ( 'NONE', #10458 ) ;
#882 = DIRECTION ( 'NONE',  ( -0.000000000000000000, 1.000000000000000000, -0.000000000000000000 ) ) ;
#883 = MECHANICAL_DESIGN_GEOMETRIC_PRESENTATION_REPRESENTATION (  '', ( #8528 ), #4724 ) ;
#884 = CARTESIAN_POINT ( 'NONE',  ( -6.000000000000001776, -0.2000000000000000944, 3.464101615137755275 ) ) ;
#885 = FACE_OUTER_BOUND ( 'NONE', #2464, .T. ) ;
#886 = DIRECTION ( 'NONE',  ( 5.329070518200751394E-15, 0.000000000000000000, -1.000000000000000000 ) ) ;
#887 = CARTESIAN_POINT ( 'NONE',  ( 21.56675682618977419, 13.54999999999999893, 21.56675682618962142 ) ) ;
#888 = DIRECTION ( 'NONE',  ( 0.000000000000000000, 0.000000000000000000, -1.000000000000000000 ) ) ;
#889 = UNCERTAINTY_MEASURE_WITH_UNIT (LENGTH_MEASURE( 1.000000000000000082E-05 ), #3987, 'distance_accuracy_value', 'NONE');
#890 = FACE_OUTER_BOUND ( 'NONE', #10023, .T. ) ;
#891 = AXIS2_PLACEMENT_3D ( 'NONE', #9483, #11179, #5962 ) ;
#892 = ORIENTED_EDGE ( 'NONE', *, *, #3464, .T. ) ;
#893 = CARTESIAN_POINT ( 'NONE',  ( 0.000000000000000000, 0.2178369010166492092, 0.000000000000000000 ) ) ;
#894 = EDGE_CURVE ( 'NONE', #10971, #6512, #3517, .T. ) ;
#895 = DIRECTION ( 'NONE',  ( 0.000000000000000000, 0.000000000000000000, -1.000000000000000000 ) ) ;
#896 = FILL_AREA_STYLE ('',( #5361 ) ) ;
#897 = AXIS2_PLACEMENT_3D ( 'NONE', #5293, #8158, #8746 ) ;
#898 = DIRECTION ( 'NONE',  ( 0.000000000000000000, 0.000000000000000000, -1.000000000000000000 ) ) ;
#899 = VERTEX_POINT ( 'NONE', #903 ) ;
#900 = DIRECTION ( 'NONE',  ( 0.000000000000000000, 0.000000000000000000, -1.000000000000000000 ) ) ;
#901 = DIRECTION ( 'NONE',  ( 0.000000000000000000, 0.000000000000000000, -1.000000000000000000 ) ) ;
#902 = FILL_AREA_STYLE ('',( #8654 ) ) ;
#903 = CARTESIAN_POINT ( 'NONE',  ( 8.657691839212792684E-16, -0.2000000000000000944, 6.928203230275513214 ) ) ;
#904 = DIRECTION ( 'NONE',  ( 0.000000000000000000, 0.000000000000000000, 1.000000000000000000 ) ) ;
#905 = UNCERTAINTY_MEASURE_WITH_UNIT (LENGTH_MEASURE( 1.000000000000000082E-05 ), #9929, 'distance_accuracy_value', 'NONE');
#906 = CARTESIAN_POINT ( 'NONE',  ( 18.37780823672227726, 6.499999999999999112, -12.63115847475055986 ) ) ;
#907 = EDGE_CURVE ( 'NONE', #3256, #8377, #7277, .T. ) ;
#908 = EDGE_CURVE ( 'NONE', #10795, #10262, #6925, .T. ) ;
#909 = SURFACE_SIDE_STYLE ('',( #8712 ) ) ;
#910 = ORIENTED_EDGE ( 'NONE', *, *, #7195, .T. ) ;
#911 = AXIS2_PLACEMENT_3D ( 'NONE', #5370, #3631, #6416 ) ;
#912 = DIRECTION ( 'NONE',  ( -0.000000000000000000, 1.000000000000000000, -0.000000000000000000 ) ) ;
#913 = ORIENTED_EDGE ( 'NONE', *, *, #6069, .T. ) ;
#914 = AXIS2_PLACEMENT_3D ( 'NONE', #9837, #1891, #2044 ) ;
#915 =( LENGTH_UNIT ( ) NAMED_UNIT ( * ) SI_UNIT ( .MILLI., .METRE. ) );
#916 = DIRECTION ( 'NONE',  ( 0.000000000000000000, -1.000000000000000000, 0.000000000000000000 ) ) ;
#917 = CARTESIAN_POINT ( 'NONE',  ( 22.80419369326621393, -13.25000000000000178, -22.80419369326610379 ) ) ;
#918 = PRESENTATION_STYLE_ASSIGNMENT (( #10412 ) ) ;
#919 = EDGE_LOOP ( 'NONE', ( #6543, #6831, #10449, #5958, #1763, #10634, #11198, #5139, #10107, #8742, #7168 ) ) ;
#920 =( GEOMETRIC_REPRESENTATION_CONTEXT ( 3 ) GLOBAL_UNCERTAINTY_ASSIGNED_CONTEXT ( ( #5702 ) ) GLOBAL_UNIT_ASSIGNED_CONTEXT ( ( #212, #8735, #8496 ) ) REPRESENTATION_CONTEXT ( 'NONE', 'WORKASPACE' ) );
#921 = EDGE_CURVE ( 'NONE', #1467, #8688, #9502, .T. ) ;
#922 = FACE_OUTER_BOUND ( 'NONE', #6368, .T. ) ;
#923 = ADVANCED_FACE ( 'NONE', ( #6313 ), #1247, .F. ) ;
#924 = CARTESIAN_POINT ( 'NONE',  ( 12.52036381986505909, 10.49999999999844924, -18.18590626525338294 ) ) ;
#925 = PRESENTATION_STYLE_ASSIGNMENT (( #8726 ) ) ;
#926 = VERTEX_POINT ( 'NONE', #1928 ) ;
#927 = DIRECTION ( 'NONE',  ( 0.000000000000000000, 0.000000000000000000, -1.000000000000000000 ) ) ;
#928 = SURFACE_STYLE_FILL_AREA ( #11275 ) ;
#929 =( GEOMETRIC_REPRESENTATION_CONTEXT ( 3 ) GLOBAL_UNCERTAINTY_ASSIGNED_CONTEXT ( ( #4565 ) ) GLOBAL_UNIT_ASSIGNED_CONTEXT ( ( #9303, #1519, #8287 ) ) REPRESENTATION_CONTEXT ( 'NONE', 'WORKASPACE' ) );
#930 = MECHANICAL_DESIGN_GEOMETRIC_PRESENTATION_REPRESENTATION (  '', ( #10574 ), #4403 ) ;
#931 = VECTOR ( 'NONE', #3385, 1000.000000000000000 ) ;
#932 = FILL_AREA_STYLE_COLOUR ( '', #4530 ) ;
#933 =( LENGTH_UNIT ( ) NAMED_UNIT ( * ) SI_UNIT ( .MILLI., .METRE. ) );
#934 = AXIS2_PLACEMENT_3D ( 'NONE', #4285, #8827, #904 ) ;
#935 =( NAMED_UNIT ( * ) PLANE_ANGLE_UNIT ( ) SI_UNIT ( $, .RADIAN. ) );
#936 = CARTESIAN_POINT ( 'NONE',  ( 6.490184657350950737, 4.345517802399426976, 7.741329577035842568 ) ) ;
#937 = ORIENTED_EDGE ( 'NONE', *, *, #2894, .F. ) ;
#938 = MECHANICAL_DESIGN_GEOMETRIC_PRESENTATION_REPRESENTATION (  '', ( #6579 ), #3842 ) ;
#939 = B_SPLINE_CURVE_WITH_KNOTS ( 'NONE', 3,
 ( #1919, #3851, #10777, #8023, #9710, #2970 ),
 .UNSPECIFIED., .F., .F.,
 ( 4, 2, 4 ),
 ( 0.000000000000000000, 0.0002346920004465203658, 0.0004693840008930407317 ),
 .UNSPECIFIED. ) ;
#940 = EDGE_LOOP ( 'NONE', ( #4839, #7185, #8716, #5582 ) ) ;
#941 =( LENGTH_UNIT ( ) NAMED_UNIT ( * ) SI_UNIT ( .MILLI., .METRE. ) );
#942 = FACE_OUTER_BOUND ( 'NONE', #5957, .T. ) ;
#943 = CIRCLE ( 'NONE', #9123, 22.30000000000000071 ) ;
#944 = ORIENTED_EDGE ( 'NONE', *, *, #6318, .F. ) ;
#945 = CARTESIAN_POINT ( 'NONE',  ( -21.92031021678301883, 13.44999999999999929, 21.92031021678292646 ) ) ;
#946 = VECTOR ( 'NONE', #9144, 999.9999999999998863 ) ;
#947 = DIRECTION ( 'NONE',  ( -0.000000000000000000, -1.000000000000000000, -0.000000000000000000 ) ) ;
#948 = CARTESIAN_POINT ( 'NONE',  ( 22.23122803625593491, 0.000000000000000000, 1.749999999999587885 ) ) ;
#949 = DIRECTION ( 'NONE',  ( 0.000000000000000000, 0.000000000000000000, 1.000000000000000000 ) ) ;
#950 = DIRECTION ( 'NONE',  ( 0.000000000000000000, -1.000000000000000000, 0.000000000000000000 ) ) ;
#951 = ORIENTED_EDGE ( 'NONE', *, *, #2304, .F. ) ;
#952 = CARTESIAN_POINT ( 'NONE',  ( 8.885271119822803598, 0.08184789799993479054, -1.750000000000409672 ) ) ;
#953 = AXIS2_PLACEMENT_3D ( 'NONE', #2253, #600, #11109 ) ;
#954 = AXIS2_PLACEMENT_3D ( 'NONE', #4113, #7421, #10801 ) ;
#955 = STYLED_ITEM ( 'NONE', ( #2347 ), #2353 ) ;
#956 = ORIENTED_EDGE ( 'NONE', *, *, #5316, .F. ) ;
#957 = EDGE_CURVE ( 'NONE', #9658, #6177, #375, .T. ) ;
#958 = CARTESIAN_POINT ( 'NONE',  ( 1.749999999999998668, 4.112988510714960633, -11.68254831792069304 ) ) ;
#959 = CARTESIAN_POINT ( 'NONE',  ( 5.254733811982637448, 6.451575245584150409, -12.60146594260398167 ) ) ;
#960 = CARTESIAN_POINT ( 'NONE',  ( 0.000000000000000000, 10.49999999999999822, 0.000000000000000000 ) ) ;
#961 = DIRECTION ( 'NONE',  ( 0.000000000000000000, 0.000000000000000000, -1.000000000000000000 ) ) ;
#962 = CARTESIAN_POINT ( 'NONE',  ( 8.657691839212792684E-16, -0.2000000000000000944, 6.928203230275513214 ) ) ;
#963 = AXIS2_PLACEMENT_3D ( 'NONE', #8880, #1873, #10562 ) ;
#964 = MECHANICAL_DESIGN_GEOMETRIC_PRESENTATION_REPRESENTATION (  '', ( #2933 ), #4802 ) ;
#965 = ORIENTED_EDGE ( 'NONE', *, *, #8310, .T. ) ;
#966 = COLOUR_RGB ( '',0.1529411764705882470, 0.4901960784313725283, 1.000000000000000000 ) ;
#967 = VERTEX_POINT ( 'NONE', #2917 ) ;
#968 = EDGE_CURVE ( 'NONE', #3582, #926, #5831, .T. ) ;
#969 = ADVANCED_FACE ( 'NONE', ( #10670 ), #3800, .T. ) ;
#970 = STYLED_ITEM ( 'NONE', ( #374 ), #3463 ) ;
#971 = CARTESIAN_POINT ( 'NONE',  ( -5.430653625469902934, 10.06432619796679440, -12.90616799762234912 ) ) ;
#972 = CIRCLE ( 'NONE', #7356, 0.2499999999999967526 ) ;
#973 = CARTESIAN_POINT ( 'NONE',  ( 0.000000000000000000, 10.80000000000000071, 0.000000000000000000 ) ) ;
#974 = DIRECTION ( 'NONE',  ( 0.000000000000000000, 1.000000000000000000, 0.000000000000000000 ) ) ;
#975 = ORIENTED_EDGE ( 'NONE', *, *, #7460, .T. ) ;
#976 = VECTOR ( 'NONE', #10596, 1000.000000000000000 ) ;
#977 = FACE_OUTER_BOUND ( 'NONE', #5234, .T. ) ;
#978 = CARTESIAN_POINT ( 'NONE',  ( 13.02841234388535696, 6.064326197966698473, 1.749999999999589662 ) ) ;
#979 = FACE_OUTER_BOUND ( 'NONE', #6460, .T. ) ;
#980 = ORIENTED_EDGE ( 'NONE', *, *, #251, .F. ) ;
#981 = LINE ( 'NONE', #9578, #8686 ) ;
#982 = CIRCLE ( 'NONE', #627, 31.00000000000000000 ) ;
#983 = CARTESIAN_POINT ( 'NONE',  ( 3.184081677783118585E-15, -12.50000000000000000, -26.00000000000000355 ) ) ;
#984 = VECTOR ( 'NONE', #9610, 1000.000000000000000 ) ;
#985 = EDGE_CURVE ( 'NONE', #7761, #11034, #5306, .T. ) ;
#986 = CARTESIAN_POINT ( 'NONE',  ( 0.000000000000000000, 1.499999999999999556, 0.000000000000000000 ) ) ;
#987 = AXIS2_PLACEMENT_3D ( 'NONE', #5135, #8590, #10956 ) ;
#988 =( NAMED_UNIT ( * ) PLANE_ANGLE_UNIT ( ) SI_UNIT ( $, .RADIAN. ) );
#989 = FILL_AREA_STYLE ('',( #3423 ) ) ;
#990 = DIRECTION ( 'NONE',  ( -0.000000000000000000, 1.000000000000000000, -0.000000000000000000 ) ) ;
#991 = EDGE_LOOP ( 'NONE', ( #7677, #4117, #7094, #2321 ) ) ;
#992 = ORIENTED_EDGE ( 'NONE', *, *, #5177, .F. ) ;
#993 = CARTESIAN_POINT ( 'NONE',  ( 0.000000000000000000, 6.064326197966698473, 0.000000000000000000 ) ) ;
#994 = AXIS2_PLACEMENT_3D ( 'NONE', #2874, #8140, #7360 ) ;
#995 = B_SPLINE_CURVE_WITH_KNOTS ( 'NONE', 3,
 ( #10028, #1408, #3907, #7390, #10881, #602, #2363, #10828 ),
 .UNSPECIFIED., .F., .F.,
 ( 4, 2, 2, 4 ),
 ( 0.000000000000000000, 0.0002427981594783673494, 0.0004855963189567346987, 0.0009711926379134717827 ),
 .UNSPECIFIED. ) ;
#996 = EDGE_LOOP ( 'NONE', ( #3532, #6127, #4859, #2905, #6995, #191 ) ) ;
#997 = EDGE_CURVE ( 'NONE', #5273, #9127, #6314, .T. ) ;
#998 = DIRECTION ( 'NONE',  ( -0.000000000000000000, -1.000000000000000000, -0.000000000000000000 ) ) ;
#999 = CARTESIAN_POINT ( 'NONE',  ( -7.766550857632493532, 1.499999999999668265, -2.463294286165515601 ) ) ;
#1000 = DIRECTION ( 'NONE',  ( 0.000000000000000000, 1.000000000000000000, 0.000000000000000000 ) ) ;
#1001 = CARTESIAN_POINT ( 'NONE',  ( -9.242385895282458463, 4.112992312804593986, -7.356819926759573747 ) ) ;
#1002 = CARTESIAN_POINT ( 'NONE',  ( 1.750000000000005995, 0.000000000000000000, 22.23122803625566846 ) ) ;
#1003 = ORIENTED_EDGE ( 'NONE', *, *, #9389, .T. ) ;
#1004 = SURFACE_SIDE_STYLE ('',( #6357 ) ) ;
#1005 = FACE_OUTER_BOUND ( 'NONE', #120, .T. ) ;
#1006 = ORIENTED_EDGE ( 'NONE', *, *, #6132, .F. ) ;
#1007 = DIRECTION ( 'NONE',  ( -0.5000000000000004441, -0.000000000000000000, -0.8660254037844384856 ) ) ;
#1008 = CIRCLE ( 'NONE', #461, 22.30000000000000071 ) ;
#1009 = VERTEX_POINT ( 'NONE', #6255 ) ;
#1010 = CARTESIAN_POINT ( 'NONE',  ( -22.23122803625525634, 10.49999999999999822, 1.750000000000273115 ) ) ;
#1011 = CARTESIAN_POINT ( 'NONE',  ( 1.750000000000002442, 2.163027311058099311, 10.33467461825912892 ) ) ;
#1012 = CARTESIAN_POINT ( 'NONE',  ( 0.000000000000000000, -18.21991441758264685, 0.000000000000000000 ) ) ;
#1013 = CARTESIAN_POINT ( 'NONE',  ( 1.749999999999998890, 0.2178369010166498754, -8.979978445623139294 ) ) ;
#1014 = UNCERTAINTY_MEASURE_WITH_UNIT (LENGTH_MEASURE( 1.000000000000000082E-05 ), #8717, 'distance_accuracy_value', 'NONE');
#1015 = ORIENTED_EDGE ( 'NONE', *, *, #7498, .T. ) ;
#1016 = VECTOR ( 'NONE', #5431, 1000.000000000000000 ) ;
#1017 = ORIENTED_EDGE ( 'NONE', *, *, #9877, .F. ) ;
#1018 = EDGE_CURVE ( 'NONE', #7276, #1741, #1976, .T. ) ;
#1019 = SURFACE_STYLE_USAGE ( .BOTH. , #8611 ) ;
#1020 = VERTEX_POINT ( 'NONE', #10726 ) ;
#1021 = VERTEX_POINT ( 'NONE', #5470 ) ;
#1022 =( GEOMETRIC_REPRESENTATION_CONTEXT ( 3 ) GLOBAL_UNCERTAINTY_ASSIGNED_CONTEXT ( ( #7632 ) ) GLOBAL_UNIT_ASSIGNED_CONTEXT ( ( #2504, #9615, #6855 ) ) REPRESENTATION_CONTEXT ( 'NONE', 'WORKASPACE' ) );
#1023 = FILL_AREA_STYLE_COLOUR ( '', #181 ) ;
#1024 = CARTESIAN_POINT ( 'NONE',  ( 22.62741699796960404, 13.44999999999999929, 22.62741699796943706 ) ) ;
#1025 = CARTESIAN_POINT ( 'NONE',  ( -1.749999999999996669, 10.06432619796669847, 13.89239616418560352 ) ) ;
#1026 = EDGE_LOOP ( 'NONE', ( #4977, #7966 ) ) ;
#1027 = CARTESIAN_POINT ( 'NONE',  ( 9.600069561505089055, 10.80000000000000071, -20.12780823672223818 ) ) ;
#1028 = CARTESIAN_POINT ( 'NONE',  ( 21.92031021678289804, -13.25000000000000178, 21.92031021678305081 ) ) ;
#1029 = DIRECTION ( 'NONE',  ( 0.000000000000000000, 0.000000000000000000, 1.000000000000000000 ) ) ;
#1030 = CARTESIAN_POINT ( 'NONE',  ( 0.000000000000000000, 10.49999999999999822, 0.000000000000000000 ) ) ;
#1031 = ORIENTED_EDGE ( 'NONE', *, *, #8035, .T. ) ;
#1032 = PRESENTATION_LAYER_ASSIGNMENT (  '', '', ( #5247 ) ) ;
#1033 = EDGE_CURVE ( 'NONE', #7117, #4539, #8025, .T. ) ;
#1034 = PRESENTATION_STYLE_ASSIGNMENT (( #10586 ) ) ;
#1035 =( GEOMETRIC_REPRESENTATION_CONTEXT ( 3 ) GLOBAL_UNCERTAINTY_ASSIGNED_CONTEXT ( ( #4129 ) ) GLOBAL_UNIT_ASSIGNED_CONTEXT ( ( #5005, #9411, #11051 ) ) REPRESENTATION_CONTEXT ( 'NONE', 'WORKASPACE' ) );
#1036 = CYLINDRICAL_SURFACE ( 'NONE', #6794, 30.50000000000000000 ) ;
#1037 = VERTEX_POINT ( 'NONE', #8881 ) ;
#1038 =( NAMED_UNIT ( * ) SI_UNIT ( $, .STERADIAN. ) SOLID_ANGLE_UNIT ( ) );
#1039 = CIRCLE ( 'NONE', #8511, 8.147829831584077809 ) ;
#1040 = CYLINDRICAL_SURFACE ( 'NONE', #2396, 0.2500000000000002220 ) ;
#1041 = LINE ( 'NONE', #6509, #9493 ) ;
#1042 = PRESENTATION_STYLE_ASSIGNMENT (( #6232 ) ) ;
#1043 = ORIENTED_EDGE ( 'NONE', *, *, #2486, .F. ) ;
#1044 = EDGE_CURVE ( 'NONE', #3075, #3939, #9098, .T. ) ;
#1045 = EDGE_CURVE ( 'NONE', #9559, #9553, #2090, .T. ) ;
#1046 = ORIENTED_EDGE ( 'NONE', *, *, #5948, .T. ) ;
#1047 = CARTESIAN_POINT ( 'NONE',  ( -2.763985268843798693, 0.000000000000000000, -8.287362917009600594 ) ) ;
#1048 = VECTOR ( 'NONE', #4289, 1000.000000000000000 ) ;
#1049 = ORIENTED_EDGE ( 'NONE', *, *, #4728, .F. ) ;
#1050 = CARTESIAN_POINT ( 'NONE',  ( -8.717526486248997841, 10.45155730935271166, 11.59919879051067149 ) ) ;
#1051 = AXIS2_PLACEMENT_3D ( 'NONE', #7831, #2626, #2790 ) ;
#1052 = DIRECTION ( 'NONE',  ( 0.000000000000000000, -1.000000000000000000, 0.000000000000000000 ) ) ;
#1053 = VECTOR ( 'NONE', #5943, 1000.000000000000000 ) ;
#1054 = PRESENTATION_LAYER_ASSIGNMENT (  '', '', ( #2317 ) ) ;
#1055 = CARTESIAN_POINT ( 'NONE',  ( 0.000000000000000000, 6.499999999999999112, 0.000000000000000000 ) ) ;
#1056 = LINE ( 'NONE', #7058, #5009 ) ;
#1057 = ORIENTED_EDGE ( 'NONE', *, *, #4378, .F. ) ;
#1058 = SURFACE_STYLE_USAGE ( .BOTH. , #3566 ) ;
#1059 = CARTESIAN_POINT ( 'NONE',  ( -12.61479958133291923, 10.64307090431699088, 18.34947380216723545 ) ) ;
#1060 = EDGE_CURVE ( 'NONE', #4240, #10795, #10954, .T. ) ;
#1061 = DIRECTION ( 'NONE',  ( 0.000000000000000000, 0.000000000000000000, 1.000000000000000000 ) ) ;
#1062 = ADVANCED_FACE ( 'NONE', ( #9266 ), #3263, .F. ) ;
#1063 = LINE ( 'NONE', #11190, #931 ) ;
#1064 = CARTESIAN_POINT ( 'NONE',  ( -12.35039152416014829, 6.300111172951810445, 5.109775928907452247 ) ) ;
#1065 = CARTESIAN_POINT ( 'NONE',  ( 12.63115847475062026, -18.21991441758264685, -18.37780823672223462 ) ) ;
#1066 = CARTESIAN_POINT ( 'NONE',  ( 0.000000000000000000, 13.54999999999999893, 0.000000000000000000 ) ) ;
#1067 = ORIENTED_EDGE ( 'NONE', *, *, #2444, .F. ) ;
#1068 = LINE ( 'NONE', #7862, #2443 ) ;
#1069 = CARTESIAN_POINT ( 'NONE',  ( 12.15793606078344347, 6.064326197966699361, -4.998661715319855148 ) ) ;
#1070 = CARTESIAN_POINT ( 'NONE',  ( 0.000000000000000000, 13.44999999999999929, 0.000000000000000000 ) ) ;
#1071 = B_SPLINE_CURVE_WITH_KNOTS ( 'NONE', 3,
 ( #8966, #2072, #256, #7280 ),
 .UNSPECIFIED., .F., .F.,
 ( 4, 4 ),
 ( 0.01388705713035125362, 0.02430667705227550560 ),
 .UNSPECIFIED. ) ;
#1072 = SURFACE_STYLE_FILL_AREA ( #8884 ) ;
#1073 =( NAMED_UNIT ( * ) SI_UNIT ( $, .STERADIAN. ) SOLID_ANGLE_UNIT ( ) );
#1074 = PRESENTATION_LAYER_ASSIGNMENT (  '', '', ( #6918 ) ) ;
#1075 = ORIENTED_EDGE ( 'NONE', *, *, #9811, .T. ) ;
#1076 = ORIENTED_EDGE ( 'NONE', *, *, #2213, .F. ) ;
#1077 = CARTESIAN_POINT ( 'NONE',  ( -22.23122803625568622, 10.72064156802581891, -1.749999999999760858 ) ) ;
#1078 = DIRECTION ( 'NONE',  ( -0.000000000000000000, 1.000000000000000000, -0.000000000000000000 ) ) ;
#1079 = CARTESIAN_POINT ( 'NONE',  ( -8.285822725228017660, 6.451575245584150409, -10.85146594260409181 ) ) ;
#1080 = EDGE_CURVE ( 'NONE', #6829, #7736, #1370, .T. ) ;
#1081 = EDGE_LOOP ( 'NONE', ( #1788, #6067, #3239, #9873 ) ) ;
#1082 = CIRCLE ( 'NONE', #4008, 30.50000000000000000 ) ;
#1083 = CARTESIAN_POINT ( 'NONE',  ( -1.749999999999997113, 4.112988510714960633, 11.68254831792069304 ) ) ;
#1084 = FILL_AREA_STYLE_COLOUR ( '', #4610 ) ;
#1085 = FILL_AREA_STYLE_COLOUR ( '', #664 ) ;
#1086 = FACE_OUTER_BOUND ( 'NONE', #7503, .T. ) ;
#1087 = ORIENTED_EDGE ( 'NONE', *, *, #4566, .F. ) ;
#1088 = VECTOR ( 'NONE', #3931, 1000.000000000000000 ) ;
#1089 = FACE_OUTER_BOUND ( 'NONE', #1284, .T. ) ;
#1090 = CARTESIAN_POINT ( 'NONE',  ( 5.999999999999997335, -0.2000000000000000944, -3.464101615137753498 ) ) ;
#1091 = DIRECTION ( 'NONE',  ( 0.000000000000000000, -1.000000000000000000, 0.000000000000000000 ) ) ;
#1092 = CIRCLE ( 'NONE', #7473, 0.2500000000000002220 ) ;
#1093 = ADVANCED_FACE ( 'NONE', ( #6662 ), #1476, .T. ) ;
#1094 = SURFACE_STYLE_FILL_AREA ( #9635 ) ;
#1095 = CARTESIAN_POINT ( 'NONE',  ( 3.651799020035261911, 2.163045022804031881, 9.825101441731296958 ) ) ;
#1096 = LINE ( 'NONE', #9070, #1533 ) ;
#1097 = ORIENTED_EDGE ( 'NONE', *, *, #10209, .F. ) ;
#1098 = MECHANICAL_DESIGN_GEOMETRIC_PRESENTATION_REPRESENTATION (  '', ( #10545 ), #2390 ) ;
#1099 = PRESENTATION_STYLE_ASSIGNMENT (( #3724 ) ) ;
#1100 = ORIENTED_EDGE ( 'NONE', *, *, #9025, .F. ) ;
#1101 = B_SPLINE_CURVE_WITH_KNOTS ( 'NONE', 3,
 ( #1213, #343, #4698, #7317, #3942, #5438 ),
 .UNSPECIFIED., .F., .F.,
 ( 4, 2, 4 ),
 ( 0.000000000000000000, 0.0002346920004465197153, 0.0004693840008930394306 ),
 .UNSPECIFIED. ) ;
#1102 = EDGE_LOOP ( 'NONE', ( #6093, #2142, #6490, #1166 ) ) ;
#1103 = VERTEX_POINT ( 'NONE', #10101 ) ;
#1104 = STYLED_ITEM ( 'NONE', ( #4023 ), #1249 ) ;
#1105 = CARTESIAN_POINT ( 'NONE',  ( -8.877596942701904581, 10.49999999999999822, 11.87644895387784416 ) ) ;
#1106 = EDGE_CURVE ( 'NONE', #3916, #1532, #3648, .T. ) ;
#1107 = EDGE_CURVE ( 'NONE', #3526, #41, #10045, .T. ) ;
#1108 = CARTESIAN_POINT ( 'NONE',  ( 1.749999999999999112, 1.499999999999999556, -7.957677485576517995 ) ) ;
#1109 = AXIS2_PLACEMENT_3D ( 'NONE', #8366, #7520, #626 ) ;
#1110 = DIRECTION ( 'NONE',  ( -0.000000000000000000, 1.000000000000000000, -0.000000000000000000 ) ) ;
#1111 = MECHANICAL_DESIGN_GEOMETRIC_PRESENTATION_REPRESENTATION (  '', ( #9825 ), #11104 ) ;
#1112 = DIRECTION ( 'NONE',  ( -0.000000000000000000, 1.000000000000000000, -0.000000000000000000 ) ) ;
#1113 = DIRECTION ( 'NONE',  ( 0.000000000000000000, 0.000000000000000000, -1.000000000000000000 ) ) ;
#1114 = CARTESIAN_POINT ( 'NONE',  ( 0.000000000000000000, -13.25000000000000178, 0.000000000000000000 ) ) ;
#1115 = VERTEX_POINT ( 'NONE', #8421 ) ;
#1116 = CARTESIAN_POINT ( 'NONE',  ( 0.000000000000000000, 10.80000000000000071, 0.000000000000000000 ) ) ;
#1117 = SURFACE_STYLE_FILL_AREA ( #2813 ) ;
#1118 = PRESENTATION_LAYER_ASSIGNMENT (  '', '', ( #7135 ) ) ;
#1119 = CARTESIAN_POINT ( 'NONE',  ( 22.23122803625570398, 10.72064156802581536, 1.749999999999569233 ) ) ;
#1120 = DIRECTION ( 'NONE',  ( -0.000000000000000000, 1.000000000000000000, -0.000000000000000000 ) ) ;
#1121 = AXIS2_PLACEMENT_3D ( 'NONE', #3217, #9381, #2329 ) ;
#1122 = EDGE_LOOP ( 'NONE', ( #2247, #858, #711, #4272, #2191, #9183, #8094, #831, #2648, #1207, #161 ) ) ;
#1123 = AXIS2_PLACEMENT_3D ( 'NONE', #4046, #8191, #7459 ) ;
#1124 = CARTESIAN_POINT ( 'NONE',  ( -8.795503180357172823, 10.49999999999999645, -11.73425838651264108 ) ) ;
#1125 = VERTEX_POINT ( 'NONE', #5755 ) ;
#1126 = CARTESIAN_POINT ( 'NONE',  ( -6.000000000000001776, -0.2000000000000000944, -3.464101615137754386 ) ) ;
#1127 = ADVANCED_FACE ( 'NONE', ( #4100, #3212 ), #9318, .T. ) ;
#1128 = DIRECTION ( 'NONE',  ( -0.000000000000000000, 1.000000000000000000, -0.000000000000000000 ) ) ;
#1129 = ADVANCED_FACE ( 'NONE', ( #885 ), #10708, .T. ) ;
#1130 = VECTOR ( 'NONE', #6836, 1000.000000000000000 ) ;
#1131 = SURFACE_SIDE_STYLE ('',( #9095 ) ) ;
#1132 = UNCERTAINTY_MEASURE_WITH_UNIT (LENGTH_MEASURE( 1.000000000000000082E-05 ), #3539, 'distance_accuracy_value', 'NONE');
#1133 = VECTOR ( 'NONE', #4409, 1000.000000000000000 ) ;
#1134 = AXIS2_PLACEMENT_3D ( 'NONE', #10550, #6748, #9178 ) ;
#1135 = FACE_OUTER_BOUND ( 'NONE', #1252, .T. ) ;
#1136 = CARTESIAN_POINT ( 'NONE',  ( 9.600069561505089055, 0.000000000000000000, -20.12780823672223818 ) ) ;
#1137 = SURFACE_STYLE_FILL_AREA ( #3804 ) ;
#1138 =( GEOMETRIC_REPRESENTATION_CONTEXT ( 3 ) GLOBAL_UNCERTAINTY_ASSIGNED_CONTEXT ( ( #790 ) ) GLOBAL_UNIT_ASSIGNED_CONTEXT ( ( #9011, #404, #178 ) ) REPRESENTATION_CONTEXT ( 'NONE', 'WORKASPACE' ) );
#1139 = VERTEX_POINT ( 'NONE', #3324 ) ;
#1140 = AXIS2_PLACEMENT_3D ( 'NONE', #4637, #7423, #9282 ) ;
#1141 = VERTEX_POINT ( 'NONE', #6018 ) ;
#1142 = CARTESIAN_POINT ( 'NONE',  ( 0.000000000000000000, 13.54999999999999893, 0.000000000000000000 ) ) ;
#1143 = CARTESIAN_POINT ( 'NONE',  ( 0.000000000000000000, 13.44999999999999929, 0.000000000000000000 ) ) ;
#1144 = ADVANCED_FACE ( 'NONE', ( #716 ), #10179, .T. ) ;
#1145 = ORIENTED_EDGE ( 'NONE', *, *, #3252, .T. ) ;
#1146 = COLOUR_RGB ( '',0.1529411764705882470, 0.4901960784313725283, 1.000000000000000000 ) ;
#1147 = DIRECTION ( 'NONE',  ( -0.000000000000000000, 1.000000000000000000, -0.000000000000000000 ) ) ;
#1148 = CARTESIAN_POINT ( 'NONE',  ( 0.000000000000000000, 13.54999999999999893, -32.50000000000000000 ) ) ;
#1149 = CARTESIAN_POINT ( 'NONE',  ( 20.12780823672226660, 6.499999999999999112, -9.600069561505019777 ) ) ;
#1150 = MECHANICAL_DESIGN_GEOMETRIC_PRESENTATION_REPRESENTATION (  '', ( #7351 ), #8793 ) ;
#1151 = VERTEX_POINT ( 'NONE', #7741 ) ;
#1152 = CARTESIAN_POINT ( 'NONE',  ( -5.846508029456201072, 10.49999999999999822, -13.62644895387791344 ) ) ;
#1153 = DIRECTION ( 'NONE',  ( -0.000000000000000000, 1.000000000000000000, -0.000000000000000000 ) ) ;
#1154 = STYLED_ITEM ( 'NONE', ( #8862 ), #3632 ) ;
#1155 = CIRCLE ( 'NONE', #7172, 22.30000000000000071 ) ;
#1156 = FACE_OUTER_BOUND ( 'NONE', #10780, .T. ) ;
#1157 = DIRECTION ( 'NONE',  ( 0.000000000000000000, 0.000000000000000000, 1.000000000000000000 ) ) ;
#1158 = MECHANICAL_DESIGN_GEOMETRIC_PRESENTATION_REPRESENTATION (  '', ( #9348 ), #6828 ) ;
#1159 = SURFACE_STYLE_FILL_AREA ( #7322 ) ;
#1160 = FILL_AREA_STYLE ('',( #351 ) ) ;
#1161 = AXIS2_PLACEMENT_3D ( 'NONE', #3417, #1775, #4411 ) ;
#1162 = ORIENTED_EDGE ( 'NONE', *, *, #3755, .F. ) ;
#1163 = EDGE_CURVE ( 'NONE', #5146, #9459, #3559, .T. ) ;
#1164 = DIRECTION ( 'NONE',  ( -0.000000000000000000, 1.000000000000000000, -0.000000000000000000 ) ) ;
#1165 = VERTEX_POINT ( 'NONE', #2806 ) ;
#1166 = ORIENTED_EDGE ( 'NONE', *, *, #6628, .T. ) ;
#1167 = ORIENTED_EDGE ( 'NONE', *, *, #8444, .T. ) ;
#1168 = CARTESIAN_POINT ( 'NONE',  ( -22.23122803625525634, 0.000000000000000000, -1.749999999999727329 ) ) ;
#1169 = CARTESIAN_POINT ( 'NONE',  ( -12.90616799762222300, 10.06432619796669847, -5.430653625470035273 ) ) ;
#1170 = CYLINDRICAL_SURFACE ( 'NONE', #5166, 32.00000000000000000 ) ;
#1171 = FILL_AREA_STYLE ('',( #8119 ) ) ;
#1172 = DIRECTION ( 'NONE',  ( -0.000000000000000000, 1.000000000000000000, -0.000000000000000000 ) ) ;
#1173 = ORIENTED_EDGE ( 'NONE', *, *, #7562, .T. ) ;
#1174 =( GEOMETRIC_REPRESENTATION_CONTEXT ( 3 ) GLOBAL_UNCERTAINTY_ASSIGNED_CONTEXT ( ( #1492 ) ) GLOBAL_UNIT_ASSIGNED_CONTEXT ( ( #3039, #2718, #6538 ) ) REPRESENTATION_CONTEXT ( 'NONE', 'WORKASPACE' ) );
#1175 = DIRECTION ( 'NONE',  ( -0.000000000000000000, 1.000000000000000000, -0.000000000000000000 ) ) ;
#1176 = ADVANCED_FACE ( 'NONE', ( #5568, #7171, #3673, #2743, #2858, #2900 ), #1963, .T. ) ;
#1177 =( NAMED_UNIT ( * ) PLANE_ANGLE_UNIT ( ) SI_UNIT ( $, .RADIAN. ) );
#1178 = EDGE_CURVE ( 'NONE', #3613, #9595, #9435, .T. ) ;
#1179 = EDGE_LOOP ( 'NONE', ( #850, #9724, #3231, #1271 ) ) ;
#1180 = SURFACE_SIDE_STYLE ('',( #4668 ) ) ;
#1181 = ORIENTED_EDGE ( 'NONE', *, *, #6069, .F. ) ;
#1182 = FILL_AREA_STYLE ('',( #3856 ) ) ;
#1183 = MECHANICAL_DESIGN_GEOMETRIC_PRESENTATION_REPRESENTATION (  '', ( #2277 ), #7921 ) ;
#1184 = SURFACE_SIDE_STYLE ('',( #2025 ) ) ;
#1185 = DIRECTION ( 'NONE',  ( -0.000000000000000000, -1.000000000000000000, -0.000000000000000000 ) ) ;
#1186 = FILL_AREA_STYLE ('',( #6476 ) ) ;
#1187 =( NAMED_UNIT ( * ) SI_UNIT ( $, .STERADIAN. ) SOLID_ANGLE_UNIT ( ) );
#1188 = ORIENTED_EDGE ( 'NONE', *, *, #4471, .T. ) ;
#1189 = CYLINDRICAL_SURFACE ( 'NONE', #4241, 32.00000000000000000 ) ;
#1190 =( NAMED_UNIT ( * ) SI_UNIT ( $, .STERADIAN. ) SOLID_ANGLE_UNIT ( ) );
#1191 = EDGE_CURVE ( 'NONE', #2023, #7676, #367, .T. ) ;
#1192 = PRESENTATION_STYLE_ASSIGNMENT (( #9042 ) ) ;
#1193 = AXIS2_PLACEMENT_3D ( 'NONE', #1922, #5409, #8873 ) ;
#1194 = ADVANCED_FACE ( 'NONE', ( #8170, #6240 ), #5400, .F. ) ;
#1195 = EDGE_LOOP ( 'NONE', ( #10854, #9810, #1925, #7818 ) ) ;
#1196 = DIRECTION ( 'NONE',  ( 0.000000000000000000, 0.000000000000000000, -1.000000000000000000 ) ) ;
#1197 = ORIENTED_EDGE ( 'NONE', *, *, #4281, .F. ) ;
#1198 = CARTESIAN_POINT ( 'NONE',  ( -22.19841173308618565, 10.64289375798497161, 1.750000000000273115 ) ) ;
#1199 = DIRECTION ( 'NONE',  ( 0.000000000000000000, 0.000000000000000000, -1.000000000000000000 ) ) ;
#1200 = ORIENTED_EDGE ( 'NONE', *, *, #9477, .T. ) ;
#1201 = CARTESIAN_POINT ( 'NONE',  ( -1.750000000000001332, 6.422318986420082254, -13.46299277763320745 ) ) ;
#1202 = AXIS2_PLACEMENT_3D ( 'NONE', #8219, #409, #247 ) ;
#1203 = CARTESIAN_POINT ( 'NONE',  ( 8.363859999917460541, 6.500000000000000888, -10.98663046725003944 ) ) ;
#1204 = FILL_AREA_STYLE ('',( #7144 ) ) ;
#1205 = FACE_OUTER_BOUND ( 'NONE', #9428, .T. ) ;
#1206 = CARTESIAN_POINT ( 'NONE',  ( 5.414922963887689455, 6.499999999999999112, -12.87892169252490149 ) ) ;
#1207 = ORIENTED_EDGE ( 'NONE', *, *, #10093, .F. ) ;
#1208 =( NAMED_UNIT ( * ) SI_UNIT ( $, .STERADIAN. ) SOLID_ANGLE_UNIT ( ) );
#1209 = LINE ( 'NONE', #4748, #2328 ) ;
#1210 = EDGE_CURVE ( 'NONE', #3939, #5837, #2236, .T. ) ;
#1211 = EDGE_CURVE ( 'NONE', #3165, #2194, #1824, .T. ) ;
#1212 = CARTESIAN_POINT ( 'NONE',  ( 20.09947380216724966, 10.64307090431699088, -9.583710668087347173 ) ) ;
#1213 = CARTESIAN_POINT ( 'NONE',  ( -9.600069561504810167, 10.80000000000000071, -20.12780823672236963 ) ) ;
#1214 = TOROIDAL_SURFACE ( 'NONE', #7586, 13.97097042681812873, 1.000000000000000000 ) ;
#1215 = CARTESIAN_POINT ( 'NONE',  ( -10.85146594260398167, 6.451575245584152185, 8.285822725228163321 ) ) ;
#1216 = DIRECTION ( 'NONE',  ( 0.000000000000000000, 0.000000000000000000, -1.000000000000000000 ) ) ;
#1217 = TOROIDAL_SURFACE ( 'NONE', #3953, 14.82773641629552053, 1.000000000000000000 ) ;
#1218 = DIRECTION ( 'NONE',  ( 0.000000000000000000, 0.000000000000000000, 1.000000000000000000 ) ) ;
#1219 = VERTEX_POINT ( 'NONE', #8017 ) ;
#1220 = FACE_OUTER_BOUND ( 'NONE', #4015, .T. ) ;
#1221 = B_SPLINE_CURVE_WITH_KNOTS ( 'NONE', 3,
 ( #11230, #9424, #1627, #8634, #878, #8685, #8579, #4369 ),
 .UNSPECIFIED., .F., .F.,
 ( 4, 2, 2, 4 ),
 ( 0.000000000000000000, 0.0002429715048039776735, 0.0004859430096079553471, 0.0009718860192159119952 ),
 .UNSPECIFIED. ) ;
#1222 = CARTESIAN_POINT ( 'NONE',  ( -6.490184657350953401, 4.345517802399456286, 7.741329577035864773 ) ) ;
#1223 = ORIENTED_EDGE ( 'NONE', *, *, #1163, .F. ) ;
#1224 = VERTEX_POINT ( 'NONE', #7561 ) ;
#1225 = STYLED_ITEM ( 'NONE', ( #1414 ), #10406 ) ;
#1226 = AXIS2_PLACEMENT_3D ( 'NONE', #4206, #7688, #1640 ) ;
#1227 = FILL_AREA_STYLE_COLOUR ( '', #5660 ) ;
#1228 = DIRECTION ( 'NONE',  ( -0.000000000000000000, 1.000000000000000000, -0.000000000000000000 ) ) ;
#1229 = DIRECTION ( 'NONE',  ( -0.000000000000000000, -1.000000000000000000, -0.000000000000000000 ) ) ;
#1230 = EDGE_CURVE ( 'NONE', #1679, #9858, #6044, .T. ) ;
#1231 = DIRECTION ( 'NONE',  ( -0.000000000000000000, 1.000000000000000000, -0.000000000000000000 ) ) ;
#1232 = CARTESIAN_POINT ( 'NONE',  ( -22.23122803625525634, -18.21991441758264685, -1.749999999999727329 ) ) ;
#1233 = DIRECTION ( 'NONE',  ( 0.000000000000000000, -1.000000000000000000, 0.000000000000000000 ) ) ;
#1234 = ORIENTED_EDGE ( 'NONE', *, *, #7700, .T. ) ;
#1235 = CIRCLE ( 'NONE', #7609, 8.147829831583909055 ) ;
#1236 = MECHANICAL_DESIGN_GEOMETRIC_PRESENTATION_REPRESENTATION (  '', ( #4702 ), #8520 ) ;
#1237 = ORIENTED_EDGE ( 'NONE', *, *, #8524, .T. ) ;
#1238 = CARTESIAN_POINT ( 'NONE',  ( 10.99238589528258103, 4.112992312804657935, 4.325731013513948398 ) ) ;
#1239 = CARTESIAN_POINT ( 'NONE',  ( 22.80419369326621393, -13.25000000000000178, -22.80419369326610379 ) ) ;
#1240 = ORIENTED_EDGE ( 'NONE', *, *, #10967, .F. ) ;
#1241 = CONICAL_SURFACE ( 'NONE', #7613, 14.30000000000000071, 0.5996168419455644161 ) ;
#1242 = ORIENTED_EDGE ( 'NONE', *, *, #11126, .F. ) ;
#1243 = TOROIDAL_SURFACE ( 'NONE', #3788, 14.82773641629552053, 1.000000000000000000 ) ;
#1244 = SURFACE_STYLE_FILL_AREA ( #1182 ) ;
#1245 = COLOUR_RGB ( '',0.1529411764705882470, 0.4901960784313725283, 1.000000000000000000 ) ;
#1246 =( LENGTH_UNIT ( ) NAMED_UNIT ( * ) SI_UNIT ( .MILLI., .METRE. ) );
#1247 = CYLINDRICAL_SURFACE ( 'NONE', #10702, 28.99999999999999645 ) ;
#1248 = LINE ( 'NONE', #6603, #3337 ) ;
#1249 = ADVANCED_FACE ( 'NONE', ( #1406 ), #8345, .F. ) ;
#1250 = DIRECTION ( 'NONE',  ( -0.000000000000000000, 1.000000000000000000, -0.000000000000000000 ) ) ;
#1251 = UNCERTAINTY_MEASURE_WITH_UNIT (LENGTH_MEASURE( 1.000000000000000082E-05 ), #3348, 'distance_accuracy_value', 'NONE');
#1252 = EDGE_LOOP ( 'NONE', ( #1437, #841, #2367, #5544 ) ) ;
#1253 = PLANE ( 'NONE',  #1109 ) ;
#1254 = CIRCLE ( 'NONE', #511, 28.99999999999999645 ) ;
#1255 = SURFACE_STYLE_FILL_AREA ( #4624 ) ;
#1256 = COLOUR_RGB ( '',0.1529411764705882470, 0.4901960784313725283, 1.000000000000000000 ) ;
#1257 = DIRECTION ( 'NONE',  ( -0.000000000000000000, 1.000000000000000000, -0.000000000000000000 ) ) ;
#1258 = EDGE_LOOP ( 'NONE', ( #8973, #9722, #6435, #280 ) ) ;
#1259 = CARTESIAN_POINT ( 'NONE',  ( 0.000000000000000000, -13.15000000000000213, 0.000000000000000000 ) ) ;
#1260 = ORIENTED_EDGE ( 'NONE', *, *, #2395, .T. ) ;
#1261 = CARTESIAN_POINT ( 'NONE',  ( 6.016550857632754656, -18.21991441758264685, -5.494383199411012164 ) ) ;
#1262 = MECHANICAL_DESIGN_GEOMETRIC_PRESENTATION_REPRESENTATION (  '', ( #6523 ), #2694 ) ;
#1263 = EDGE_CURVE ( 'NONE', #2508, #11114, #1837, .T. ) ;
#1264 = ORIENTED_EDGE ( 'NONE', *, *, #1778, .T. ) ;
#1265 = ADVANCED_FACE ( 'NONE', ( #7333 ), #1483, .F. ) ;
#1266 = CARTESIAN_POINT ( 'NONE',  ( 8.053075625389112702, 6.131962964354677581, -10.44833614036842562 ) ) ;
#1267 = B_SPLINE_CURVE_WITH_KNOTS ( 'NONE', 3,
 ( #3691, #2603, #6096, #959, #1756, #4450, #1814, #6150 ),
 .UNSPECIFIED., .F., .F.,
 ( 4, 2, 2, 4 ),
 ( 0.000000000000000000, 0.0002429715048039778362, 0.0004859430096079556723, 0.0009718860192159126457 ),
 .UNSPECIFIED. ) ;
#1268 = LINE ( 'NONE', #1327, #3116 ) ;
#1269 = CARTESIAN_POINT ( 'NONE',  ( 20.68287334970658264, 13.54999999999999893, 20.68287334970643698 ) ) ;
#1270 = CARTESIAN_POINT ( 'NONE',  ( 0.000000000000000000, -13.15000000000000213, 0.000000000000000000 ) ) ;
#1271 = ORIENTED_EDGE ( 'NONE', *, *, #1608, .F. ) ;
#1272 = DIRECTION ( 'NONE',  ( 0.000000000000000000, 0.000000000000000000, -1.000000000000000000 ) ) ;
#1273 = CARTESIAN_POINT ( 'NONE',  ( -9.449599181287064553, 10.49999999999999822, -19.86718589315101724 ) ) ;
#1274 = CARTESIAN_POINT ( 'NONE',  ( -13.07506233753269775, 6.131962964354675805, -1.749999999999729550 ) ) ;
#1275 =( GEOMETRIC_REPRESENTATION_CONTEXT ( 3 ) GLOBAL_UNCERTAINTY_ASSIGNED_CONTEXT ( ( #4804 ) ) GLOBAL_UNIT_ASSIGNED_CONTEXT ( ( #11141, #7584, #9562 ) ) REPRESENTATION_CONTEXT ( 'NONE', 'WORKASPACE' ) );
#1276 = DIRECTION ( 'NONE',  ( 0.000000000000000000, -1.000000000000000000, 0.000000000000000000 ) ) ;
#1277 = DIRECTION ( 'NONE',  ( 0.000000000000000000, 0.000000000000000000, -1.000000000000000000 ) ) ;
#1278 = CARTESIAN_POINT ( 'NONE',  ( -1.749999999999997558, 4.345385502134164746, 9.949187803338068292 ) ) ;
#1279 =( GEOMETRIC_REPRESENTATION_CONTEXT ( 3 ) GLOBAL_UNCERTAINTY_ASSIGNED_CONTEXT ( ( #8544 ) ) GLOBAL_UNIT_ASSIGNED_CONTEXT ( ( #2231, #3119, #4999 ) ) REPRESENTATION_CONTEXT ( 'NONE', 'WORKASPACE' ) );
#1280 = ADVANCED_FACE ( 'NONE', ( #5627, #9077 ), #1291, .F. ) ;
#1281 = CARTESIAN_POINT ( 'NONE',  ( 0.000000000000000000, 12.79999999999999893, 26.00000000000000355 ) ) ;
#1282 = EDGE_CURVE ( 'NONE', #3990, #4904, #11054, .T. ) ;
#1283 = DIRECTION ( 'NONE',  ( 0.000000000000000000, -1.000000000000000000, 0.000000000000000000 ) ) ;
#1284 = EDGE_LOOP ( 'NONE', ( #11248, #3927, #9609, #1398, #7303, #8917 ) ) ;
#1285 = CIRCLE ( 'NONE', #3255, 9.148907742668312082 ) ;
#1286 = VERTEX_POINT ( 'NONE', #2629 ) ;
#1287 = ORIENTED_EDGE ( 'NONE', *, *, #6994, .F. ) ;
#1288 = VECTOR ( 'NONE', #4163, 1000.000000000000000 ) ;
#1289 = B_SPLINE_CURVE_WITH_KNOTS ( 'NONE', 3,
 ( #5984, #5210, #6033, #1013 ),
 .UNSPECIFIED., .F., .F.,
 ( 4, 4 ),
 ( 0.000000000000000000, 0.0004900010714873849135 ),
 .UNSPECIFIED. ) ;
#1290 = DIRECTION ( 'NONE',  ( -0.000000000000000000, 1.000000000000000000, -0.000000000000000000 ) ) ;
#1291 = PLANE ( 'NONE',  #735 ) ;
#1292 = EDGE_CURVE ( 'NONE', #7531, #3101, #9469, .T. ) ;
#1293 = AXIS2_PLACEMENT_3D ( 'NONE', #9717, #4561, #8985 ) ;
#1294 = DIRECTION ( 'NONE',  ( -0.000000000000000000, 1.000000000000000000, 0.000000000000000000 ) ) ;
#1295 = FILL_AREA_STYLE ('',( #4838 ) ) ;
#1296 =( NAMED_UNIT ( * ) PLANE_ANGLE_UNIT ( ) SI_UNIT ( $, .RADIAN. ) );
#1297 = EDGE_LOOP ( 'NONE', ( #862, #2719, #3959, #9045 ) ) ;
#1298 = AXIS2_PLACEMENT_3D ( 'NONE', #1301, #9028, #4721 ) ;
#1299 = EDGE_LOOP ( 'NONE', ( #5646, #5411, #4468, #3654 ) ) ;
#1300 = LINE ( 'NONE', #6529, #946 ) ;
#1301 = CARTESIAN_POINT ( 'NONE',  ( 0.000000000000000000, 12.44999999999999929, 0.000000000000000000 ) ) ;
#1302 =( NAMED_UNIT ( * ) PLANE_ANGLE_UNIT ( ) SI_UNIT ( $, .RADIAN. ) );
#1303 = FACE_OUTER_BOUND ( 'NONE', #8788, .T. ) ;
#1304 = VERTEX_POINT ( 'NONE', #5175 ) ;
#1305 =( GEOMETRIC_REPRESENTATION_CONTEXT ( 3 ) GLOBAL_UNCERTAINTY_ASSIGNED_CONTEXT ( ( #2824 ) ) GLOBAL_UNIT_ASSIGNED_CONTEXT ( ( #6802, #10186, #1506 ) ) REPRESENTATION_CONTEXT ( 'NONE', 'WORKASPACE' ) );
#1306 = ORIENTED_EDGE ( 'NONE', *, *, #10325, .F. ) ;
#1307 =( NAMED_UNIT ( * ) SI_UNIT ( $, .STERADIAN. ) SOLID_ANGLE_UNIT ( ) );
#1308 = VECTOR ( 'NONE', #9557, 1000.000000000000114 ) ;
#1309 = DIRECTION ( 'NONE',  ( 0.000000000000000000, -0.000000000000000000, -1.000000000000000000 ) ) ;
#1310 = FILL_AREA_STYLE_COLOUR ( '', #3132 ) ;
#1311 = CARTESIAN_POINT ( 'NONE',  ( -1.749999999999998002, 6.499999999999999112, 3.288257667932823856E-15 ) ) ;
#1312 = LINE ( 'NONE', #9037, #579 ) ;
#1313 = AXIS2_PLACEMENT_3D ( 'NONE', #2890, #124, #245 ) ;
#1314 = ORIENTED_EDGE ( 'NONE', *, *, #3807, .T. ) ;
#1315 = FILL_AREA_STYLE ('',( #4567 ) ) ;
#1316 = MECHANICAL_DESIGN_GEOMETRIC_PRESENTATION_REPRESENTATION (  '', ( #1854 ), #3476 ) ;
#1317 = CARTESIAN_POINT ( 'NONE',  ( -8.569867253904778437, 0.08184250052690902888, 2.927089223797600503 ) ) ;
#1318 = STYLED_ITEM ( 'NONE', ( #8818 ), #6271 ) ;
#1319 = DIRECTION ( 'NONE',  ( 0.000000000000000000, 0.000000000000000000, 1.000000000000000000 ) ) ;
#1320 = ORIENTED_EDGE ( 'NONE', *, *, #8700, .F. ) ;
#1321 = ADVANCED_FACE ( 'NONE', ( #6758 ), #2421, .F. ) ;
#1322 = COLOUR_RGB ( '',0.1529411764705882470, 0.4901960784313725283, 1.000000000000000000 ) ;
#1323 = ORIENTED_EDGE ( 'NONE', *, *, #3412, .F. ) ;
#1324 = CARTESIAN_POINT ( 'NONE',  ( 20.68287334970656843, 13.54999999999999893, -20.68287334970646185 ) ) ;
#1325 = CARTESIAN_POINT ( 'NONE',  ( 0.000000000000000000, -13.25000000000000178, 30.50000000000000000 ) ) ;
#1326 = ORIENTED_EDGE ( 'NONE', *, *, #7179, .F. ) ;
#1327 = CARTESIAN_POINT ( 'NONE',  ( 20.12780823672226660, -18.21991441758264685, -9.600069561505019777 ) ) ;
#1328 = DIRECTION ( 'NONE',  ( 0.000000000000000000, -1.000000000000000000, 0.000000000000000000 ) ) ;
#1329 = AXIS2_PLACEMENT_3D ( 'NONE', #8214, #8060, #9901 ) ;
#1330 = ORIENTED_EDGE ( 'NONE', *, *, #10432, .F. ) ;
#1331 =( NAMED_UNIT ( * ) SI_UNIT ( $, .STERADIAN. ) SOLID_ANGLE_UNIT ( ) );
#1332 = CARTESIAN_POINT ( 'NONE',  ( 11.19650957521632328, 10.13193726329756750, -8.485033759399019715 ) ) ;
#1333 = VECTOR ( 'NONE', #3251, 1000.000000000000114 ) ;
#1334 = COLOUR_RGB ( '',0.1529411764705882470, 0.4901960784313725283, 1.000000000000000000 ) ;
#1335 = ADVANCED_FACE ( 'NONE', ( #6927 ), #7316, .T. ) ;
#1336 = ADVANCED_FACE ( 'NONE', ( #6816 ), #2727, .T. ) ;
#1337 = FILL_AREA_STYLE_COLOUR ( '', #5522 ) ;
#1338 = LINE ( 'NONE', #5726, #10492 ) ;
#1339 = CARTESIAN_POINT ( 'NONE',  ( 0.000000000000000000, 0.000000000000000000, 0.000000000000000000 ) ) ;
#1340 = AXIS2_PLACEMENT_3D ( 'NONE', #2509, #1766, #8775 ) ;
#1341 = SURFACE_SIDE_STYLE ('',( #5666 ) ) ;
#1342 = CARTESIAN_POINT ( 'NONE',  ( 0.000000000000000000, 0.000000000000000000, 0.000000000000000000 ) ) ;
#1343 = CARTESIAN_POINT ( 'NONE',  ( -1.749999999999997780, 6.499999999999999112, 13.86093484102088702 ) ) ;
#1344 = CARTESIAN_POINT ( 'NONE',  ( -21.74353352148641250, 13.44999999999999929, -21.74353352148625618 ) ) ;
#1345 = CARTESIAN_POINT ( 'NONE',  ( -20.50609665440995144, -13.25000000000000178, -20.50609665440979867 ) ) ;
#1346 = ORIENTED_EDGE ( 'NONE', *, *, #6468, .T. ) ;
#1347 = CARTESIAN_POINT ( 'NONE',  ( -20.12780823672330044, 10.72063721833215588, -9.600069561505526039 ) ) ;
#1348 =( NAMED_UNIT ( * ) PLANE_ANGLE_UNIT ( ) SI_UNIT ( $, .RADIAN. ) );
#1349 = CIRCLE ( 'NONE', #1877, 29.50000000000000000 ) ;
#1350 = ORIENTED_EDGE ( 'NONE', *, *, #274, .F. ) ;
#1351 = ADVANCED_FACE ( 'NONE', ( #7040 ), #1040, .T. ) ;
#1352 = CIRCLE ( 'NONE', #3499, 0.2500000000000002220 ) ;
#1353 = ORIENTED_EDGE ( 'NONE', *, *, #2631, .T. ) ;
#1354 = SURFACE_SIDE_STYLE ('',( #10937 ) ) ;
#1355 = PRESENTATION_LAYER_ASSIGNMENT (  '', '', ( #9339 ) ) ;
#1356 =( LENGTH_UNIT ( ) NAMED_UNIT ( * ) SI_UNIT ( .MILLI., .METRE. ) );
#1357 = VERTEX_POINT ( 'NONE', #7216 ) ;
#1358 = CARTESIAN_POINT ( 'NONE',  ( 0.000000000000000000, 13.54999999999999893, 0.000000000000000000 ) ) ;
#1359 = ORIENTED_EDGE ( 'NONE', *, *, #1901, .F. ) ;
#1360 = CARTESIAN_POINT ( 'NONE',  ( 1.749999999999998224, 10.49999999999999822, -14.72410497215828507 ) ) ;
#1361 = CARTESIAN_POINT ( 'NONE',  ( 9.825101441731320051, 2.163045022804063411, 3.651799020035263243 ) ) ;
#1362 = VECTOR ( 'NONE', #1228, 1000.000000000000000 ) ;
#1363 = EDGE_CURVE ( 'NONE', #4259, #5035, #5496, .T. ) ;
#1364 = CIRCLE ( 'NONE', #7724, 0.2500000000000002220 ) ;
#1365 = ORIENTED_EDGE ( 'NONE', *, *, #7655, .F. ) ;
#1366 = ORIENTED_EDGE ( 'NONE', *, *, #206, .T. ) ;
#1367 = SURFACE_STYLE_FILL_AREA ( #9975 ) ;
#1368 = EDGE_LOOP ( 'NONE', ( #7447, #8138, #4371, #2339, #5199, #848 ) ) ;
#1369 = CARTESIAN_POINT ( 'NONE',  ( -11.19650957521629842, 10.13193726329756750, 8.485033759399053466 ) ) ;
#1370 = LINE ( 'NONE', #6716, #4196 ) ;
#1371 = DIRECTION ( 'NONE',  ( -0.000000000000000000, 1.000000000000000000, -0.000000000000000000 ) ) ;
#1372 = DIRECTION ( 'NONE',  ( 0.000000000000000000, 0.000000000000000000, -1.000000000000000000 ) ) ;
#1373 = TOROIDAL_SURFACE ( 'NONE', #7914, 22.00000000000000000, 0.2999999999999999889 ) ;
#1374 = UNCERTAINTY_MEASURE_WITH_UNIT (LENGTH_MEASURE( 1.000000000000000082E-05 ), #7670, 'distance_accuracy_value', 'NONE');
#1375 = ORIENTED_EDGE ( 'NONE', *, *, #1409, .T. ) ;
#1376 = CARTESIAN_POINT ( 'NONE',  ( 0.000000000000000000, 10.49999999999999822, 0.000000000000000000 ) ) ;
#1377 = ORIENTED_EDGE ( 'NONE', *, *, #2832, .T. ) ;
#1378 = CARTESIAN_POINT ( 'NONE',  ( 0.000000000000000000, 10.80000000000000071, 0.000000000000000000 ) ) ;
#1379 = CIRCLE ( 'NONE', #72, 26.00000000000000355 ) ;
#1380 = ORIENTED_EDGE ( 'NONE', *, *, #7279, .F. ) ;
#1381 = CARTESIAN_POINT ( 'NONE',  ( -22.08727364948464711, 10.53235529095875478, 1.750000000000273115 ) ) ;
#1382 = CARTESIAN_POINT ( 'NONE',  ( 0.000000000000000000, 13.54999999999999893, 0.000000000000000000 ) ) ;
#1383 = ORIENTED_EDGE ( 'NONE', *, *, #810, .F. ) ;
#1384 = FACE_OUTER_BOUND ( 'NONE', #8318, .T. ) ;
#1385 = ADVANCED_FACE ( 'NONE', ( #296 ), #1491, .T. ) ;
#1386 =( GEOMETRIC_REPRESENTATION_CONTEXT ( 3 ) GLOBAL_UNCERTAINTY_ASSIGNED_CONTEXT ( ( #6732 ) ) GLOBAL_UNIT_ASSIGNED_CONTEXT ( ( #4326, #11245, #5251 ) ) REPRESENTATION_CONTEXT ( 'NONE', 'WORKASPACE' ) );
#1387 = MECHANICAL_DESIGN_GEOMETRIC_PRESENTATION_REPRESENTATION (  '', ( #1913 ), #7573 ) ;
#1388 = CARTESIAN_POINT ( 'NONE',  ( -2.463294286165389479, 1.500000000000003109, -7.766550857632773308 ) ) ;
#1389 =( NAMED_UNIT ( * ) SI_UNIT ( $, .STERADIAN. ) SOLID_ANGLE_UNIT ( ) );
#1390 = ORIENTED_EDGE ( 'NONE', *, *, #10504, .T. ) ;
#1391 = CARTESIAN_POINT ( 'NONE',  ( -18.18590994956041484, 10.49999999999999822, 12.52036594700070182 ) ) ;
#1392 = FACE_OUTER_BOUND ( 'NONE', #2746, .T. ) ;
#1393 = DIRECTION ( 'NONE',  ( 0.000000000000000000, 0.000000000000000000, 1.000000000000000000 ) ) ;
#1394 = LINE ( 'NONE', #7435, #8580 ) ;
#1395 = EDGE_CURVE ( 'NONE', #7598, #9674, #4040, .T. ) ;
#1396 = FACE_OUTER_BOUND ( 'NONE', #3900, .T. ) ;
#1397 =( NAMED_UNIT ( * ) SI_UNIT ( $, .STERADIAN. ) SOLID_ANGLE_UNIT ( ) );
#1398 = ORIENTED_EDGE ( 'NONE', *, *, #10742, .F. ) ;
#1399 = CARTESIAN_POINT ( 'NONE',  ( 11.19962538056083012, 7.204220786794541809, -4.445380786126039929 ) ) ;
#1400 = FILL_AREA_STYLE_COLOUR ( '', #10835 ) ;
#1401 = CIRCLE ( 'NONE', #2303, 26.00000000000000355 ) ;
#1402 = DIRECTION ( 'NONE',  ( 0.5000000000000003331, 0.000000000000000000, 0.8660254037844383745 ) ) ;
#1403 = VERTEX_POINT ( 'NONE', #6173 ) ;
#1404 = FACE_OUTER_BOUND ( 'NONE', #2425, .T. ) ;
#1405 = PRESENTATION_LAYER_ASSIGNMENT (  '', '', ( #9579 ) ) ;
#1406 = FACE_OUTER_BOUND ( 'NONE', #6159, .T. ) ;
#1407 = ADVANCED_FACE ( 'NONE', ( #3720 ), #9295, .T. ) ;
#1408 = CARTESIAN_POINT ( 'NONE',  ( -14.64200948008690339, 10.49999999999999822, -1.749999999999729772 ) ) ;
#1409 = EDGE_CURVE ( 'NONE', #3083, #9678, #5340, .T. ) ;
#1410 = FILL_AREA_STYLE ('',( #9195 ) ) ;
#1411 = ORIENTED_EDGE ( 'NONE', *, *, #5013, .F. ) ;
#1412 = FACE_OUTER_BOUND ( 'NONE', #10910, .T. ) ;
#1413 = ORIENTED_EDGE ( 'NONE', *, *, #7057, .T. ) ;
#1414 = PRESENTATION_STYLE_ASSIGNMENT (( #6593 ) ) ;
#1415 = TOROIDAL_SURFACE ( 'NONE', #8134, 14.82773641629552053, 1.000000000000000000 ) ;
#1416 = ORIENTED_EDGE ( 'NONE', *, *, #4281, .T. ) ;
#1417 = VERTEX_POINT ( 'NONE', #4885 ) ;
#1418 = DIRECTION ( 'NONE',  ( 0.000000000000000000, 0.000000000000000000, -1.000000000000000000 ) ) ;
#1419 = LINE ( 'NONE', #8529, #6060 ) ;
#1420 = LINE ( 'NONE', #8183, #10408 ) ;
#1421 =( NAMED_UNIT ( * ) PLANE_ANGLE_UNIT ( ) SI_UNIT ( $, .RADIAN. ) );
#1422 = DIRECTION ( 'NONE',  ( 0.000000000000000000, 0.000000000000000000, -1.000000000000000000 ) ) ;
#1423 = AXIS2_PLACEMENT_3D ( 'NONE', #2625, #6278, #8842 ) ;
#1424 =( NAMED_UNIT ( * ) PLANE_ANGLE_UNIT ( ) SI_UNIT ( $, .RADIAN. ) );
#1425 = ADVANCED_FACE ( 'NONE', ( #3066 ), #3951, .T. ) ;
#1426 = EDGE_CURVE ( 'NONE', #8154, #1532, #8275, .T. ) ;
#1427 = VERTEX_POINT ( 'NONE', #2298 ) ;
#1428 = CARTESIAN_POINT ( 'NONE',  ( 11.12892169252490859, 6.499999999999999112, 8.446011877133203782 ) ) ;
#1429 = ORIENTED_EDGE ( 'NONE', *, *, #3821, .F. ) ;
#1430 = MECHANICAL_DESIGN_GEOMETRIC_PRESENTATION_REPRESENTATION (  '', ( #10127 ), #4902 ) ;
#1431 = SURFACE_SIDE_STYLE ('',( #2036 ) ) ;
#1432 = CIRCLE ( 'NONE', #8151, 31.00000000000000000 ) ;
#1433 = ORIENTED_EDGE ( 'NONE', *, *, #4616, .F. ) ;
#1434 = B_SPLINE_CURVE_WITH_KNOTS ( 'NONE', 3,
 ( #11132, #23, #81, #4203 ),
 .UNSPECIFIED., .F., .F.,
 ( 4, 4 ),
 ( 0.0005294582654890437386, 0.007640805118562054785 ),
 .UNSPECIFIED. ) ;
#1435 = CARTESIAN_POINT ( 'NONE',  ( -11.15616799762218214, 10.06432619796679440, -8.461742538715730788 ) ) ;
#1436 = VECTOR ( 'NONE', #2008, 1000.000000000000000 ) ;
#1437 = ORIENTED_EDGE ( 'NONE', *, *, #2098, .T. ) ;
#1438 =( LENGTH_UNIT ( ) NAMED_UNIT ( * ) SI_UNIT ( .MILLI., .METRE. ) );
#1439 = PRESENTATION_LAYER_ASSIGNMENT (  '', '', ( #6898 ) ) ;
#1440 = CARTESIAN_POINT ( 'NONE',  ( 20.12780823672226660, 10.49999999999999822, -9.600069561505019777 ) ) ;
#1441 = FACE_OUTER_BOUND ( 'NONE', #8228, .T. ) ;
#1442 = ORIENTED_EDGE ( 'NONE', *, *, #7279, .T. ) ;
#1443 = CARTESIAN_POINT ( 'NONE',  ( 1.750000000000006217, 10.72063721833215766, 22.23122803625681954 ) ) ;
#1444 = CARTESIAN_POINT ( 'NONE',  ( 0.000000000000000000, 13.44999999999999929, -32.50000000000000000 ) ) ;
#1445 = B_SPLINE_CURVE_WITH_KNOTS ( 'NONE', 3,
 ( #7025, #2717, #9456, #8720 ),
 .UNSPECIFIED., .F., .F.,
 ( 4, 4 ),
 ( 0.0002657290228356843829, 0.007377075875908822335 ),
 .UNSPECIFIED. ) ;
#1446 = FILL_AREA_STYLE ('',( #6799 ) ) ;
#1447 = AXIS2_PLACEMENT_3D ( 'NONE', #2280, #5879, #5037 ) ;
#1448 = EDGE_CURVE ( 'NONE', #340, #10651, #10754, .T. ) ;
#1449 = DIRECTION ( 'NONE',  ( -0.000000000000000000, -1.000000000000000000, -0.000000000000000000 ) ) ;
#1450 = CARTESIAN_POINT ( 'NONE',  ( -5.846508029456368938, 10.49999999999999822, 13.62644895387784238 ) ) ;
#1451 = DIRECTION ( 'NONE',  ( 0.5000000000000004441, 0.000000000000000000, 0.8660254037844384856 ) ) ;
#1452 = SURFACE_SIDE_STYLE ('',( #9181 ) ) ;
#1453 = CARTESIAN_POINT ( 'NONE',  ( -1.750000000000000888, 0.2178369010166504027, -8.979978445623141070 ) ) ;
#1454 = CARTESIAN_POINT ( 'NONE',  ( 0.000000000000000000, 5.499999999999999112, 0.000000000000000000 ) ) ;
#1455 = VERTEX_POINT ( 'NONE', #2949 ) ;
#1456 = FILL_AREA_STYLE ('',( #4242 ) ) ;
#1457 = PRESENTATION_STYLE_ASSIGNMENT (( #5784 ) ) ;
#1458 = AXIS2_PLACEMENT_3D ( 'NONE', #8937, #6489, #9105 ) ;
#1459 = CARTESIAN_POINT ( 'NONE',  ( -8.511943515268574956, 10.19249530351371469, -11.24311863960196156 ) ) ;
#1460 = EDGE_CURVE ( 'NONE', #1720, #2289, #9165, .T. ) ;
#1461 =( LENGTH_UNIT ( ) NAMED_UNIT ( * ) SI_UNIT ( .MILLI., .METRE. ) );
#1462 = DIRECTION ( 'NONE',  ( 0.000000000000000000, -1.000000000000000000, 0.000000000000000000 ) ) ;
#1463 = FILL_AREA_STYLE ('',( #3077 ) ) ;
#1464 = CARTESIAN_POINT ( 'NONE',  ( 18.11718589315092487, 10.49999999999999822, -12.48068809453281069 ) ) ;
#1465 = CARTESIAN_POINT ( 'NONE',  ( 2.463294286165494729, 1.499999999999996225, 7.766550857632738669 ) ) ;
#1466 = COLOUR_RGB ( '',0.1529411764705882470, 0.4901960784313725283, 1.000000000000000000 ) ;
#1467 = VERTEX_POINT ( 'NONE', #9122 ) ;
#1468 = ORIENTED_EDGE ( 'NONE', *, *, #490, .F. ) ;
#1469 = FACE_OUTER_BOUND ( 'NONE', #8559, .T. ) ;
#1470 = EDGE_LOOP ( 'NONE', ( #9276, #10407, #1833, #10898, #4413, #9699 ) ) ;
#1471 = EDGE_CURVE ( 'NONE', #7531, #4873, #1394, .T. ) ;
#1472 = EDGE_CURVE ( 'NONE', #473, #1578, #743, .T. ) ;
#1473 = ORIENTED_EDGE ( 'NONE', *, *, #8821, .T. ) ;
#1474 = SURFACE_STYLE_FILL_AREA ( #2973 ) ;
#1475 = LINE ( 'NONE', #884, #7716 ) ;
#1476 = CYLINDRICAL_SURFACE ( 'NONE', #8912, 8.147829831583909055 ) ;
#1477 = CARTESIAN_POINT ( 'NONE',  ( 13.07506233753272085, 6.131962964354678469, 1.749999999999589884 ) ) ;
#1478 =( GEOMETRIC_REPRESENTATION_CONTEXT ( 3 ) GLOBAL_UNCERTAINTY_ASSIGNED_CONTEXT ( ( #3269 ) ) GLOBAL_UNIT_ASSIGNED_CONTEXT ( ( #941, #6825, #7047 ) ) REPRESENTATION_CONTEXT ( 'NONE', 'WORKASPACE' ) );
#1479 = CARTESIAN_POINT ( 'NONE',  ( -12.90616799762222300, 10.06432619796669847, -5.430653625470035273 ) ) ;
#1480 = DIRECTION ( 'NONE',  ( -0.000000000000000000, -1.000000000000000000, -0.000000000000000000 ) ) ;
#1481 = UNCERTAINTY_MEASURE_WITH_UNIT (LENGTH_MEASURE( 1.000000000000000082E-05 ), #7208, 'distance_accuracy_value', 'NONE');
#1482 = VERTEX_POINT ( 'NONE', #1343 ) ;
#1483 = CONICAL_SURFACE ( 'NONE', #7479, 14.30000000000000071, 0.5996168419455644161 ) ;
#1484 = SURFACE_STYLE_FILL_AREA ( #6668 ) ;
#1485 = VERTEX_POINT ( 'NONE', #4703 ) ;
#1486 = AXIS2_PLACEMENT_3D ( 'NONE', #49, #9890, #8540 ) ;
#1487 = EDGE_CURVE ( 'NONE', #8174, #10952, #3461, .T. ) ;
#1488 = EDGE_LOOP ( 'NONE', ( #6011, #5691, #4000, #2706 ) ) ;
#1489 = CARTESIAN_POINT ( 'NONE',  ( 20.85965004500310371, -13.15000000000000213, -20.85965004500319964 ) ) ;
#1490 = DIRECTION ( 'NONE',  ( 0.000000000000000000, 0.000000000000000000, -1.000000000000000000 ) ) ;
#1491 = CONICAL_SURFACE ( 'NONE', #1664, 9.000000000000000000, 0.5996168419455644161 ) ;
#1492 = UNCERTAINTY_MEASURE_WITH_UNIT (LENGTH_MEASURE( 1.000000000000000082E-05 ), #3039, 'distance_accuracy_value', 'NONE');
#1493 = AXIS2_PLACEMENT_3D ( 'NONE', #3773, #10753, #5556 ) ;
#1494 =( NAMED_UNIT ( * ) PLANE_ANGLE_UNIT ( ) SI_UNIT ( $, .RADIAN. ) );
#1495 = COLOUR_RGB ( '',0.1529411764705882470, 0.4901960784313725283, 1.000000000000000000 ) ;
#1496 = UNCERTAINTY_MEASURE_WITH_UNIT (LENGTH_MEASURE( 1.000000000000000082E-05 ), #6180, 'distance_accuracy_value', 'NONE');
#1497 = CYLINDRICAL_SURFACE ( 'NONE', #2584, 30.50000000000000000 ) ;
#1498 = ORIENTED_EDGE ( 'NONE', *, *, #7876, .F. ) ;
#1499 = CARTESIAN_POINT ( 'NONE',  ( -5.414922963887512708, 6.499999999999999112, -12.87892169252497609 ) ) ;
#1500 = VECTOR ( 'NONE', #5029, 1000.000000000000227 ) ;
#1501 = EDGE_CURVE ( 'NONE', #7369, #5869, #9657, .T. ) ;
#1502 = CONICAL_SURFACE ( 'NONE', #5335, 14.30000000000000071, 0.5996168419455644161 ) ;
#1503 = STYLED_ITEM ( 'NONE', ( #8537 ), #6629 ) ;
#1504 = CARTESIAN_POINT ( 'NONE',  ( 0.000000000000000000, 0.2178369010166492092, 0.000000000000000000 ) ) ;
#1505 = FILL_AREA_STYLE_COLOUR ( '', #1981 ) ;
#1506 =( NAMED_UNIT ( * ) SI_UNIT ( $, .STERADIAN. ) SOLID_ANGLE_UNIT ( ) );
#1507 = DIRECTION ( 'NONE',  ( 0.000000000000000000, 0.000000000000000000, 1.000000000000000000 ) ) ;
#1508 = COLOUR_RGB ( '',0.1529411764705882470, 0.4901960784313725283, 1.000000000000000000 ) ;
#1509 = CARTESIAN_POINT ( 'NONE',  ( -1.750000000000000666, 0.08184789799993587300, -8.885271119822883534 ) ) ;
#1510 = AXIS2_PLACEMENT_3D ( 'NONE', #2677, #10866, #6562 ) ;
#1511 = ORIENTED_EDGE ( 'NONE', *, *, #6070, .T. ) ;
#1512 =( GEOMETRIC_REPRESENTATION_CONTEXT ( 3 ) GLOBAL_UNCERTAINTY_ASSIGNED_CONTEXT ( ( #8187 ) ) GLOBAL_UNIT_ASSIGNED_CONTEXT ( ( #9751, #8489, #3905 ) ) REPRESENTATION_CONTEXT ( 'NONE', 'WORKASPACE' ) );
#1513 = CARTESIAN_POINT ( 'NONE',  ( 0.000000000000000000, -12.50000000000000000, 0.000000000000000000 ) ) ;
#1514 = B_SPLINE_CURVE_WITH_KNOTS ( 'NONE', 3,
 ( #3557, #2793, #3768, #5440 ),
 .UNSPECIFIED., .F., .F.,
 ( 4, 4 ),
 ( 0.0005292810400260029554, 0.01094890517302444036 ),
 .UNSPECIFIED. ) ;
#1515 = CARTESIAN_POINT ( 'NONE',  ( 13.02841234388512071, 6.064326197966515508, -1.750000000000410560 ) ) ;
#1516 = COLOUR_RGB ( '',0.1529411764705882470, 0.4901960784313725283, 1.000000000000000000 ) ;
#1517 = SURFACE_SIDE_STYLE ('',( #313 ) ) ;
#1518 = AXIS2_PLACEMENT_3D ( 'NONE', #6329, #8204, #1990 ) ;
#1519 =( NAMED_UNIT ( * ) PLANE_ANGLE_UNIT ( ) SI_UNIT ( $, .RADIAN. ) );
#1520 = DIRECTION ( 'NONE',  ( -0.000000000000000000, 1.000000000000000000, -0.000000000000000000 ) ) ;
#1521 =( NAMED_UNIT ( * ) PLANE_ANGLE_UNIT ( ) SI_UNIT ( $, .RADIAN. ) );
#1522 = AXIS2_PLACEMENT_3D ( 'NONE', #2800, #10482, #8007 ) ;
#1523 = EDGE_LOOP ( 'NONE', ( #9545, #6518, #3666, #11042 ) ) ;
#1524 = ADVANCED_FACE ( 'NONE', ( #8335 ), #7, .T. ) ;
#1525 = ORIENTED_EDGE ( 'NONE', *, *, #6439, .F. ) ;
#1526 =( NAMED_UNIT ( * ) PLANE_ANGLE_UNIT ( ) SI_UNIT ( $, .RADIAN. ) );
#1527 = MECHANICAL_DESIGN_GEOMETRIC_PRESENTATION_REPRESENTATION (  '', ( #5001 ), #2938 ) ;
#1528 = CARTESIAN_POINT ( 'NONE',  ( 8.287362917009572172, 0.000000000000000000, -2.763985268843885734 ) ) ;
#1529 = FILL_AREA_STYLE ('',( #8412 ) ) ;
#1530 = ORIENTED_EDGE ( 'NONE', *, *, #810, .T. ) ;
#1531 = AXIS2_PLACEMENT_3D ( 'NONE', #3038, #3744, #5642 ) ;
#1532 = VERTEX_POINT ( 'NONE', #1281 ) ;
#1533 = VECTOR ( 'NONE', #2847, 1000.000000000000000 ) ;
#1534 = EDGE_LOOP ( 'NONE', ( #6847, #5782, #819, #5638, #2374, #1613 ) ) ;
#1535 = FILL_AREA_STYLE ('',( #9486 ) ) ;
#1536 = PRESENTATION_STYLE_ASSIGNMENT (( #438 ) ) ;
#1537 = DIRECTION ( 'NONE',  ( 0.000000000000000000, -1.000000000000000000, 0.000000000000000000 ) ) ;
#1538 = ORIENTED_EDGE ( 'NONE', *, *, #10705, .F. ) ;
#1539 = EDGE_CURVE ( 'NONE', #4926, #3853, #3861, .T. ) ;
#1540 = AXIS2_PLACEMENT_3D ( 'NONE', #10984, #3296, #6915 ) ;
#1541 =( NAMED_UNIT ( * ) SI_UNIT ( $, .STERADIAN. ) SOLID_ANGLE_UNIT ( ) );
#1542 = FILL_AREA_STYLE_COLOUR ( '', #7779 ) ;
#1543 = LINE ( 'NONE', #10965, #8463 ) ;
#1544 = EDGE_LOOP ( 'NONE', ( #8124, #6100, #7223, #8997 ) ) ;
#1545 = DIRECTION ( 'NONE',  ( 7.105427357601001859E-15, 0.000000000000000000, -1.000000000000000000 ) ) ;
#1546 = B_SPLINE_CURVE_WITH_KNOTS ( 'NONE', 3,
 ( #5519, #3028, #8123, #9083 ),
 .UNSPECIFIED., .F., .F.,
 ( 4, 4 ),
 ( 0.000000000000000000, 0.0004899835000143443154 ),
 .UNSPECIFIED. ) ;
#1547 = DIRECTION ( 'NONE',  ( -0.5000000000000004441, 0.000000000000000000, -0.8660254037844383745 ) ) ;
#1548 = DIRECTION ( 'NONE',  ( 0.000000000000000000, 0.000000000000000000, -1.000000000000000000 ) ) ;
#1549 = ADVANCED_FACE ( 'NONE', ( #2604 ), #158, .T. ) ;
#1550 = EDGE_CURVE ( 'NONE', #5333, #7567, #10005, .T. ) ;
#1551 = FILL_AREA_STYLE_COLOUR ( '', #2037 ) ;
#1552 = SURFACE_SIDE_STYLE ('',( #10175 ) ) ;
#1553 = ORIENTED_EDGE ( 'NONE', *, *, #6347, .T. ) ;
#1554 = SURFACE_SIDE_STYLE ('',( #7647 ) ) ;
#1555 = COLOUR_RGB ( '',0.1529411764705882470, 0.4901960784313725283, 1.000000000000000000 ) ;
#1556 = ORIENTED_EDGE ( 'NONE', *, *, #5104, .T. ) ;
#1557 = DIRECTION ( 'NONE',  ( 0.000000000000000000, 0.000000000000000000, 1.000000000000000000 ) ) ;
#1558 = DIRECTION ( 'NONE',  ( 0.000000000000000000, 0.000000000000000000, 1.000000000000000000 ) ) ;
#1559 = PLANE ( 'NONE',  #7668 ) ;
#1560 = CARTESIAN_POINT ( 'NONE',  ( 17.59999999999979536, 6.499999999999999112, 8.140638795573858388 ) ) ;
#1561 = EDGE_LOOP ( 'NONE', ( #10321, #3809, #4365, #8940, #6823, #3313 ) ) ;
#1562 =( GEOMETRIC_REPRESENTATION_CONTEXT ( 3 ) GLOBAL_UNCERTAINTY_ASSIGNED_CONTEXT ( ( #2397 ) ) GLOBAL_UNIT_ASSIGNED_CONTEXT ( ( #8401, #10935, #8922 ) ) REPRESENTATION_CONTEXT ( 'NONE', 'WORKASPACE' ) );
#1563 = EDGE_CURVE ( 'NONE', #9081, #7245, #6770, .T. ) ;
#1564 =( LENGTH_UNIT ( ) NAMED_UNIT ( * ) SI_UNIT ( .MILLI., .METRE. ) );
#1565 = LINE ( 'NONE', #11161, #5362 ) ;
#1566 = EDGE_LOOP ( 'NONE', ( #8581, #8935, #7960, #1525 ) ) ;
#1567 = LINE ( 'NONE', #5060, #2137 ) ;
#1568 = CIRCLE ( 'NONE', #7934, 8.736131791852239203 ) ;
#1569 = B_SPLINE_CURVE_WITH_KNOTS ( 'NONE', 3,
 ( #5081, #6780, #497, #3922 ),
 .UNSPECIFIED., .F., .F.,
 ( 4, 4 ),
 ( 0.01077156670603635069, 0.01788226214102251604 ),
 .UNSPECIFIED. ) ;
#1570 = DIRECTION ( 'NONE',  ( 0.000000000000000000, -0.000000000000000000, -1.000000000000000000 ) ) ;
#1571 = PRESENTATION_LAYER_ASSIGNMENT (  '', '', ( #6469 ) ) ;
#1572 = ORIENTED_EDGE ( 'NONE', *, *, #6149, .T. ) ;
#1573 = EDGE_LOOP ( 'NONE', ( #314, #2431, #9856, #8841 ) ) ;
#1574 = LINE ( 'NONE', #11228, #3920 ) ;
#1575 = CARTESIAN_POINT ( 'NONE',  ( 12.15793606078349320, 6.064326197966796173, 4.998661715319911991 ) ) ;
#1576 = ORIENTED_EDGE ( 'NONE', *, *, #6501, .T. ) ;
#1577 = ORIENTED_EDGE ( 'NONE', *, *, #5667, .F. ) ;
#1578 = VERTEX_POINT ( 'NONE', #11196 ) ;
#1579 = DIRECTION ( 'NONE',  ( -0.000000000000000000, 1.000000000000000000, -0.000000000000000000 ) ) ;
#1580 = EDGE_CURVE ( 'NONE', #5693, #85, #182, .T. ) ;
#1581 = DIRECTION ( 'NONE',  ( 0.000000000000000000, 0.000000000000000000, 1.000000000000000000 ) ) ;
#1582 = CARTESIAN_POINT ( 'NONE',  ( 13.02841234388535696, 6.064326197966698473, 1.749999999999589662 ) ) ;
#1583 = CARTESIAN_POINT ( 'NONE',  ( -22.62741699796956851, 13.54999999999999893, 22.62741699796947259 ) ) ;
#1584 = CARTESIAN_POINT ( 'NONE',  ( 0.000000000000000000, 10.49999999999999822, 0.000000000000000000 ) ) ;
#1585 = UNCERTAINTY_MEASURE_WITH_UNIT (LENGTH_MEASURE( 1.000000000000000082E-05 ), #3343, 'distance_accuracy_value', 'NONE');
#1586 = VERTEX_POINT ( 'NONE', #4334 ) ;
#1587 = STYLED_ITEM ( 'NONE', ( #7803 ), #10196 ) ;
#1588 = DIRECTION ( 'NONE',  ( -0.000000000000000000, 1.000000000000000000, -0.000000000000000000 ) ) ;
#1589 =( NAMED_UNIT ( * ) PLANE_ANGLE_UNIT ( ) SI_UNIT ( $, .RADIAN. ) );
#1590 = DIRECTION ( 'NONE',  ( -0.000000000000000000, 1.000000000000000000, -0.000000000000000000 ) ) ;
#1591 = ORIENTED_EDGE ( 'NONE', *, *, #8995, .T. ) ;
#1592 = MECHANICAL_DESIGN_GEOMETRIC_PRESENTATION_REPRESENTATION (  '', ( #8326 ), #10119 ) ;
#1593 = EDGE_CURVE ( 'NONE', #1869, #2334, #1841, .T. ) ;
#1594 =( GEOMETRIC_REPRESENTATION_CONTEXT ( 3 ) GLOBAL_UNCERTAINTY_ASSIGNED_CONTEXT ( ( #3533 ) ) GLOBAL_UNIT_ASSIGNED_CONTEXT ( ( #8057, #1834, #10419 ) ) REPRESENTATION_CONTEXT ( 'NONE', 'WORKASPACE' ) );
#1595 = CARTESIAN_POINT ( 'NONE',  ( 0.000000000000000000, 6.499999999999999112, 0.000000000000000000 ) ) ;
#1596 = CARTESIAN_POINT ( 'NONE',  ( 1.750000000000003331, 6.309836766224230509, 13.24756406759620120 ) ) ;
#1597 = UNCERTAINTY_MEASURE_WITH_UNIT (LENGTH_MEASURE( 1.000000000000000082E-05 ), #7329, 'distance_accuracy_value', 'NONE');
#1598 = DIRECTION ( 'NONE',  ( -0.8660254037844397068, 0.000000000000000000, 0.4999999999999981126 ) ) ;
#1599 = PRESENTATION_STYLE_ASSIGNMENT (( #5937 ) ) ;
#1600 = ORIENTED_EDGE ( 'NONE', *, *, #8105, .F. ) ;
#1601 = COLOUR_RGB ( '',0.1529411764705882470, 0.4901960784313725283, 1.000000000000000000 ) ;
#1602 = CARTESIAN_POINT ( 'NONE',  ( 0.000000000000000000, 1.499999999999999556, 0.000000000000000000 ) ) ;
#1603 = AXIS2_PLACEMENT_3D ( 'NONE', #1602, #5102, #8552 ) ;
#1604 = ORIENTED_EDGE ( 'NONE', *, *, #126, .F. ) ;
#1605 = FACE_OUTER_BOUND ( 'NONE', #4223, .T. ) ;
#1606 = EDGE_CURVE ( 'NONE', #2508, #11059, #1817, .T. ) ;
#1607 = B_SPLINE_CURVE_WITH_KNOTS ( 'NONE', 3,
 ( #8143, #9832, #332, #9887 ),
 .UNSPECIFIED., .F., .F.,
 ( 4, 4 ),
 ( 0.000000000000000000, 0.0004900010714873852388 ),
 .UNSPECIFIED. ) ;
#1608 = EDGE_CURVE ( 'NONE', #8350, #719, #3289, .T. ) ;
#1609 = SURFACE_SIDE_STYLE ('',( #9514 ) ) ;
#1610 = CARTESIAN_POINT ( 'NONE',  ( -5.541623045346117493, 10.30006695603317191, 13.09837267093405622 ) ) ;
#1611 = STYLED_ITEM ( 'NONE', ( #3236 ), #10917 ) ;
#1612 = SURFACE_SIDE_STYLE ('',( #9402 ) ) ;
#1613 = ORIENTED_EDGE ( 'NONE', *, *, #3647, .T. ) ;
#1614 = CARTESIAN_POINT ( 'NONE',  ( 13.62644895387784238, 10.49999999999999822, 5.846508029456369826 ) ) ;
#1615 = ORIENTED_EDGE ( 'NONE', *, *, #4247, .T. ) ;
#1616 = CIRCLE ( 'NONE', #3787, 8.000000000000000000 ) ;
#1617 = DIRECTION ( 'NONE',  ( 0.000000000000000000, 1.000000000000000000, 0.000000000000000000 ) ) ;
#1618 = AXIS2_PLACEMENT_3D ( 'NONE', #1595, #7467, #633 ) ;
#1619 = EDGE_CURVE ( 'NONE', #2334, #5291, #9663, .T. ) ;
#1620 = EDGE_CURVE ( 'NONE', #6916, #1009, #11106, .T. ) ;
#1621 = DIRECTION ( 'NONE',  ( -0.000000000000000000, 1.000000000000000000, -0.000000000000000000 ) ) ;
#1622 = CARTESIAN_POINT ( 'NONE',  ( -20.12780823672224528, 10.72064156802580825, 9.600069561505080173 ) ) ;
#1623 = VERTEX_POINT ( 'NONE', #1649 ) ;
#1624 = ORIENTED_EDGE ( 'NONE', *, *, #4828, .F. ) ;
#1625 = DIRECTION ( 'NONE',  ( -0.000000000000000000, 1.000000000000000000, -0.000000000000000000 ) ) ;
#1626 =( LENGTH_UNIT ( ) NAMED_UNIT ( * ) SI_UNIT ( .MILLI., .METRE. ) );
#1627 = CARTESIAN_POINT ( 'NONE',  ( 10.98807339523279047, 6.490181703155804449, -8.364693074776671011 ) ) ;
#1628 = EDGE_CURVE ( 'NONE', #9553, #9509, #1289, .T. ) ;
#1629 = ORIENTED_EDGE ( 'NONE', *, *, #9738, .F. ) ;
#1630 = CARTESIAN_POINT ( 'NONE',  ( -6.016550857632740446, 0.000000000000000000, 5.494383199411028151 ) ) ;
#1631 = CARTESIAN_POINT ( 'NONE',  ( 0.000000000000000000, -0.1999999999999987899, 0.000000000000000000 ) ) ;
#1632 = B_SPLINE_CURVE_WITH_KNOTS ( 'NONE', 3,
 ( #6376, #7256, #9050, #1988 ),
 .UNSPECIFIED., .F., .F.,
 ( 4, 4 ),
 ( 1.710842170846713622E-18, 0.0004899835000143399786 ),
 .UNSPECIFIED. ) ;
#1633 = SURFACE_SIDE_STYLE ('',( #618 ) ) ;
#1634 = SURFACE_SIDE_STYLE ('',( #9547 ) ) ;
#1635 = AXIS2_PLACEMENT_3D ( 'NONE', #4127, #6743, #6801 ) ;
#1636 = CARTESIAN_POINT ( 'NONE',  ( -6.537362917009561514, 0.000000000000000000, 5.795074182089443582 ) ) ;
#1637 = CARTESIAN_POINT ( 'NONE',  ( -8.446011877133203782, 6.499999999999999112, 11.12892169252491392 ) ) ;
#1638 = EDGE_LOOP ( 'NONE', ( #2065, #9043, #8022, #4993 ) ) ;
#1639 = AXIS2_PLACEMENT_3D ( 'NONE', #5093, #7583, #1545 ) ;
#1640 = DIRECTION ( 'NONE',  ( 0.000000000000000000, 0.000000000000000000, 1.000000000000000000 ) ) ;
#1641 = CARTESIAN_POINT ( 'NONE',  ( 5.540079468428399601, 10.30978705923620531, 13.09569911728714864 ) ) ;
#1642 = B_SPLINE_CURVE_WITH_KNOTS ( 'NONE', 3,
 ( #7597, #2234, #524, #8217 ),
 .UNSPECIFIED., .F., .F.,
 ( 4, 4 ),
 ( 0.000000000000000000, 0.0004899835000143451828 ),
 .UNSPECIFIED. ) ;
#1643 = CIRCLE ( 'NONE', #2366, 22.30000000000000071 ) ;
#1644 =( LENGTH_UNIT ( ) NAMED_UNIT ( * ) SI_UNIT ( .MILLI., .METRE. ) );
#1645 = ORIENTED_EDGE ( 'NONE', *, *, #1060, .F. ) ;
#1646 = COLOUR_RGB ( '',0.1529411764705882470, 0.4901960784313725283, 1.000000000000000000 ) ;
#1647 = CARTESIAN_POINT ( 'NONE',  ( -12.87892169252491392, 6.499999999999999112, -5.414922963887680574 ) ) ;
#1648 = DIRECTION ( 'NONE',  ( -0.000000000000000000, 1.000000000000000000, -0.000000000000000000 ) ) ;
#1649 = CARTESIAN_POINT ( 'NONE',  ( 2.755455298081544285E-16, -0.1999999999999987899, -2.250000000000000000 ) ) ;
#1650 = STYLED_ITEM ( 'NONE', ( #1745 ), #1127 ) ;
#1651 = PRESENTATION_STYLE_ASSIGNMENT (( #3581 ) ) ;
#1652 = ORIENTED_EDGE ( 'NONE', *, *, #3047, .F. ) ;
#1653 = EDGE_CURVE ( 'NONE', #8083, #4079, #4051, .T. ) ;
#1654 =( NAMED_UNIT ( * ) SI_UNIT ( $, .STERADIAN. ) SOLID_ANGLE_UNIT ( ) );
#1655 = EDGE_LOOP ( 'NONE', ( #4310, #7654, #7694, #11079 ) ) ;
#1656 = AXIS2_PLACEMENT_3D ( 'NONE', #750, #4139, #9586 ) ;
#1657 = CARTESIAN_POINT ( 'NONE',  ( -22.80419369326642709, -13.25000000000000178, 22.80419369326633827 ) ) ;
#1658 = LINE ( 'NONE', #3530, #9793 ) ;
#1659 = VECTOR ( 'NONE', #5353, 1000.000000000000114 ) ;
#1660 = COLOUR_RGB ( '',1.000000000000000000, 1.000000000000000000, 1.000000000000000000 ) ;
#1661 = ORIENTED_EDGE ( 'NONE', *, *, #6387, .T. ) ;
#1662 = CARTESIAN_POINT ( 'NONE',  ( -8.674632498157878691E-16, -4.000000000000000000, -6.928203230275510549 ) ) ;
#1663 = SURFACE_STYLE_FILL_AREA ( #3472 ) ;
#1664 = AXIS2_PLACEMENT_3D ( 'NONE', #9742, #1999, #64 ) ;
#1665 = ORIENTED_EDGE ( 'NONE', *, *, #3681, .F. ) ;
#1666 = DIRECTION ( 'NONE',  ( 0.000000000000000000, 0.000000000000000000, 1.000000000000000000 ) ) ;
#1667 = EDGE_CURVE ( 'NONE', #6512, #5837, #11187, .T. ) ;
#1668 = DIRECTION ( 'NONE',  ( -0.000000000000000000, 1.000000000000000000, -0.000000000000000000 ) ) ;
#1669 = EDGE_CURVE ( 'NONE', #4259, #4539, #8605, .T. ) ;
#1670 = CARTESIAN_POINT ( 'NONE',  ( 0.000000000000000000, 0.000000000000000000, 0.000000000000000000 ) ) ;
#1671 = STYLED_ITEM ( 'NONE', ( #5570 ), #7217 ) ;
#1672 = AXIS2_PLACEMENT_3D ( 'NONE', #9814, #3849, #3913 ) ;
#1673 = B_SPLINE_CURVE_WITH_KNOTS ( 'NONE', 3,
 ( #4355, #6922, #1317, #8255 ),
 .UNSPECIFIED., .F., .F.,
 ( 4, 4 ),
 ( 1.960060261819366419E-18, 0.0004900010714873854556 ),
 .UNSPECIFIED. ) ;
#1674 =( NAMED_UNIT ( * ) SI_UNIT ( $, .STERADIAN. ) SOLID_ANGLE_UNIT ( ) );
#1675 = CIRCLE ( 'NONE', #2740, 0.2500000000000002220 ) ;
#1676 = PRESENTATION_LAYER_ASSIGNMENT (  '', '', ( #8405 ) ) ;
#1677 = CARTESIAN_POINT ( 'NONE',  ( 0.000000000000000000, -13.25000000000000178, 28.99999999999999645 ) ) ;
#1678 =( NAMED_UNIT ( * ) SI_UNIT ( $, .STERADIAN. ) SOLID_ANGLE_UNIT ( ) );
#1679 = VERTEX_POINT ( 'NONE', #5259 ) ;
#1680 = ADVANCED_FACE ( 'NONE', ( #8710 ), #10459, .F. ) ;
#1681 = EDGE_CURVE ( 'NONE', #9075, #2534, #2870, .T. ) ;
#1682 = ORIENTED_EDGE ( 'NONE', *, *, #1060, .T. ) ;
#1683 = CARTESIAN_POINT ( 'NONE',  ( 20.50609665440993012, -13.15000000000000213, -20.50609665440982354 ) ) ;
#1684 = LINE ( 'NONE', #5184, #6369 ) ;
#1685 = CIRCLE ( 'NONE', #4063, 13.14541852518598830 ) ;
#1686 = SURFACE_SIDE_STYLE ('',( #6827 ) ) ;
#1687 = B_SPLINE_CURVE_WITH_KNOTS ( 'NONE', 3,
 ( #8927, #8986, #2092, #8036, #4673, #8133 ),
 .UNSPECIFIED., .F., .F.,
 ( 4, 2, 4 ),
 ( 0.000000000000000000, 0.0002346925379797269512, 0.0004693850759594539023 ),
 .UNSPECIFIED. ) ;
#1688 = AXIS2_PLACEMENT_3D ( 'NONE', #10709, #5628, #421 ) ;
#1689 = ORIENTED_EDGE ( 'NONE', *, *, #8005, .T. ) ;
#1690 = ORIENTED_EDGE ( 'NONE', *, *, #968, .T. ) ;
#1691 = VERTEX_POINT ( 'NONE', #6365 ) ;
#1692 = DIRECTION ( 'NONE',  ( 0.000000000000000000, 0.000000000000000000, 1.000000000000000000 ) ) ;
#1693 = STYLED_ITEM ( 'NONE', ( #925 ), #2961 ) ;
#1694 = PLANE ( 'NONE',  #6422 ) ;
#1695 = SURFACE_STYLE_FILL_AREA ( #9487 ) ;
#1696 = CARTESIAN_POINT ( 'NONE',  ( -10.33467461825908096, 2.163027311058097535, 1.750000000000269118 ) ) ;
#1697 = ORIENTED_EDGE ( 'NONE', *, *, #3976, .F. ) ;
#1698 = FILL_AREA_STYLE ('',( #6946 ) ) ;
#1699 = SURFACE_SIDE_STYLE ('',( #6895 ) ) ;
#1700 = EDGE_CURVE ( 'NONE', #2323, #5365, #377, .T. ) ;
#1701 = CARTESIAN_POINT ( 'NONE',  ( 8.657691839212792684E-16, -4.000000000000000000, 6.928203230275513214 ) ) ;
#1702 = CARTESIAN_POINT ( 'NONE',  ( -2.463294286165488955, 0.000000000000000000, 7.766550857632741334 ) ) ;
#1703 =( GEOMETRIC_REPRESENTATION_CONTEXT ( 3 ) GLOBAL_UNCERTAINTY_ASSIGNED_CONTEXT ( ( #6154 ) ) GLOBAL_UNIT_ASSIGNED_CONTEXT ( ( #5743, #1296, #1678 ) ) REPRESENTATION_CONTEXT ( 'NONE', 'WORKASPACE' ) );
#1704 = DIRECTION ( 'NONE',  ( 0.000000000000000000, 0.000000000000000000, -1.000000000000000000 ) ) ;
#1705 = CIRCLE ( 'NONE', #4626, 14.00218451466337477 ) ;
#1706 =( LENGTH_UNIT ( ) NAMED_UNIT ( * ) SI_UNIT ( .MILLI., .METRE. ) );
#1707 = CARTESIAN_POINT ( 'NONE',  ( -11.59919879051056668, 10.45155730935271521, -8.717526486249138173 ) ) ;
#1708 = ORIENTED_EDGE ( 'NONE', *, *, #3029, .F. ) ;
#1709 = DIRECTION ( 'NONE',  ( 0.000000000000000000, 0.000000000000000000, -1.000000000000000000 ) ) ;
#1710 = DIRECTION ( 'NONE',  ( 0.000000000000000000, 0.000000000000000000, 1.000000000000000000 ) ) ;
#1711 = CARTESIAN_POINT ( 'NONE',  ( -21.92031021678301883, -13.25000000000000178, 21.92031021678292646 ) ) ;
#1712 = SURFACE_STYLE_FILL_AREA ( #11144 ) ;
#1713 = CIRCLE ( 'NONE', #1531, 8.147829831584077809 ) ;
#1714 = UNCERTAINTY_MEASURE_WITH_UNIT (LENGTH_MEASURE( 1.000000000000000082E-05 ), #5967, 'distance_accuracy_value', 'NONE');
#1715 = STYLED_ITEM ( 'NONE', ( #9462 ), #2931 ) ;
#1716 = UNCERTAINTY_MEASURE_WITH_UNIT (LENGTH_MEASURE( 1.000000000000000082E-05 ), #4, 'distance_accuracy_value', 'NONE');
#1717 = FACE_OUTER_BOUND ( 'NONE', #1258, .T. ) ;
#1718 = VERTEX_POINT ( 'NONE', #10786 ) ;
#1719 = FACE_OUTER_BOUND ( 'NONE', #1544, .T. ) ;
#1720 = VERTEX_POINT ( 'NONE', #9823 ) ;
#1721 = PRESENTATION_LAYER_ASSIGNMENT (  '', '', ( #9348 ) ) ;
#1722 = DIRECTION ( 'NONE',  ( -0.000000000000000000, 1.000000000000000000, -0.000000000000000000 ) ) ;
#1723 = CARTESIAN_POINT ( 'NONE',  ( -1.749999999999996225, 10.49017815798891817, 14.56158487670605517 ) ) ;
#1724 = EDGE_CURVE ( 'NONE', #5711, #4503, #4564, .T. ) ;
#1725 = EDGE_LOOP ( 'NONE', ( #6396, #640, #5501, #11225 ) ) ;
#1726 = UNCERTAINTY_MEASURE_WITH_UNIT (LENGTH_MEASURE( 1.000000000000000082E-05 ), #4679, 'distance_accuracy_value', 'NONE');
#1727 = DIRECTION ( 'NONE',  ( -0.000000000000000000, -1.000000000000000000, -0.000000000000000000 ) ) ;
#1728 = CARTESIAN_POINT ( 'NONE',  ( 12.55928435950784383, 10.53248139031239816, -18.25331861737268113 ) ) ;
#1729 = CARTESIAN_POINT ( 'NONE',  ( 2.463294286165498281, -18.21991441758264685, -7.766550857632738669 ) ) ;
#1730 = ORIENTED_EDGE ( 'NONE', *, *, #6776, .T. ) ;
#1731 = CIRCLE ( 'NONE', #2079, 2.250000000000000000 ) ;
#1732 = EDGE_CURVE ( 'NONE', #1740, #2103, #1687, .T. ) ;
#1733 = PRESENTATION_STYLE_ASSIGNMENT (( #9532 ) ) ;
#1734 = CARTESIAN_POINT ( 'NONE',  ( 0.000000000000000000, 13.54999999999999893, 0.000000000000000000 ) ) ;
#1735 = EDGE_LOOP ( 'NONE', ( #740, #5592, #10319, #6879, #2006, #3545 ) ) ;
#1736 = AXIS2_PLACEMENT_3D ( 'NONE', #2846, #350, #10756 ) ;
#1737 = ORIENTED_EDGE ( 'NONE', *, *, #4232, .F. ) ;
#1738 = CYLINDRICAL_SURFACE ( 'NONE', #5843, 8.147829831584251892 ) ;
#1739 = CARTESIAN_POINT ( 'NONE',  ( 18.11718589315092487, 10.49999999999999822, -12.48068809453281069 ) ) ;
#1740 = VERTEX_POINT ( 'NONE', #3801 ) ;
#1741 = VERTEX_POINT ( 'NONE', #7295 ) ;
#1742 = CYLINDRICAL_SURFACE ( 'NONE', #5460, 30.50000000000000000 ) ;
#1743 = EDGE_CURVE ( 'NONE', #4526, #3513, #1312, .T. ) ;
#1744 = ADVANCED_FACE ( 'NONE', ( #271 ), #2148, .F. ) ;
#1745 = PRESENTATION_STYLE_ASSIGNMENT (( #11237 ) ) ;
#1746 = CARTESIAN_POINT ( 'NONE',  ( 18.11718589315090355, 10.49999999999999822, 12.48068809453284445 ) ) ;
#1747 = CARTESIAN_POINT ( 'NONE',  ( 8.571168381673940573, 10.30978705923621064, -11.34569911728714864 ) ) ;
#1748 = DIRECTION ( 'NONE',  ( -0.000000000000000000, 1.000000000000000000, -0.000000000000000000 ) ) ;
#1749 = EDGE_LOOP ( 'NONE', ( #1306, #8526, #4938, #713, #5988, #6124 ) ) ;
#1750 = CARTESIAN_POINT ( 'NONE',  ( 8.724713451375695428, 2.053212593068939122E-17, -1.750000000000409672 ) ) ;
#1751 = CIRCLE ( 'NONE', #2105, 22.30000000000000071 ) ;
#1752 = FACE_BOUND ( 'NONE', #3457, .T. ) ;
#1753 = VERTEX_POINT ( 'NONE', #4732 ) ;
#1754 = CARTESIAN_POINT ( 'NONE',  ( 0.000000000000000000, -12.15000000000000036, 0.000000000000000000 ) ) ;
#1755 = EDGE_CURVE ( 'NONE', #7407, #4259, #943, .T. ) ;
#1756 = CARTESIAN_POINT ( 'NONE',  ( 5.215951932193917173, 6.422318986420135545, -12.53429375639689169 ) ) ;
#1757 =( LENGTH_UNIT ( ) NAMED_UNIT ( * ) SI_UNIT ( .MILLI., .METRE. ) );
#1758 = EDGE_CURVE ( 'NONE', #1286, #5004, #2019, .T. ) ;
#1759 = CARTESIAN_POINT ( 'NONE',  ( 22.98097038856287000, -13.15000000000000213, 22.98097038856272079 ) ) ;
#1760 = DIRECTION ( 'NONE',  ( 0.000000000000000000, 1.000000000000000000, 0.000000000000000000 ) ) ;
#1761 = ORIENTED_EDGE ( 'NONE', *, *, #10026, .T. ) ;
#1762 = B_SPLINE_CURVE_WITH_KNOTS ( 'NONE', 3,
 ( #2478, #7839, #3553, #2581 ),
 .UNSPECIFIED., .F., .F.,
 ( 4, 4 ),
 ( 0.000000000000000000, 0.0004899835000143426891 ),
 .UNSPECIFIED. ) ;
#1763 = ORIENTED_EDGE ( 'NONE', *, *, #5287, .F. ) ;
#1764 = STYLED_ITEM ( 'NONE', ( #5874 ), #10143 ) ;
#1765 = VECTOR ( 'NONE', #7490, 1000.000000000000000 ) ;
#1766 = DIRECTION ( 'NONE',  ( 0.000000000000000000, -1.000000000000000000, 0.000000000000000000 ) ) ;
#1767 =( NAMED_UNIT ( * ) SI_UNIT ( $, .STERADIAN. ) SOLID_ANGLE_UNIT ( ) );
#1768 = CARTESIAN_POINT ( 'NONE',  ( -1.749999999999996447, 10.45155730935270100, 14.40396405925243961 ) ) ;
#1769 = CARTESIAN_POINT ( 'NONE',  ( 6.016550857632754656, 1.500000000000001332, -5.494383199411012164 ) ) ;
#1770 = CARTESIAN_POINT ( 'NONE',  ( -21.92031021678301883, 13.54999999999999893, 21.92031021678292646 ) ) ;
#1771 = ORIENTED_EDGE ( 'NONE', *, *, #397, .T. ) ;
#1772 = CARTESIAN_POINT ( 'NONE',  ( -13.93897860555252421, 10.13193726329756572, 1.750000000000270450 ) ) ;
#1773 = VECTOR ( 'NONE', #2372, 1000.000000000000000 ) ;
#1774 = CARTESIAN_POINT ( 'NONE',  ( 8.979978445623219230, 0.2178369010166504027, 1.749999999999590106 ) ) ;
#1775 = DIRECTION ( 'NONE',  ( -3.342188435875357696E-16, 0.000000000000000000, -1.000000000000000000 ) ) ;
#1776 = VERTEX_POINT ( 'NONE', #8252 ) ;
#1777 =( NAMED_UNIT ( * ) SI_UNIT ( $, .STERADIAN. ) SOLID_ANGLE_UNIT ( ) );
#1778 = EDGE_CURVE ( 'NONE', #5999, #8417, #2763, .T. ) ;
#1779 = DIRECTION ( 'NONE',  ( 0.000000000000000000, 0.000000000000000000, 1.000000000000000000 ) ) ;
#1780 = CIRCLE ( 'NONE', #3971, 0.2500000000000002220 ) ;
#1781 = MECHANICAL_DESIGN_GEOMETRIC_PRESENTATION_REPRESENTATION (  '', ( #692 ), #6900 ) ;
#1782 = CARTESIAN_POINT ( 'NONE',  ( 5.430653625470048596, 10.06432619796669847, -12.90616799762221945 ) ) ;
#1783 = CARTESIAN_POINT ( 'NONE',  ( 0.000000000000000000, 13.54999999999999893, 0.000000000000000000 ) ) ;
#1784 = FILL_AREA_STYLE_COLOUR ( '', #4394 ) ;
#1785 = CONICAL_SURFACE ( 'NONE', #11222, 14.30000000000000071, 0.5996168419455644161 ) ;
#1786 = CARTESIAN_POINT ( 'NONE',  ( 1.750000000000003553, 10.06432619796670025, 13.89239616418560352 ) ) ;
#1787 = CARTESIAN_POINT ( 'NONE',  ( 7.476469699371582678, 7.204220786794476972, 9.449625380560778609 ) ) ;
#1788 = ORIENTED_EDGE ( 'NONE', *, *, #6873, .F. ) ;
#1789 = PRESENTATION_LAYER_ASSIGNMENT (  '', '', ( #4348 ) ) ;
#1790 = VERTEX_POINT ( 'NONE', #5414 ) ;
#1791 = EDGE_CURVE ( 'NONE', #6114, #5277, #6386, .T. ) ;
#1792 = CARTESIAN_POINT ( 'NONE',  ( 0.000000000000000000, -13.25000000000000178, 0.000000000000000000 ) ) ;
#1793 = ORIENTED_EDGE ( 'NONE', *, *, #578, .T. ) ;
#1794 = ORIENTED_EDGE ( 'NONE', *, *, #6678, .T. ) ;
#1795 = DIRECTION ( 'NONE',  ( -0.000000000000000000, 1.000000000000000000, -0.000000000000000000 ) ) ;
#1796 =( NAMED_UNIT ( * ) PLANE_ANGLE_UNIT ( ) SI_UNIT ( $, .RADIAN. ) );
#1797 = AXIS2_PLACEMENT_3D ( 'NONE', #8888, #3529, #7878 ) ;
#1798 = CARTESIAN_POINT ( 'NONE',  ( -22.80419369326642709, 13.54999999999999893, 22.80419369326633827 ) ) ;
#1799 = DIRECTION ( 'NONE',  ( 0.000000000000000000, 0.000000000000000000, -1.000000000000000000 ) ) ;
#1800 = SURFACE_SIDE_STYLE ('',( #7001 ) ) ;
#1801 = DIRECTION ( 'NONE',  ( 0.8660254037844389297, 0.000000000000000000, 0.4999999999999995559 ) ) ;
#1802 = EDGE_LOOP ( 'NONE', ( #4155, #2932, #3210, #449 ) ) ;
#1803 = SURFACE_STYLE_FILL_AREA ( #1698 ) ;
#1804 =( GEOMETRIC_REPRESENTATION_CONTEXT ( 3 ) GLOBAL_UNCERTAINTY_ASSIGNED_CONTEXT ( ( #6734 ) ) GLOBAL_UNIT_ASSIGNED_CONTEXT ( ( #1757, #2760, #11251 ) ) REPRESENTATION_CONTEXT ( 'NONE', 'WORKASPACE' ) );
#1805 = ADVANCED_FACE ( 'NONE', ( #7240 ), #670, .F. ) ;
#1806 = SURFACE_STYLE_USAGE ( .BOTH. , #1866 ) ;
#1807 =( LENGTH_UNIT ( ) NAMED_UNIT ( * ) SI_UNIT ( .MILLI., .METRE. ) );
#1808 = EDGE_CURVE ( 'NONE', #8610, #1740, #8424, .T. ) ;
#1809 = CARTESIAN_POINT ( 'NONE',  ( 4.059455543377239017, 6.499999999999999112, 10.53118325219649520 ) ) ;
#1810 = MECHANICAL_DESIGN_GEOMETRIC_PRESENTATION_REPRESENTATION (  '', ( #8550 ), #10161 ) ;
#1811 = CYLINDRICAL_SURFACE ( 'NONE', #9531, 2.250000000000000000 ) ;
#1812 = EDGE_LOOP ( 'NONE', ( #8853, #50, #784, #9296 ) ) ;
#1813 = CARTESIAN_POINT ( 'NONE',  ( 21.92031021678291225, 13.54999999999999893, -21.92031021678302949 ) ) ;
#1814 = CARTESIAN_POINT ( 'NONE',  ( 5.045312099002848605, 6.199600861750097280, -12.23873689551487942 ) ) ;
#1815 = CARTESIAN_POINT ( 'NONE',  ( 12.35039152416016606, 6.300111172951810445, -5.109775928907416720 ) ) ;
#1816 = CARTESIAN_POINT ( 'NONE',  ( -8.430823489631205092, -7.503900220763035202E-17, -2.846812269065201129 ) ) ;
#1817 = LINE ( 'NONE', #1711, #4777 ) ;
#1818 = UNCERTAINTY_MEASURE_WITH_UNIT (LENGTH_MEASURE( 1.000000000000000082E-05 ), #4078, 'distance_accuracy_value', 'NONE');
#1819 = DIRECTION ( 'NONE',  ( 0.000000000000000000, 0.000000000000000000, -1.000000000000000000 ) ) ;
#1820 = VERTEX_POINT ( 'NONE', #4038 ) ;
#1821 = AXIS2_PLACEMENT_3D ( 'NONE', #8440, #2215, #5038 ) ;
#1822 = EDGE_CURVE ( 'NONE', #5345, #1165, #1569, .T. ) ;
#1823 = EDGE_LOOP ( 'NONE', ( #1697, #6324, #2739, #3727 ) ) ;
#1824 = B_SPLINE_CURVE_WITH_KNOTS ( 'NONE', 3,
 ( #7226, #1909, #195, #10657, #9703, #9864, #4545, #2073 ),
 .UNSPECIFIED., .F., .F.,
 ( 4, 2, 2, 4 ),
 ( 1.734723475976807094E-18, 0.0002429715048040615637, 0.0004859430096081213926, 0.0009718860192162469052 ),
 .UNSPECIFIED. ) ;
#1825 = SURFACE_SIDE_STYLE ('',( #5323 ) ) ;
#1826 = LINE ( 'NONE', #8777, #169 ) ;
#1827 = VECTOR ( 'NONE', #4972, 1000.000000000000000 ) ;
#1828 = DIRECTION ( 'NONE',  ( -0.000000000000000000, -1.000000000000000000, -0.000000000000000000 ) ) ;
#1829 = ORIENTED_EDGE ( 'NONE', *, *, #8700, .T. ) ;
#1830 = CARTESIAN_POINT ( 'NONE',  ( -1.749999999999997780, 0.000000000000000000, 8.559059450933345303 ) ) ;
#1831 = CARTESIAN_POINT ( 'NONE',  ( 20.68287334970658264, 13.54999999999999893, 20.68287334970643698 ) ) ;
#1832 =( LENGTH_UNIT ( ) NAMED_UNIT ( * ) SI_UNIT ( .MILLI., .METRE. ) );
#1833 = ORIENTED_EDGE ( 'NONE', *, *, #10145, .F. ) ;
#1834 =( NAMED_UNIT ( * ) PLANE_ANGLE_UNIT ( ) SI_UNIT ( $, .RADIAN. ) );
#1835 =( NAMED_UNIT ( * ) SI_UNIT ( $, .STERADIAN. ) SOLID_ANGLE_UNIT ( ) );
#1836 = EDGE_CURVE ( 'NONE', #1862, #9760, #8946, .T. ) ;
#1837 = CIRCLE ( 'NONE', #6574, 0.2500000000000002220 ) ;
#1838 = AXIS2_PLACEMENT_3D ( 'NONE', #3175, #6679, #10120 ) ;
#1839 = PLANE ( 'NONE',  #3781 ) ;
#1840 = SURFACE_STYLE_USAGE ( .BOTH. , #5390 ) ;
#1841 = CIRCLE ( 'NONE', #2908, 1.000000000000000888 ) ;
#1842 =( NAMED_UNIT ( * ) PLANE_ANGLE_UNIT ( ) SI_UNIT ( $, .RADIAN. ) );
#1843 = SURFACE_SIDE_STYLE ('',( #2683 ) ) ;
#1844 = PRESENTATION_LAYER_ASSIGNMENT (  '', '', ( #2561 ) ) ;
#1845 = ORIENTED_EDGE ( 'NONE', *, *, #61, .T. ) ;
#1846 =( GEOMETRIC_REPRESENTATION_CONTEXT ( 3 ) GLOBAL_UNCERTAINTY_ASSIGNED_CONTEXT ( ( #6839 ) ) GLOBAL_UNIT_ASSIGNED_CONTEXT ( ( #9260, #6503, #5239 ) ) REPRESENTATION_CONTEXT ( 'NONE', 'WORKASPACE' ) );
#1847 = ORIENTED_EDGE ( 'NONE', *, *, #10470, .F. ) ;
#1848 = CYLINDRICAL_SURFACE ( 'NONE', #3265, 0.2500000000000002220 ) ;
#1849 = VERTEX_POINT ( 'NONE', #2383 ) ;
#1850 = AXIS2_PLACEMENT_3D ( 'NONE', #9505, #1875, #7070 ) ;
#1851 = ORIENTED_EDGE ( 'NONE', *, *, #997, .F. ) ;
#1852 = ORIENTED_EDGE ( 'NONE', *, *, #5630, .F. ) ;
#1853 = CARTESIAN_POINT ( 'NONE',  ( 20.50609665440993012, -13.25000000000000178, -20.50609665440982354 ) ) ;
#1854 = STYLED_ITEM ( 'NONE', ( #4026 ), #7236 ) ;
#1855 = DIRECTION ( 'NONE',  ( -0.000000000000000000, 1.000000000000000000, -0.000000000000000000 ) ) ;
#1856 = CIRCLE ( 'NONE', #219, 9.148907742668312082 ) ;
#1857 = DIRECTION ( 'NONE',  ( -0.000000000000000000, 1.000000000000000000, -0.000000000000000000 ) ) ;
#1858 = EDGE_CURVE ( 'NONE', #2738, #2634, #6604, .T. ) ;
#1859 = DIRECTION ( 'NONE',  ( 0.000000000000000000, 0.000000000000000000, -1.000000000000000000 ) ) ;
#1860 = DIRECTION ( 'NONE',  ( -0.000000000000000000, 1.000000000000000000, -0.000000000000000000 ) ) ;
#1861 = AXIS2_PLACEMENT_3D ( 'NONE', #5631, #1294, #8406 ) ;
#1862 = VERTEX_POINT ( 'NONE', #4102 ) ;
#1863 = CARTESIAN_POINT ( 'NONE',  ( 2.974444766188811595, 0.2178369010166502084, -8.651889459346330469 ) ) ;
#1864 = MECHANICAL_DESIGN_GEOMETRIC_PRESENTATION_REPRESENTATION (  '', ( #4227 ), #8413 ) ;
#1865 = VECTOR ( 'NONE', #5712, 1000.000000000000000 ) ;
#1866 = SURFACE_SIDE_STYLE ('',( #6142 ) ) ;
#1867 = DIRECTION ( 'NONE',  ( 0.000000000000000000, 0.000000000000000000, -1.000000000000000000 ) ) ;
#1868 = DIRECTION ( 'NONE',  ( 0.000000000000000000, 0.000000000000000000, -1.000000000000000000 ) ) ;
#1869 = VERTEX_POINT ( 'NONE', #7575 ) ;
#1870 = CARTESIAN_POINT ( 'NONE',  ( -12.59608989951216884, 6.459664993593750459, 5.251629952056396711 ) ) ;
#1871 = MECHANICAL_DESIGN_GEOMETRIC_PRESENTATION_REPRESENTATION (  '', ( #8263 ), #9168 ) ;
#1872 = VERTEX_POINT ( 'NONE', #5920 ) ;
#1873 = DIRECTION ( 'NONE',  ( 0.000000000000000000, -1.000000000000000000, 0.000000000000000000 ) ) ;
#1874 = EDGE_CURVE ( 'NONE', #3639, #7902, #3473, .T. ) ;
#1875 = DIRECTION ( 'NONE',  ( -0.000000000000000000, 1.000000000000000000, -0.000000000000000000 ) ) ;
#1876 = EDGE_LOOP ( 'NONE', ( #10079, #9314, #9452, #6754 ) ) ;
#1877 = AXIS2_PLACEMENT_3D ( 'NONE', #4186, #3139, #6762 ) ;
#1878 = EDGE_LOOP ( 'NONE', ( #5927, #5671, #2217, #9616, #9353, #7538, #8689, #8762, #937, #10903, #560 ) ) ;
#1879 = LINE ( 'NONE', #7763, #7434 ) ;
#1880 = CIRCLE ( 'NONE', #7712, 0.2500000000000002220 ) ;
#1881 = VERTEX_POINT ( 'NONE', #1583 ) ;
#1882 = ORIENTED_EDGE ( 'NONE', *, *, #3775, .T. ) ;
#1883 =( GEOMETRIC_REPRESENTATION_CONTEXT ( 3 ) GLOBAL_UNCERTAINTY_ASSIGNED_CONTEXT ( ( #5373 ) ) GLOBAL_UNIT_ASSIGNED_CONTEXT ( ( #10893, #5526, #8984 ) ) REPRESENTATION_CONTEXT ( 'NONE', 'WORKASPACE' ) );
#1884 = CYLINDRICAL_SURFACE ( 'NONE', #3044, 0.2500000000000002220 ) ;
#1885 = CARTESIAN_POINT ( 'NONE',  ( -10.99238589528256860, 4.112992312804661488, -4.325731013513987477 ) ) ;
#1886 = AXIS2_PLACEMENT_3D ( 'NONE', #10930, #6637, #3301 ) ;
#1887 = ADVANCED_FACE ( 'NONE', ( #9269 ), #4976, .T. ) ;
#1888 = ORIENTED_EDGE ( 'NONE', *, *, #3434, .F. ) ;
#1889 = EDGE_CURVE ( 'NONE', #3613, #6936, #11046, .T. ) ;
#1890 = VECTOR ( 'NONE', #7850, 1000.000000000000000 ) ;
#1891 = DIRECTION ( 'NONE',  ( 0.000000000000000000, -1.000000000000000000, 0.000000000000000000 ) ) ;
#1892 = DIRECTION ( 'NONE',  ( -0.000000000000000000, 1.000000000000000000, -0.000000000000000000 ) ) ;
#1893 = FACE_OUTER_BOUND ( 'NONE', #323, .T. ) ;
#1894 = ORIENTED_EDGE ( 'NONE', *, *, #3892, .T. ) ;
#1895 = DIRECTION ( 'NONE',  ( -0.000000000000000000, 1.000000000000000000, -0.000000000000000000 ) ) ;
#1896 = AXIS2_PLACEMENT_3D ( 'NONE', #5399, #1052, #7907 ) ;
#1897 = CARTESIAN_POINT ( 'NONE',  ( 17.60000000000004050, 6.499999999999999112, -8.140638795573696740 ) ) ;
#1898 = FACE_OUTER_BOUND ( 'NONE', #3352, .T. ) ;
#1899 = ORIENTED_EDGE ( 'NONE', *, *, #1960, .F. ) ;
#1900 = CIRCLE ( 'NONE', #3901, 0.2500000000000002220 ) ;
#1901 = EDGE_CURVE ( 'NONE', #6218, #9601, #10896, .T. ) ;
#1902 = EDGE_CURVE ( 'NONE', #9755, #9818, #10103, .T. ) ;
#1903 = FILL_AREA_STYLE_COLOUR ( '', #5754 ) ;
#1904 = ORIENTED_EDGE ( 'NONE', *, *, #9964, .F. ) ;
#1905 = ORIENTED_EDGE ( 'NONE', *, *, #4629, .T. ) ;
#1906 = DIRECTION ( 'NONE',  ( 0.000000000000000000, 0.000000000000000000, -1.000000000000000000 ) ) ;
#1907 = VERTEX_POINT ( 'NONE', #8477 ) ;
#1908 = DIRECTION ( 'NONE',  ( -0.000000000000000000, 1.000000000000000000, -0.000000000000000000 ) ) ;
#1909 = CARTESIAN_POINT ( 'NONE',  ( -13.77878098578595889, 6.499999999999996447, 1.750000000000269562 ) ) ;
#1910 = PRESENTATION_STYLE_ASSIGNMENT (( #11255 ) ) ;
#1911 = PRESENTATION_LAYER_ASSIGNMENT (  '', '', ( #2635 ) ) ;
#1912 = DIRECTION ( 'NONE',  ( -0.000000000000000000, 1.000000000000000000, -0.000000000000000000 ) ) ;
#1913 = STYLED_ITEM ( 'NONE', ( #2238 ), #8594 ) ;
#1914 = LINE ( 'NONE', #5402, #6991 ) ;
#1915 = ORIENTED_EDGE ( 'NONE', *, *, #10470, .T. ) ;
#1916 = CARTESIAN_POINT ( 'NONE',  ( 14.30000000000000071, 10.49999999999999822, 0.000000000000000000 ) ) ;
#1917 =( NAMED_UNIT ( * ) SI_UNIT ( $, .STERADIAN. ) SOLID_ANGLE_UNIT ( ) );
#1918 = DIRECTION ( 'NONE',  ( 0.000000000000000000, -1.000000000000000000, 0.000000000000000000 ) ) ;
#1919 = CARTESIAN_POINT ( 'NONE',  ( 1.749999999999997113, 10.80000000000000071, -22.23122803625566846 ) ) ;
#1920 = ORIENTED_EDGE ( 'NONE', *, *, #4265, .T. ) ;
#1921 = EDGE_CURVE ( 'NONE', #3488, #3290, #6942, .T. ) ;
#1922 = CARTESIAN_POINT ( 'NONE',  ( 0.000000000000000000, 13.54999999999999893, 0.000000000000000000 ) ) ;
#1923 = STYLED_ITEM ( 'NONE', ( #4708 ), #4884 ) ;
#1924 = AXIS2_PLACEMENT_3D ( 'NONE', #9461, #8669, #7031 ) ;
#1925 = ORIENTED_EDGE ( 'NONE', *, *, #2013, .F. ) ;
#1926 = CARTESIAN_POINT ( 'NONE',  ( 8.029750628565457404, 6.064326197966795284, 10.40793606078348787 ) ) ;
#1927 =( NAMED_UNIT ( * ) SI_UNIT ( $, .STERADIAN. ) SOLID_ANGLE_UNIT ( ) );
#1928 = CARTESIAN_POINT ( 'NONE',  ( -22.80419369326642709, 13.44999999999999929, 22.55419369326633827 ) ) ;
#1929 = DIRECTION ( 'NONE',  ( -0.8660254037844384856, 0.000000000000000000, -0.5000000000000002220 ) ) ;
#1930 = UNCERTAINTY_MEASURE_WITH_UNIT (LENGTH_MEASURE( 1.000000000000000082E-05 ), #6524, 'distance_accuracy_value', 'NONE');
#1931 = DIRECTION ( 'NONE',  ( 0.000000000000000000, 0.000000000000000000, 1.000000000000000000 ) ) ;
#1932 = ORIENTED_EDGE ( 'NONE', *, *, #6088, .F. ) ;
#1933 = EDGE_CURVE ( 'NONE', #10627, #8896, #1434, .T. ) ;
#1934 = ORIENTED_EDGE ( 'NONE', *, *, #773, .T. ) ;
#1935 = COLOUR_RGB ( '',0.1529411764705882470, 0.4901960784313725283, 1.000000000000000000 ) ;
#1936 = CARTESIAN_POINT ( 'NONE',  ( 0.000000000000000000, 13.54999999999999893, 0.000000000000000000 ) ) ;
#1937 = ORIENTED_EDGE ( 'NONE', *, *, #8430, .F. ) ;
#1938 = DIRECTION ( 'NONE',  ( 0.000000000000000000, 0.000000000000000000, -1.000000000000000000 ) ) ;
#1939 = PRESENTATION_STYLE_ASSIGNMENT (( #7258 ) ) ;
#1940 = CARTESIAN_POINT ( 'NONE',  ( -20.85965004500318543, -13.25000000000000178, 20.85965004500311792 ) ) ;
#1941 = CARTESIAN_POINT ( 'NONE',  ( 5.143928688219495449, 6.347063136999494759, 12.40954583850728099 ) ) ;
#1942 = ORIENTED_EDGE ( 'NONE', *, *, #2819, .T. ) ;
#1943 =( GEOMETRIC_REPRESENTATION_CONTEXT ( 3 ) GLOBAL_UNCERTAINTY_ASSIGNED_CONTEXT ( ( #10916 ) ) GLOBAL_UNIT_ASSIGNED_CONTEXT ( ( #7635, #10902, #10223 ) ) REPRESENTATION_CONTEXT ( 'NONE', 'WORKASPACE' ) );
#1944 = LINE ( 'NONE', #6923, #4514 ) ;
#1945 = AXIS2_PLACEMENT_3D ( 'NONE', #5202, #3331, #4275 ) ;
#1946 = DIRECTION ( 'NONE',  ( -0.000000000000000000, 1.000000000000000000, -0.000000000000000000 ) ) ;
#1947 = CARTESIAN_POINT ( 'NONE',  ( -13.69663108658939699, 6.500000000000000888, -1.749999999999729994 ) ) ;
#1948 = ADVANCED_FACE ( 'NONE', ( #9489 ), #3103, .T. ) ;
#1949 = EDGE_CURVE ( 'NONE', #8028, #10313, #3496, .T. ) ;
#1950 = FILL_AREA_STYLE ('',( #2116 ) ) ;
#1951 = CARTESIAN_POINT ( 'NONE',  ( 6.016550857632754656, 0.000000000000000000, -5.494383199411012164 ) ) ;
#1952 = COLOUR_RGB ( '',0.1529411764705882470, 0.4901960784313725283, 1.000000000000000000 ) ;
#1953 = SURFACE_STYLE_FILL_AREA ( #7159 ) ;
#1954 = CARTESIAN_POINT ( 'NONE',  ( 0.000000000000000000, 10.49999999999999822, 0.000000000000000000 ) ) ;
#1955 = ORIENTED_EDGE ( 'NONE', *, *, #3593, .T. ) ;
#1956 = ORIENTED_EDGE ( 'NONE', *, *, #908, .T. ) ;
#1957 = AXIS2_PLACEMENT_3D ( 'NONE', #3130, #6515, #1402 ) ;
#1958 = CARTESIAN_POINT ( 'NONE',  ( 6.537362917009565066, 0.000000000000000000, 5.795074182089437365 ) ) ;
#1959 = EDGE_CURVE ( 'NONE', #4079, #1467, #8087, .T. ) ;
#1960 = EDGE_CURVE ( 'NONE', #1691, #7567, #829, .T. ) ;
#1961 = EDGE_LOOP ( 'NONE', ( #6268, #5938, #10357, #10261 ) ) ;
#1962 = VECTOR ( 'NONE', #9059, 1000.000000000000000 ) ;
#1963 = PLANE ( 'NONE',  #5142 ) ;
#1964 = AXIS2_PLACEMENT_3D ( 'NONE', #1657, #6912, #644 ) ;
#1965 = SURFACE_STYLE_FILL_AREA ( #5401 ) ;
#1966 = AXIS2_PLACEMENT_3D ( 'NONE', #3046, #2033, #1931 ) ;
#1967 = ORIENTED_EDGE ( 'NONE', *, *, #10325, .T. ) ;
#1968 = DIRECTION ( 'NONE',  ( 0.000000000000000000, -1.000000000000000000, 0.000000000000000000 ) ) ;
#1969 = DIRECTION ( 'NONE',  ( 0.000000000000000000, 0.000000000000000000, 1.000000000000000000 ) ) ;
#1970 = DIRECTION ( 'NONE',  ( -0.000000000000000000, 1.000000000000000000, 0.000000000000000000 ) ) ;
#1971 = EDGE_CURVE ( 'NONE', #4747, #3430, #4136, .T. ) ;
#1972 = CIRCLE ( 'NONE', #7627, 14.82773641629552053 ) ;
#1973 = ORIENTED_EDGE ( 'NONE', *, *, #7328, .F. ) ;
#1974 = CARTESIAN_POINT ( 'NONE',  ( -7.766550857632739557, 0.000000000000000000, 2.463294286165495617 ) ) ;
#1975 = CARTESIAN_POINT ( 'NONE',  ( 0.000000000000000000, -13.15000000000000213, 0.000000000000000000 ) ) ;
#1976 = LINE ( 'NONE', #5527, #9281 ) ;
#1977 = DIRECTION ( 'NONE',  ( 0.000000000000000000, 0.000000000000000000, -1.000000000000000000 ) ) ;
#1978 =( NAMED_UNIT ( * ) SI_UNIT ( $, .STERADIAN. ) SOLID_ANGLE_UNIT ( ) );
#1979 =( NAMED_UNIT ( * ) SI_UNIT ( $, .STERADIAN. ) SOLID_ANGLE_UNIT ( ) );
#1980 = FACE_OUTER_BOUND ( 'NONE', #8093, .T. ) ;
#1981 = COLOUR_RGB ( '',0.1529411764705882470, 0.4901960784313725283, 1.000000000000000000 ) ;
#1982 = EDGE_LOOP ( 'NONE', ( #5704, #4091, #10819, #149 ) ) ;
#1983 = ORIENTED_EDGE ( 'NONE', *, *, #6571, .T. ) ;
#1984 = CARTESIAN_POINT ( 'NONE',  ( -18.37780823672210317, 10.49999999999999822, -12.63115847475081388 ) ) ;
#1985 = CARTESIAN_POINT ( 'NONE',  ( 0.000000000000000000, -13.15000000000000213, -26.00000000000000355 ) ) ;
#1986 = ORIENTED_EDGE ( 'NONE', *, *, #7401, .F. ) ;
#1987 = AXIS2_PLACEMENT_3D ( 'NONE', #6902, #2551, #6031 ) ;
#1988 = CARTESIAN_POINT ( 'NONE',  ( 6.537362917009582830, 0.000000000000000000, -5.795074182089426706 ) ) ;
#1989 = EDGE_CURVE ( 'NONE', #3086, #9016, #5243, .T. ) ;
#1990 = DIRECTION ( 'NONE',  ( 0.000000000000000000, 0.000000000000000000, -1.000000000000000000 ) ) ;
#1991 = FILL_AREA_STYLE ('',( #1085 ) ) ;
#1992 = ORIENTED_EDGE ( 'NONE', *, *, #8372, .T. ) ;
#1993 = CARTESIAN_POINT ( 'NONE',  ( 11.15616799762224254, 10.06432619796669847, -8.461742538715544271 ) ) ;
#1994 = CARTESIAN_POINT ( 'NONE',  ( 20.12780823672226305, 10.72064156802580825, -9.600069561505019777 ) ) ;
#1995 = AXIS2_PLACEMENT_3D ( 'NONE', #1012, #1128, #3745 ) ;
#1996 = CARTESIAN_POINT ( 'NONE',  ( 0.000000000000000000, 0.000000000000000000, 0.000000000000000000 ) ) ;
#1997 = SURFACE_STYLE_USAGE ( .BOTH. , #3718 ) ;
#1998 = CIRCLE ( 'NONE', #1298, 33.50000000000000000 ) ;
#1999 = DIRECTION ( 'NONE',  ( -0.000000000000000000, 1.000000000000000000, -0.000000000000000000 ) ) ;
#2000 = EDGE_CURVE ( 'NONE', #164, #7027, #221, .T. ) ;
#2001 = EDGE_CURVE ( 'NONE', #4144, #2968, #7156, .T. ) ;
#2002 = CARTESIAN_POINT ( 'NONE',  ( 21.74353352148660079, 13.44999999999999929, 21.49353352148607144 ) ) ;
#2003 = COLOUR_RGB ( '',0.1529411764705882470, 0.4901960784313725283, 1.000000000000000000 ) ;
#2004 = VERTEX_POINT ( 'NONE', #7055 ) ;
#2005 = DIRECTION ( 'NONE',  ( -1.000000000000000000, 0.000000000000000000, 2.886435467346900389E-16 ) ) ;
#2006 = ORIENTED_EDGE ( 'NONE', *, *, #3775, .F. ) ;
#2007 = ORIENTED_EDGE ( 'NONE', *, *, #5767, .T. ) ;
#2008 = DIRECTION ( 'NONE',  ( -0.000000000000000000, 1.000000000000000000, -0.000000000000000000 ) ) ;
#2009 =( GEOMETRIC_REPRESENTATION_CONTEXT ( 3 ) GLOBAL_UNCERTAINTY_ASSIGNED_CONTEXT ( ( #6619 ) ) GLOBAL_UNIT_ASSIGNED_CONTEXT ( ( #2470, #5, #5282 ) ) REPRESENTATION_CONTEXT ( 'NONE', 'WORKASPACE' ) );
#2010 = DIRECTION ( 'NONE',  ( 0.000000000000000000, 0.000000000000000000, 1.000000000000000000 ) ) ;
#2011 =( LENGTH_UNIT ( ) NAMED_UNIT ( * ) SI_UNIT ( .MILLI., .METRE. ) );
#2012 = AXIS2_PLACEMENT_3D ( 'NONE', #6893, #143, #1859 ) ;
#2013 = EDGE_CURVE ( 'NONE', #7084, #9081, #11025, .T. ) ;
#2014 = CARTESIAN_POINT ( 'NONE',  ( -1.750000000000000888, 10.49999999999999467, -14.55991744746910754 ) ) ;
#2015 = EDGE_CURVE ( 'NONE', #5757, #4798, #1685, .T. ) ;
#2016 = CARTESIAN_POINT ( 'NONE',  ( 19.93590994956042550, 10.49999999999999467, 9.489277033755152857 ) ) ;
#2017 = ORIENTED_EDGE ( 'NONE', *, *, #10517, .T. ) ;
#2018 = CARTESIAN_POINT ( 'NONE',  ( 2.763985268843912380, 0.000000000000000000, -8.287362917009559737 ) ) ;
#2019 = CIRCLE ( 'NONE', #8402, 8.147829831584077809 ) ;
#2020 =( NAMED_UNIT ( * ) SI_UNIT ( $, .STERADIAN. ) SOLID_ANGLE_UNIT ( ) );
#2021 = VECTOR ( 'NONE', #10711, 1000.000000000000000 ) ;
#2022 = VECTOR ( 'NONE', #9027, 1000.000000000000000 ) ;
#2023 = VERTEX_POINT ( 'NONE', #10546 ) ;
#2024 = FACE_OUTER_BOUND ( 'NONE', #9026, .T. ) ;
#2025 = SURFACE_STYLE_FILL_AREA ( #6363 ) ;
#2026 = CARTESIAN_POINT ( 'NONE',  ( 1.750000000000003775, 10.49999999999999822, 14.72410497215828507 ) ) ;
#2027 = MECHANICAL_DESIGN_GEOMETRIC_PRESENTATION_REPRESENTATION (  '', ( #10395 ), #7693 ) ;
#2028 = UNCERTAINTY_MEASURE_WITH_UNIT (LENGTH_MEASURE( 1.000000000000000082E-05 ), #6408, 'distance_accuracy_value', 'NONE');
#2029 = EDGE_CURVE ( 'NONE', #6306, #3899, #4419, .T. ) ;
#2030 = DIRECTION ( 'NONE',  ( 0.000000000000000000, 0.000000000000000000, 1.000000000000000000 ) ) ;
#2031 = PRESENTATION_LAYER_ASSIGNMENT (  '', '', ( #10184 ) ) ;
#2032 = B_SPLINE_CURVE_WITH_KNOTS ( 'NONE', 3,
 ( #1582, #1477, #8532, #9207, #8423, #4973, #4202, #10216 ),
 .UNSPECIFIED., .F., .F.,
 ( 4, 2, 2, 4 ),
 ( 8.673617379884035472E-19, 0.0002429683717504875799, 0.0004859367435009742924, 0.0009718734870019524880 ),
 .UNSPECIFIED. ) ;
#2033 = DIRECTION ( 'NONE',  ( -0.000000000000000000, 1.000000000000000000, -0.000000000000000000 ) ) ;
#2034 = MECHANICAL_DESIGN_GEOMETRIC_PRESENTATION_REPRESENTATION (  '', ( #955 ), #7338 ) ;
#2035 = ORIENTED_EDGE ( 'NONE', *, *, #4502, .F. ) ;
#2036 = SURFACE_STYLE_FILL_AREA ( #9828 ) ;
#2037 = COLOUR_RGB ( '',0.1529411764705882470, 0.4901960784313725283, 1.000000000000000000 ) ;
#2038 = ORIENTED_EDGE ( 'NONE', *, *, #1550, .T. ) ;
#2039 = FILL_AREA_STYLE ('',( #508 ) ) ;
#2040 = CARTESIAN_POINT ( 'NONE',  ( -8.139326490420826232, 6.309836766224355742, -10.59772702080048035 ) ) ;
#2041 = ORIENTED_EDGE ( 'NONE', *, *, #297, .T. ) ;
#2042 = PRESENTATION_LAYER_ASSIGNMENT (  '', '', ( #9140 ) ) ;
#2043 = CARTESIAN_POINT ( 'NONE',  ( 8.446011877133223322, 6.499999999999999112, -11.12892169252489794 ) ) ;
#2044 = DIRECTION ( 'NONE',  ( 0.000000000000000000, -0.000000000000000000, -1.000000000000000000 ) ) ;
#2045 = UNCERTAINTY_MEASURE_WITH_UNIT (LENGTH_MEASURE( 1.000000000000000082E-05 ), #4666, 'distance_accuracy_value', 'NONE');
#2046 = FACE_OUTER_BOUND ( 'NONE', #11176, .T. ) ;
#2047 = FILL_AREA_STYLE ('',( #5550 ) ) ;
#2048 = EDGE_LOOP ( 'NONE', ( #6449, #591, #10032, #7469, #6581, #11011, #1572, #6907, #2373, #9783, #10440 ) ) ;
#2049 =( NAMED_UNIT ( * ) SI_UNIT ( $, .STERADIAN. ) SOLID_ANGLE_UNIT ( ) );
#2050 = CARTESIAN_POINT ( 'NONE',  ( 11.92185460136562014, 7.204226760681118336, -1.750000000000410338 ) ) ;
#2051 = PRESENTATION_LAYER_ASSIGNMENT (  '', '', ( #5188 ) ) ;
#2052 = AXIS2_PLACEMENT_3D ( 'NONE', #1734, #185, #7835 ) ;
#2053 = SURFACE_SIDE_STYLE ('',( #7154 ) ) ;
#2054 = EDGE_CURVE ( 'NONE', #10689, #4926, #10658, .T. ) ;
#2055 = DIRECTION ( 'NONE',  ( -0.000000000000000000, 1.000000000000000000, -0.000000000000000000 ) ) ;
#2056 = CARTESIAN_POINT ( 'NONE',  ( -10.48873689551488297, 6.199600861750093728, 8.076401012248377143 ) ) ;
#2057 = PRESENTATION_LAYER_ASSIGNMENT (  '', '', ( #7900 ) ) ;
#2058 = DIRECTION ( 'NONE',  ( -0.000000000000000000, 1.000000000000000000, -0.000000000000000000 ) ) ;
#2059 = UNCERTAINTY_MEASURE_WITH_UNIT (LENGTH_MEASURE( 1.000000000000000082E-05 ), #7979, 'distance_accuracy_value', 'NONE');
#2060 = CIRCLE ( 'NONE', #1896, 14.82773641629552053 ) ;
#2061 = SURFACE_STYLE_FILL_AREA ( #10873 ) ;
#2062 = ORIENTED_EDGE ( 'NONE', *, *, #3449, .T. ) ;
#2063 = FACE_OUTER_BOUND ( 'NONE', #3972, .T. ) ;
#2064 = DIRECTION ( 'NONE',  ( 0.000000000000000000, -1.000000000000000000, 0.000000000000000000 ) ) ;
#2065 = ORIENTED_EDGE ( 'NONE', *, *, #6776, .F. ) ;
#2066 = FACE_OUTER_BOUND ( 'NONE', #2897, .T. ) ;
#2067 = ORIENTED_EDGE ( 'NONE', *, *, #5377, .T. ) ;
#2068 = EDGE_CURVE ( 'NONE', #4311, #1103, #4962, .T. ) ;
#2069 = MECHANICAL_DESIGN_GEOMETRIC_PRESENTATION_REPRESENTATION (  '', ( #10977 ), #7558 ) ;
#2070 = B_SPLINE_CURVE_WITH_KNOTS ( 'NONE', 3,
 ( #3875, #6550, #9280, #8265, #10062, #4989 ),
 .UNSPECIFIED., .F., .F.,
 ( 4, 2, 4 ),
 ( 0.000000000000000000, 0.0002346925379797258398, 0.0004693850759594516797 ),
 .UNSPECIFIED. ) ;
#2071 = DIRECTION ( 'NONE',  ( 0.000000000000000000, 0.000000000000000000, 1.000000000000000000 ) ) ;
#2072 = CARTESIAN_POINT ( 'NONE',  ( -11.92185460136552067, 7.204226760680947805, 1.750000000000269562 ) ) ;
#2073 = CARTESIAN_POINT ( 'NONE',  ( -13.02841234388514202, 6.064326197966518173, 1.750000000000270006 ) ) ;
#2074 = FILL_AREA_STYLE ('',( #6400 ) ) ;
#2075 = DIRECTION ( 'NONE',  ( -0.000000000000000000, 1.000000000000000000, 0.000000000000000000 ) ) ;
#2076 = CARTESIAN_POINT ( 'NONE',  ( -8.287362917009563290, 0.000000000000000000, 2.763985268843909715 ) ) ;
#2077 = FACE_OUTER_BOUND ( 'NONE', #9196, .T. ) ;
#2078 = ORIENTED_EDGE ( 'NONE', *, *, #9068, .T. ) ;
#2079 = AXIS2_PLACEMENT_3D ( 'NONE', #4867, #8316, #505 ) ;
#2080 = ORIENTED_EDGE ( 'NONE', *, *, #10742, .T. ) ;
#2081 = CARTESIAN_POINT ( 'NONE',  ( 22.23122803625593491, 10.49999999999999822, -1.750000000000412559 ) ) ;
#2082 = SURFACE_STYLE_USAGE ( .BOTH. , #834 ) ;
#2083 = PLANE ( 'NONE',  #9928 ) ;
#2084 = ORIENTED_EDGE ( 'NONE', *, *, #5607, .F. ) ;
#2085 = ADVANCED_FACE ( 'NONE', ( #2860 ), #6352, .T. ) ;
#2086 = EDGE_CURVE ( 'NONE', #1532, #3916, #5339, .T. ) ;
#2087 = EDGE_LOOP ( 'NONE', ( #2405, #6932, #10704, #10781 ) ) ;
#2088 = FACE_OUTER_BOUND ( 'NONE', #1179, .T. ) ;
#2089 = CARTESIAN_POINT ( 'NONE',  ( -8.724723410483013808, 0.000000000000000000, -1.749999999999731326 ) ) ;
#2090 = LINE ( 'NONE', #8926, #5474 ) ;
#2091 = CARTESIAN_POINT ( 'NONE',  ( 14.30000000000000071, 10.49999999999999822, 0.000000000000000000 ) ) ;
#2092 = CARTESIAN_POINT ( 'NONE',  ( -9.528092368119555289, 10.53235529095875656, 20.00314008079235251 ) ) ;
#2093 = VERTEX_POINT ( 'NONE', #10768 ) ;
#2094 = CARTESIAN_POINT ( 'NONE',  ( 12.63115847475062026, 0.000000000000000000, -18.37780823672223462 ) ) ;
#2095 = CIRCLE ( 'NONE', #1924, 0.2500000000000002220 ) ;
#2096 = ORIENTED_EDGE ( 'NONE', *, *, #8893, .T. ) ;
#2097 = FACE_OUTER_BOUND ( 'NONE', #4480, .T. ) ;
#2098 = EDGE_CURVE ( 'NONE', #8154, #7806, #6230, .T. ) ;
#2099 = EDGE_CURVE ( 'NONE', #6306, #11034, #5513, .T. ) ;
#2100 = ORIENTED_EDGE ( 'NONE', *, *, #358, .F. ) ;
#2101 = SURFACE_STYLE_USAGE ( .BOTH. , #8936 ) ;
#2102 = CYLINDRICAL_SURFACE ( 'NONE', #4568, 28.99999999999999645 ) ;
#2103 = VERTEX_POINT ( 'NONE', #2807 ) ;
#2104 = CARTESIAN_POINT ( 'NONE',  ( 12.87892169252491037, 6.499999999999999112, 5.414922963887669916 ) ) ;
#2105 = AXIS2_PLACEMENT_3D ( 'NONE', #10743, #9732, #7368 ) ;
#2106 = FILL_AREA_STYLE ('',( #9892 ) ) ;
#2107 = DIRECTION ( 'NONE',  ( 0.000000000000000000, 0.000000000000000000, -1.000000000000000000 ) ) ;
#2108 = CARTESIAN_POINT ( 'NONE',  ( 22.98097038856275276, -13.25000000000000178, -22.98097038856284513 ) ) ;
#2109 = DIRECTION ( 'NONE',  ( 0.000000000000000000, 0.8255519016321432035, 0.5643261979667009154 ) ) ;
#2110 = EDGE_LOOP ( 'NONE', ( #1223, #8541, #2519, #369 ) ) ;
#2111 = CARTESIAN_POINT ( 'NONE',  ( 0.000000000000000000, 13.44999999999999929, 0.000000000000000000 ) ) ;
#2112 = PLANE ( 'NONE',  #9230 ) ;
#2113 = DIRECTION ( 'NONE',  ( -0.000000000000000000, -1.000000000000000000, -0.000000000000000000 ) ) ;
#2114 =( NAMED_UNIT ( * ) SI_UNIT ( $, .STERADIAN. ) SOLID_ANGLE_UNIT ( ) );
#2115 =( GEOMETRIC_REPRESENTATION_CONTEXT ( 3 ) GLOBAL_UNCERTAINTY_ASSIGNED_CONTEXT ( ( #9239 ) ) GLOBAL_UNIT_ASSIGNED_CONTEXT ( ( #7298, #5532, #2767 ) ) REPRESENTATION_CONTEXT ( 'NONE', 'WORKASPACE' ) );
#2116 = FILL_AREA_STYLE_COLOUR ( '', #1516 ) ;
#2117 = PRESENTATION_STYLE_ASSIGNMENT (( #462 ) ) ;
#2118 = CARTESIAN_POINT ( 'NONE',  ( -20.68287334970658620, -13.25000000000000178, -20.43287334970643698 ) ) ;
#2119 = CARTESIAN_POINT ( 'NONE',  ( 8.724723410483042230, 0.000000000000000000, 1.749999999999590328 ) ) ;
#2120 = COLOUR_RGB ( '',0.1529411764705882470, 0.4901960784313725283, 1.000000000000000000 ) ;
#2121 =( LENGTH_UNIT ( ) NAMED_UNIT ( * ) SI_UNIT ( .MILLI., .METRE. ) );
#2122 = ORIENTED_EDGE ( 'NONE', *, *, #3758, .T. ) ;
#2123 = LINE ( 'NONE', #7438, #6545 ) ;
#2124 = SURFACE_STYLE_USAGE ( .BOTH. , #528 ) ;
#2125 = FILL_AREA_STYLE ('',( #10991 ) ) ;
#2126 = EDGE_LOOP ( 'NONE', ( #503, #7285, #8142, #10539 ) ) ;
#2127 = ORIENTED_EDGE ( 'NONE', *, *, #9934, .T. ) ;
#2128 = AXIS2_PLACEMENT_3D ( 'NONE', #2689, #7048, #4431 ) ;
#2129 = PRESENTATION_STYLE_ASSIGNMENT (( #2308 ) ) ;
#2130 = FILL_AREA_STYLE ('',( #4087 ) ) ;
#2131 = DIRECTION ( 'NONE',  ( 0.000000000000000000, -0.000000000000000000, -1.000000000000000000 ) ) ;
#2132 = FACE_OUTER_BOUND ( 'NONE', #8470, .T. ) ;
#2133 = CARTESIAN_POINT ( 'NONE',  ( 0.000000000000000000, -4.000000000000000000, 0.000000000000000000 ) ) ;
#2134 = SURFACE_STYLE_USAGE ( .BOTH. , #3790 ) ;
#2135 = ORIENTED_EDGE ( 'NONE', *, *, #10012, .T. ) ;
#2136 = ADVANCED_FACE ( 'NONE', ( #7174 ), #1170, .F. ) ;
#2137 = VECTOR ( 'NONE', #6809, 1000.000000000000000 ) ;
#2138 = ORIENTED_EDGE ( 'NONE', *, *, #5330, .T. ) ;
#2139 = DIRECTION ( 'NONE',  ( 0.000000000000000000, -1.000000000000000000, 0.000000000000000000 ) ) ;
#2140 = CARTESIAN_POINT ( 'NONE',  ( 22.19851024942033391, 10.64307090431696423, 1.749999999999588107 ) ) ;
#2141 = ORIENTED_EDGE ( 'NONE', *, *, #2469, .F. ) ;
#2142 = ORIENTED_EDGE ( 'NONE', *, *, #6088, .T. ) ;
#2143 = VERTEX_POINT ( 'NONE', #2963 ) ;
#2144 = AXIS2_PLACEMENT_3D ( 'NONE', #10296, #9233, #10125 ) ;
#2145 = PLANE ( 'NONE',  #11127 ) ;
#2146 = AXIS2_PLACEMENT_3D ( 'NONE', #849, #7927, #6158 ) ;
#2147 = SURFACE_STYLE_FILL_AREA ( #7513 ) ;
#2148 = CYLINDRICAL_SURFACE ( 'NONE', #6954, 32.00000000000000000 ) ;
#2149 = UNCERTAINTY_MEASURE_WITH_UNIT (LENGTH_MEASURE( 1.000000000000000082E-05 ), #3498, 'distance_accuracy_value', 'NONE');
#2150 = ORIENTED_EDGE ( 'NONE', *, *, #397, .F. ) ;
#2151 = ADVANCED_FACE ( 'NONE', ( #2132 ), #6402, .F. ) ;
#2152 = EDGE_CURVE ( 'NONE', #9988, #1020, #9309, .T. ) ;
#2153 = CARTESIAN_POINT ( 'NONE',  ( -12.90616799762227807, 10.06432619796679617, 5.430653625470075241 ) ) ;
#2154 = ORIENTED_EDGE ( 'NONE', *, *, #874, .T. ) ;
#2155 = CARTESIAN_POINT ( 'NONE',  ( 2.763985268843907939, 0.000000000000000000, 8.287362917009561514 ) ) ;
#2156 = ORIENTED_EDGE ( 'NONE', *, *, #10164, .F. ) ;
#2157 = AXIS2_PLACEMENT_3D ( 'NONE', #9859, #1290, #2071 ) ;
#2158 = DIRECTION ( 'NONE',  ( 0.000000000000000000, 0.000000000000000000, -1.000000000000000000 ) ) ;
#2159 = CARTESIAN_POINT ( 'NONE',  ( 21.56675682618975642, 13.54999999999999893, -21.56675682618964274 ) ) ;
#2160 = VERTEX_POINT ( 'NONE', #4900 ) ;
#2161 = LINE ( 'NONE', #2218, #1865 ) ;
#2162 = DIRECTION ( 'NONE',  ( 1.776356839400250465E-15, 0.000000000000000000, 1.000000000000000000 ) ) ;
#2163 = ADVANCED_FACE ( 'NONE', ( #2255 ), #9965, .F. ) ;
#2164 = SURFACE_SIDE_STYLE ('',( #10804 ) ) ;
#2165 = DIRECTION ( 'NONE',  ( 0.000000000000000000, -1.000000000000000000, 0.000000000000000000 ) ) ;
#2166 = ORIENTED_EDGE ( 'NONE', *, *, #8903, .T. ) ;
#2167 = CARTESIAN_POINT ( 'NONE',  ( 20.85965004500321740, 13.44999999999999929, 20.85965004500308595 ) ) ;
#2168 = DIRECTION ( 'NONE',  ( -0.000000000000000000, -1.000000000000000000, -0.000000000000000000 ) ) ;
#2169 =( LENGTH_UNIT ( ) NAMED_UNIT ( * ) SI_UNIT ( .MILLI., .METRE. ) );
#2170 = LINE ( 'NONE', #76, #3805 ) ;
#2171 = CIRCLE ( 'NONE', #2533, 28.99999999999999645 ) ;
#2172 = FILL_AREA_STYLE ('',( #7377 ) ) ;
#2173 = DIRECTION ( 'NONE',  ( 0.8660254037844329345, 0.000000000000000000, 0.5000000000000098810 ) ) ;
#2174 = CARTESIAN_POINT ( 'NONE',  ( 0.000000000000000000, 0.5000000000000000000, 0.000000000000000000 ) ) ;
#2175 = MECHANICAL_DESIGN_GEOMETRIC_PRESENTATION_REPRESENTATION (  '', ( #10527 ), #9970 ) ;
#2176 = EDGE_CURVE ( 'NONE', #10919, #5999, #4772, .T. ) ;
#2177 = DIRECTION ( 'NONE',  ( -0.8660254037844383745, 0.000000000000000000, -0.5000000000000003331 ) ) ;
#2178 = CARTESIAN_POINT ( 'NONE',  ( -1.750000000000002665, -18.21991441758264685, -22.23122803625566846 ) ) ;
#2179 = ORIENTED_EDGE ( 'NONE', *, *, #8212, .F. ) ;
#2180 = CARTESIAN_POINT ( 'NONE',  ( 13.69829723630774154, 6.490181703155796455, -1.750000000000410338 ) ) ;
#2181 = ORIENTED_EDGE ( 'NONE', *, *, #10867, .F. ) ;
#2182 = ORIENTED_EDGE ( 'NONE', *, *, #9017, .T. ) ;
#2183 = CARTESIAN_POINT ( 'NONE',  ( 12.98685175411945991, 10.19954933640123151, -5.477236414002906173 ) ) ;
#2184 = AXIS2_PLACEMENT_3D ( 'NONE', #270, #7350, #10784 ) ;
#2185 = DIRECTION ( 'NONE',  ( 0.000000000000000000, 0.000000000000000000, 1.000000000000000000 ) ) ;
#2186 = DIRECTION ( 'NONE',  ( -0.000000000000000000, 1.000000000000000000, -0.000000000000000000 ) ) ;
#2187 = ORIENTED_EDGE ( 'NONE', *, *, #8640, .F. ) ;
#2188 = FILL_AREA_STYLE ('',( #5634 ) ) ;
#2189 = TOROIDAL_SURFACE ( 'NONE', #8568, 13.97097042681812873, 1.000000000000000000 ) ;
#2190 = B_SPLINE_CURVE_WITH_KNOTS ( 'NONE', 3,
 ( #9005, #6379, #5600, #7206 ),
 .UNSPECIFIED., .F., .F.,
 ( 4, 4 ),
 ( 0.0005294582654890436302, 0.007640805118562054785 ),
 .UNSPECIFIED. ) ;
#2191 = ORIENTED_EDGE ( 'NONE', *, *, #5991, .F. ) ;
#2192 = CARTESIAN_POINT ( 'NONE',  ( 0.000000000000000000, 5.499999999999999112, 0.000000000000000000 ) ) ;
#2193 =( GEOMETRIC_REPRESENTATION_CONTEXT ( 3 ) GLOBAL_UNCERTAINTY_ASSIGNED_CONTEXT ( ( #10460 ) ) GLOBAL_UNIT_ASSIGNED_CONTEXT ( ( #6834, #8589, #3377 ) ) REPRESENTATION_CONTEXT ( 'NONE', 'WORKASPACE' ) );
#2194 = VERTEX_POINT ( 'NONE', #8291 ) ;
#2195 = ORIENTED_EDGE ( 'NONE', *, *, #730, .F. ) ;
#2196 = CONICAL_SURFACE ( 'NONE', #4769, 9.000000000000000000, 0.5996168419455644161 ) ;
#2197 = ORIENTED_EDGE ( 'NONE', *, *, #9877, .T. ) ;
#2198 = AXIS2_PLACEMENT_3D ( 'NONE', #7856, #9709, #3442 ) ;
#2199 = EDGE_CURVE ( 'NONE', #10413, #7736, #2867, .T. ) ;
#2200 = DIRECTION ( 'NONE',  ( -0.000000000000000000, 1.000000000000000000, -0.000000000000000000 ) ) ;
#2201 = FILL_AREA_STYLE ('',( #3091 ) ) ;
#2202 = DIRECTION ( 'NONE',  ( 0.000000000000000000, -0.000000000000000000, -1.000000000000000000 ) ) ;
#2203 = CARTESIAN_POINT ( 'NONE',  ( -9.600069561505057081, 10.49999999999999822, 20.12780823672225239 ) ) ;
#2204 =( NAMED_UNIT ( * ) SI_UNIT ( $, .STERADIAN. ) SOLID_ANGLE_UNIT ( ) );
#2205 = EDGE_LOOP ( 'NONE', ( #3871, #2585, #10210, #10417 ) ) ;
#2206 = PRESENTATION_LAYER_ASSIGNMENT (  '', '', ( #1671 ) ) ;
#2207 = MECHANICAL_DESIGN_GEOMETRIC_PRESENTATION_REPRESENTATION (  '', ( #7141 ), #1846 ) ;
#2208 = SURFACE_SIDE_STYLE ('',( #1484 ) ) ;
#2209 = VERTEX_POINT ( 'NONE', #6700 ) ;
#2210 = CARTESIAN_POINT ( 'NONE',  ( 2.974444766188811595, 0.2178369010166502084, -8.651889459346330469 ) ) ;
#2211 =( GEOMETRIC_REPRESENTATION_CONTEXT ( 3 ) GLOBAL_UNCERTAINTY_ASSIGNED_CONTEXT ( ( #905 ) ) GLOBAL_UNIT_ASSIGNED_CONTEXT ( ( #9929, #2823, #1187 ) ) REPRESENTATION_CONTEXT ( 'NONE', 'WORKASPACE' ) );
#2212 = ORIENTED_EDGE ( 'NONE', *, *, #894, .T. ) ;
#2213 = EDGE_CURVE ( 'NONE', #6212, #9491, #995, .T. ) ;
#2214 = DIRECTION ( 'NONE',  ( -0.000000000000000000, -1.000000000000000000, -0.000000000000000000 ) ) ;
#2215 = DIRECTION ( 'NONE',  ( 0.000000000000000000, -1.000000000000000000, 0.000000000000000000 ) ) ;
#2216 = CIRCLE ( 'NONE', #3672, 22.30000000000000071 ) ;
#2217 = ORIENTED_EDGE ( 'NONE', *, *, #9889, .T. ) ;
#2218 = CARTESIAN_POINT ( 'NONE',  ( 0.000000000000000000, -13.25000000000000178, 29.50000000000000000 ) ) ;
#2219 = DIRECTION ( 'NONE',  ( -0.000000000000000000, -1.000000000000000000, -0.000000000000000000 ) ) ;
#2220 = DIRECTION ( 'NONE',  ( 0.000000000000000000, 0.000000000000000000, 1.000000000000000000 ) ) ;
#2221 = PRESENTATION_STYLE_ASSIGNMENT (( #731 ) ) ;
#2222 = PRESENTATION_LAYER_ASSIGNMENT (  '', '', ( #10395 ) ) ;
#2223 = ORIENTED_EDGE ( 'NONE', *, *, #1501, .F. ) ;
#2224 = CARTESIAN_POINT ( 'NONE',  ( 11.24311863960187274, 10.19249530351371291, -8.511943515268693972 ) ) ;
#2225 = COLOUR_RGB ( '',0.1529411764705882470, 0.4901960784313725283, 1.000000000000000000 ) ;
#2226 = ADVANCED_FACE ( 'NONE', ( #3021 ), #3080, .F. ) ;
#2227 = ADVANCED_FACE ( 'NONE', ( #3968 ), #9192, .F. ) ;
#2228 = AXIS2_PLACEMENT_3D ( 'NONE', #4559, #96, #900 ) ;
#2229 =( NAMED_UNIT ( * ) PLANE_ANGLE_UNIT ( ) SI_UNIT ( $, .RADIAN. ) );
#2230 = FILL_AREA_STYLE_COLOUR ( '', #10675 ) ;
#2231 =( LENGTH_UNIT ( ) NAMED_UNIT ( * ) SI_UNIT ( .MILLI., .METRE. ) );
#2232 = AXIS2_PLACEMENT_3D ( 'NONE', #10351, #11155, #6910 ) ;
#2233 = DIRECTION ( 'NONE',  ( -0.000000000000000000, 1.000000000000000000, -0.000000000000000000 ) ) ;
#2234 = CARTESIAN_POINT ( 'NONE',  ( -2.927091103288670837, 0.08184789799993430481, 8.569870509278825210 ) ) ;
#2235 = MECHANICAL_DESIGN_GEOMETRIC_PRESENTATION_REPRESENTATION (  '', ( #775 ), #5894 ) ;
#2236 = B_SPLINE_CURVE_WITH_KNOTS ( 'NONE', 3,
 ( #1108, #3729, #6399, #8863 ),
 .UNSPECIFIED., .F., .F.,
 ( 4, 4 ),
 ( 0.01661598937564638320, 0.02708069842683682310 ),
 .UNSPECIFIED. ) ;
#2237 = DIRECTION ( 'NONE',  ( 0.000000000000000000, 0.000000000000000000, -1.000000000000000000 ) ) ;
#2238 = PRESENTATION_STYLE_ASSIGNMENT (( #4705 ) ) ;
#2239 = DIRECTION ( 'NONE',  ( 0.000000000000000000, -1.000000000000000000, 0.000000000000000000 ) ) ;
#2240 = ORIENTED_EDGE ( 'NONE', *, *, #9454, .T. ) ;
#2241 = CARTESIAN_POINT ( 'NONE',  ( 21.93028727582013460, 10.49999999999999822, -1.750000000000412559 ) ) ;
#2242 = CARTESIAN_POINT ( 'NONE',  ( 0.000000000000000000, 1.499999999999999556, 0.000000000000000000 ) ) ;
#2243 =( LENGTH_UNIT ( ) NAMED_UNIT ( * ) SI_UNIT ( .MILLI., .METRE. ) );
#2244 = CIRCLE ( 'NONE', #8790, 22.00000000000000000 ) ;
#2245 = DIRECTION ( 'NONE',  ( -0.000000000000000000, -1.000000000000000000, -0.000000000000000000 ) ) ;
#2246 = CIRCLE ( 'NONE', #3700, 13.97097042681812873 ) ;
#2247 = ORIENTED_EDGE ( 'NONE', *, *, #6107, .T. ) ;
#2248 = ADVANCED_FACE ( 'NONE', ( #6502 ), #9840, .F. ) ;
#2249 = EDGE_CURVE ( 'NONE', #2579, #5129, #10744, .T. ) ;
#2250 = SURFACE_STYLE_FILL_AREA ( #6645 ) ;
#2251 = CIRCLE ( 'NONE', #8797, 0.2500000000000002220 ) ;
#2252 = PRESENTATION_LAYER_ASSIGNMENT (  '', '', ( #3888 ) ) ;
#2253 = CARTESIAN_POINT ( 'NONE',  ( 0.000000000000000000, 13.44999999999999929, 0.000000000000000000 ) ) ;
#2254 = PRESENTATION_STYLE_ASSIGNMENT (( #10141 ) ) ;
#2255 = FACE_OUTER_BOUND ( 'NONE', #5230, .T. ) ;
#2256 =( NAMED_UNIT ( * ) SI_UNIT ( $, .STERADIAN. ) SOLID_ANGLE_UNIT ( ) );
#2257 = ORIENTED_EDGE ( 'NONE', *, *, #4043, .T. ) ;
#2258 = ORIENTED_EDGE ( 'NONE', *, *, #3449, .F. ) ;
#2259 = DIRECTION ( 'NONE',  ( 0.000000000000000000, 0.000000000000000000, -1.000000000000000000 ) ) ;
#2260 = LINE ( 'NONE', #9258, #3962 ) ;
#2261 = ORIENTED_EDGE ( 'NONE', *, *, #7844, .F. ) ;
#2262 = PRESENTATION_STYLE_ASSIGNMENT (( #487 ) ) ;
#2263 = ORIENTED_EDGE ( 'NONE', *, *, #6724, .T. ) ;
#2264 = DIRECTION ( 'NONE',  ( 0.000000000000000000, 0.000000000000000000, 1.000000000000000000 ) ) ;
#2265 = SURFACE_STYLE_FILL_AREA ( #7629 ) ;
#2266 =( NAMED_UNIT ( * ) SI_UNIT ( $, .STERADIAN. ) SOLID_ANGLE_UNIT ( ) );
#2267 = COLOUR_RGB ( '',0.1529411764705882470, 0.4901960784313725283, 1.000000000000000000 ) ;
#2268 = FILL_AREA_STYLE ('',( #8308 ) ) ;
#2269 = UNCERTAINTY_MEASURE_WITH_UNIT (LENGTH_MEASURE( 1.000000000000000082E-05 ), #4611, 'distance_accuracy_value', 'NONE');
#2270 = VERTEX_POINT ( 'NONE', #7319 ) ;
#2271 = PRESENTATION_STYLE_ASSIGNMENT (( #5870 ) ) ;
#2272 = CYLINDRICAL_SURFACE ( 'NONE', #1123, 0.2500000000000002220 ) ;
#2273 = ADVANCED_FACE ( 'NONE', ( #2945 ), #2794, .F. ) ;
#2274 = CARTESIAN_POINT ( 'NONE',  ( 0.000000000000000000, 0.5000000000000000000, 0.000000000000000000 ) ) ;
#2275 = ORIENTED_EDGE ( 'NONE', *, *, #10995, .F. ) ;
#2276 = CARTESIAN_POINT ( 'NONE',  ( 0.000000000000000000, 0.000000000000000000, 0.000000000000000000 ) ) ;
#2277 = STYLED_ITEM ( 'NONE', ( #9441 ), #4484 ) ;
#2278 = CARTESIAN_POINT ( 'NONE',  ( 0.000000000000000000, 10.06432619796669670, 0.000000000000000000 ) ) ;
#2279 = VERTEX_POINT ( 'NONE', #10239 ) ;
#2280 = CARTESIAN_POINT ( 'NONE',  ( 0.000000000000000000, 12.44999999999999929, 0.000000000000000000 ) ) ;
#2281 = CARTESIAN_POINT ( 'NONE',  ( 7.957677485576783560, 1.500000000000251132, 1.749999999999590328 ) ) ;
#2282 = EDGE_LOOP ( 'NONE', ( #1967, #9099, #8858, #4226 ) ) ;
#2283 = UNCERTAINTY_MEASURE_WITH_UNIT (LENGTH_MEASURE( 1.000000000000000082E-05 ), #619, 'distance_accuracy_value', 'NONE');
#2284 = PRESENTATION_STYLE_ASSIGNMENT (( #10063 ) ) ;
#2285 = UNCERTAINTY_MEASURE_WITH_UNIT (LENGTH_MEASURE( 1.000000000000000082E-05 ), #738, 'distance_accuracy_value', 'NONE');
#2286 = TOROIDAL_SURFACE ( 'NONE', #8831, 8.736131791852239203, 0.5000000000000000000 ) ;
#2287 = PRESENTATION_STYLE_ASSIGNMENT (( #10065 ) ) ;
#2288 = FACE_OUTER_BOUND ( 'NONE', #9762, .T. ) ;
#2289 = VERTEX_POINT ( 'NONE', #3061 ) ;
#2290 = EDGE_CURVE ( 'NONE', #1304, #9988, #3576, .T. ) ;
#2291 = DIRECTION ( 'NONE',  ( -0.000000000000000000, 1.000000000000000000, -0.000000000000000000 ) ) ;
#2292 = CARTESIAN_POINT ( 'NONE',  ( -5.251629952056230621, 6.459664993593750459, -12.59608989951224167 ) ) ;
#2293 = DIRECTION ( 'NONE',  ( 1.000000000000000000, 0.000000000000000000, -3.038353123523052989E-16 ) ) ;
#2294 = PRESENTATION_LAYER_ASSIGNMENT (  '', '', ( #825 ) ) ;
#2295 = CIRCLE ( 'NONE', #8838, 0.2500000000000002220 ) ;
#2296 = CARTESIAN_POINT ( 'NONE',  ( 20.68287334970656843, -13.25000000000000178, -20.43287334970646185 ) ) ;
#2297 = CARTESIAN_POINT ( 'NONE',  ( -1.749999999999996447, 10.49999999999999822, 14.72410497215828507 ) ) ;
#2298 = CARTESIAN_POINT ( 'NONE',  ( 21.92031021678289804, 13.44999999999999929, 21.92031021678305081 ) ) ;
#2299 = FILL_AREA_STYLE ('',( #6636 ) ) ;
#2300 = ORIENTED_EDGE ( 'NONE', *, *, #4752, .T. ) ;
#2301 = EDGE_CURVE ( 'NONE', #7084, #6707, #10621, .T. ) ;
#2302 = DIRECTION ( 'NONE',  ( 0.000000000000000000, -1.000000000000000000, 0.000000000000000000 ) ) ;
#2303 = AXIS2_PLACEMENT_3D ( 'NONE', #3816, #4638, #6380 ) ;
#2304 = EDGE_CURVE ( 'NONE', #3751, #4600, #407, .T. ) ;
#2305 = DIRECTION ( 'NONE',  ( -0.000000000000000000, 1.000000000000000000, 0.000000000000000000 ) ) ;
#2306 = CARTESIAN_POINT ( 'NONE',  ( 0.000000000000000000, 0.2178369010166492092, 9.148907742668312082 ) ) ;
#2307 = CARTESIAN_POINT ( 'NONE',  ( 7.766550857632748439, 0.000000000000000000, -2.463294286165474745 ) ) ;
#2308 = SURFACE_STYLE_USAGE ( .BOTH. , #3131 ) ;
#2309 = PRESENTATION_LAYER_ASSIGNMENT (  '', '', ( #7777 ) ) ;
#2310 =( NAMED_UNIT ( * ) PLANE_ANGLE_UNIT ( ) SI_UNIT ( $, .RADIAN. ) );
#2311 = CARTESIAN_POINT ( 'NONE',  ( -1.749999999999994671, 10.49999999999845102, 22.00963872648455322 ) ) ;
#2312 =( NAMED_UNIT ( * ) SI_UNIT ( $, .STERADIAN. ) SOLID_ANGLE_UNIT ( ) );
#2313 = ORIENTED_EDGE ( 'NONE', *, *, #2703, .F. ) ;
#2314 = EDGE_CURVE ( 'NONE', #6721, #8760, #3944, .T. ) ;
#2315 = ORIENTED_EDGE ( 'NONE', *, *, #8952, .F. ) ;
#2316 = FACE_OUTER_BOUND ( 'NONE', #3896, .T. ) ;
#2317 = STYLED_ITEM ( 'NONE', ( #1192 ), #10083 ) ;
#2318 = FILL_AREA_STYLE_COLOUR ( '', #6697 ) ;
#2319 = CIRCLE ( 'NONE', #8678, 8.147829831584077809 ) ;
#2320 = ORIENTED_EDGE ( 'NONE', *, *, #6678, .F. ) ;
#2321 = ORIENTED_EDGE ( 'NONE', *, *, #1743, .F. ) ;
#2322 = SURFACE_SIDE_STYLE ('',( #1367 ) ) ;
#2323 = VERTEX_POINT ( 'NONE', #10124 ) ;
#2324 = SURFACE_STYLE_USAGE ( .BOTH. , #3211 ) ;
#2325 = CARTESIAN_POINT ( 'NONE',  ( -11.12892169252481089, 6.499999999999999112, -8.446011877133338785 ) ) ;
#2326 = CARTESIAN_POINT ( 'NONE',  ( 0.000000000000000000, 0.000000000000000000, 0.000000000000000000 ) ) ;
#2327 = CARTESIAN_POINT ( 'NONE',  ( 3.980102097228898626E-15, 12.44999999999999929, 32.50000000000000000 ) ) ;
#2328 = VECTOR ( 'NONE', #9842, 1000.000000000000000 ) ;
#2329 = DIRECTION ( 'NONE',  ( 0.000000000000000000, 0.000000000000000000, 1.000000000000000000 ) ) ;
#2330 = ORIENTED_EDGE ( 'NONE', *, *, #10767, .T. ) ;
#2331 = SURFACE_STYLE_FILL_AREA ( #5811 ) ;
#2332 = ADVANCED_FACE ( 'NONE', ( #459 ), #5724, .T. ) ;
#2333 = DIRECTION ( 'NONE',  ( 0.000000000000000000, 0.000000000000000000, 1.000000000000000000 ) ) ;
#2334 = VERTEX_POINT ( 'NONE', #10923 ) ;
#2335 = AXIS2_PLACEMENT_3D ( 'NONE', #6448, #132, #1906 ) ;
#2336 = FACE_OUTER_BOUND ( 'NONE', #7210, .T. ) ;
#2337 = CIRCLE ( 'NONE', #5622, 8.147829831584077809 ) ;
#2338 = DIRECTION ( 'NONE',  ( -0.000000000000000000, 1.000000000000000000, -0.000000000000000000 ) ) ;
#2339 = ORIENTED_EDGE ( 'NONE', *, *, #4135, .T. ) ;
#2340 = CARTESIAN_POINT ( 'NONE',  ( 3.980102097228898626E-15, -12.15000000000000036, 32.50000000000000000 ) ) ;
#2341 = CARTESIAN_POINT ( 'NONE',  ( -1.749999999999996669, 10.06432619796669847, 13.89239616418560352 ) ) ;
#2342 = PRESENTATION_LAYER_ASSIGNMENT (  '', '', ( #9605 ) ) ;
#2343 = CARTESIAN_POINT ( 'NONE',  ( 0.000000000000000000, 0.2178369010166492092, 0.000000000000000000 ) ) ;
#2344 = ORIENTED_EDGE ( 'NONE', *, *, #3945, .T. ) ;
#2345 = DIRECTION ( 'NONE',  ( -0.000000000000000000, 1.000000000000000000, 0.000000000000000000 ) ) ;
#2346 =( NAMED_UNIT ( * ) PLANE_ANGLE_UNIT ( ) SI_UNIT ( $, .RADIAN. ) );
#2347 = PRESENTATION_STYLE_ASSIGNMENT (( #8454 ) ) ;
#2348 = PRESENTATION_LAYER_ASSIGNMENT (  '', '', ( #8528 ) ) ;
#2349 = SURFACE_SIDE_STYLE ('',( #6564 ) ) ;
#2350 = DIRECTION ( 'NONE',  ( 1.000000000000000000, -0.000000000000000000, 1.224646799147353207E-16 ) ) ;
#2351 = DIRECTION ( 'NONE',  ( -0.000000000000000000, 1.000000000000000000, -0.000000000000000000 ) ) ;
#2352 = SURFACE_STYLE_USAGE ( .BOTH. , #10128 ) ;
#2353 = ADVANCED_FACE ( 'NONE', ( #5773 ), #3292, .F. ) ;
#2354 = B_SPLINE_CURVE_WITH_KNOTS ( 'NONE', 3,
 ( #4249, #3366, #10147, #2365 ),
 .UNSPECIFIED., .F., .F.,
 ( 4, 4 ),
 ( 0.01661598937564672668, 0.02708069842683686126 ),
 .UNSPECIFIED. ) ;
#2355 = DIRECTION ( 'NONE',  ( 0.000000000000000000, -1.000000000000000000, 0.000000000000000000 ) ) ;
#2356 = ORIENTED_EDGE ( 'NONE', *, *, #5748, .F. ) ;
#2357 = DIRECTION ( 'NONE',  ( -0.000000000000000000, -1.000000000000000000, -0.000000000000000000 ) ) ;
#2358 = FACE_OUTER_BOUND ( 'NONE', #1812, .T. ) ;
#2359 = CARTESIAN_POINT ( 'NONE',  ( 13.46299277763315594, 6.422318986420084030, -1.750000000000411005 ) ) ;
#2360 = CARTESIAN_POINT ( 'NONE',  ( -8.572711958591515469, 10.30006695603317368, -11.34837267093416280 ) ) ;
#2361 = EDGE_CURVE ( 'NONE', #2690, #7095, #3867, .T. ) ;
#2362 = CARTESIAN_POINT ( 'NONE',  ( 12.90616799762229583, 10.06432619796679795, -5.430653625470038826 ) ) ;
#2363 = CARTESIAN_POINT ( 'NONE',  ( -13.98556174125133822, 10.19954933640112316, -1.749999999999730216 ) ) ;
#2364 = CARTESIAN_POINT ( 'NONE',  ( -1.749999999999994449, 10.72064156802580470, 22.23122803625566846 ) ) ;
#2365 = CARTESIAN_POINT ( 'NONE',  ( 13.89239616418565504, 10.06432619796669847, 1.749999999999589440 ) ) ;
#2366 = AXIS2_PLACEMENT_3D ( 'NONE', #4633, #8097, #2833 ) ;
#2367 = ORIENTED_EDGE ( 'NONE', *, *, #2086, .F. ) ;
#2368 = ORIENTED_EDGE ( 'NONE', *, *, #3524, .T. ) ;
#2369 = FILL_AREA_STYLE ('',( #8683 ) ) ;
#2370 = STYLED_ITEM ( 'NONE', ( #5626 ), #5721 ) ;
#2371 = LINE ( 'NONE', #9972, #11088 ) ;
#2372 = DIRECTION ( 'NONE',  ( -0.000000000000000000, 1.000000000000000000, -0.000000000000000000 ) ) ;
#2373 = ORIENTED_EDGE ( 'NONE', *, *, #9655, .F. ) ;
#2374 = ORIENTED_EDGE ( 'NONE', *, *, #4599, .T. ) ;
#2375 = PRESENTATION_LAYER_ASSIGNMENT (  '', '', ( #7299 ) ) ;
#2376 = ORIENTED_EDGE ( 'NONE', *, *, #7270, .F. ) ;
#2377 = EDGE_CURVE ( 'NONE', #2194, #1151, #8237, .T. ) ;
#2378 = FACE_OUTER_BOUND ( 'NONE', #6294, .T. ) ;
#2379 = ADVANCED_FACE ( 'NONE', ( #1392 ), #4173, .F. ) ;
#2380 = DIRECTION ( 'NONE',  ( 0.000000000000000000, 0.000000000000000000, -1.000000000000000000 ) ) ;
#2381 = DIRECTION ( 'NONE',  ( -0.000000000000000000, 1.000000000000000000, -0.000000000000000000 ) ) ;
#2382 = DIRECTION ( 'NONE',  ( 0.000000000000000000, 0.000000000000000000, -1.000000000000000000 ) ) ;
#2383 = CARTESIAN_POINT ( 'NONE',  ( 12.48068809453286931, 10.49999999999999822, -18.11718589315088579 ) ) ;
#2384 =( NAMED_UNIT ( * ) SI_UNIT ( $, .STERADIAN. ) SOLID_ANGLE_UNIT ( ) );
#2385 = UNCERTAINTY_MEASURE_WITH_UNIT (LENGTH_MEASURE( 1.000000000000000082E-05 ), #9270, 'distance_accuracy_value', 'NONE');
#2386 = ORIENTED_EDGE ( 'NONE', *, *, #7401, .T. ) ;
#2387 = MECHANICAL_DESIGN_GEOMETRIC_PRESENTATION_REPRESENTATION (  '', ( #6204 ), #929 ) ;
#2388 = SURFACE_STYLE_USAGE ( .BOTH. , #10167 ) ;
#2389 = STYLED_ITEM ( 'NONE', ( #2607 ), #6843 ) ;
#2390 =( GEOMETRIC_REPRESENTATION_CONTEXT ( 3 ) GLOBAL_UNCERTAINTY_ASSIGNED_CONTEXT ( ( #10104 ) ) GLOBAL_UNIT_ASSIGNED_CONTEXT ( ( #9815, #1302, #5636 ) ) REPRESENTATION_CONTEXT ( 'NONE', 'WORKASPACE' ) );
#2391 = SURFACE_STYLE_USAGE ( .BOTH. , #7636 ) ;
#2392 = ORIENTED_EDGE ( 'NONE', *, *, #8856, .T. ) ;
#2393 = DIRECTION ( 'NONE',  ( 0.000000000000000000, 0.000000000000000000, 1.000000000000000000 ) ) ;
#2394 = CARTESIAN_POINT ( 'NONE',  ( 14.56158487670610668, 10.49017815798891640, 1.749999999999589662 ) ) ;
#2395 = EDGE_CURVE ( 'NONE', #649, #3990, #10031, .T. ) ;
#2396 = AXIS2_PLACEMENT_3D ( 'NONE', #6286, #8736, #4534 ) ;
#2397 = UNCERTAINTY_MEASURE_WITH_UNIT (LENGTH_MEASURE( 1.000000000000000082E-05 ), #8401, 'distance_accuracy_value', 'NONE');
#2398 =( GEOMETRIC_REPRESENTATION_CONTEXT ( 3 ) GLOBAL_UNCERTAINTY_ASSIGNED_CONTEXT ( ( #7296 ) ) GLOBAL_UNIT_ASSIGNED_CONTEXT ( ( #7056, #9809, #2903 ) ) REPRESENTATION_CONTEXT ( 'NONE', 'WORKASPACE' ) );
#2399 =( NAMED_UNIT ( * ) PLANE_ANGLE_UNIT ( ) SI_UNIT ( $, .RADIAN. ) );
#2400 = PRESENTATION_LAYER_ASSIGNMENT (  '', '', ( #9825 ) ) ;
#2401 = CARTESIAN_POINT ( 'NONE',  ( 0.000000000000000000, -13.15000000000000213, 0.000000000000000000 ) ) ;
#2402 = ORIENTED_EDGE ( 'NONE', *, *, #7530, .F. ) ;
#2403 = FACE_OUTER_BOUND ( 'NONE', #663, .T. ) ;
#2404 = AXIS2_PLACEMENT_3D ( 'NONE', #9983, #1537, #1372 ) ;
#2405 = ORIENTED_EDGE ( 'NONE', *, *, #1902, .F. ) ;
#2406 = CARTESIAN_POINT ( 'NONE',  ( -8.075101441731314722, 2.163045022804062079, 6.682887933280808213 ) ) ;
#2407 = CIRCLE ( 'NONE', #6958, 28.99999999999999645 ) ;
#2408 = CARTESIAN_POINT ( 'NONE',  ( -20.12780823672231634, 10.80000000000000071, -9.600069561504927407 ) ) ;
#2409 = VERTEX_POINT ( 'NONE', #3404 ) ;
#2410 = VECTOR ( 'NONE', #8969, 1000.000000000000000 ) ;
#2411 = CARTESIAN_POINT ( 'NONE',  ( -11.15616799762221945, 10.06432619796669847, 8.461742538715576245 ) ) ;
#2412 = CYLINDRICAL_SURFACE ( 'NONE', #10765, 30.99999999999999645 ) ;
#2413 = CIRCLE ( 'NONE', #10566, 0.2500000000000002220 ) ;
#2414 = ORIENTED_EDGE ( 'NONE', *, *, #7752, .F. ) ;
#2415 =( GEOMETRIC_REPRESENTATION_CONTEXT ( 3 ) GLOBAL_UNCERTAINTY_ASSIGNED_CONTEXT ( ( #9434 ) ) GLOBAL_UNIT_ASSIGNED_CONTEXT ( ( #6819, #7726, #10085 ) ) REPRESENTATION_CONTEXT ( 'NONE', 'WORKASPACE' ) );
#2416 = CARTESIAN_POINT ( 'NONE',  ( 14.30000000000000071, 10.49999999999999822, 0.000000000000000000 ) ) ;
#2417 = CARTESIAN_POINT ( 'NONE',  ( 20.68287334970658264, 13.54999999999999893, 20.68287334970643698 ) ) ;
#2418 = EDGE_CURVE ( 'NONE', #9127, #10430, #6406, .T. ) ;
#2419 = AXIS2_PLACEMENT_3D ( 'NONE', #6434, #10583, #8945 ) ;
#2420 = COLOUR_RGB ( '',0.1529411764705882470, 0.4901960784313725283, 1.000000000000000000 ) ;
#2421 = PLANE ( 'NONE',  #10720 ) ;
#2422 = CARTESIAN_POINT ( 'NONE',  ( -20.85965004500322806, -13.15000000000000213, -20.85965004500307174 ) ) ;
#2423 =( LENGTH_UNIT ( ) NAMED_UNIT ( * ) SI_UNIT ( .MILLI., .METRE. ) );
#2424 = VECTOR ( 'NONE', #11112, 1000.000000000000000 ) ;
#2425 = EDGE_LOOP ( 'NONE', ( #814, #9480, #6901, #6655 ) ) ;
#2426 = ORIENTED_EDGE ( 'NONE', *, *, #4357, .F. ) ;
#2427 = EDGE_CURVE ( 'NONE', #1741, #5382, #7523, .T. ) ;
#2428 = DIRECTION ( 'NONE',  ( -8.881784197001250746E-15, 0.000000000000000000, 1.000000000000000000 ) ) ;
#2429 = ORIENTED_EDGE ( 'NONE', *, *, #6692, .F. ) ;
#2430 = AXIS2_PLACEMENT_3D ( 'NONE', #1975, #9765, #901 ) ;
#2431 = ORIENTED_EDGE ( 'NONE', *, *, #2990, .T. ) ;
#2432 = PRESENTATION_LAYER_ASSIGNMENT (  '', '', ( #58 ) ) ;
#2433 = DIRECTION ( 'NONE',  ( -0.000000000000000000, 1.000000000000000000, -0.000000000000000000 ) ) ;
#2434 = FILL_AREA_STYLE ('',( #10212 ) ) ;
#2435 = B_SPLINE_CURVE_WITH_KNOTS ( 'NONE', 3,
 ( #8011, #1222, #10538, #2736 ),
 .UNSPECIFIED., .F., .F.,
 ( 4, 4 ),
 ( 2.441178545092541965E-07, 0.01041986825085306802 ),
 .UNSPECIFIED. ) ;
#2436 = SURFACE_STYLE_USAGE ( .BOTH. , #1633 ) ;
#2437 =( LENGTH_UNIT ( ) NAMED_UNIT ( * ) SI_UNIT ( .MILLI., .METRE. ) );
#2438 = CIRCLE ( 'NONE', #7719, 1.000000000000000888 ) ;
#2439 = CARTESIAN_POINT ( 'NONE',  ( 20.68287334970658264, -13.15000000000000213, 20.68287334970643698 ) ) ;
#2440 = SURFACE_STYLE_USAGE ( .BOTH. , #8425 ) ;
#2441 = EDGE_LOOP ( 'NONE', ( #6860, #8837, #9604, #4339 ) ) ;
#2442 = SURFACE_STYLE_USAGE ( .BOTH. , #10166 ) ;
#2443 = VECTOR ( 'NONE', #7971, 1000.000000000000000 ) ;
#2444 = EDGE_CURVE ( 'NONE', #3260, #8507, #45, .T. ) ;
#2445 = ADVANCED_FACE ( 'NONE', ( #1605 ), #10514, .F. ) ;
#2446 = ORIENTED_EDGE ( 'NONE', *, *, #10637, .T. ) ;
#2447 = CIRCLE ( 'NONE', #5021, 29.50000000000000000 ) ;
#2448 = CARTESIAN_POINT ( 'NONE',  ( 0.000000000000000000, 6.499999999999999112, 0.000000000000000000 ) ) ;
#2449 = DIRECTION ( 'NONE',  ( 0.000000000000000000, 0.000000000000000000, -1.000000000000000000 ) ) ;
#2450 = CARTESIAN_POINT ( 'NONE',  ( -8.287362917009536645, 0.000000000000000000, -2.763985268843986987 ) ) ;
#2451 = FILL_AREA_STYLE_COLOUR ( '', #3275 ) ;
#2452 = DIRECTION ( 'NONE',  ( -0.000000000000000000, 1.000000000000000000, -0.000000000000000000 ) ) ;
#2453 = VERTEX_POINT ( 'NONE', #9399 ) ;
#2454 = SURFACE_STYLE_USAGE ( .BOTH. , #11150 ) ;
#2455 =( NAMED_UNIT ( * ) PLANE_ANGLE_UNIT ( ) SI_UNIT ( $, .RADIAN. ) );
#2456 = MECHANICAL_DESIGN_GEOMETRIC_PRESENTATION_REPRESENTATION (  '', ( #3534 ), #3911 ) ;
#2457 = EDGE_CURVE ( 'NONE', #8478, #10677, #6236, .T. ) ;
#2458 = ADVANCED_FACE ( 'NONE', ( #2613 ), #3587, .F. ) ;
#2459 = ORIENTED_EDGE ( 'NONE', *, *, #3108, .T. ) ;
#2460 = CARTESIAN_POINT ( 'NONE',  ( -9.242385895282575703, 4.112992312804657935, 7.356819926759492922 ) ) ;
#2461 = DIRECTION ( 'NONE',  ( -0.000000000000000000, 1.000000000000000000, -0.000000000000000000 ) ) ;
#2462 = CARTESIAN_POINT ( 'NONE',  ( 0.000000000000000000, 10.49999999999999822, 0.000000000000000000 ) ) ;
#2463 = CARTESIAN_POINT ( 'NONE',  ( 0.000000000000000000, 0.5000000000000000000, 0.000000000000000000 ) ) ;
#2464 = EDGE_LOOP ( 'NONE', ( #9203, #8056, #5288, #6649 ) ) ;
#2465 = CONICAL_SURFACE ( 'NONE', #4853, 14.30000000000000071, 0.5996168419455644161 ) ;
#2466 = CARTESIAN_POINT ( 'NONE',  ( 13.34382354335170895, 10.45964560473159111, 5.683334172609280088 ) ) ;
#2467 = EDGE_LOOP ( 'NONE', ( #2878, #8908, #5374, #5516 ) ) ;
#2468 = FACE_OUTER_BOUND ( 'NONE', #6412, .T. ) ;
#2469 = EDGE_CURVE ( 'NONE', #5035, #2530, #4617, .T. ) ;
#2470 =( LENGTH_UNIT ( ) NAMED_UNIT ( * ) SI_UNIT ( .MILLI., .METRE. ) );
#2471 = CARTESIAN_POINT ( 'NONE',  ( 0.000000000000000000, -13.25000000000000178, 0.000000000000000000 ) ) ;
#2472 = AXIS2_PLACEMENT_3D ( 'NONE', #7643, #11086, #3286 ) ;
#2473 = DIRECTION ( 'NONE',  ( -0.000000000000000000, -1.000000000000000000, -0.000000000000000000 ) ) ;
#2474 = FILL_AREA_STYLE ('',( #9471 ) ) ;
#2475 = ORIENTED_EDGE ( 'NONE', *, *, #7621, .F. ) ;
#2476 = VERTEX_POINT ( 'NONE', #10159 ) ;
#2477 = DIRECTION ( 'NONE',  ( 0.000000000000000000, 0.000000000000000000, -1.000000000000000000 ) ) ;
#2478 = CARTESIAN_POINT ( 'NONE',  ( 1.750000000000001998, 0.2178369010166489872, 8.979978445623139294 ) ) ;
#2479 = ORIENTED_EDGE ( 'NONE', *, *, #5287, .T. ) ;
#2480 = COLOUR_RGB ( '',0.1529411764705882470, 0.4901960784313725283, 1.000000000000000000 ) ;
#2481 = ORIENTED_EDGE ( 'NONE', *, *, #9264, .F. ) ;
#2482 = DIRECTION ( 'NONE',  ( -0.000000000000000000, 1.000000000000000000, -0.000000000000000000 ) ) ;
#2483 = CARTESIAN_POINT ( 'NONE',  ( 0.000000000000000000, -13.25000000000000178, 0.000000000000000000 ) ) ;
#2484 = FACE_OUTER_BOUND ( 'NONE', #9638, .T. ) ;
#2485 = CARTESIAN_POINT ( 'NONE',  ( -22.98097038856284513, -13.25000000000000178, 22.98097038856274921 ) ) ;
#2486 = EDGE_CURVE ( 'NONE', #7341, #5587, #1419, .T. ) ;
#2487 = CARTESIAN_POINT ( 'NONE',  ( 8.508325327248483561, 10.19954933640122974, -11.23685175411944037 ) ) ;
#2488 = CARTESIAN_POINT ( 'NONE',  ( 7.090544456622537517, 6.499999999999999112, 8.781183252196369082 ) ) ;
#2489 = B_SPLINE_CURVE_WITH_KNOTS ( 'NONE', 3,
 ( #9536, #1787, #936, #4426 ),
 .UNSPECIFIED., .F., .F.,
 ( 4, 4 ),
 ( 0.0005292810400260031722, 0.01094890517302444036 ),
 .UNSPECIFIED. ) ;
#2490 = UNCERTAINTY_MEASURE_WITH_UNIT (LENGTH_MEASURE( 1.000000000000000082E-05 ), #5756, 'distance_accuracy_value', 'NONE');
#2491 = EDGE_LOOP ( 'NONE', ( #1983, #1915, #10249, #6822, #7710, #6747 ) ) ;
#2492 =( GEOMETRIC_REPRESENTATION_CONTEXT ( 3 ) GLOBAL_UNCERTAINTY_ASSIGNED_CONTEXT ( ( #8203 ) ) GLOBAL_UNIT_ASSIGNED_CONTEXT ( ( #1807, #779, #10333 ) ) REPRESENTATION_CONTEXT ( 'NONE', 'WORKASPACE' ) );
#2493 = STYLED_ITEM ( 'NONE', ( #2597 ), #9391 ) ;
#2494 = CARTESIAN_POINT ( 'NONE',  ( 5.805460283420678103, 10.49999999999999645, 13.55535217220781519 ) ) ;
#2495 = FACE_BOUND ( 'NONE', #4313, .T. ) ;
#2496 = ORIENTED_EDGE ( 'NONE', *, *, #8914, .F. ) ;
#2497 = CARTESIAN_POINT ( 'NONE',  ( 0.000000000000000000, 11.79999999999999716, 0.000000000000000000 ) ) ;
#2498 = FACE_OUTER_BOUND ( 'NONE', #6989, .T. ) ;
#2499 = CARTESIAN_POINT ( 'NONE',  ( 12.19833614036844516, 6.131962964354678469, -5.021986712143537090 ) ) ;
#2500 = ADVANCED_FACE ( 'NONE', ( #11067 ), #40, .T. ) ;
#2501 = DIRECTION ( 'NONE',  ( 0.000000000000000000, 0.000000000000000000, 1.000000000000000000 ) ) ;
#2502 = ADVANCED_FACE ( 'NONE', ( #2378 ), #11097, .F. ) ;
#2503 = UNCERTAINTY_MEASURE_WITH_UNIT (LENGTH_MEASURE( 1.000000000000000082E-05 ), #5919, 'distance_accuracy_value', 'NONE');
#2504 =( LENGTH_UNIT ( ) NAMED_UNIT ( * ) SI_UNIT ( .MILLI., .METRE. ) );
#2505 = EDGE_LOOP ( 'NONE', ( #11231, #666, #695, #8382 ) ) ;
#2506 = CIRCLE ( 'NONE', #10850, 0.2500000000000002220 ) ;
#2507 = DIRECTION ( 'NONE',  ( 0.000000000000000000, -1.000000000000000000, 0.000000000000000000 ) ) ;
#2508 = VERTEX_POINT ( 'NONE', #9418 ) ;
#2509 = CARTESIAN_POINT ( 'NONE',  ( 14.30000000000000071, 10.49999999999999822, 0.000000000000000000 ) ) ;
#2510 = DIRECTION ( 'NONE',  ( 1.224646799147353454E-16, 0.000000000000000000, -1.000000000000000000 ) ) ;
#2511 = CARTESIAN_POINT ( 'NONE',  ( 9.797174393178825657E-16, -4.000000000000000000, -8.000000000000000000 ) ) ;
#2512 = ADVANCED_FACE ( 'NONE', ( #5120 ), #10941, .F. ) ;
#2513 = CARTESIAN_POINT ( 'NONE',  ( -5.795074182089357429, 0.000000000000000000, -6.537362917009639673 ) ) ;
#2514 = ORIENTED_EDGE ( 'NONE', *, *, #6452, .T. ) ;
#2515 = DIRECTION ( 'NONE',  ( 0.000000000000000000, -1.000000000000000000, 0.000000000000000000 ) ) ;
#2516 = EDGE_CURVE ( 'NONE', #10877, #6894, #8070, .T. ) ;
#2517 = DIRECTION ( 'NONE',  ( 0.000000000000000000, 0.000000000000000000, 1.000000000000000000 ) ) ;
#2518 = CYLINDRICAL_SURFACE ( 'NONE', #5012, 32.50000000000000000 ) ;
#2519 = ORIENTED_EDGE ( 'NONE', *, *, #11050, .T. ) ;
#2520 = CIRCLE ( 'NONE', #9770, 13.14541852518598830 ) ;
#2521 = DIRECTION ( 'NONE',  ( -0.000000000000000000, 1.000000000000000000, -0.000000000000000000 ) ) ;
#2522 = CARTESIAN_POINT ( 'NONE',  ( 0.000000000000000000, 6.064326197966698473, 0.000000000000000000 ) ) ;
#2523 = SURFACE_STYLE_USAGE ( .BOTH. , #6001 ) ;
#2524 = CIRCLE ( 'NONE', #7811, 22.30000000000000071 ) ;
#2525 = CARTESIAN_POINT ( 'NONE',  ( -13.09569911728715397, 10.30978705923620886, 5.540079468428402265 ) ) ;
#2526 = DIRECTION ( 'NONE',  ( -1.000000000000000000, 0.000000000000000000, 1.823011874113831202E-16 ) ) ;
#2527 = CARTESIAN_POINT ( 'NONE',  ( 0.000000000000000000, 0.000000000000000000, 0.000000000000000000 ) ) ;
#2528 = EDGE_CURVE ( 'NONE', #3961, #4737, #1349, .T. ) ;
#2529 = SURFACE_STYLE_FILL_AREA ( #2474 ) ;
#2530 = VERTEX_POINT ( 'NONE', #7667 ) ;
#2531 = ORIENTED_EDGE ( 'NONE', *, *, #11022, .T. ) ;
#2532 = CARTESIAN_POINT ( 'NONE',  ( -5.373846036270237825, 6.500000000000000000, 12.80777436687268889 ) ) ;
#2533 = AXIS2_PLACEMENT_3D ( 'NONE', #6441, #2946, #9904 ) ;
#2534 = VERTEX_POINT ( 'NONE', #10089 ) ;
#2535 = ORIENTED_EDGE ( 'NONE', *, *, #7460, .F. ) ;
#2536 = EDGE_LOOP ( 'NONE', ( #7919, #5617, #3369, #2922 ) ) ;
#2537 = DIRECTION ( 'NONE',  ( 0.000000000000000000, 0.000000000000000000, 1.000000000000000000 ) ) ;
#2538 =( NAMED_UNIT ( * ) PLANE_ANGLE_UNIT ( ) SI_UNIT ( $, .RADIAN. ) );
#2539 = AXIS2_PLACEMENT_3D ( 'NONE', #4216, #9662, #1710 ) ;
#2540 = DIRECTION ( 'NONE',  ( -0.000000000000000000, -1.000000000000000000, -0.000000000000000000 ) ) ;
#2541 = CARTESIAN_POINT ( 'NONE',  ( 20.68287334970658264, 13.54999999999999893, 20.43287334970644054 ) ) ;
#2542 = ORIENTED_EDGE ( 'NONE', *, *, #1822, .T. ) ;
#2543 = AXIS2_PLACEMENT_3D ( 'NONE', #7600, #11045, #6751 ) ;
#2544 = CARTESIAN_POINT ( 'NONE',  ( 0.000000000000000000, 13.44999999999999929, -26.00000000000000355 ) ) ;
#2545 = CARTESIAN_POINT ( 'NONE',  ( 0.000000000000000000, 6.064326197966700249, 0.000000000000000000 ) ) ;
#2546 = CARTESIAN_POINT ( 'NONE',  ( 0.000000000000000000, 9.499999999999998224, 0.000000000000000000 ) ) ;
#2547 =( GEOMETRIC_REPRESENTATION_CONTEXT ( 3 ) GLOBAL_UNCERTAINTY_ASSIGNED_CONTEXT ( ( #1714 ) ) GLOBAL_UNIT_ASSIGNED_CONTEXT ( ( #5967, #2538, #5918 ) ) REPRESENTATION_CONTEXT ( 'NONE', 'WORKASPACE' ) );
#2548 = EDGE_CURVE ( 'NONE', #4539, #7576, #1155, .T. ) ;
#2549 = ORIENTED_EDGE ( 'NONE', *, *, #754, .F. ) ;
#2550 = APPLICATION_PROTOCOL_DEFINITION ( 'draft international standard', 'automotive_design', 1998, #9325 ) ;
#2551 = DIRECTION ( 'NONE',  ( -0.000000000000000000, 1.000000000000000000, -0.000000000000000000 ) ) ;
#2552 = DIRECTION ( 'NONE',  ( 0.000000000000000000, 1.000000000000000000, 0.000000000000000000 ) ) ;
#2553 = STYLED_ITEM ( 'NONE', ( #5063 ), #1280 ) ;
#2554 = FILL_AREA_STYLE ('',( #8660 ) ) ;
#2555 = EDGE_LOOP ( 'NONE', ( #10975, #1057 ) ) ;
#2556 = PRESENTATION_LAYER_ASSIGNMENT (  '', '', ( #10545 ) ) ;
#2557 = CARTESIAN_POINT ( 'NONE',  ( 1.750000000000006217, 10.53235529095875833, 22.08727364948467198 ) ) ;
#2558 = ORIENTED_EDGE ( 'NONE', *, *, #3629, .F. ) ;
#2559 = EDGE_CURVE ( 'NONE', #3148, #5004, #10253, .T. ) ;
#2560 = CARTESIAN_POINT ( 'NONE',  ( 10.60039152416015362, 6.300111172951810445, 8.140864842152975456 ) ) ;
#2561 = STYLED_ITEM ( 'NONE', ( #867 ), #6903 ) ;
#2562 = ORIENTED_EDGE ( 'NONE', *, *, #9682, .F. ) ;
#2563 = CARTESIAN_POINT ( 'NONE',  ( 1.749999999999997113, 10.80000000000000071, -22.23122803625566846 ) ) ;
#2564 = CARTESIAN_POINT ( 'NONE',  ( 0.000000000000000000, 13.44999999999999929, 0.000000000000000000 ) ) ;
#2565 = ORIENTED_EDGE ( 'NONE', *, *, #159, .T. ) ;
#2566 = DIRECTION ( 'NONE',  ( -0.000000000000000000, 1.000000000000000000, -0.000000000000000000 ) ) ;
#2567 = DIRECTION ( 'NONE',  ( -0.000000000000000000, 1.000000000000000000, -0.000000000000000000 ) ) ;
#2568 = CYLINDRICAL_SURFACE ( 'NONE', #4300, 0.2499999999999967526 ) ;
#2569 =( GEOMETRIC_REPRESENTATION_CONTEXT ( 3 ) GLOBAL_UNCERTAINTY_ASSIGNED_CONTEXT ( ( #9881 ) ) GLOBAL_UNIT_ASSIGNED_CONTEXT ( ( #9753, #259, #10769 ) ) REPRESENTATION_CONTEXT ( 'NONE', 'WORKASPACE' ) );
#2570 = AXIS2_PLACEMENT_3D ( 'NONE', #893, #11073, #5140 ) ;
#2571 = EDGE_CURVE ( 'NONE', #7553, #5382, #5907, .T. ) ;
#2572 = EDGE_CURVE ( 'NONE', #1219, #4576, #5486, .T. ) ;
#2573 = AXIS2_PLACEMENT_3D ( 'NONE', #9208, #7516, #8533 ) ;
#2574 = DIRECTION ( 'NONE',  ( 0.000000000000000000, 0.000000000000000000, 1.000000000000000000 ) ) ;
#2575 = CIRCLE ( 'NONE', #5506, 22.30000000000000071 ) ;
#2576 = AXIS2_PLACEMENT_3D ( 'NONE', #3708, #5426, #6325 ) ;
#2577 =( NAMED_UNIT ( * ) SI_UNIT ( $, .STERADIAN. ) SOLID_ANGLE_UNIT ( ) );
#2578 = SURFACE_SIDE_STYLE ('',( #6288 ) ) ;
#2579 = VERTEX_POINT ( 'NONE', #6702 ) ;
#2580 = VERTEX_POINT ( 'NONE', #8571 ) ;
#2581 = CARTESIAN_POINT ( 'NONE',  ( 1.750000000000001998, 0.000000000000000000, 8.559059450933345303 ) ) ;
#2582 = EDGE_CURVE ( 'NONE', #719, #9141, #2354, .T. ) ;
#2583 = EDGE_CURVE ( 'NONE', #9130, #6302, #756, .T. ) ;
#2584 = AXIS2_PLACEMENT_3D ( 'NONE', #4990, #6675, #2220 ) ;
#2585 = ORIENTED_EDGE ( 'NONE', *, *, #2029, .T. ) ;
#2586 = ORIENTED_EDGE ( 'NONE', *, *, #8902, .F. ) ;
#2587 = ORIENTED_EDGE ( 'NONE', *, *, #1106, .T. ) ;
#2588 = FILL_AREA_STYLE_COLOUR ( '', #6710 ) ;
#2589 = CARTESIAN_POINT ( 'NONE',  ( -20.68287334970656133, 13.54999999999999893, 20.68287334970646896 ) ) ;
#2590 = DIRECTION ( 'NONE',  ( 0.000000000000000000, -0.000000000000000000, -1.000000000000000000 ) ) ;
#2591 = STYLED_ITEM ( 'NONE', ( #3323 ), #2500 ) ;
#2592 = CARTESIAN_POINT ( 'NONE',  ( 0.000000000000000000, -13.25000000000000178, 0.000000000000000000 ) ) ;
#2593 = DIRECTION ( 'NONE',  ( -0.000000000000000000, -1.000000000000000000, -0.000000000000000000 ) ) ;
#2594 = SURFACE_SIDE_STYLE ('',( #5599 ) ) ;
#2595 = CIRCLE ( 'NONE', #10946, 13.97097042681812873 ) ;
#2596 = ORIENTED_EDGE ( 'NONE', *, *, #5948, .F. ) ;
#2597 = PRESENTATION_STYLE_ASSIGNMENT (( #6947 ) ) ;
#2598 = FACE_OUTER_BOUND ( 'NONE', #7622, .T. ) ;
#2599 = DIRECTION ( 'NONE',  ( -0.8660254037844329345, -0.000000000000000000, -0.5000000000000098810 ) ) ;
#2600 = CARTESIAN_POINT ( 'NONE',  ( -11.73570242259065211, 10.49017815798892173, -8.796336894975942400 ) ) ;
#2601 = ORIENTED_EDGE ( 'NONE', *, *, #1487, .F. ) ;
#2602 = CARTESIAN_POINT ( 'NONE',  ( 1.749999999999998890, 0.2178369010166498754, -8.979978445623139294 ) ) ;
#2603 = CARTESIAN_POINT ( 'NONE',  ( 5.373846036270257365, 6.499999999999999112, -12.80777436687268356 ) ) ;
#2604 = FACE_OUTER_BOUND ( 'NONE', #1534, .T. ) ;
#2605 = UNCERTAINTY_MEASURE_WITH_UNIT (LENGTH_MEASURE( 1.000000000000000082E-05 ), #2423, 'distance_accuracy_value', 'NONE');
#2606 = CIRCLE ( 'NONE', #8977, 32.50000000000000000 ) ;
#2607 = PRESENTATION_STYLE_ASSIGNMENT (( #10403 ) ) ;
#2608 = ADVANCED_FACE ( 'NONE', ( #5344 ), #7534, .T. ) ;
#2609 = VERTEX_POINT ( 'NONE', #6122 ) ;
#2610 =( NAMED_UNIT ( * ) PLANE_ANGLE_UNIT ( ) SI_UNIT ( $, .RADIAN. ) );
#2611 = ORIENTED_EDGE ( 'NONE', *, *, #2395, .F. ) ;
#2612 = CIRCLE ( 'NONE', #11159, 14.82773641629552053 ) ;
#2613 = FACE_OUTER_BOUND ( 'NONE', #6055, .T. ) ;
#2614 = DIRECTION ( 'NONE',  ( 0.000000000000000000, 0.000000000000000000, -1.000000000000000000 ) ) ;
#2615 =( NAMED_UNIT ( * ) SI_UNIT ( $, .STERADIAN. ) SOLID_ANGLE_UNIT ( ) );
#2616 = CARTESIAN_POINT ( 'NONE',  ( -1.749999999999996447, 10.49999999999999822, 14.64200948008686787 ) ) ;
#2617 = CARTESIAN_POINT ( 'NONE',  ( 22.80419369326621393, -13.15000000000000213, -22.55419369326610379 ) ) ;
#2618 = ORIENTED_EDGE ( 'NONE', *, *, #2660, .F. ) ;
#2619 = CARTESIAN_POINT ( 'NONE',  ( 9.489277033755183055, 10.49999999999999822, -19.93590994956041840 ) ) ;
#2620 = EDGE_CURVE ( 'NONE', #681, #3613, #3508, .T. ) ;
#2621 = AXIS2_PLACEMENT_3D ( 'NONE', #3277, #3159, #9497 ) ;
#2622 = CARTESIAN_POINT ( 'NONE',  ( 12.63115847475062026, 10.72064156802580825, -18.37780823672223462 ) ) ;
#2623 = SURFACE_STYLE_FILL_AREA ( #861 ) ;
#2624 = ORIENTED_EDGE ( 'NONE', *, *, #4862, .T. ) ;
#2625 = CARTESIAN_POINT ( 'NONE',  ( 0.000000000000000000, -12.15000000000000036, 0.000000000000000000 ) ) ;
#2626 = DIRECTION ( 'NONE',  ( 0.000000000000000000, -1.000000000000000000, 0.000000000000000000 ) ) ;
#2627 = AXIS2_PLACEMENT_3D ( 'NONE', #1259, #8483, #1704 ) ;
#2628 = CARTESIAN_POINT ( 'NONE',  ( -18.37780823672210317, -18.21991441758264685, -12.63115847475081388 ) ) ;
#2629 = CARTESIAN_POINT ( 'NONE',  ( -7.957677485576279075, 1.499999999999751532, 1.750000000000301537 ) ) ;
#2630 = EDGE_CURVE ( 'NONE', #4640, #3430, #35, .T. ) ;
#2631 = EDGE_CURVE ( 'NONE', #11203, #8549, #127, .T. ) ;
#2632 = FACE_OUTER_BOUND ( 'NONE', #2986, .T. ) ;
#2633 = CARTESIAN_POINT ( 'NONE',  ( 7.476469699371608435, 7.204220786794541809, -9.449625380560812360 ) ) ;
#2634 = VERTEX_POINT ( 'NONE', #10531 ) ;
#2635 = STYLED_ITEM ( 'NONE', ( #4614 ), #4738 ) ;
#2636 = ORIENTED_EDGE ( 'NONE', *, *, #5860, .T. ) ;
#2637 = PLANE ( 'NONE',  #651 ) ;
#2638 = CARTESIAN_POINT ( 'NONE',  ( 21.74353352148639118, -13.25000000000000178, -21.74353352148628460 ) ) ;
#2639 = ORIENTED_EDGE ( 'NONE', *, *, #4458, .F. ) ;
#2640 = EDGE_LOOP ( 'NONE', ( #8167, #1511, #9220, #6866 ) ) ;
#2641 = FACE_OUTER_BOUND ( 'NONE', #5156, .T. ) ;
#2642 = COLOUR_RGB ( '',0.1529411764705882470, 0.4901960784313725283, 1.000000000000000000 ) ;
#2643 = FACE_OUTER_BOUND ( 'NONE', #7009, .T. ) ;
#2644 = SURFACE_STYLE_USAGE ( .BOTH. , #5194 ) ;
#2645 =( LENGTH_UNIT ( ) NAMED_UNIT ( * ) SI_UNIT ( .MILLI., .METRE. ) );
#2646 = CYLINDRICAL_SURFACE ( 'NONE', #2012, 30.50000000000000000 ) ;
#2647 = EDGE_CURVE ( 'NONE', #9367, #9491, #8195, .T. ) ;
#2648 = ORIENTED_EDGE ( 'NONE', *, *, #8627, .T. ) ;
#2649 = CARTESIAN_POINT ( 'NONE',  ( 5.414922963887680574, 6.499999999999999112, 12.87892169252490682 ) ) ;
#2650 =( NAMED_UNIT ( * ) PLANE_ANGLE_UNIT ( ) SI_UNIT ( $, .RADIAN. ) );
#2651 = CIRCLE ( 'NONE', #4874, 22.30000000000000071 ) ;
#2652 = CARTESIAN_POINT ( 'NONE',  ( 0.000000000000000000, 12.79999999999999893, 0.000000000000000000 ) ) ;
#2653 = DIRECTION ( 'NONE',  ( -0.000000000000000000, 1.000000000000000000, -0.000000000000000000 ) ) ;
#2654 = ORIENTED_EDGE ( 'NONE', *, *, #4828, .T. ) ;
#2655 =( LENGTH_UNIT ( ) NAMED_UNIT ( * ) SI_UNIT ( .MILLI., .METRE. ) );
#2656 = CARTESIAN_POINT ( 'NONE',  ( 20.50609665440994789, -13.25000000000000178, 20.50609665440980578 ) ) ;
#2657 = SURFACE_STYLE_FILL_AREA ( #4333 ) ;
#2658 = CARTESIAN_POINT ( 'NONE',  ( -13.62644895387784416, 10.49999999999999822, -5.846508029456363609 ) ) ;
#2659 = DIRECTION ( 'NONE',  ( 0.000000000000000000, 0.000000000000000000, -1.000000000000000000 ) ) ;
#2660 = EDGE_CURVE ( 'NONE', #10795, #631, #3610, .T. ) ;
#2661 = ORIENTED_EDGE ( 'NONE', *, *, #2679, .T. ) ;
#2662 = CARTESIAN_POINT ( 'NONE',  ( -18.37780823672210317, 6.499999999999999112, -12.63115847475081388 ) ) ;
#2663 = ORIENTED_EDGE ( 'NONE', *, *, #3178, .T. ) ;
#2664 = MECHANICAL_DESIGN_GEOMETRIC_PRESENTATION_REPRESENTATION (  '', ( #1225 ), #5786 ) ;
#2665 = AXIS2_PLACEMENT_3D ( 'NONE', #10330, #7801, #895 ) ;
#2666 = DIRECTION ( 'NONE',  ( -0.8660254037844385966, 0.000000000000000000, 0.5000000000000001110 ) ) ;
#2667 = CARTESIAN_POINT ( 'NONE',  ( -10.65954583850718507, 6.347063136999494759, -8.175017601465144779 ) ) ;
#2668 = EDGE_LOOP ( 'NONE', ( #1173, #3785, #9156, #6039, #1411, #9475, #8221, #10556, #9872, #2084, #6277 ) ) ;
#2669 = CARTESIAN_POINT ( 'NONE',  ( 9.600069561505664595, 10.72063721833215943, -20.12780823672323649 ) ) ;
#2670 = CIRCLE ( 'NONE', #4521, 8.147829831584077809 ) ;
#2671 = CIRCLE ( 'NONE', #3774, 30.99999999999999645 ) ;
#2672 = DIRECTION ( 'NONE',  ( -0.000000000000000000, -1.000000000000000000, -0.000000000000000000 ) ) ;
#2673 =( LENGTH_UNIT ( ) NAMED_UNIT ( * ) SI_UNIT ( .MILLI., .METRE. ) );
#2674 = ORIENTED_EDGE ( 'NONE', *, *, #5778, .F. ) ;
#2675 = DIRECTION ( 'NONE',  ( 0.000000000000000000, -1.000000000000000000, 0.000000000000000000 ) ) ;
#2676 = VECTOR ( 'NONE', #5436, 1000.000000000000114 ) ;
#2677 = CARTESIAN_POINT ( 'NONE',  ( 0.000000000000000000, 10.49999999999999822, 0.000000000000000000 ) ) ;
#2678 = AXIS2_PLACEMENT_3D ( 'NONE', #8733, #9740, #243 ) ;
#2679 = EDGE_CURVE ( 'NONE', #6884, #6691, #10592, .T. ) ;
#2680 = STYLED_ITEM ( 'NONE', ( #3525 ), #9997 ) ;
#2681 = AXIS2_PLACEMENT_3D ( 'NONE', #6131, #8747, #6079 ) ;
#2682 = DIRECTION ( 'NONE',  ( -0.000000000000000000, 1.000000000000000000, -0.000000000000000000 ) ) ;
#2683 = SURFACE_STYLE_FILL_AREA ( #67 ) ;
#2684 = ORIENTED_EDGE ( 'NONE', *, *, #3319, .F. ) ;
#2685 =( NAMED_UNIT ( * ) SI_UNIT ( $, .STERADIAN. ) SOLID_ANGLE_UNIT ( ) );
#2686 = VECTOR ( 'NONE', #3051, 1000.000000000000000 ) ;
#2687 = ORIENTED_EDGE ( 'NONE', *, *, #4405, .F. ) ;
#2688 = PRESENTATION_STYLE_ASSIGNMENT (( #14 ) ) ;
#2689 = CARTESIAN_POINT ( 'NONE',  ( -20.68287334970656133, -13.25000000000000178, 20.68287334970646896 ) ) ;
#2690 = VERTEX_POINT ( 'NONE', #7944 ) ;
#2691 = EDGE_CURVE ( 'NONE', #9755, #6302, #2244, .T. ) ;
#2692 = ORIENTED_EDGE ( 'NONE', *, *, #5039, .F. ) ;
#2693 = SURFACE_SIDE_STYLE ('',( #11124 ) ) ;
#2694 =( GEOMETRIC_REPRESENTATION_CONTEXT ( 3 ) GLOBAL_UNCERTAINTY_ASSIGNED_CONTEXT ( ( #8445 ) ) GLOBAL_UNIT_ASSIGNED_CONTEXT ( ( #7305, #9992, #10631 ) ) REPRESENTATION_CONTEXT ( 'NONE', 'WORKASPACE' ) );
#2695 = CARTESIAN_POINT ( 'NONE',  ( -2.927089223797483708, 0.08184250052690889010, -8.569867253904817517 ) ) ;
#2696 = DIRECTION ( 'NONE',  ( 0.000000000000000000, -1.000000000000000000, 0.000000000000000000 ) ) ;
#2697 = DIRECTION ( 'NONE',  ( 0.000000000000000000, -1.000000000000000000, 0.000000000000000000 ) ) ;
#2698 = CARTESIAN_POINT ( 'NONE',  ( 0.000000000000000000, -13.15000000000000213, 0.000000000000000000 ) ) ;
#2699 = ORIENTED_EDGE ( 'NONE', *, *, #192, .F. ) ;
#2700 = ORIENTED_EDGE ( 'NONE', *, *, #9041, .F. ) ;
#2701 = CARTESIAN_POINT ( 'NONE',  ( -12.40954583850728277, 6.347063136999496535, 5.143928688219497225 ) ) ;
#2702 = EDGE_CURVE ( 'NONE', #2873, #9974, #2489, .T. ) ;
#2703 = EDGE_CURVE ( 'NONE', #1455, #8682, #614, .T. ) ;
#2704 = VECTOR ( 'NONE', #6566, 1000.000000000000114 ) ;
#2705 = DIRECTION ( 'NONE',  ( -0.000000000000000000, -1.000000000000000000, -0.000000000000000000 ) ) ;
#2706 = ORIENTED_EDGE ( 'NONE', *, *, #6628, .F. ) ;
#2707 = FACE_OUTER_BOUND ( 'NONE', #5676, .T. ) ;
#2708 =( LENGTH_UNIT ( ) NAMED_UNIT ( * ) SI_UNIT ( .MILLI., .METRE. ) );
#2709 = SURFACE_STYLE_USAGE ( .BOTH. , #7069 ) ;
#2710 = DIRECTION ( 'NONE',  ( 0.000000000000000000, 0.000000000000000000, 1.000000000000000000 ) ) ;
#2711 = UNCERTAINTY_MEASURE_WITH_UNIT (LENGTH_MEASURE( 1.000000000000000082E-05 ), #5583, 'distance_accuracy_value', 'NONE');
#2712 = ORIENTED_EDGE ( 'NONE', *, *, #5317, .T. ) ;
#2713 = AXIS2_PLACEMENT_3D ( 'NONE', #5929, #7529, #1490 ) ;
#2714 = ORIENTED_EDGE ( 'NONE', *, *, #11266, .T. ) ;
#2715 = ADVANCED_FACE ( 'NONE', ( #10 ), #7897, .F. ) ;
#2716 = DIRECTION ( 'NONE',  ( 0.000000000000000000, 0.000000000000000000, 1.000000000000000000 ) ) ;
#2717 = CARTESIAN_POINT ( 'NONE',  ( -6.682887933280700743, 2.163045022804064743, -8.075101441731401763 ) ) ;
#2718 =( NAMED_UNIT ( * ) PLANE_ANGLE_UNIT ( ) SI_UNIT ( $, .RADIAN. ) );
#2719 = ORIENTED_EDGE ( 'NONE', *, *, #2765, .T. ) ;
#2720 = TOROIDAL_SURFACE ( 'NONE', #9100, 22.00000000000000000, 0.2999999999999999889 ) ;
#2721 = UNCERTAINTY_MEASURE_WITH_UNIT (LENGTH_MEASURE( 1.000000000000000082E-05 ), #6101, 'distance_accuracy_value', 'NONE');
#2722 = CARTESIAN_POINT ( 'NONE',  ( 12.48068809453286931, 10.49999999999999822, -18.11718589315088579 ) ) ;
#2723 = EDGE_LOOP ( 'NONE', ( #6486, #7219, #5689, #9977 ) ) ;
#2724 = DIRECTION ( 'NONE',  ( 0.000000000000000000, 0.000000000000000000, 1.000000000000000000 ) ) ;
#2725 = DIRECTION ( 'NONE',  ( 0.000000000000000000, -1.000000000000000000, 0.000000000000000000 ) ) ;
#2726 = VECTOR ( 'NONE', #10341, 1000.000000000000000 ) ;
#2727 = CYLINDRICAL_SURFACE ( 'NONE', #1313, 0.2500000000000002220 ) ;
#2728 = AXIS2_PLACEMENT_3D ( 'NONE', #9067, #9238, #8393 ) ;
#2729 = CARTESIAN_POINT ( 'NONE',  ( 0.000000000000000000, -12.50000000000000000, 22.30000000000000071 ) ) ;
#2730 = DIRECTION ( 'NONE',  ( -0.000000000000000000, 1.000000000000000000, -0.000000000000000000 ) ) ;
#2731 = CONICAL_SURFACE ( 'NONE', #11103, 9.000000000000000000, 0.5996168419455644161 ) ;
#2732 = EDGE_LOOP ( 'NONE', ( #2639, #2187 ) ) ;
#2733 = AXIS2_PLACEMENT_3D ( 'NONE', #428, #7181, #1969 ) ;
#2734 = EDGE_CURVE ( 'NONE', #11194, #10603, #3695, .T. ) ;
#2735 = ORIENTED_EDGE ( 'NONE', *, *, #7449, .T. ) ;
#2736 = CARTESIAN_POINT ( 'NONE',  ( -8.461742538715595785, 10.06432619796679440, 11.15616799762228517 ) ) ;
#2737 = VECTOR ( 'NONE', #1760, 1000.000000000000000 ) ;
#2738 = VERTEX_POINT ( 'NONE', #1345 ) ;
#2739 = ORIENTED_EDGE ( 'NONE', *, *, #11202, .F. ) ;
#2740 = AXIS2_PLACEMENT_3D ( 'NONE', #9361, #8515, #8346 ) ;
#2741 = AXIS2_PLACEMENT_3D ( 'NONE', #2787, #6024, #10272 ) ;
#2742 = CARTESIAN_POINT ( 'NONE',  ( 0.000000000000000000, 10.49999999999999822, -14.82773641629552053 ) ) ;
#2743 = FACE_BOUND ( 'NONE', #10155, .T. ) ;
#2744 = DIRECTION ( 'NONE',  ( 3.038353123523052989E-16, 0.000000000000000000, 1.000000000000000000 ) ) ;
#2745 = DIRECTION ( 'NONE',  ( -1.000000000000000000, -0.000000000000000000, -0.000000000000000000 ) ) ;
#2746 = EDGE_LOOP ( 'NONE', ( #4381, #2330, #7202, #7980 ) ) ;
#2747 = SURFACE_STYLE_FILL_AREA ( #6356 ) ;
#2748 = EDGE_CURVE ( 'NONE', #8241, #267, #1096, .T. ) ;
#2749 = CARTESIAN_POINT ( 'NONE',  ( 2.846812269065130963, -6.106811793615612417E-16, -8.430823489631226408 ) ) ;
#2750 = PRESENTATION_LAYER_ASSIGNMENT (  '', '', ( #11134 ) ) ;
#2751 = MECHANICAL_DESIGN_GEOMETRIC_PRESENTATION_REPRESENTATION (  '', ( #7875 ), #2415 ) ;
#2752 = DIRECTION ( 'NONE',  ( 0.000000000000000000, -1.000000000000000000, 0.000000000000000000 ) ) ;
#2753 = EDGE_LOOP ( 'NONE', ( #1771, #5308, #10988, #7985 ) ) ;
#2754 =( NAMED_UNIT ( * ) SI_UNIT ( $, .STERADIAN. ) SOLID_ANGLE_UNIT ( ) );
#2755 = AXIS2_PLACEMENT_3D ( 'NONE', #8388, #3117, #7543 ) ;
#2756 = LINE ( 'NONE', #1065, #204 ) ;
#2757 = DIRECTION ( 'NONE',  ( 1.000000000000000000, 0.000000000000000000, -2.126847186466136648E-16 ) ) ;
#2758 = ORIENTED_EDGE ( 'NONE', *, *, #1628, .F. ) ;
#2759 = DIRECTION ( 'NONE',  ( 0.000000000000000000, 0.000000000000000000, -1.000000000000000000 ) ) ;
#2760 =( NAMED_UNIT ( * ) PLANE_ANGLE_UNIT ( ) SI_UNIT ( $, .RADIAN. ) );
#2761 = CARTESIAN_POINT ( 'NONE',  ( 1.750000000000003997, 10.34702362053678470, 14.18256555833730914 ) ) ;
#2762 = VECTOR ( 'NONE', #6454, 1000.000000000000114 ) ;
#2763 = LINE ( 'NONE', #9718, #385 ) ;
#2764 = DIRECTION ( 'NONE',  ( 0.4999999999999980571, 0.000000000000000000, 0.8660254037844397068 ) ) ;
#2765 = EDGE_CURVE ( 'NONE', #2103, #3924, #3135, .T. ) ;
#2766 = EDGE_CURVE ( 'NONE', #480, #4600, #4824, .T. ) ;
#2767 =( NAMED_UNIT ( * ) SI_UNIT ( $, .STERADIAN. ) SOLID_ANGLE_UNIT ( ) );
#2768 = VECTOR ( 'NONE', #8408, 1000.000000000000000 ) ;
#2769 = ORIENTED_EDGE ( 'NONE', *, *, #9068, .F. ) ;
#2770 = FACE_OUTER_BOUND ( 'NONE', #545, .T. ) ;
#2771 = VECTOR ( 'NONE', #2835, 1000.000000000000227 ) ;
#2772 = ORIENTED_EDGE ( 'NONE', *, *, #730, .T. ) ;
#2773 = ORIENTED_EDGE ( 'NONE', *, *, #1700, .F. ) ;
#2774 = COLOUR_RGB ( '',0.1529411764705882470, 0.4901960784313725283, 1.000000000000000000 ) ;
#2775 = CARTESIAN_POINT ( 'NONE',  ( -11.15616799762218214, 10.06432619796679440, -8.461742538715730788 ) ) ;
#2776 =( NAMED_UNIT ( * ) PLANE_ANGLE_UNIT ( ) SI_UNIT ( $, .RADIAN. ) );
#2777 = LINE ( 'NONE', #9941, #2872 ) ;
#2778 = ORIENTED_EDGE ( 'NONE', *, *, #7419, .F. ) ;
#2779 = VECTOR ( 'NONE', #5632, 1000.000000000000000 ) ;
#2780 = CARTESIAN_POINT ( 'NONE',  ( -1.749999999999997780, 0.2178369010166490427, 8.979978445623141070 ) ) ;
#2781 = ADVANCED_FACE ( 'NONE', ( #10699 ), #9850, .F. ) ;
#2782 = CARTESIAN_POINT ( 'NONE',  ( -1.750000000000002442, 10.64289375798497517, -22.19841173308620697 ) ) ;
#2783 = EDGE_CURVE ( 'NONE', #6143, #3008, #5543, .T. ) ;
#2784 = CARTESIAN_POINT ( 'NONE',  ( 10.33468313576164732, 2.163039541227802509, 1.749999999999589884 ) ) ;
#2785 = FACE_OUTER_BOUND ( 'NONE', #6772, .T. ) ;
#2786 = ORIENTED_EDGE ( 'NONE', *, *, #8372, .F. ) ;
#2787 = CARTESIAN_POINT ( 'NONE',  ( -22.80419369326623524, -13.25000000000000178, -22.80419369326607537 ) ) ;
#2788 = FILL_AREA_STYLE_COLOUR ( '', #5257 ) ;
#2789 = COLOUR_RGB ( '',0.1529411764705882470, 0.4901960784313725283, 1.000000000000000000 ) ;
#2790 = DIRECTION ( 'NONE',  ( 0.000000000000000000, 0.000000000000000000, -1.000000000000000000 ) ) ;
#2791 = CARTESIAN_POINT ( 'NONE',  ( -13.02841234388533742, 6.064326197966697585, -1.749999999999729994 ) ) ;
#2792 = PRESENTATION_LAYER_ASSIGNMENT (  '', '', ( #1693 ) ) ;
#2793 = CARTESIAN_POINT ( 'NONE',  ( -4.445380786126036377, 7.204220786794476972, 11.19962538056078216 ) ) ;
#2794 = PLANE ( 'NONE',  #2755 ) ;
#2795 = CARTESIAN_POINT ( 'NONE',  ( 4.445380786126053252, 7.204220786794477860, -11.19962538056077506 ) ) ;
#2796 = AXIS2_PLACEMENT_3D ( 'NONE', #2439, #6835, #10268 ) ;
#2797 = FILL_AREA_STYLE ('',( #9692 ) ) ;
#2798 = ADVANCED_FACE ( 'NONE', ( #3007 ), #8278, .F. ) ;
#2799 = DIRECTION ( 'NONE',  ( 0.000000000000000000, 0.000000000000000000, 1.000000000000000000 ) ) ;
#2800 = CARTESIAN_POINT ( 'NONE',  ( 0.000000000000000000, 0.000000000000000000, 0.000000000000000000 ) ) ;
#2801 = ORIENTED_EDGE ( 'NONE', *, *, #4137, .T. ) ;
#2802 = ORIENTED_EDGE ( 'NONE', *, *, #5389, .F. ) ;
#2803 = CARTESIAN_POINT ( 'NONE',  ( 20.68287334970656843, -13.15000000000000213, -20.43287334970646185 ) ) ;
#2804 = TOROIDAL_SURFACE ( 'NONE', #2967, 13.97097042681812873, 1.000000000000000000 ) ;
#2805 = EDGE_LOOP ( 'NONE', ( #6211, #10641, #2475, #2197, #8805, #1200, #5893, #7451, #9370, #8429, #222 ) ) ;
#2806 = CARTESIAN_POINT ( 'NONE',  ( -1.750000000000001332, 6.064326197966516396, -13.02841234388517755 ) ) ;
#2807 = CARTESIAN_POINT ( 'NONE',  ( -9.600069561505057081, 10.80000000000000071, 20.12780823672225239 ) ) ;
#2808 = AXIS2_PLACEMENT_3D ( 'NONE', #7493, #6641, #10994 ) ;
#2809 = LINE ( 'NONE', #9914, #2021 ) ;
#2810 = PRESENTATION_LAYER_ASSIGNMENT (  '', '', ( #6660 ) ) ;
#2811 = CARTESIAN_POINT ( 'NONE',  ( 14.30000000000000071, 10.49999999999999822, 0.000000000000000000 ) ) ;
#2812 = ORIENTED_EDGE ( 'NONE', *, *, #9534, .F. ) ;
#2813 = FILL_AREA_STYLE ('',( #10613 ) ) ;
#2814 = SURFACE_STYLE_USAGE ( .BOTH. , #7182 ) ;
#2815 = ORIENTED_EDGE ( 'NONE', *, *, #6227, .T. ) ;
#2816 = DIRECTION ( 'NONE',  ( 0.000000000000000000, 0.000000000000000000, -1.000000000000000000 ) ) ;
#2817 = VECTOR ( 'NONE', #5559, 1000.000000000000000 ) ;
#2818 = VERTEX_POINT ( 'NONE', #4014 ) ;
#2819 = EDGE_CURVE ( 'NONE', #8610, #4262, #420, .T. ) ;
#2820 = CARTESIAN_POINT ( 'NONE',  ( -12.63115847475059361, -18.21991441758264685, 18.37780823672225594 ) ) ;
#2821 = LINE ( 'NONE', #11250, #10759 ) ;
#2822 =( NAMED_UNIT ( * ) PLANE_ANGLE_UNIT ( ) SI_UNIT ( $, .RADIAN. ) );
#2823 =( NAMED_UNIT ( * ) PLANE_ANGLE_UNIT ( ) SI_UNIT ( $, .RADIAN. ) );
#2824 = UNCERTAINTY_MEASURE_WITH_UNIT (LENGTH_MEASURE( 1.000000000000000082E-05 ), #6802, 'distance_accuracy_value', 'NONE');
#2825 = FACE_OUTER_BOUND ( 'NONE', #8188, .T. ) ;
#2826 = SURFACE_STYLE_FILL_AREA ( #10626 ) ;
#2827 = ORIENTED_EDGE ( 'NONE', *, *, #8796, .F. ) ;
#2828 = DIRECTION ( 'NONE',  ( -7.105427357601001859E-15, 0.000000000000000000, 1.000000000000000000 ) ) ;
#2829 = ORIENTED_EDGE ( 'NONE', *, *, #4042, .F. ) ;
#2830 = ADVANCED_FACE ( 'NONE', ( #10304 ), #249, .F. ) ;
#2831 = STYLED_ITEM ( 'NONE', ( #3864 ), #9247 ) ;
#2832 = EDGE_CURVE ( 'NONE', #732, #10413, #9529, .T. ) ;
#2833 = DIRECTION ( 'NONE',  ( 0.000000000000000000, 0.000000000000000000, 1.000000000000000000 ) ) ;
#2834 = VERTEX_POINT ( 'NONE', #8338 ) ;
#2835 = DIRECTION ( 'NONE',  ( -0.8660254037844382635, -0.000000000000000000, 0.5000000000000005551 ) ) ;
#2836 = CARTESIAN_POINT ( 'NONE',  ( 22.62741699796957917, 13.54999999999999893, -22.62741699796946193 ) ) ;
#2837 = VERTEX_POINT ( 'NONE', #4947 ) ;
#2838 = CARTESIAN_POINT ( 'NONE',  ( 20.12780823672225239, -18.21991441758264685, 9.600069561505060634 ) ) ;
#2839 = CYLINDRICAL_SURFACE ( 'NONE', #3067, 0.2500000000000002220 ) ;
#2840 = ADVANCED_FACE ( 'NONE', ( #4178 ), #2412, .T. ) ;
#2841 = EDGE_CURVE ( 'NONE', #3187, #672, #1565, .T. ) ;
#2842 = DIRECTION ( 'NONE',  ( 1.000000000000000000, 0.000000000000000000, 0.000000000000000000 ) ) ;
#2843 = PRESENTATION_STYLE_ASSIGNMENT (( #8273 ) ) ;
#2844 = AXIS2_PLACEMENT_3D ( 'NONE', #9816, #4555, #7115 ) ;
#2845 = AXIS2_PLACEMENT_3D ( 'NONE', #4527, #2567, #4469 ) ;
#2846 = CARTESIAN_POINT ( 'NONE',  ( -21.74353352148641250, 13.54999999999999893, -21.74353352148625618 ) ) ;
#2847 = DIRECTION ( 'NONE',  ( -0.000000000000000000, 1.000000000000000000, -0.000000000000000000 ) ) ;
#2848 = ORIENTED_EDGE ( 'NONE', *, *, #2893, .T. ) ;
#2849 = COLOUR_RGB ( '',0.1529411764705882470, 0.4901960784313725283, 1.000000000000000000 ) ;
#2850 = VECTOR ( 'NONE', #3614, 1000.000000000000000 ) ;
#2851 = FACE_OUTER_BOUND ( 'NONE', #2536, .T. ) ;
#2852 = ORIENTED_EDGE ( 'NONE', *, *, #1018, .T. ) ;
#2853 = ORIENTED_EDGE ( 'NONE', *, *, #921, .T. ) ;
#2854 = EDGE_CURVE ( 'NONE', #8904, #5333, #162, .T. ) ;
#2855 = ORIENTED_EDGE ( 'NONE', *, *, #9040, .T. ) ;
#2856 = CARTESIAN_POINT ( 'NONE',  ( -8.461742538715595785, 10.06432619796679440, 11.15616799762228517 ) ) ;
#2857 = CIRCLE ( 'NONE', #2157, 8.147829831584077809 ) ;
#2858 = FACE_BOUND ( 'NONE', #10745, .T. ) ;
#2859 = DIRECTION ( 'NONE',  ( 0.000000000000000000, 0.000000000000000000, -1.000000000000000000 ) ) ;
#2860 = FACE_OUTER_BOUND ( 'NONE', #5770, .T. ) ;
#2861 = CARTESIAN_POINT ( 'NONE',  ( 20.12780823672224884, 10.80000000000000071, 9.600069561505058857 ) ) ;
#2862 = ORIENTED_EDGE ( 'NONE', *, *, #7946, .T. ) ;
#2863 = CARTESIAN_POINT ( 'NONE',  ( 0.000000000000000000, -13.15000000000000213, 32.00000000000000000 ) ) ;
#2864 = CARTESIAN_POINT ( 'NONE',  ( -20.12780823672202857, 10.49999999999999822, -9.600069561504790627 ) ) ;
#2865 = ORIENTED_EDGE ( 'NONE', *, *, #4181, .T. ) ;
#2866 = CARTESIAN_POINT ( 'NONE',  ( -20.12780823672224173, -18.21991441758264685, 9.600069561505080173 ) ) ;
#2867 = B_SPLINE_CURVE_WITH_KNOTS ( 'NONE', 3,
 ( #1464, #4957, #8233, #7446, #4837, #422 ),
 .UNSPECIFIED., .F., .F.,
 ( 4, 2, 4 ),
 ( 0.000000000000000000, 0.0002346925379797259754, 0.0004693850759594519508 ),
 .UNSPECIFIED. ) ;
#2868 = CARTESIAN_POINT ( 'NONE',  ( 0.000000000000000000, 10.49999999999999822, 0.000000000000000000 ) ) ;
#2869 = CARTESIAN_POINT ( 'NONE',  ( 1.750000000000003331, 10.45964560473159111, 14.39775725846409848 ) ) ;
#2870 = LINE ( 'NONE', #8085, #10197 ) ;
#2871 = EDGE_CURVE ( 'NONE', #3899, #4483, #5112, .T. ) ;
#2872 = VECTOR ( 'NONE', #10682, 1000.000000000000000 ) ;
#2873 = VERTEX_POINT ( 'NONE', #7146 ) ;
#2874 = CARTESIAN_POINT ( 'NONE',  ( 0.000000000000000000, -13.15000000000000213, 0.000000000000000000 ) ) ;
#2875 = ORIENTED_EDGE ( 'NONE', *, *, #10431, .F. ) ;
#2876 = DIRECTION ( 'NONE',  ( 0.8660254037844329345, 0.000000000000000000, 0.5000000000000098810 ) ) ;
#2877 = CARTESIAN_POINT ( 'NONE',  ( 9.600069561505089055, -18.21991441758264685, -20.12780823672223818 ) ) ;
#2878 = ORIENTED_EDGE ( 'NONE', *, *, #8656, .F. ) ;
#2879 = PLANE ( 'NONE',  #2576 ) ;
#2880 = AXIS2_PLACEMENT_3D ( 'NONE', #3106, #565, #6548 ) ;
#2881 = CARTESIAN_POINT ( 'NONE',  ( 0.000000000000000000, 10.49999999999999822, 0.000000000000000000 ) ) ;
#2882 = CARTESIAN_POINT ( 'NONE',  ( 21.56675682618977419, 13.44999999999999929, 21.56675682618962142 ) ) ;
#2883 = ORIENTED_EDGE ( 'NONE', *, *, #9478, .F. ) ;
#2884 = PRESENTATION_LAYER_ASSIGNMENT (  '', '', ( #174 ) ) ;
#2885 = ADVANCED_FACE ( 'NONE', ( #4296 ), #6975, .F. ) ;
#2886 = CARTESIAN_POINT ( 'NONE',  ( 0.000000000000000000, 13.44999999999999929, -26.00000000000000355 ) ) ;
#2887 = AXIS2_PLACEMENT_3D ( 'NONE', #11129, #10384, #2590 ) ;
#2888 = DIRECTION ( 'NONE',  ( 0.8660254037844449249, 0.000000000000000000, -0.4999999999999890643 ) ) ;
#2889 =( NAMED_UNIT ( * ) PLANE_ANGLE_UNIT ( ) SI_UNIT ( $, .RADIAN. ) );
#2890 = CARTESIAN_POINT ( 'NONE',  ( 21.74353352148660079, -13.25000000000000178, 21.74353352148607144 ) ) ;
#2891 =( GEOMETRIC_REPRESENTATION_CONTEXT ( 3 ) GLOBAL_UNCERTAINTY_ASSIGNED_CONTEXT ( ( #10112 ) ) GLOBAL_UNIT_ASSIGNED_CONTEXT ( ( #9468, #4362, #1674 ) ) REPRESENTATION_CONTEXT ( 'NONE', 'WORKASPACE' ) );
#2892 = ORIENTED_EDGE ( 'NONE', *, *, #10014, .T. ) ;
#2893 = EDGE_CURVE ( 'NONE', #1872, #7276, #972, .T. ) ;
#2894 = EDGE_CURVE ( 'NONE', #10661, #7658, #7997, .T. ) ;
#2895 = PRESENTATION_STYLE_ASSIGNMENT (( #6447 ) ) ;
#2896 = PRESENTATION_LAYER_ASSIGNMENT (  '', '', ( #5320 ) ) ;
#2897 = EDGE_LOOP ( 'NONE', ( #5813, #5067, #9226, #4095 ) ) ;
#2898 = ORIENTED_EDGE ( 'NONE', *, *, #6541, .F. ) ;
#2899 = CARTESIAN_POINT ( 'NONE',  ( 0.000000000000000000, 13.44999999999999929, 0.000000000000000000 ) ) ;
#2900 = FACE_BOUND ( 'NONE', #9803, .T. ) ;
#2901 = VECTOR ( 'NONE', #7798, 1000.000000000000000 ) ;
#2902 =( NAMED_UNIT ( * ) PLANE_ANGLE_UNIT ( ) SI_UNIT ( $, .RADIAN. ) );
#2903 =( NAMED_UNIT ( * ) SI_UNIT ( $, .STERADIAN. ) SOLID_ANGLE_UNIT ( ) );
#2904 = CARTESIAN_POINT ( 'NONE',  ( 0.000000000000000000, 1.499999999999999556, 0.000000000000000000 ) ) ;
#2905 = ORIENTED_EDGE ( 'NONE', *, *, #8653, .F. ) ;
#2906 = ADVANCED_FACE ( 'NONE', ( #11273 ), #2518, .T. ) ;
#2907 = EDGE_CURVE ( 'NONE', #1849, #10336, #8453, .T. ) ;
#2908 = AXIS2_PLACEMENT_3D ( 'NONE', #3518, #7924, #10130 ) ;
#2909 = FILL_AREA_STYLE ('',( #3738 ) ) ;
#2910 = TOROIDAL_SURFACE ( 'NONE', #1121, 8.736131791852239203, 0.5000000000000000000 ) ;
#2911 = ORIENTED_EDGE ( 'NONE', *, *, #3415, .T. ) ;
#2912 = CIRCLE ( 'NONE', #6596, 14.00218451466337477 ) ;
#2913 = CARTESIAN_POINT ( 'NONE',  ( 5.494383199411033480, 0.000000000000000000, -6.016550857632733340 ) ) ;
#2914 = EDGE_LOOP ( 'NONE', ( #2898, #7448, #128, #5916 ) ) ;
#2915 = DIRECTION ( 'NONE',  ( -0.8660254037844465902, -0.000000000000000000, -0.4999999999999864553 ) ) ;
#2916 = EDGE_LOOP ( 'NONE', ( #3806, #5684, #3970, #6349 ) ) ;
#2917 = CARTESIAN_POINT ( 'NONE',  ( -22.98097038856284513, -13.15000000000000213, 22.98097038856274921 ) ) ;
#2918 = AXIS2_PLACEMENT_3D ( 'NONE', #9115, #344, #10593 ) ;
#2919 = DIRECTION ( 'NONE',  ( 0.4999999999999863998, 0.000000000000000000, -0.8660254037844464792 ) ) ;
#2920 = UNCERTAINTY_MEASURE_WITH_UNIT (LENGTH_MEASURE( 1.000000000000000082E-05 ), #5520, 'distance_accuracy_value', 'NONE');
#2921 = CIRCLE ( 'NONE', #4601, 22.30000000000000071 ) ;
#2922 = ORIENTED_EDGE ( 'NONE', *, *, #7195, .F. ) ;
#2923 = FILL_AREA_STYLE_COLOUR ( '', #2120 ) ;
#2924 = SURFACE_SIDE_STYLE ('',( #1137 ) ) ;
#2925 = ORIENTED_EDGE ( 'NONE', *, *, #5115, .F. ) ;
#2926 = PRESENTATION_LAYER_ASSIGNMENT (  '', '', ( #7886 ) ) ;
#2927 = CARTESIAN_POINT ( 'NONE',  ( -11.68254831792073212, 4.112988510714962409, -1.749999999999730438 ) ) ;
#2928 = ORIENTED_EDGE ( 'NONE', *, *, #7207, .T. ) ;
#2929 = DIRECTION ( 'NONE',  ( 0.000000000000000000, -1.000000000000000000, 0.000000000000000000 ) ) ;
#2930 = CARTESIAN_POINT ( 'NONE',  ( -13.89239616418556977, 10.06432619796669847, 1.750000000000270228 ) ) ;
#2931 = ADVANCED_FACE ( 'NONE', ( #1893 ), #7936, .F. ) ;
#2932 = ORIENTED_EDGE ( 'NONE', *, *, #10285, .F. ) ;
#2933 = STYLED_ITEM ( 'NONE', ( #1042 ), #2715 ) ;
#2934 = CARTESIAN_POINT ( 'NONE',  ( -20.68287334970656133, 13.54999999999999893, 20.43287334970646896 ) ) ;
#2935 =( LENGTH_UNIT ( ) NAMED_UNIT ( * ) SI_UNIT ( .MILLI., .METRE. ) );
#2936 = LINE ( 'NONE', #1940, #7767 ) ;
#2937 = DIRECTION ( 'NONE',  ( 0.000000000000000000, 0.000000000000000000, 1.000000000000000000 ) ) ;
#2938 =( GEOMETRIC_REPRESENTATION_CONTEXT ( 3 ) GLOBAL_UNCERTAINTY_ASSIGNED_CONTEXT ( ( #6477 ) ) GLOBAL_UNIT_ASSIGNED_CONTEXT ( ( #1438, #1494, #5042 ) ) REPRESENTATION_CONTEXT ( 'NONE', 'WORKASPACE' ) );
#2939 = ORIENTED_EDGE ( 'NONE', *, *, #4111, .T. ) ;
#2940 = FACE_OUTER_BOUND ( 'NONE', #6293, .T. ) ;
#2941 = SURFACE_STYLE_FILL_AREA ( #7372 ) ;
#2942 = CARTESIAN_POINT ( 'NONE',  ( -13.25064077106046057, 6.300111172951811334, -1.749999999999729550 ) ) ;
#2943 = DIRECTION ( 'NONE',  ( 0.000000000000000000, 0.000000000000000000, 1.000000000000000000 ) ) ;
#2944 = CIRCLE ( 'NONE', #5006, 0.2500000000000002220 ) ;
#2945 = FACE_OUTER_BOUND ( 'NONE', #11028, .T. ) ;
#2946 = DIRECTION ( 'NONE',  ( -0.000000000000000000, 1.000000000000000000, -0.000000000000000000 ) ) ;
#2947 = AXIS2_PLACEMENT_3D ( 'NONE', #10201, #1520, #5178 ) ;
#2948 = EDGE_CURVE ( 'NONE', #3639, #3582, #2606, .T. ) ;
#2949 = CARTESIAN_POINT ( 'NONE',  ( 21.92031021678289804, 13.54999999999999893, 21.92031021678305081 ) ) ;
#2950 = AXIS2_PLACEMENT_3D ( 'NONE', #2463, #3469, #8502 ) ;
#2951 = CARTESIAN_POINT ( 'NONE',  ( -8.674632498157878691E-16, -0.2000000000000000944, -6.928203230275510549 ) ) ;
#2952 = SURFACE_STYLE_FILL_AREA ( #1160 ) ;
#2953 = VECTOR ( 'NONE', #2109, 1000.000000000000000 ) ;
#2954 = EDGE_LOOP ( 'NONE', ( #9940, #1287, #8573, #2687 ) ) ;
#2955 = CARTESIAN_POINT ( 'NONE',  ( 0.000000000000000000, 10.49999999999999822, 0.000000000000000000 ) ) ;
#2956 = CARTESIAN_POINT ( 'NONE',  ( 22.80419369326623524, 13.54999999999999893, 22.80419369326607537 ) ) ;
#2957 = ORIENTED_EDGE ( 'NONE', *, *, #382, .T. ) ;
#2958 = ORIENTED_EDGE ( 'NONE', *, *, #9379, .F. ) ;
#2959 = AXIS2_PLACEMENT_3D ( 'NONE', #3436, #140, #10543 ) ;
#2960 = EDGE_CURVE ( 'NONE', #10775, #3075, #7032, .T. ) ;
#2961 = ADVANCED_FACE ( 'NONE', ( #979 ), #7905, .T. ) ;
#2962 = CARTESIAN_POINT ( 'NONE',  ( 0.000000000000000000, 10.49999999999999822, 0.000000000000000000 ) ) ;
#2963 = CARTESIAN_POINT ( 'NONE',  ( 0.000000000000000000, 10.06432619796670025, 14.00218451466337655 ) ) ;
#2964 = SURFACE_STYLE_FILL_AREA ( #7335 ) ;
#2965 = DIRECTION ( 'NONE',  ( 4.440892098500626162E-15, 0.000000000000000000, -1.000000000000000000 ) ) ;
#2966 = ORIENTED_EDGE ( 'NONE', *, *, #1163, .T. ) ;
#2967 = AXIS2_PLACEMENT_3D ( 'NONE', #8371, #630, #561 ) ;
#2968 = VERTEX_POINT ( 'NONE', #1206 ) ;
#2969 = DIRECTION ( 'NONE',  ( 0.000000000000000000, 0.000000000000000000, -1.000000000000000000 ) ) ;
#2970 = CARTESIAN_POINT ( 'NONE',  ( 1.749999999999997113, 10.49999999999999822, -21.93028727582017012 ) ) ;
#2971 = ORIENTED_EDGE ( 'NONE', *, *, #8410, .F. ) ;
#2972 = ORIENTED_EDGE ( 'NONE', *, *, #9739, .T. ) ;
#2973 = FILL_AREA_STYLE ('',( #667 ) ) ;
#2974 = CARTESIAN_POINT ( 'NONE',  ( 0.000000000000000000, -18.21991441758264685, 0.000000000000000000 ) ) ;
#2975 = PRESENTATION_LAYER_ASSIGNMENT (  '', '', ( #8468 ) ) ;
#2976 = ADVANCED_FACE ( 'NONE', ( #2785 ), #10640, .F. ) ;
#2977 = CARTESIAN_POINT ( 'NONE',  ( 21.74353352148660079, 13.54999999999999893, 21.49353352148607144 ) ) ;
#2978 = LINE ( 'NONE', #4788, #10612 ) ;
#2979 = DIRECTION ( 'NONE',  ( -0.000000000000000000, 1.000000000000000000, -0.000000000000000000 ) ) ;
#2980 = ORIENTED_EDGE ( 'NONE', *, *, #9714, .T. ) ;
#2981 = SURFACE_SIDE_STYLE ('',( #7355 ) ) ;
#2982 = DIRECTION ( 'NONE',  ( 0.000000000000000000, -1.000000000000000000, 0.000000000000000000 ) ) ;
#2983 = DIRECTION ( 'NONE',  ( 0.000000000000000000, 0.000000000000000000, -1.000000000000000000 ) ) ;
#2984 =( GEOMETRIC_REPRESENTATION_CONTEXT ( 3 ) GLOBAL_UNCERTAINTY_ASSIGNED_CONTEXT ( ( #1597 ) ) GLOBAL_UNIT_ASSIGNED_CONTEXT ( ( #7329, #9072, #4759 ) ) REPRESENTATION_CONTEXT ( 'NONE', 'WORKASPACE' ) );
#2985 = AXIS2_PLACEMENT_3D ( 'NONE', #10190, #3125, #5997 ) ;
#2986 = EDGE_LOOP ( 'NONE', ( #10148, #356, #2141, #3219 ) ) ;
#2987 = VERTEX_POINT ( 'NONE', #1149 ) ;
#2988 = FACE_OUTER_BOUND ( 'NONE', #4572, .T. ) ;
#2989 = DIRECTION ( 'NONE',  ( 0.000000000000000000, -1.000000000000000000, 0.000000000000000000 ) ) ;
#2990 = EDGE_CURVE ( 'NONE', #1820, #2143, #6276, .T. ) ;
#2991 = ORIENTED_EDGE ( 'NONE', *, *, #6541, .T. ) ;
#2992 = MECHANICAL_DESIGN_GEOMETRIC_PRESENTATION_REPRESENTATION (  '', ( #6469 ), #9737 ) ;
#2993 = CARTESIAN_POINT ( 'NONE',  ( -1.749999999999996891, 6.064326197966698473, 13.02841234388530189 ) ) ;
#2994 = DIRECTION ( 'NONE',  ( -0.000000000000000000, 1.000000000000000000, -0.000000000000000000 ) ) ;
#2995 =( NAMED_UNIT ( * ) SI_UNIT ( $, .STERADIAN. ) SOLID_ANGLE_UNIT ( ) );
#2996 = ORIENTED_EDGE ( 'NONE', *, *, #2630, .F. ) ;
#2997 = CARTESIAN_POINT ( 'NONE',  ( -18.37780823672323649, 10.72063721833215588, 12.63115847475118869 ) ) ;
#2998 = B_SPLINE_CURVE_WITH_KNOTS ( 'NONE', 3,
 ( #9723, #2927, #225, #3702 ),
 .UNSPECIFIED., .F., .F.,
 ( 4, 4 ),
 ( 0.01085163898397496426, 0.01796298218115514184 ),
 .UNSPECIFIED. ) ;
#2999 = CARTESIAN_POINT ( 'NONE',  ( 2.730962362098597669E-15, 11.79999999999999716, -22.30000000000000071 ) ) ;
#3000 = MECHANICAL_DESIGN_GEOMETRIC_PRESENTATION_REPRESENTATION (  '', ( #4677 ), #1022 ) ;
#3001 = DIRECTION ( 'NONE',  ( 0.000000000000000000, -1.000000000000000000, 0.000000000000000000 ) ) ;
#3002 =( NAMED_UNIT ( * ) PLANE_ANGLE_UNIT ( ) SI_UNIT ( $, .RADIAN. ) );
#3003 = FILL_AREA_STYLE ('',( #2230 ) ) ;
#3004 = CARTESIAN_POINT ( 'NONE',  ( 4.059455543377224807, 6.499999999999999112, -10.53118325219648455 ) ) ;
#3005 = CARTESIAN_POINT ( 'NONE',  ( -5.477236414002769394, 10.19954933640123151, -12.98685175411951676 ) ) ;
#3006 = CARTESIAN_POINT ( 'NONE',  ( 11.23685175411944748, 10.19954933640122796, 8.508325327248469350 ) ) ;
#3007 = FACE_OUTER_BOUND ( 'NONE', #3342, .T. ) ;
#3008 = VERTEX_POINT ( 'NONE', #5602 ) ;
#3009 = SURFACE_STYLE_FILL_AREA ( #6577 ) ;
#3010 = EDGE_CURVE ( 'NONE', #4106, #4350, #5732, .T. ) ;
#3011 = CARTESIAN_POINT ( 'NONE',  ( 13.02841234388512071, 6.064326197966515508, -1.750000000000410560 ) ) ;
#3012 = EDGE_LOOP ( 'NONE', ( #110, #8582, #3048, #3742, #500, #9343 ) ) ;
#3013 = B_SPLINE_CURVE_WITH_KNOTS ( 'NONE', 3,
 ( #6792, #5763, #10172, #7418, #4872, #1596, #4054, #3052 ),
 .UNSPECIFIED., .F., .F.,
 ( 4, 2, 2, 4 ),
 ( 0.000000000000000000, 0.0002429715048040610487, 0.0004859430096081220974, 0.0009718860192162489652 ),
 .UNSPECIFIED. ) ;
#3014 = EDGE_LOOP ( 'NONE', ( #8493, #9347, #4598, #4443 ) ) ;
#3015 = AXIS2_PLACEMENT_3D ( 'NONE', #10948, #5747, #2428 ) ;
#3016 = AXIS2_PLACEMENT_3D ( 'NONE', #2416, #2302, #5899 ) ;
#3017 = CARTESIAN_POINT ( 'NONE',  ( 0.000000000000000000, 6.499999999999999112, 22.30000000000000071 ) ) ;
#3018 = B_SPLINE_CURVE_WITH_KNOTS ( 'NONE', 3,
 ( #5404, #8867, #1059, #10944, #10774, #3910 ),
 .UNSPECIFIED., .F., .F.,
 ( 4, 2, 4 ),
 ( 0.000000000000000000, 0.0002346920004465199864, 0.0004693840008930399727 ),
 .UNSPECIFIED. ) ;
#3019 = CARTESIAN_POINT ( 'NONE',  ( 5.494383199411029928, -18.21991441758264685, 6.016550857632738669 ) ) ;
#3020 = FACE_OUTER_BOUND ( 'NONE', #5084, .T. ) ;
#3021 = FACE_OUTER_BOUND ( 'NONE', #9241, .T. ) ;
#3022 = CARTESIAN_POINT ( 'NONE',  ( 20.12780823672325425, 10.72063721833215766, 9.600069561505636173 ) ) ;
#3023 = VERTEX_POINT ( 'NONE', #8102 ) ;
#3024 = DIRECTION ( 'NONE',  ( 0.000000000000000000, 0.000000000000000000, -1.000000000000000000 ) ) ;
#3025 =( GEOMETRIC_REPRESENTATION_CONTEXT ( 3 ) GLOBAL_UNCERTAINTY_ASSIGNED_CONTEXT ( ( #1716 ) ) GLOBAL_UNIT_ASSIGNED_CONTEXT ( ( #4, #7090, #1038 ) ) REPRESENTATION_CONTEXT ( 'NONE', 'WORKASPACE' ) );
#3026 = MECHANICAL_DESIGN_GEOMETRIC_PRESENTATION_REPRESENTATION (  '', ( #11043 ), #11220 ) ;
#3027 = ORIENTED_EDGE ( 'NONE', *, *, #8656, .T. ) ;
#3028 = CARTESIAN_POINT ( 'NONE',  ( 8.569870509278825210, 0.08184789799993449910, 2.927091103288671725 ) ) ;
#3029 = EDGE_CURVE ( 'NONE', #4033, #6618, #8323, .T. ) ;
#3030 = FILL_AREA_STYLE_COLOUR ( '', #8202 ) ;
#3031 = FACE_OUTER_BOUND ( 'NONE', #2753, .T. ) ;
#3032 = VERTEX_POINT ( 'NONE', #8895 ) ;
#3033 = AXIS2_PLACEMENT_3D ( 'NONE', #5278, #7086, #6115 ) ;
#3034 = ORIENTED_EDGE ( 'NONE', *, *, #3270, .T. ) ;
#3035 = ORIENTED_EDGE ( 'NONE', *, *, #7072, .T. ) ;
#3036 = FACE_OUTER_BOUND ( 'NONE', #1749, .T. ) ;
#3037 = AXIS2_PLACEMENT_3D ( 'NONE', #2274, #7691, #4863 ) ;
#3038 = CARTESIAN_POINT ( 'NONE',  ( 0.000000000000000000, 1.499999999999999556, 0.000000000000000000 ) ) ;
#3039 =( LENGTH_UNIT ( ) NAMED_UNIT ( * ) SI_UNIT ( .MILLI., .METRE. ) );
#3040 = UNCERTAINTY_MEASURE_WITH_UNIT (LENGTH_MEASURE( 1.000000000000000082E-05 ), #4315, 'distance_accuracy_value', 'NONE');
#3041 = ORIENTED_EDGE ( 'NONE', *, *, #7700, .F. ) ;
#3042 = PRESENTATION_LAYER_ASSIGNMENT (  '', '', ( #8340 ) ) ;
#3043 =( NAMED_UNIT ( * ) PLANE_ANGLE_UNIT ( ) SI_UNIT ( $, .RADIAN. ) );
#3044 = AXIS2_PLACEMENT_3D ( 'NONE', #917, #4517, #6048 ) ;
#3045 = ADVANCED_FACE ( 'NONE', ( #1086 ), #4582, .T. ) ;
#3046 = CARTESIAN_POINT ( 'NONE',  ( 0.000000000000000000, 5.499999999999999112, 0.000000000000000000 ) ) ;
#3047 = EDGE_CURVE ( 'NONE', #1304, #9509, #6695, .T. ) ;
#3048 = ORIENTED_EDGE ( 'NONE', *, *, #4982, .F. ) ;
#3049 = DIRECTION ( 'NONE',  ( -0.000000000000000000, 1.000000000000000000, -0.000000000000000000 ) ) ;
#3050 = VERTEX_POINT ( 'NONE', #34 ) ;
#3051 = DIRECTION ( 'NONE',  ( -0.000000000000000000, 1.000000000000000000, -0.000000000000000000 ) ) ;
#3052 = CARTESIAN_POINT ( 'NONE',  ( 1.750000000000003331, 6.064326197966514620, 13.02841234388517577 ) ) ;
#3053 = VERTEX_POINT ( 'NONE', #8031 ) ;
#3054 = PRESENTATION_STYLE_ASSIGNMENT (( #11085 ) ) ;
#3055 = SURFACE_STYLE_FILL_AREA ( #5716 ) ;
#3056 = ORIENTED_EDGE ( 'NONE', *, *, #5655, .F. ) ;
#3057 = AXIS2_PLACEMENT_3D ( 'NONE', #3555, #3295, #5892 ) ;
#3058 = DIRECTION ( 'NONE',  ( -0.8660254037844385966, 0.000000000000000000, 0.5000000000000001110 ) ) ;
#3059 = CARTESIAN_POINT ( 'NONE',  ( 0.000000000000000000, 10.06432619796669670, 0.000000000000000000 ) ) ;
#3060 = EDGE_CURVE ( 'NONE', #3677, #6512, #5904, .T. ) ;
#3061 = CARTESIAN_POINT ( 'NONE',  ( 8.979978445623219230, 0.2178369010166504027, 1.749999999999590106 ) ) ;
#3062 = CARTESIAN_POINT ( 'NONE',  ( -11.05777436687268356, 6.500000000000000000, 8.404934949515784126 ) ) ;
#3063 = TOROIDAL_SURFACE ( 'NONE', #3057, 14.82773641629552053, 1.000000000000000000 ) ;
#3064 = SURFACE_STYLE_FILL_AREA ( #6632 ) ;
#3065 = CARTESIAN_POINT ( 'NONE',  ( 21.74353352148639118, -13.15000000000000213, -21.74353352148628460 ) ) ;
#3066 = FACE_OUTER_BOUND ( 'NONE', #5799, .T. ) ;
#3067 = AXIS2_PLACEMENT_3D ( 'NONE', #10478, #8843, #7152 ) ;
#3068 = CARTESIAN_POINT ( 'NONE',  ( -5.846508029456368938, 10.49999999999999822, 13.62644895387784238 ) ) ;
#3069 = SURFACE_SIDE_STYLE ('',( #2061 ) ) ;
#3070 = ORIENTED_EDGE ( 'NONE', *, *, #5167, .F. ) ;
#3071 = DIRECTION ( 'NONE',  ( -0.000000000000000000, -1.000000000000000000, -0.000000000000000000 ) ) ;
#3072 = DIRECTION ( 'NONE',  ( 0.000000000000000000, -1.000000000000000000, 0.000000000000000000 ) ) ;
#3073 = CARTESIAN_POINT ( 'NONE',  ( 12.63115847475062026, -18.21991441758264685, -18.37780823672223462 ) ) ;
#3074 = CARTESIAN_POINT ( 'NONE',  ( 0.000000000000000000, 0.000000000000000000, 0.000000000000000000 ) ) ;
#3075 = VERTEX_POINT ( 'NONE', #10561 ) ;
#3076 = LINE ( 'NONE', #6582, #5117 ) ;
#3077 = FILL_AREA_STYLE_COLOUR ( '', #7841 ) ;
#3078 = STYLED_ITEM ( 'NONE', ( #1536 ), #1062 ) ;
#3079 = ADVANCED_FACE ( 'NONE', ( #2707 ), #10779, .F. ) ;
#3080 = CYLINDRICAL_SURFACE ( 'NONE', #6971, 28.99999999999999645 ) ;
#3081 = EDGE_LOOP ( 'NONE', ( #7255, #980, #3418, #3470 ) ) ;
#3082 = AXIS2_PLACEMENT_3D ( 'NONE', #2111, #6559, #5605 ) ;
#3083 = VERTEX_POINT ( 'NONE', #6094 ) ;
#3084 = DIRECTION ( 'NONE',  ( -0.000000000000000000, 1.000000000000000000, -0.000000000000000000 ) ) ;
#3085 = STYLED_ITEM ( 'NONE', ( #7054 ), #1194 ) ;
#3086 = VERTEX_POINT ( 'NONE', #9500 ) ;
#3087 = AXIS2_PLACEMENT_3D ( 'NONE', #9551, #4271, #888 ) ;
#3088 = ORIENTED_EDGE ( 'NONE', *, *, #2054, .T. ) ;
#3089 = DIRECTION ( 'NONE',  ( -0.000000000000000000, 1.000000000000000000, -0.000000000000000000 ) ) ;
#3090 = PRESENTATION_LAYER_ASSIGNMENT (  '', '', ( #1318 ) ) ;
#3091 = FILL_AREA_STYLE_COLOUR ( '', #9863 ) ;
#3092 = DIRECTION ( 'NONE',  ( 0.000000000000000000, 0.000000000000000000, 1.000000000000000000 ) ) ;
#3093 = DIRECTION ( 'NONE',  ( 0.000000000000000000, -1.000000000000000000, 0.000000000000000000 ) ) ;
#3094 = EDGE_CURVE ( 'NONE', #2453, #5708, #4389, .T. ) ;
#3095 = DIRECTION ( 'NONE',  ( -0.4999999999999995004, -0.000000000000000000, 0.8660254037844389297 ) ) ;
#3096 = PRESENTATION_STYLE_ASSIGNMENT (( #2440 ) ) ;
#3097 = COLOUR_RGB ( '',0.1529411764705882470, 0.4901960784313725283, 1.000000000000000000 ) ;
#3098 = ORIENTED_EDGE ( 'NONE', *, *, #6484, .T. ) ;
#3099 = CARTESIAN_POINT ( 'NONE',  ( 22.23122803625679111, 10.72063721833215588, -1.750000000000412781 ) ) ;
#3100 = AXIS2_PLACEMENT_3D ( 'NONE', #2133, #3620, #1113 ) ;
#3101 = VERTEX_POINT ( 'NONE', #1813 ) ;
#3102 = CARTESIAN_POINT ( 'NONE',  ( 0.000000000000000000, 6.499999999999999112, 0.000000000000000000 ) ) ;
#3103 = TOROIDAL_SURFACE ( 'NONE', #6042, 8.736131791852239203, 0.5000000000000000000 ) ;
#3104 = ORIENTED_EDGE ( 'NONE', *, *, #3629, .T. ) ;
#3105 = DIRECTION ( 'NONE',  ( 0.000000000000000000, 0.000000000000000000, -1.000000000000000000 ) ) ;
#3106 = CARTESIAN_POINT ( 'NONE',  ( -22.80419369326642709, 13.44999999999999929, 22.80419369326633827 ) ) ;
#3107 = CIRCLE ( 'NONE', #370, 32.50000000000000000 ) ;
#3108 = EDGE_CURVE ( 'NONE', #11274, #3924, #10619, .T. ) ;
#3109 = ORIENTED_EDGE ( 'NONE', *, *, #3807, .F. ) ;
#3110 = EDGE_CURVE ( 'NONE', #4172, #8958, #5172, .T. ) ;
#3111 = PLANE ( 'NONE',  #2472 ) ;
#3112 = AXIS2_PLACEMENT_3D ( 'NONE', #9704, #1000, #9808 ) ;
#3113 = ORIENTED_EDGE ( 'NONE', *, *, #3820, .T. ) ;
#3114 = SURFACE_STYLE_USAGE ( .BOTH. , #10003 ) ;
#3115 = CARTESIAN_POINT ( 'NONE',  ( -5.021986712143409193, 6.131962964354676693, -12.19833614036849134 ) ) ;
#3116 = VECTOR ( 'NONE', #9947, 1000.000000000000000 ) ;
#3117 = DIRECTION ( 'NONE',  ( -0.5000000000000098810, 0.000000000000000000, 0.8660254037844329345 ) ) ;
#3118 = CARTESIAN_POINT ( 'NONE',  ( 0.000000000000000000, 9.499999999999998224, 0.000000000000000000 ) ) ;
#3119 =( NAMED_UNIT ( * ) PLANE_ANGLE_UNIT ( ) SI_UNIT ( $, .RADIAN. ) );
#3120 = CARTESIAN_POINT ( 'NONE',  ( 1.749999999999999112, 1.499999999999999556, -7.957677485576517995 ) ) ;
#3121 = EDGE_CURVE ( 'NONE', #6721, #10370, #3699, .T. ) ;
#3122 = SURFACE_STYLE_FILL_AREA ( #7549 ) ;
#3123 = EDGE_CURVE ( 'NONE', #3083, #6808, #4252, .T. ) ;
#3124 = AXIS2_PLACEMENT_3D ( 'NONE', #8021, #10660, #8754 ) ;
#3125 = DIRECTION ( 'NONE',  ( -0.000000000000000000, 1.000000000000000000, -0.000000000000000000 ) ) ;
#3126 = ORIENTED_EDGE ( 'NONE', *, *, #9982, .F. ) ;
#3127 = CARTESIAN_POINT ( 'NONE',  ( 12.90616799762229583, 10.06432619796679795, -5.430653625470038826 ) ) ;
#3128 = CARTESIAN_POINT ( 'NONE',  ( 0.000000000000000000, 9.499999999999998224, 0.000000000000000000 ) ) ;
#3129 = STYLED_ITEM ( 'NONE', ( #9253 ), #2512 ) ;
#3130 = CARTESIAN_POINT ( 'NONE',  ( 12.63115847475060960, -18.21991441758264685, 18.37780823672224173 ) ) ;
#3131 = SURFACE_SIDE_STYLE ('',( #2250 ) ) ;
#3132 = COLOUR_RGB ( '',0.1529411764705882470, 0.4901960784313725283, 1.000000000000000000 ) ;
#3133 = CARTESIAN_POINT ( 'NONE',  ( 13.62644895387785304, 10.49999999999999822, -5.846508029456344069 ) ) ;
#3134 = EDGE_CURVE ( 'NONE', #1776, #5122, #1068, .T. ) ;
#3135 = CIRCLE ( 'NONE', #10422, 22.30000000000000071 ) ;
#3136 = DIRECTION ( 'NONE',  ( 0.000000000000000000, 0.000000000000000000, -1.000000000000000000 ) ) ;
#3137 = FILL_AREA_STYLE ('',( #7499 ) ) ;
#3138 = DIRECTION ( 'NONE',  ( -0.000000000000000000, 1.000000000000000000, -0.000000000000000000 ) ) ;
#3139 = DIRECTION ( 'NONE',  ( 0.000000000000000000, -1.000000000000000000, 0.000000000000000000 ) ) ;
#3140 = ORIENTED_EDGE ( 'NONE', *, *, #9582, .T. ) ;
#3141 = ORIENTED_EDGE ( 'NONE', *, *, #7580, .F. ) ;
#3142 = CARTESIAN_POINT ( 'NONE',  ( 0.000000000000000000, -13.25000000000000178, 0.000000000000000000 ) ) ;
#3143 = CARTESIAN_POINT ( 'NONE',  ( -20.68287334970656133, 13.44999999999999929, 20.43287334970646896 ) ) ;
#3144 = B_SPLINE_CURVE_WITH_KNOTS ( 'NONE', 3,
 ( #8620, #1772, #10244, #10358, #6051, #4235, #7882, #10299 ),
 .UNSPECIFIED., .F., .F.,
 ( 4, 2, 2, 4 ),
 ( 0.000000000000000000, 0.0002427953948744190741, 0.0004855907897488381483, 0.0009711815794976739113 ),
 .UNSPECIFIED. ) ;
#3145 = ORIENTED_EDGE ( 'NONE', *, *, #427, .F. ) ;
#3146 = ORIENTED_EDGE ( 'NONE', *, *, #2571, .T. ) ;
#3147 = DIRECTION ( 'NONE',  ( -1.776356839400250465E-15, 0.000000000000000000, -1.000000000000000000 ) ) ;
#3148 = VERTEX_POINT ( 'NONE', #1974 ) ;
#3149 = PRESENTATION_STYLE_ASSIGNMENT (( #6473 ) ) ;
#3150 = CYLINDRICAL_SURFACE ( 'NONE', #6064, 0.2500000000000002220 ) ;
#3151 = DIRECTION ( 'NONE',  ( 0.000000000000000000, -1.000000000000000000, 0.000000000000000000 ) ) ;
#3152 = VECTOR ( 'NONE', #5326, 1000.000000000000000 ) ;
#3153 = UNCERTAINTY_MEASURE_WITH_UNIT (LENGTH_MEASURE( 1.000000000000000082E-05 ), #1564, 'distance_accuracy_value', 'NONE');
#3154 = ORIENTED_EDGE ( 'NONE', *, *, #11269, .F. ) ;
#3155 = LINE ( 'NONE', #555, #10284 ) ;
#3156 = DIRECTION ( 'NONE',  ( 0.000000000000000000, 0.000000000000000000, 1.000000000000000000 ) ) ;
#3157 = ORIENTED_EDGE ( 'NONE', *, *, #4549, .F. ) ;
#3158 = ADVANCED_FACE ( 'NONE', ( #2088 ), #9091, .T. ) ;
#3159 = DIRECTION ( 'NONE',  ( -0.000000000000000000, 1.000000000000000000, -0.000000000000000000 ) ) ;
#3160 = AXIS2_PLACEMENT_3D ( 'NONE', #3102, #7464, #6613 ) ;
#3161 = B_SPLINE_CURVE_WITH_KNOTS ( 'NONE', 3,
 ( #8046, #3706, #7306, #283 ),
 .UNSPECIFIED., .F., .F.,
 ( 4, 4 ),
 ( 0.0005294582654890437386, 0.007640805118562058254 ),
 .UNSPECIFIED. ) ;
#3162 = ORIENTED_EDGE ( 'NONE', *, *, #5561, .T. ) ;
#3163 = DIRECTION ( 'NONE',  ( -0.000000000000000000, 1.000000000000000000, -0.000000000000000000 ) ) ;
#3164 = CARTESIAN_POINT ( 'NONE',  ( -1.750000000000000666, 1.500000000000001332, -7.957677485576517995 ) ) ;
#3165 = VERTEX_POINT ( 'NONE', #6311 ) ;
#3166 = CARTESIAN_POINT ( 'NONE',  ( 14.18256555833725407, 10.34702362053678115, -1.750000000000411005 ) ) ;
#3167 = UNCERTAINTY_MEASURE_WITH_UNIT (LENGTH_MEASURE( 1.000000000000000082E-05 ), #5054, 'distance_accuracy_value', 'NONE');
#3168 =( LENGTH_UNIT ( ) NAMED_UNIT ( * ) SI_UNIT ( .MILLI., .METRE. ) );
#3169 = UNCERTAINTY_MEASURE_WITH_UNIT (LENGTH_MEASURE( 1.000000000000000082E-05 ), #6192, 'distance_accuracy_value', 'NONE');
#3170 = AXIS2_PLACEMENT_3D ( 'NONE', #10394, #90, #10500 ) ;
#3171 = AXIS2_PLACEMENT_3D ( 'NONE', #6572, #3828, #6341 ) ;
#3172 = FACE_OUTER_BOUND ( 'NONE', #5598, .T. ) ;
#3173 = ORIENTED_EDGE ( 'NONE', *, *, #8715, .T. ) ;
#3174 = DIRECTION ( 'NONE',  ( 0.000000000000000000, 0.000000000000000000, -1.000000000000000000 ) ) ;
#3175 = CARTESIAN_POINT ( 'NONE',  ( 22.80419369326621393, 13.44999999999999929, -22.80419369326610379 ) ) ;
#3176 = CARTESIAN_POINT ( 'NONE',  ( -5.143928688219332024, 6.347063136999497424, -12.40954583850735027 ) ) ;
#3177 = EDGE_CURVE ( 'NONE', #5711, #9086, #707, .T. ) ;
#3178 = EDGE_CURVE ( 'NONE', #2476, #1881, #1364, .T. ) ;
#3179 = CARTESIAN_POINT ( 'NONE',  ( 17.60000000000000853, 6.499999999999999112, 8.140638795573718056 ) ) ;
#3180 = AXIS2_PLACEMENT_3D ( 'NONE', #746, #7778, #11215 ) ;
#3181 = CARTESIAN_POINT ( 'NONE',  ( 5.846508029456390254, 10.49999999999999822, -13.62644895387783350 ) ) ;
#3182 = CARTESIAN_POINT ( 'NONE',  ( 15.84999999999998543, 6.499999999999999112, -11.17172770881926702 ) ) ;
#3183 = CARTESIAN_POINT ( 'NONE',  ( -5.540079468428227294, 10.30978705923620531, -13.09569911728723035 ) ) ;
#3184 = CARTESIAN_POINT ( 'NONE',  ( 8.885267360840803263, 0.08184250052690897337, 1.749999999999590106 ) ) ;
#3185 = LINE ( 'NONE', #5949, #4479 ) ;
#3186 = DIRECTION ( 'NONE',  ( -0.000000000000000000, 1.000000000000000000, -0.000000000000000000 ) ) ;
#3187 = VERTEX_POINT ( 'NONE', #1126 ) ;
#3188 = CARTESIAN_POINT ( 'NONE',  ( -1.749999999999994449, 0.000000000000000000, 22.23122803625566846 ) ) ;
#3189 = CARTESIAN_POINT ( 'NONE',  ( -9.600069561505057081, 0.000000000000000000, 20.12780823672225239 ) ) ;
#3190 = MECHANICAL_DESIGN_GEOMETRIC_PRESENTATION_REPRESENTATION (  '', ( #8482 ), #3935 ) ;
#3191 = DIRECTION ( 'NONE',  ( 0.000000000000000000, 0.000000000000000000, 1.000000000000000000 ) ) ;
#3192 = EDGE_CURVE ( 'NONE', #3488, #3830, #3743, .T. ) ;
#3193 = CARTESIAN_POINT ( 'NONE',  ( 13.54055653721062136, 6.451575245584117546, -1.750000000000411005 ) ) ;
#3194 = ADVANCED_FACE ( 'NONE', ( #2024 ), #2145, .T. ) ;
#3195 = CARTESIAN_POINT ( 'NONE',  ( 20.12780823672224884, 10.80000000000000071, 9.600069561505058857 ) ) ;
#3196 = CARTESIAN_POINT ( 'NONE',  ( -6.682887933280786896, 2.163045022804031881, 8.075101441731302288 ) ) ;
#3197 = CARTESIAN_POINT ( 'NONE',  ( 22.98097038856286645, 13.54999999999999893, 22.98097038856271723 ) ) ;
#3198 = CARTESIAN_POINT ( 'NONE',  ( 6.901889459346347344, 0.2178369010166496533, -6.005533679434321037 ) ) ;
#3199 = CARTESIAN_POINT ( 'NONE',  ( -19.93590626525339715, 10.49999999999844924, 9.489274906619519001 ) ) ;
#3200 = EDGE_LOOP ( 'NONE', ( #2769, #547, #8175, #2182 ) ) ;
#3201 = ORIENTED_EDGE ( 'NONE', *, *, #6439, .T. ) ;
#3202 = SURFACE_STYLE_FILL_AREA ( #11117 ) ;
#3203 = AXIS2_PLACEMENT_3D ( 'NONE', #1239, #2752, #4722 ) ;
#3204 = CARTESIAN_POINT ( 'NONE',  ( 12.15793606078344347, 6.064326197966699361, -4.998661715319855148 ) ) ;
#3205 = CYLINDRICAL_SURFACE ( 'NONE', #121, 32.00000000000000000 ) ;
#3206 = PRESENTATION_LAYER_ASSIGNMENT (  '', '', ( #3766 ) ) ;
#3207 = EDGE_CURVE ( 'NONE', #8196, #1219, #317, .T. ) ;
#3208 = ORIENTED_EDGE ( 'NONE', *, *, #7072, .F. ) ;
#3209 = ORIENTED_EDGE ( 'NONE', *, *, #3546, .F. ) ;
#3210 = ORIENTED_EDGE ( 'NONE', *, *, #9090, .T. ) ;
#3211 = SURFACE_SIDE_STYLE ('',( #7511 ) ) ;
#3212 = FACE_BOUND ( 'NONE', #9030, .T. ) ;
#3213 = CARTESIAN_POINT ( 'NONE',  ( -22.98097038856288066, -13.25000000000000178, -22.98097038856270657 ) ) ;
#3214 = AXIS2_PLACEMENT_3D ( 'NONE', #11062, #6769, #5798 ) ;
#3215 = FILL_AREA_STYLE_COLOUR ( '', #5868 ) ;
#3216 = CIRCLE ( 'NONE', #310, 14.00218451466337477 ) ;
#3217 = CARTESIAN_POINT ( 'NONE',  ( 0.000000000000000000, 0.5000000000000000000, 0.000000000000000000 ) ) ;
#3218 = CARTESIAN_POINT ( 'NONE',  ( 0.000000000000000000, 13.44999999999999929, 0.000000000000000000 ) ) ;
#3219 = ORIENTED_EDGE ( 'NONE', *, *, #1363, .F. ) ;
#3220 = CARTESIAN_POINT ( 'NONE',  ( 22.08727364948462935, 10.53235529095875656, -1.750000000000412781 ) ) ;
#3221 = CIRCLE ( 'NONE', #11039, 28.99999999999999645 ) ;
#3222 = DIRECTION ( 'NONE',  ( 0.000000000000000000, 0.000000000000000000, 1.000000000000000000 ) ) ;
#3223 = AXIS2_PLACEMENT_3D ( 'NONE', #8830, #6908, #795 ) ;
#3224 = VERTEX_POINT ( 'NONE', #4785 ) ;
#3225 = DIRECTION ( 'NONE',  ( -0.000000000000000000, -1.000000000000000000, -0.000000000000000000 ) ) ;
#3226 = CARTESIAN_POINT ( 'NONE',  ( 14.64200948008691938, 10.49999999999999822, 1.749999999999589440 ) ) ;
#3227 = CIRCLE ( 'NONE', #8523, 30.99999999999999645 ) ;
#3228 =( GEOMETRIC_REPRESENTATION_CONTEXT ( 3 ) GLOBAL_UNCERTAINTY_ASSIGNED_CONTEXT ( ( #680 ) ) GLOBAL_UNIT_ASSIGNED_CONTEXT ( ( #3607, #9690, #4532 ) ) REPRESENTATION_CONTEXT ( 'NONE', 'WORKASPACE' ) );
#3229 = ADVANCED_FACE ( 'NONE', ( #6362 ), #9033, .T. ) ;
#3230 = SURFACE_SIDE_STYLE ('',( #3055 ) ) ;
#3231 = ORIENTED_EDGE ( 'NONE', *, *, #3746, .T. ) ;
#3232 = DIRECTION ( 'NONE',  ( 0.000000000000000000, 0.000000000000000000, 1.000000000000000000 ) ) ;
#3233 = ORIENTED_EDGE ( 'NONE', *, *, #1971, .T. ) ;
#3234 = FILL_AREA_STYLE ('',( #1337 ) ) ;
#3235 = DIRECTION ( 'NONE',  ( -0.000000000000000000, 1.000000000000000000, -0.000000000000000000 ) ) ;
#3236 = PRESENTATION_STYLE_ASSIGNMENT (( #11040 ) ) ;
#3237 = DIRECTION ( 'NONE',  ( 0.000000000000000000, 0.000000000000000000, 1.000000000000000000 ) ) ;
#3238 = B_SPLINE_CURVE_WITH_KNOTS ( 'NONE', 3,
 ( #7427, #1391, #9008, #8270, #2997, #291 ),
 .UNSPECIFIED., .F., .F.,
 ( 4, 2, 4 ),
 ( 0.000000000000000000, 0.0002346925379797274933, 0.0004693850759594549865 ),
 .UNSPECIFIED. ) ;
#3239 = ORIENTED_EDGE ( 'NONE', *, *, #6483, .F. ) ;
#3240 = CARTESIAN_POINT ( 'NONE',  ( -1.750000000000002665, 6.499999999999999112, -22.23122803625566846 ) ) ;
#3241 = EDGE_CURVE ( 'NONE', #391, #5708, #7701, .T. ) ;
#3242 = CARTESIAN_POINT ( 'NONE',  ( -7.766550857632493532, 0.000000000000000000, -2.463294286165515601 ) ) ;
#3243 = SURFACE_STYLE_FILL_AREA ( #7552 ) ;
#3244 = ORIENTED_EDGE ( 'NONE', *, *, #4897, .T. ) ;
#3245 = PRESENTATION_STYLE_ASSIGNMENT (( #11101 ) ) ;
#3246 = PRESENTATION_STYLE_ASSIGNMENT (( #650 ) ) ;
#3247 = B_SPLINE_CURVE_WITH_KNOTS ( 'NONE', 3,
 ( #11057, #10146, #6701, #6876, #9470, #5848 ),
 .UNSPECIFIED., .F., .F.,
 ( 4, 2, 4 ),
 ( 0.000000000000000000, 0.0002346920004465224258, 0.0004693840008930448516 ),
 .UNSPECIFIED. ) ;
#3248 = COLOUR_RGB ( '',0.1529411764705882470, 0.4901960784313725283, 1.000000000000000000 ) ;
#3249 = FILL_AREA_STYLE_COLOUR ( '', #7213 ) ;
#3250 = SURFACE_SIDE_STYLE ('',( #6007 ) ) ;
#3251 = DIRECTION ( 'NONE',  ( 0.8660254037844385966, 0.000000000000000000, -0.5000000000000001110 ) ) ;
#3252 = EDGE_CURVE ( 'NONE', #4288, #5498, #6283, .T. ) ;
#3253 = ADVANCED_FACE ( 'NONE', ( #437 ), #6982, .F. ) ;
#3254 = CARTESIAN_POINT ( 'NONE',  ( -10.40793606078334221, 6.064326197966698473, -8.029750628565540893 ) ) ;
#3255 = AXIS2_PLACEMENT_3D ( 'NONE', #10228, #9993, #2449 ) ;
#3256 = VERTEX_POINT ( 'NONE', #1069 ) ;
#3257 = ORIENTED_EDGE ( 'NONE', *, *, #7580, .T. ) ;
#3258 = PRESENTATION_LAYER_ASSIGNMENT (  '', '', ( #4012 ) ) ;
#3259 = ORIENTED_EDGE ( 'NONE', *, *, #7964, .T. ) ;
#3260 = VERTEX_POINT ( 'NONE', #5368 ) ;
#3261 = FACE_OUTER_BOUND ( 'NONE', #2126, .T. ) ;
#3262 = PLANE ( 'NONE',  #10865 ) ;
#3263 = PLANE ( 'NONE',  #7836 ) ;
#3264 = CARTESIAN_POINT ( 'NONE',  ( 4.102566777143633774E-15, -12.15000000000000036, 33.50000000000000000 ) ) ;
#3265 = AXIS2_PLACEMENT_3D ( 'NONE', #5347, #71, #6125 ) ;
#3266 = SURFACE_STYLE_FILL_AREA ( #11015 ) ;
#3267 = DIRECTION ( 'NONE',  ( -0.000000000000000000, 1.000000000000000000, -0.000000000000000000 ) ) ;
#3268 = EDGE_CURVE ( 'NONE', #6426, #6808, #8587, .T. ) ;
#3269 = UNCERTAINTY_MEASURE_WITH_UNIT (LENGTH_MEASURE( 1.000000000000000082E-05 ), #941, 'distance_accuracy_value', 'NONE');
#3270 = EDGE_CURVE ( 'NONE', #5996, #9356, #8433, .T. ) ;
#3271 = ORIENTED_EDGE ( 'NONE', *, *, #6667, .T. ) ;
#3272 =( NAMED_UNIT ( * ) PLANE_ANGLE_UNIT ( ) SI_UNIT ( $, .RADIAN. ) );
#3273 = LINE ( 'NONE', #7521, #7050 ) ;
#3274 = PRESENTATION_LAYER_ASSIGNMENT (  '', '', ( #3085 ) ) ;
#3275 = COLOUR_RGB ( '',0.1529411764705882470, 0.4901960784313725283, 1.000000000000000000 ) ;
#3276 = MECHANICAL_DESIGN_GEOMETRIC_PRESENTATION_REPRESENTATION (  '', ( #8574 ), #6941 ) ;
#3277 = CARTESIAN_POINT ( 'NONE',  ( 0.000000000000000000, 10.49999999999999822, 0.000000000000000000 ) ) ;
#3278 = ORIENTED_EDGE ( 'NONE', *, *, #1593, .T. ) ;
#3279 = CARTESIAN_POINT ( 'NONE',  ( 21.56675682618977419, -13.25000000000000178, 21.56675682618962142 ) ) ;
#3280 = DIRECTION ( 'NONE',  ( 0.000000000000000000, 0.000000000000000000, -1.000000000000000000 ) ) ;
#3281 = CYLINDRICAL_SURFACE ( 'NONE', #10168, 31.00000000000000000 ) ;
#3282 = AXIS2_PLACEMENT_3D ( 'NONE', #525, #8160, #349 ) ;
#3283 = UNCERTAINTY_MEASURE_WITH_UNIT (LENGTH_MEASURE( 1.000000000000000082E-05 ), #5672, 'distance_accuracy_value', 'NONE');
#3284 = EDGE_CURVE ( 'NONE', #4911, #8667, #2821, .T. ) ;
#3285 =( NAMED_UNIT ( * ) SI_UNIT ( $, .STERADIAN. ) SOLID_ANGLE_UNIT ( ) );
#3286 = DIRECTION ( 'NONE',  ( 0.8660254037844382635, 0.000000000000000000, -0.5000000000000005551 ) ) ;
#3287 = ORIENTED_EDGE ( 'NONE', *, *, #10852, .T. ) ;
#3288 = FACE_OUTER_BOUND ( 'NONE', #5049, .T. ) ;
#3289 = CIRCLE ( 'NONE', #9301, 8.147829831584077809 ) ;
#3290 = VERTEX_POINT ( 'NONE', #6312 ) ;
#3291 = AXIS2_PLACEMENT_3D ( 'NONE', #8915, #7228, #8234 ) ;
#3292 = PLANE ( 'NONE',  #7702 ) ;
#3293 = MECHANICAL_DESIGN_GEOMETRIC_PRESENTATION_REPRESENTATION (  '', ( #5161 ), #390 ) ;
#3294 = PLANE ( 'NONE',  #5271 ) ;
#3295 = DIRECTION ( 'NONE',  ( 0.000000000000000000, -1.000000000000000000, 0.000000000000000000 ) ) ;
#3296 = DIRECTION ( 'NONE',  ( -0.000000000000000000, -1.000000000000000000, -0.000000000000000000 ) ) ;
#3297 = ORIENTED_EDGE ( 'NONE', *, *, #5328, .T. ) ;
#3298 = DIRECTION ( 'NONE',  ( 0.000000000000000000, 0.000000000000000000, 1.000000000000000000 ) ) ;
#3299 = VECTOR ( 'NONE', #4439, 1000.000000000000000 ) ;
#3300 = FACE_OUTER_BOUND ( 'NONE', #11152, .T. ) ;
#3301 = DIRECTION ( 'NONE',  ( 3.552713678800500929E-15, 0.000000000000000000, -1.000000000000000000 ) ) ;
#3302 = ORIENTED_EDGE ( 'NONE', *, *, #3029, .T. ) ;
#3303 = TOROIDAL_SURFACE ( 'NONE', #8200, 8.736131791852239203, 0.5000000000000000000 ) ;
#3304 = LINE ( 'NONE', #3189, #10662 ) ;
#3305 = CARTESIAN_POINT ( 'NONE',  ( 8.979978445623059358, 0.2178369010166496533, -1.750000000000409672 ) ) ;
#3306 = CARTESIAN_POINT ( 'NONE',  ( -13.34919879051066438, 10.45155730935271343, 5.686437573003478185 ) ) ;
#3307 = EDGE_CURVE ( 'NONE', #485, #13, #10878, .T. ) ;
#3308 = LINE ( 'NONE', #6818, #10206 ) ;
#3309 =( NAMED_UNIT ( * ) PLANE_ANGLE_UNIT ( ) SI_UNIT ( $, .RADIAN. ) );
#3310 = CARTESIAN_POINT ( 'NONE',  ( 0.000000000000000000, 6.499999999999999112, 0.000000000000000000 ) ) ;
#3311 = VECTOR ( 'NONE', #6877, 1000.000000000000227 ) ;
#3312 = ORIENTED_EDGE ( 'NONE', *, *, #601, .F. ) ;
#3313 = ORIENTED_EDGE ( 'NONE', *, *, #5104, .F. ) ;
#3314 = PRESENTATION_STYLE_ASSIGNMENT (( #3551 ) ) ;
#3315 = MECHANICAL_DESIGN_GEOMETRIC_PRESENTATION_REPRESENTATION (  '', ( #4074 ), #9867 ) ;
#3316 = CARTESIAN_POINT ( 'NONE',  ( -1.749999999999996447, 10.49999999999999822, 14.72410497215828507 ) ) ;
#3317 = ORIENTED_EDGE ( 'NONE', *, *, #11060, .F. ) ;
#3318 = EDGE_CURVE ( 'NONE', #6187, #5503, #6254, .T. ) ;
#3319 = EDGE_CURVE ( 'NONE', #5087, #4873, #7345, .T. ) ;
#3320 = VECTOR ( 'NONE', #11013, 1000.000000000000000 ) ;
#3321 = ORIENTED_EDGE ( 'NONE', *, *, #9041, .T. ) ;
#3322 = DIRECTION ( 'NONE',  ( 0.000000000000000000, 0.000000000000000000, 1.000000000000000000 ) ) ;
#3323 = PRESENTATION_STYLE_ASSIGNMENT (( #7682 ) ) ;
#3324 = CARTESIAN_POINT ( 'NONE',  ( 8.651889459346341127, 0.2178369010166506525, -2.974444766188782729 ) ) ;
#3325 = AXIS2_PLACEMENT_3D ( 'NONE', #2904, #1172, #6525 ) ;
#3326 = DIRECTION ( 'NONE',  ( 0.000000000000000000, 0.000000000000000000, -1.000000000000000000 ) ) ;
#3327 =( NAMED_UNIT ( * ) SI_UNIT ( $, .STERADIAN. ) SOLID_ANGLE_UNIT ( ) );
#3328 = CARTESIAN_POINT ( 'NONE',  ( 9.242385895282597019, 4.112992312804659711, -7.356819926759468053 ) ) ;
#3329 = ORIENTED_EDGE ( 'NONE', *, *, #2572, .T. ) ;
#3330 = MECHANICAL_DESIGN_GEOMETRIC_PRESENTATION_REPRESENTATION (  '', ( #10778 ), #255 ) ;
#3331 = DIRECTION ( 'NONE',  ( -0.000000000000000000, 1.000000000000000000, -0.000000000000000000 ) ) ;
#3332 = STYLED_ITEM ( 'NONE', ( #7067 ), #3079 ) ;
#3333 = PLANE ( 'NONE',  #7204 ) ;
#3334 = EDGE_CURVE ( 'NONE', #2968, #1115, #1267, .T. ) ;
#3335 = FACE_OUTER_BOUND ( 'NONE', #10095, .T. ) ;
#3336 = ORIENTED_EDGE ( 'NONE', *, *, #9248, .F. ) ;
#3337 = VECTOR ( 'NONE', #495, 1000.000000000000000 ) ;
#3338 = DIRECTION ( 'NONE',  ( -0.000000000000000000, 1.000000000000000000, -0.000000000000000000 ) ) ;
#3339 = FILL_AREA_STYLE_COLOUR ( '', #1466 ) ;
#3340 = CARTESIAN_POINT ( 'NONE',  ( -2.463294286165488955, 1.500000000000001332, 7.766550857632741334 ) ) ;
#3341 = CYLINDRICAL_SURFACE ( 'NONE', #7943, 22.30000000000000071 ) ;
#3342 = EDGE_LOOP ( 'NONE', ( #10398, #2827, #3847, #3104 ) ) ;
#3343 =( LENGTH_UNIT ( ) NAMED_UNIT ( * ) SI_UNIT ( .MILLI., .METRE. ) );
#3344 = PRESENTATION_STYLE_ASSIGNMENT (( #7704 ) ) ;
#3345 = STYLED_ITEM ( 'NONE', ( #11193 ), #4588 ) ;
#3346 = ORIENTED_EDGE ( 'NONE', *, *, #1563, .T. ) ;
#3347 = EDGE_CURVE ( 'NONE', #8671, #8028, #9853, .T. ) ;
#3348 =( LENGTH_UNIT ( ) NAMED_UNIT ( * ) SI_UNIT ( .MILLI., .METRE. ) );
#3349 = DIRECTION ( 'NONE',  ( 0.5000000000000002220, -0.000000000000000000, 0.8660254037844385966 ) ) ;
#3350 = CARTESIAN_POINT ( 'NONE',  ( 5.999999999999997335, -0.2000000000000000944, -3.464101615137753498 ) ) ;
#3351 = FILL_AREA_STYLE ('',( #6969 ) ) ;
#3352 = EDGE_LOOP ( 'NONE', ( #5170, #7829, #8067, #11010 ) ) ;
#3353 = TOROIDAL_SURFACE ( 'NONE', #4852, 22.00000000000000000, 0.2999999999999999889 ) ;
#3354 = PRESENTATION_LAYER_ASSIGNMENT (  '', '', ( #1913 ) ) ;
#3355 = SURFACE_STYLE_FILL_AREA ( #2299 ) ;
#3356 = CARTESIAN_POINT ( 'NONE',  ( -6.016550857632677385, -18.21991441758264685, -5.494383199411098317 ) ) ;
#3357 = ORIENTED_EDGE ( 'NONE', *, *, #8731, .T. ) ;
#3358 = DIRECTION ( 'NONE',  ( 0.4999999999999995559, 0.000000000000000000, -0.8660254037844389297 ) ) ;
#3359 = CARTESIAN_POINT ( 'NONE',  ( 21.74353352148639118, -13.25000000000000178, -21.74353352148628460 ) ) ;
#3360 = CIRCLE ( 'NONE', #5393, 0.2500000000000002220 ) ;
#3361 = CIRCLE ( 'NONE', #7759, 22.30000000000000071 ) ;
#3362 = CARTESIAN_POINT ( 'NONE',  ( -13.55535217220781696, 10.49999999999999822, 5.805460283420679879 ) ) ;
#3363 = FACE_OUTER_BOUND ( 'NONE', #6289, .T. ) ;
#3364 =( NAMED_UNIT ( * ) PLANE_ANGLE_UNIT ( ) SI_UNIT ( $, .RADIAN. ) );
#3365 = DIRECTION ( 'NONE',  ( 0.000000000000000000, 0.000000000000000000, 1.000000000000000000 ) ) ;
#3366 = CARTESIAN_POINT ( 'NONE',  ( 9.949187803338251257, 4.345385502134334388, 1.749999999999589884 ) ) ;
#3367 = VERTEX_POINT ( 'NONE', #97 ) ;
#3368 = EDGE_CURVE ( 'NONE', #8325, #5961, #7895, .T. ) ;
#3369 = ORIENTED_EDGE ( 'NONE', *, *, #9607, .T. ) ;
#3370 = DIRECTION ( 'NONE',  ( -0.000000000000000000, 1.000000000000000000, -0.000000000000000000 ) ) ;
#3371 = ORIENTED_EDGE ( 'NONE', *, *, #1395, .F. ) ;
#3372 = STYLED_ITEM ( 'NONE', ( #7409 ), #9328 ) ;
#3373 = ORIENTED_EDGE ( 'NONE', *, *, #10480, .F. ) ;
#3374 = ORIENTED_EDGE ( 'NONE', *, *, #6949, .F. ) ;
#3375 = CARTESIAN_POINT ( 'NONE',  ( 20.50609665440993012, -13.25000000000000178, -20.50609665440982354 ) ) ;
#3376 = DIRECTION ( 'NONE',  ( -0.000000000000000000, 1.000000000000000000, -0.000000000000000000 ) ) ;
#3377 =( NAMED_UNIT ( * ) SI_UNIT ( $, .STERADIAN. ) SOLID_ANGLE_UNIT ( ) );
#3378 = CARTESIAN_POINT ( 'NONE',  ( 5.430653625470048596, 10.06432619796669847, -12.90616799762221945 ) ) ;
#3379 = CARTESIAN_POINT ( 'NONE',  ( -8.979978445623086003, 0.2178369010166484321, 1.750000000000268674 ) ) ;
#3380 = CARTESIAN_POINT ( 'NONE',  ( -8.075101441731220575, 2.163045022804030104, -6.682887933280883708 ) ) ;
#3381 = VERTEX_POINT ( 'NONE', #3630 ) ;
#3382 = AXIS2_PLACEMENT_3D ( 'NONE', #10963, #502, #3156 ) ;
#3383 = EDGE_CURVE ( 'NONE', #19, #11034, #6002, .T. ) ;
#3384 = CIRCLE ( 'NONE', #5779, 22.00000000000000000 ) ;
#3385 = DIRECTION ( 'NONE',  ( -0.000000000000000000, 1.000000000000000000, -0.000000000000000000 ) ) ;
#3386 = DIRECTION ( 'NONE',  ( -0.000000000000000000, 1.000000000000000000, -0.000000000000000000 ) ) ;
#3387 = CARTESIAN_POINT ( 'NONE',  ( 0.000000000000000000, -0.1999999999999987899, 2.250000000000000000 ) ) ;
#3388 = ORIENTED_EDGE ( 'NONE', *, *, #8475, .T. ) ;
#3389 = COLOUR_RGB ( '',0.1529411764705882470, 0.4901960784313725283, 1.000000000000000000 ) ;
#3390 = CARTESIAN_POINT ( 'NONE',  ( 12.73663046725005721, 6.500000000000001776, -5.332771086671884930 ) ) ;
#3391 =( NAMED_UNIT ( * ) PLANE_ANGLE_UNIT ( ) SI_UNIT ( $, .RADIAN. ) );
#3392 = DIRECTION ( 'NONE',  ( 0.000000000000000000, 0.000000000000000000, -1.000000000000000000 ) ) ;
#3393 = DIRECTION ( 'NONE',  ( 0.000000000000000000, -1.000000000000000000, 0.000000000000000000 ) ) ;
#3394 = UNCERTAINTY_MEASURE_WITH_UNIT (LENGTH_MEASURE( 1.000000000000000082E-05 ), #8795, 'distance_accuracy_value', 'NONE');
#3395 = EDGE_CURVE ( 'NONE', #5187, #8083, #5354, .T. ) ;
#3396 = EDGE_CURVE ( 'NONE', #8296, #3961, #2944, .T. ) ;
#3397 = DIRECTION ( 'NONE',  ( 0.000000000000000000, 0.000000000000000000, 1.000000000000000000 ) ) ;
#3398 = ORIENTED_EDGE ( 'NONE', *, *, #10693, .F. ) ;
#3399 = CIRCLE ( 'NONE', #6704, 13.14541852518598830 ) ;
#3400 = CARTESIAN_POINT ( 'NONE',  ( 1.750000000000005995, 10.49999999999999822, 21.93028727582017012 ) ) ;
#3401 =( NAMED_UNIT ( * ) SI_UNIT ( $, .STERADIAN. ) SOLID_ANGLE_UNIT ( ) );
#3402 = TOROIDAL_SURFACE ( 'NONE', #6328, 8.736131791852239203, 0.5000000000000000000 ) ;
#3403 = ORIENTED_EDGE ( 'NONE', *, *, #7947, .T. ) ;
#3404 = CARTESIAN_POINT ( 'NONE',  ( 22.62741699796957917, 13.54999999999999893, -22.62741699796946193 ) ) ;
#3405 = FILL_AREA_STYLE_COLOUR ( '', #1660 ) ;
#3406 = CARTESIAN_POINT ( 'NONE',  ( 0.000000000000000000, -13.15000000000000213, 29.50000000000000000 ) ) ;
#3407 = CARTESIAN_POINT ( 'NONE',  ( -1.749999999999996669, 6.459664993593750459, 13.53434881735831752 ) ) ;
#3408 = MECHANICAL_DESIGN_GEOMETRIC_PRESENTATION_REPRESENTATION (  '', ( #1611 ), #5442 ) ;
#3409 = CARTESIAN_POINT ( 'NONE',  ( -5.958180016534123880, 0.08184789799993552606, -6.819870509278898929 ) ) ;
#3410 = ORIENTED_EDGE ( 'NONE', *, *, #10555, .F. ) ;
#3411 = COLOUR_RGB ( '',0.1529411764705882470, 0.4901960784313725283, 1.000000000000000000 ) ;
#3412 = EDGE_CURVE ( 'NONE', #1586, #6884, #9206, .T. ) ;
#3413 = B_SPLINE_CURVE_WITH_KNOTS ( 'NONE', 3,
 ( #331, #10575, #8095, #2775 ),
 .UNSPECIFIED., .F., .F.,
 ( 4, 4 ),
 ( 2.441178545174812687E-07, 0.01041986825085306975 ),
 .UNSPECIFIED. ) ;
#3414 = CARTESIAN_POINT ( 'NONE',  ( -20.85965004500322806, 13.44999999999999929, -20.85965004500307174 ) ) ;
#3415 = EDGE_CURVE ( 'NONE', #3689, #10919, #1420, .T. ) ;
#3416 = DIRECTION ( 'NONE',  ( -0.000000000000000000, -1.000000000000000000, -0.000000000000000000 ) ) ;
#3417 = CARTESIAN_POINT ( 'NONE',  ( -22.23122803625525634, -18.21991441758264685, 1.750000000000273115 ) ) ;
#3418 = ORIENTED_EDGE ( 'NONE', *, *, #1959, .F. ) ;
#3419 = DIRECTION ( 'NONE',  ( -0.000000000000000000, 1.000000000000000000, -0.000000000000000000 ) ) ;
#3420 = TOROIDAL_SURFACE ( 'NONE', #1447, 32.50000000000000000, 1.000000000000000000 ) ;
#3421 = AXIS2_PLACEMENT_3D ( 'NONE', #11123, #10441, #6937 ) ;
#3422 = CARTESIAN_POINT ( 'NONE',  ( 14.30000000000000071, 10.49999999999999822, 0.000000000000000000 ) ) ;
#3423 = FILL_AREA_STYLE_COLOUR ( '', #8469 ) ;
#3424 = CARTESIAN_POINT ( 'NONE',  ( -9.949187803337801839, 4.345385502133717104, -1.749999999999730882 ) ) ;
#3425 = VERTEX_POINT ( 'NONE', #2977 ) ;
#3426 = ORIENTED_EDGE ( 'NONE', *, *, #8065, .F. ) ;
#3427 = FACE_OUTER_BOUND ( 'NONE', #5206, .T. ) ;
#3428 = VECTOR ( 'NONE', #9065, 1000.000000000000000 ) ;
#3429 = DIRECTION ( 'NONE',  ( 0.000000000000000000, -0.000000000000000000, -1.000000000000000000 ) ) ;
#3430 = VERTEX_POINT ( 'NONE', #6415 ) ;
#3431 = ORIENTED_EDGE ( 'NONE', *, *, #9299, .F. ) ;
#3432 = ORIENTED_EDGE ( 'NONE', *, *, #5630, .T. ) ;
#3433 = DIRECTION ( 'NONE',  ( 0.000000000000000000, 0.000000000000000000, -1.000000000000000000 ) ) ;
#3434 = EDGE_CURVE ( 'NONE', #10651, #1820, #1713, .T. ) ;
#3435 = CARTESIAN_POINT ( 'NONE',  ( 22.62741699796957917, -13.25000000000000178, -22.62741699796946193 ) ) ;
#3436 = CARTESIAN_POINT ( 'NONE',  ( 0.000000000000000000, 0.000000000000000000, 0.000000000000000000 ) ) ;
#3437 = DIRECTION ( 'NONE',  ( 0.000000000000000000, 0.000000000000000000, 1.000000000000000000 ) ) ;
#3438 = CARTESIAN_POINT ( 'NONE',  ( -13.02841234388514202, 6.064326197966518173, 1.750000000000270006 ) ) ;
#3439 = EDGE_LOOP ( 'NONE', ( #1240, #1932, #4694, #9644 ) ) ;
#3440 = PRESENTATION_LAYER_ASSIGNMENT (  '', '', ( #8374 ) ) ;
#3441 = SURFACE_SIDE_STYLE ('',( #11244 ) ) ;
#3442 = DIRECTION ( 'NONE',  ( 0.000000000000000000, 0.000000000000000000, -1.000000000000000000 ) ) ;
#3443 = DIRECTION ( 'NONE',  ( 0.000000000000000000, -1.000000000000000000, 0.000000000000000000 ) ) ;
#3444 = PRESENTATION_LAYER_ASSIGNMENT (  '', '', ( #8740 ) ) ;
#3445 = LINE ( 'NONE', #6788, #1308 ) ;
#3446 = FACE_OUTER_BOUND ( 'NONE', #2954, .T. ) ;
#3447 = ORIENTED_EDGE ( 'NONE', *, *, #2571, .F. ) ;
#3448 = PRESENTATION_LAYER_ASSIGNMENT (  '', '', ( #2370 ) ) ;
#3449 = EDGE_CURVE ( 'NONE', #9150, #8350, #8080, .T. ) ;
#3450 = CARTESIAN_POINT ( 'NONE',  ( 8.364693074776699433, 6.490181703155803561, 10.98807339523276205 ) ) ;
#3451 = DIRECTION ( 'NONE',  ( 0.8660254037844464792, 0.000000000000000000, 0.4999999999999863998 ) ) ;
#3452 = CARTESIAN_POINT ( 'NONE',  ( 0.000000000000000000, 0.000000000000000000, 0.000000000000000000 ) ) ;
#3453 = FACE_OUTER_BOUND ( 'NONE', #10455, .T. ) ;
#3454 = CARTESIAN_POINT ( 'NONE',  ( 1.749999999999998224, 10.19954933640112671, -13.98556174125130269 ) ) ;
#3455 = STYLED_ITEM ( 'NONE', ( #1733 ), #1335 ) ;
#3456 = SURFACE_STYLE_FILL_AREA ( #2554 ) ;
#3457 = EDGE_LOOP ( 'NONE', ( #8355, #5738, #6224, #8098 ) ) ;
#3458 = AXIS2_PLACEMENT_3D ( 'NONE', #2545, #8177, #6465 ) ;
#3459 = LINE ( 'NONE', #11200, #4523 ) ;
#3460 = ORIENTED_EDGE ( 'NONE', *, *, #1080, .F. ) ;
#3461 = CIRCLE ( 'NONE', #4217, 32.00000000000000000 ) ;
#3462 = DIRECTION ( 'NONE',  ( 0.000000000000000000, 0.000000000000000000, 1.000000000000000000 ) ) ;
#3463 = ADVANCED_FACE ( 'NONE', ( #6474 ), #10044, .F. ) ;
#3464 = EDGE_CURVE ( 'NONE', #1417, #5869, #9034, .T. ) ;
#3465 = DIRECTION ( 'NONE',  ( 0.000000000000000000, 0.000000000000000000, -1.000000000000000000 ) ) ;
#3466 = LINE ( 'NONE', #7079, #4935 ) ;
#3467 = DIRECTION ( 'NONE',  ( 0.000000000000000000, -1.000000000000000000, 0.000000000000000000 ) ) ;
#3468 = STYLED_ITEM ( 'NONE', ( #7753 ), #6119 ) ;
#3469 = DIRECTION ( 'NONE',  ( -0.000000000000000000, 1.000000000000000000, -0.000000000000000000 ) ) ;
#3470 = ORIENTED_EDGE ( 'NONE', *, *, #1653, .F. ) ;
#3471 = CARTESIAN_POINT ( 'NONE',  ( 0.000000000000000000, 0.000000000000000000, 0.000000000000000000 ) ) ;
#3472 = FILL_AREA_STYLE ('',( #5998 ) ) ;
#3473 = CIRCLE ( 'NONE', #9829, 1.000000000000000888 ) ;
#3474 = ORIENTED_EDGE ( 'NONE', *, *, #5778, .T. ) ;
#3475 = LINE ( 'NONE', #9526, #11037 ) ;
#3476 =( GEOMETRIC_REPRESENTATION_CONTEXT ( 3 ) GLOBAL_UNCERTAINTY_ASSIGNED_CONTEXT ( ( #9210 ) ) GLOBAL_UNIT_ASSIGNED_CONTEXT ( ( #5014, #3391, #9209 ) ) REPRESENTATION_CONTEXT ( 'NONE', 'WORKASPACE' ) );
#3477 = MECHANICAL_DESIGN_GEOMETRIC_PRESENTATION_REPRESENTATION (  '', ( #8405 ), #4047 ) ;
#3478 = ADVANCED_FACE ( 'NONE', ( #6536 ), #46, .F. ) ;
#3479 = CARTESIAN_POINT ( 'NONE',  ( 0.000000000000000000, 0.000000000000000000, 0.000000000000000000 ) ) ;
#3480 = COLOUR_RGB ( '',0.1529411764705882470, 0.4901960784313725283, 1.000000000000000000 ) ;
#3481 = CIRCLE ( 'NONE', #9313, 32.50000000000000000 ) ;
#3482 = CARTESIAN_POINT ( 'NONE',  ( -1.750000000000000666, -18.21991441758264685, -7.957677485576517995 ) ) ;
#3483 = ORIENTED_EDGE ( 'NONE', *, *, #44, .T. ) ;
#3484 = ORIENTED_EDGE ( 'NONE', *, *, #414, .T. ) ;
#3485 =( GEOMETRIC_REPRESENTATION_CONTEXT ( 3 ) GLOBAL_UNCERTAINTY_ASSIGNED_CONTEXT ( ( #5818 ) ) GLOBAL_UNIT_ASSIGNED_CONTEXT ( ( #915, #6966, #5106 ) ) REPRESENTATION_CONTEXT ( 'NONE', 'WORKASPACE' ) );
#3486 = DIRECTION ( 'NONE',  ( -0.5000000000000006661, 0.000000000000000000, -0.8660254037844383745 ) ) ;
#3487 = CIRCLE ( 'NONE', #9324, 9.148907742668312082 ) ;
#3488 = VERTEX_POINT ( 'NONE', #10160 ) ;
#3489 = EDGE_CURVE ( 'NONE', #1427, #164, #4623, .T. ) ;
#3490 = ORIENTED_EDGE ( 'NONE', *, *, #2583, .T. ) ;
#3491 = CARTESIAN_POINT ( 'NONE',  ( 0.000000000000000000, -13.25000000000000178, 32.00000000000000000 ) ) ;
#3492 = AXIS2_PLACEMENT_3D ( 'NONE', #156, #4560, #10400 ) ;
#3493 = CYLINDRICAL_SURFACE ( 'NONE', #8976, 0.2500000000000002220 ) ;
#3494 = PRESENTATION_STYLE_ASSIGNMENT (( #827 ) ) ;
#3495 = DIRECTION ( 'NONE',  ( -0.000000000000000000, 1.000000000000000000, -0.000000000000000000 ) ) ;
#3496 = LINE ( 'NONE', #10386, #1130 ) ;
#3497 = CARTESIAN_POINT ( 'NONE',  ( -11.68254246699174459, 4.112980027586008447, 1.750000000000269562 ) ) ;
#3498 =( LENGTH_UNIT ( ) NAMED_UNIT ( * ) SI_UNIT ( .MILLI., .METRE. ) );
#3499 = AXIS2_PLACEMENT_3D ( 'NONE', #8892, #336, #1938 ) ;
#3500 = ORIENTED_EDGE ( 'NONE', *, *, #10480, .T. ) ;
#3501 =( LENGTH_UNIT ( ) NAMED_UNIT ( * ) SI_UNIT ( .MILLI., .METRE. ) );
#3502 = CARTESIAN_POINT ( 'NONE',  ( 20.50609665440994789, -13.15000000000000213, 20.50609665440980578 ) ) ;
#3503 = CARTESIAN_POINT ( 'NONE',  ( 8.559059450933261814, 0.000000000000000000, -1.750000000000409672 ) ) ;
#3504 = FILL_AREA_STYLE ('',( #8647 ) ) ;
#3505 = LINE ( 'NONE', #29, #9467 ) ;
#3506 = CARTESIAN_POINT ( 'NONE',  ( 0.000000000000000000, 13.44999999999999929, 0.000000000000000000 ) ) ;
#3507 =( GEOMETRIC_REPRESENTATION_CONTEXT ( 3 ) GLOBAL_UNCERTAINTY_ASSIGNED_CONTEXT ( ( #9221 ) ) GLOBAL_UNIT_ASSIGNED_CONTEXT ( ( #5241, #6297, #4544 ) ) REPRESENTATION_CONTEXT ( 'NONE', 'WORKASPACE' ) );
#3508 = CIRCLE ( 'NONE', #4082, 14.00218451466337832 ) ;
#3509 = FACE_OUTER_BOUND ( 'NONE', #7046, .T. ) ;
#3510 = CIRCLE ( 'NONE', #6815, 14.00218451466337477 ) ;
#3511 = CARTESIAN_POINT ( 'NONE',  ( 22.30000000000000071, 6.499999999999999112, -1.750000000000412559 ) ) ;
#3512 = CARTESIAN_POINT ( 'NONE',  ( 13.89239616418555201, 10.06432619796669847, -1.750000000000410783 ) ) ;
#3513 = VERTEX_POINT ( 'NONE', #5917 ) ;
#3514 = SURFACE_STYLE_USAGE ( .BOTH. , #10503 ) ;
#3515 = CARTESIAN_POINT ( 'NONE',  ( -5.494383199410948215, 1.500000000000001332, -6.016550857632813276 ) ) ;
#3516 = PRESENTATION_STYLE_ASSIGNMENT (( #4282 ) ) ;
#3517 = LINE ( 'NONE', #8709, #9273 ) ;
#3518 = CARTESIAN_POINT ( 'NONE',  ( 0.000000000000000000, 11.79999999999999716, 23.30000000000000071 ) ) ;
#3519 = CIRCLE ( 'NONE', #3715, 0.2500000000000002220 ) ;
#3520 = UNCERTAINTY_MEASURE_WITH_UNIT (LENGTH_MEASURE( 1.000000000000000082E-05 ), #8, 'distance_accuracy_value', 'NONE');
#3521 = PRESENTATION_LAYER_ASSIGNMENT (  '', '', ( #1715 ) ) ;
#3522 = SURFACE_SIDE_STYLE ('',( #11258 ) ) ;
#3523 = ORIENTED_EDGE ( 'NONE', *, *, #5876, .T. ) ;
#3524 = EDGE_CURVE ( 'NONE', #6143, #6729, #6715, .T. ) ;
#3525 = PRESENTATION_STYLE_ASSIGNMENT (( #6961 ) ) ;
#3526 = VERTEX_POINT ( 'NONE', #4150 ) ;
#3527 = CIRCLE ( 'NONE', #7732, 14.82773641629552053 ) ;
#3528 = FILL_AREA_STYLE ('',( #736 ) ) ;
#3529 = DIRECTION ( 'NONE',  ( 0.000000000000000000, -1.000000000000000000, 0.000000000000000000 ) ) ;
#3530 = CARTESIAN_POINT ( 'NONE',  ( 1.749999999999999112, -18.21991441758264685, -7.957677485576517995 ) ) ;
#3531 = CARTESIAN_POINT ( 'NONE',  ( -10.60039152416005415, 6.300111172951809557, -8.140864842153099801 ) ) ;
#3532 = ORIENTED_EDGE ( 'NONE', *, *, #894, .F. ) ;
#3533 = UNCERTAINTY_MEASURE_WITH_UNIT (LENGTH_MEASURE( 1.000000000000000082E-05 ), #8057, 'distance_accuracy_value', 'NONE');
#3534 = STYLED_ITEM ( 'NONE', ( #10796 ), #4408 ) ;
#3535 = CARTESIAN_POINT ( 'NONE',  ( 0.000000000000000000, -10.99999999999999289, 0.000000000000000000 ) ) ;
#3536 = VERTEX_POINT ( 'NONE', #2325 ) ;
#3537 = EDGE_CURVE ( 'NONE', #11089, #9674, #7628, .T. ) ;
#3538 = DIRECTION ( 'NONE',  ( -0.000000000000000000, 1.000000000000000000, 0.000000000000000000 ) ) ;
#3539 =( LENGTH_UNIT ( ) NAMED_UNIT ( * ) SI_UNIT ( .MILLI., .METRE. ) );
#3540 = DIRECTION ( 'NONE',  ( -0.000000000000000000, -1.000000000000000000, -0.000000000000000000 ) ) ;
#3541 = FACE_OUTER_BOUND ( 'NONE', #7706, .T. ) ;
#3542 = PRESENTATION_STYLE_ASSIGNMENT (( #1997 ) ) ;
#3543 = FILL_AREA_STYLE_COLOUR ( '', #4032 ) ;
#3544 = CARTESIAN_POINT ( 'NONE',  ( 4.325731013513937739, 4.112992312804595763, 10.99238589528254195 ) ) ;
#3545 = ORIENTED_EDGE ( 'NONE', *, *, #8032, .F. ) ;
#3546 = EDGE_CURVE ( 'NONE', #660, #2143, #789, .T. ) ;
#3547 = AXIS2_PLACEMENT_3D ( 'NONE', #8509, #9412, #4182 ) ;
#3548 = EDGE_CURVE ( 'NONE', #6050, #5961, #5866, .T. ) ;
#3549 = ORIENTED_EDGE ( 'NONE', *, *, #1395, .T. ) ;
#3550 = SURFACE_SIDE_STYLE ('',( #70 ) ) ;
#3551 = SURFACE_STYLE_USAGE ( .BOTH. , #10435 ) ;
#3552 = CARTESIAN_POINT ( 'NONE',  ( -12.63115847475036801, 0.000000000000000000, -18.37780823672240516 ) ) ;
#3553 = CARTESIAN_POINT ( 'NONE',  ( 1.750000000000001998, 1.375586235265498850E-17, 8.724713451375777140 ) ) ;
#3554 = ORIENTED_EDGE ( 'NONE', *, *, #11075, .F. ) ;
#3555 = CARTESIAN_POINT ( 'NONE',  ( 0.000000000000000000, 9.499999999999998224, 0.000000000000000000 ) ) ;
#3556 = CARTESIAN_POINT ( 'NONE',  ( 22.98097038856275276, -13.25000000000000178, -22.98097038856284513 ) ) ;
#3557 = CARTESIAN_POINT ( 'NONE',  ( -5.430653625470028167, 10.06432619796669847, 12.90616799762222833 ) ) ;
#3558 = CARTESIAN_POINT ( 'NONE',  ( -7.957677485576279075, -18.21991441758264685, 1.750000000000301537 ) ) ;
#3559 = LINE ( 'NONE', #6184, #3829 ) ;
#3560 = CARTESIAN_POINT ( 'NONE',  ( -6.537362917009499341, 0.000000000000000000, -5.795074182089517301 ) ) ;
#3561 =( NAMED_UNIT ( * ) SI_UNIT ( $, .STERADIAN. ) SOLID_ANGLE_UNIT ( ) );
#3562 = DIRECTION ( 'NONE',  ( -0.000000000000000000, 1.000000000000000000, -0.000000000000000000 ) ) ;
#3563 = PRESENTATION_STYLE_ASSIGNMENT (( #5299 ) ) ;
#3564 = DIRECTION ( 'NONE',  ( 0.000000000000000000, 0.000000000000000000, 1.000000000000000000 ) ) ;
#3565 = ORIENTED_EDGE ( 'NONE', *, *, #5417, .F. ) ;
#3566 = SURFACE_SIDE_STYLE ('',( #2747 ) ) ;
#3567 = DIRECTION ( 'NONE',  ( -0.000000000000000000, 1.000000000000000000, -0.000000000000000000 ) ) ;
#3568 = ADVANCED_FACE ( 'NONE', ( #6888 ), #5900, .F. ) ;
#3569 = FILL_AREA_STYLE_COLOUR ( '', #4035 ) ;
#3570 = SURFACE_STYLE_FILL_AREA ( #5249 ) ;
#3571 = AXIS2_PLACEMENT_3D ( 'NONE', #7634, #8367, #4793 ) ;
#3572 = ORIENTED_EDGE ( 'NONE', *, *, #8778, .F. ) ;
#3573 = CARTESIAN_POINT ( 'NONE',  ( -12.90616799762227807, 10.06432619796679617, 5.430653625470075241 ) ) ;
#3574 = ORIENTED_EDGE ( 'NONE', *, *, #6873, .T. ) ;
#3575 = CARTESIAN_POINT ( 'NONE',  ( 1.749999999999998446, 6.064326197966699361, -13.02841234388530367 ) ) ;
#3576 = B_SPLINE_CURVE_WITH_KNOTS ( 'NONE', 3,
 ( #5940, #6682, #582, #4005, #10978, #7480, #10072, #7650 ),
 .UNSPECIFIED., .F., .F.,
 ( 4, 2, 2, 4 ),
 ( 8.673617379884035472E-19, 0.0002429683717504909951, 0.0004859367435009811229, 0.0009718734870019568248 ),
 .UNSPECIFIED. ) ;
#3577 = CARTESIAN_POINT ( 'NONE',  ( 8.029750628565457404, 6.064326197966795284, 10.40793606078348787 ) ) ;
#3578 = LINE ( 'NONE', #9563, #722 ) ;
#3579 = DIRECTION ( 'NONE',  ( -0.000000000000000000, 1.000000000000000000, -0.000000000000000000 ) ) ;
#3580 = AXIS2_PLACEMENT_3D ( 'NONE', #6245, #1175, #4665 ) ;
#3581 = SURFACE_STYLE_USAGE ( .BOTH. , #10404 ) ;
#3582 = VERTEX_POINT ( 'NONE', #715 ) ;
#3583 = FILL_AREA_STYLE ('',( #7132 ) ) ;
#3584 = ORIENTED_EDGE ( 'NONE', *, *, #7462, .T. ) ;
#3585 = CONICAL_SURFACE ( 'NONE', #11209, 9.000000000000000000, 0.5996168419455644161 ) ;
#3586 = MECHANICAL_DESIGN_GEOMETRIC_PRESENTATION_REPRESENTATION (  '', ( #2493 ), #8495 ) ;
#3587 = PLANE ( 'NONE',  #9508 ) ;
#3588 = CARTESIAN_POINT ( 'NONE',  ( -14.72410497215831704, 10.49999999999999822, -1.749999999999729550 ) ) ;
#3589 = B_SPLINE_CURVE_WITH_KNOTS ( 'NONE', 3,
 ( #3204, #10888, #4906, #10947 ),
 .UNSPECIFIED., .F., .F.,
 ( 4, 4 ),
 ( 0.0005294582654890437386, 0.007640805118562055652 ),
 .UNSPECIFIED. ) ;
#3590 = CARTESIAN_POINT ( 'NONE',  ( 10.98663046725004655, 6.500000000000000000, 8.363859999917441002 ) ) ;
#3591 = CARTESIAN_POINT ( 'NONE',  ( -1.749999999999996891, 6.192532590100032763, 13.12895560341125467 ) ) ;
#3592 = DIRECTION ( 'NONE',  ( 0.000000000000000000, 0.000000000000000000, -1.000000000000000000 ) ) ;
#3593 = EDGE_CURVE ( 'NONE', #4737, #4028, #2251, .T. ) ;
#3594 = DIRECTION ( 'NONE',  ( 0.000000000000000000, -1.000000000000000000, 0.000000000000000000 ) ) ;
#3595 = ORIENTED_EDGE ( 'NONE', *, *, #2854, .T. ) ;
#3596 = AXIS2_PLACEMENT_3D ( 'NONE', #6345, #5500, #9698 ) ;
#3597 = TOROIDAL_SURFACE ( 'NONE', #1423, 32.50000000000000000, 1.000000000000000000 ) ;
#3598 = CARTESIAN_POINT ( 'NONE',  ( -13.62644895387783706, 10.49999999999999822, 5.846508029456383149 ) ) ;
#3599 = CARTESIAN_POINT ( 'NONE',  ( 12.61479958133294410, 10.64307090431699088, -18.34947380216721768 ) ) ;
#3600 =( NAMED_UNIT ( * ) PLANE_ANGLE_UNIT ( ) SI_UNIT ( $, .RADIAN. ) );
#3601 = ORIENTED_EDGE ( 'NONE', *, *, #7826, .F. ) ;
#3602 = SURFACE_SIDE_STYLE ('',( #10363 ) ) ;
#3603 = DIRECTION ( 'NONE',  ( -0.000000000000000000, 1.000000000000000000, -0.000000000000000000 ) ) ;
#3604 = STYLED_ITEM ( 'NONE', ( #7888 ), #4996 ) ;
#3605 = VECTOR ( 'NONE', #8676, 1000.000000000000000 ) ;
#3606 = COLOUR_RGB ( '',0.1529411764705882470, 0.4901960784313725283, 1.000000000000000000 ) ;
#3607 =( LENGTH_UNIT ( ) NAMED_UNIT ( * ) SI_UNIT ( .MILLI., .METRE. ) );
#3608 = ADVANCED_FACE ( 'NONE', ( #2484 ), #3150, .T. ) ;
#3609 =( NAMED_UNIT ( * ) SI_UNIT ( $, .STERADIAN. ) SOLID_ANGLE_UNIT ( ) );
#3610 = LINE ( 'NONE', #3482, #9149 ) ;
#3611 = ORIENTED_EDGE ( 'NONE', *, *, #7179, .T. ) ;
#3612 = PRESENTATION_LAYER_ASSIGNMENT (  '', '', ( #6523 ) ) ;
#3613 = VERTEX_POINT ( 'NONE', #5077 ) ;
#3614 = DIRECTION ( 'NONE',  ( -0.000000000000000000, -1.000000000000000000, -0.000000000000000000 ) ) ;
#3615 = VERTEX_POINT ( 'NONE', #8588 ) ;
#3616 = ADVANCED_FACE ( 'NONE', ( #8530 ), #9430, .T. ) ;
#3617 = EDGE_CURVE ( 'NONE', #10600, #8178, #9790, .T. ) ;
#3618 = DIRECTION ( 'NONE',  ( 0.000000000000000000, 0.000000000000000000, 1.000000000000000000 ) ) ;
#3619 = PRESENTATION_STYLE_ASSIGNMENT (( #8864 ) ) ;
#3620 = DIRECTION ( 'NONE',  ( 0.000000000000000000, -1.000000000000000000, 0.000000000000000000 ) ) ;
#3621 = SURFACE_STYLE_FILL_AREA ( #10494 ) ;
#3622 = EDGE_LOOP ( 'NONE', ( #4888, #2041, #3146, #5113 ) ) ;
#3623 = LINE ( 'NONE', #9756, #10349 ) ;
#3624 = CARTESIAN_POINT ( 'NONE',  ( 22.30000000000000071, 6.499999999999999112, 0.000000000000000000 ) ) ;
#3625 = CARTESIAN_POINT ( 'NONE',  ( -12.63115847475036979, 10.80000000000000071, -18.37780823672240871 ) ) ;
#3626 = CARTESIAN_POINT ( 'NONE',  ( -11.34569911728705804, 10.30978705923620709, -8.571168381674063141 ) ) ;
#3627 = ORIENTED_EDGE ( 'NONE', *, *, #5644, .F. ) ;
#3628 =( NAMED_UNIT ( * ) PLANE_ANGLE_UNIT ( ) SI_UNIT ( $, .RADIAN. ) );
#3629 = EDGE_CURVE ( 'NONE', #5654, #8417, #1475, .T. ) ;
#3630 = CARTESIAN_POINT ( 'NONE',  ( 22.62741699796957917, -13.25000000000000178, -22.62741699796946193 ) ) ;
#3631 = DIRECTION ( 'NONE',  ( -0.000000000000000000, -1.000000000000000000, -0.000000000000000000 ) ) ;
#3632 = ADVANCED_FACE ( 'NONE', ( #4374 ), #1694, .F. ) ;
#3633 = CIRCLE ( 'NONE', #5302, 0.2500000000000002220 ) ;
#3634 = CARTESIAN_POINT ( 'NONE',  ( 5.958178137043134370, 0.08184250052690800192, -6.819867253904775772 ) ) ;
#3635 = CARTESIAN_POINT ( 'NONE',  ( 0.000000000000000000, -12.50000000000000000, -23.80000000000000071 ) ) ;
#3636 = UNCERTAINTY_MEASURE_WITH_UNIT (LENGTH_MEASURE( 1.000000000000000082E-05 ), #5026, 'distance_accuracy_value', 'NONE');
#3637 = ORIENTED_EDGE ( 'NONE', *, *, #3698, .T. ) ;
#3638 = CARTESIAN_POINT ( 'NONE',  ( 18.37780823672227726, -18.21991441758264685, -12.63115847475055986 ) ) ;
#3639 = VERTEX_POINT ( 'NONE', #7104 ) ;
#3640 = AXIS2_PLACEMENT_3D ( 'NONE', #4451, #6097, #7696 ) ;
#3641 = SURFACE_STYLE_FILL_AREA ( #3583 ) ;
#3642 = ORIENTED_EDGE ( 'NONE', *, *, #2361, .F. ) ;
#3643 = STYLED_ITEM ( 'NONE', ( #3314 ), #5844 ) ;
#3644 = VERTEX_POINT ( 'NONE', #5193 ) ;
#3645 = FILL_AREA_STYLE ('',( #9621 ) ) ;
#3646 = CARTESIAN_POINT ( 'NONE',  ( 7.766550857632823046, 1.500000000000126121, 2.463294286165514269 ) ) ;
#3647 = EDGE_CURVE ( 'NONE', #1907, #2508, #982, .T. ) ;
#3648 = CIRCLE ( 'NONE', #9986, 26.00000000000000355 ) ;
#3649 = ORIENTED_EDGE ( 'NONE', *, *, #5237, .T. ) ;
#3650 = LINE ( 'NONE', #4688, #3882 ) ;
#3651 = CARTESIAN_POINT ( 'NONE',  ( -1.750000000000002887, 10.72063721833215766, -22.23122803625681954 ) ) ;
#3652 = DIRECTION ( 'NONE',  ( -0.000000000000000000, -1.000000000000000000, -0.000000000000000000 ) ) ;
#3653 = CARTESIAN_POINT ( 'NONE',  ( 22.80419369326623524, 13.54999999999999893, 22.80419369326607537 ) ) ;
#3654 = ORIENTED_EDGE ( 'NONE', *, *, #8702, .F. ) ;
#3655 = DIRECTION ( 'NONE',  ( -0.000000000000000000, -1.000000000000000000, -0.000000000000000000 ) ) ;
#3656 = SURFACE_SIDE_STYLE ('',( #928 ) ) ;
#3657 = VECTOR ( 'NONE', #7723, 1000.000000000000000 ) ;
#3658 = STYLED_ITEM ( 'NONE', ( #11093 ), #6914 ) ;
#3659 = CIRCLE ( 'NONE', #8751, 31.00000000000000000 ) ;
#3660 = FILL_AREA_STYLE_COLOUR ( '', #1601 ) ;
#3661 = SURFACE_STYLE_USAGE ( .BOTH. , #1341 ) ;
#3662 = SURFACE_SIDE_STYLE ('',( #10529 ) ) ;
#3663 = PRESENTATION_LAYER_ASSIGNMENT (  '', '', ( #4966 ) ) ;
#3664 = VERTEX_POINT ( 'NONE', #5352 ) ;
#3665 = VECTOR ( 'NONE', #4618, 1000.000000000000000 ) ;
#3666 = ORIENTED_EDGE ( 'NONE', *, *, #4794, .F. ) ;
#3667 = ADVANCED_FACE ( 'NONE', ( #10443 ), #3493, .T. ) ;
#3668 = LINE ( 'NONE', #6292, #682 ) ;
#3669 = AXIS2_PLACEMENT_3D ( 'NONE', #8657, #6955, #6098 ) ;
#3670 = ORIENTED_EDGE ( 'NONE', *, *, #4207, .T. ) ;
#3671 = AXIS2_PLACEMENT_3D ( 'NONE', #7563, #5788, #10084 ) ;
#3672 = AXIS2_PLACEMENT_3D ( 'NONE', #7526, #3929, #9162 ) ;
#3673 = FACE_OUTER_BOUND ( 'NONE', #9896, .T. ) ;
#3674 = CARTESIAN_POINT ( 'NONE',  ( -20.68287334970658620, -13.25000000000000178, -20.68287334970643698 ) ) ;
#3675 = DIRECTION ( 'NONE',  ( 1.367258905585373894E-16, 0.000000000000000000, 1.000000000000000000 ) ) ;
#3676 =( GEOMETRIC_REPRESENTATION_CONTEXT ( 3 ) GLOBAL_UNCERTAINTY_ASSIGNED_CONTEXT ( ( #6956 ) ) GLOBAL_UNIT_ASSIGNED_CONTEXT ( ( #8072, #2902, #8172 ) ) REPRESENTATION_CONTEXT ( 'NONE', 'WORKASPACE' ) );
#3677 = VERTEX_POINT ( 'NONE', #2742 ) ;
#3678 = B_SPLINE_CURVE_WITH_KNOTS ( 'NONE', 3,
 ( #6087, #952, #1750, #3503 ),
 .UNSPECIFIED., .F., .F.,
 ( 4, 4 ),
 ( 0.000000000000000000, 0.0004899835000143458333 ),
 .UNSPECIFIED. ) ;
#3679 = FACE_OUTER_BOUND ( 'NONE', #4354, .T. ) ;
#3680 = STYLED_ITEM ( 'NONE', ( #2287 ), #7800 ) ;
#3681 = EDGE_CURVE ( 'NONE', #3381, #2690, #11236, .T. ) ;
#3682 = FILL_AREA_STYLE_COLOUR ( '', #3772 ) ;
#3683 = ADVANCED_FACE ( 'NONE', ( #2643 ), #79, .T. ) ;
#3684 = EDGE_LOOP ( 'NONE', ( #1645, #2096, #6886, #1197, #1498, #708, #26, #10483, #7142, #691, #4909, #7136, #1429, #8828, #4090, #8012, #6970, #2154, #7783, #8923, #10322, #5059, #7059, #815, #8872, #7519, #3173, #1852, #10721, #4583, #2801, #1904, #9570, #300, #3346, #3863, #3398, #9713, #11262, #9449, #3601, #6575, #5744, #7671, #352, #2674, #10684, #5453, #7049 ) ) ;
#3685 = CARTESIAN_POINT ( 'NONE',  ( -11.19962538056081591, 7.204220786794540032, 4.445380786126071015 ) ) ;
#3686 = STYLED_ITEM ( 'NONE', ( #8708 ), #3253 ) ;
#3687 = STYLED_ITEM ( 'NONE', ( #7022 ), #2458 ) ;
#3688 =( NAMED_UNIT ( * ) PLANE_ANGLE_UNIT ( ) SI_UNIT ( $, .RADIAN. ) );
#3689 = VERTEX_POINT ( 'NONE', #6134 ) ;
#3690 = DIRECTION ( 'NONE',  ( -0.000000000000000000, 1.000000000000000000, -0.000000000000000000 ) ) ;
#3691 = CARTESIAN_POINT ( 'NONE',  ( 5.414922963887689455, 6.499999999999999112, -12.87892169252490149 ) ) ;
#3692 = DIRECTION ( 'NONE',  ( 0.000000000000000000, 0.000000000000000000, 1.000000000000000000 ) ) ;
#3693 = AXIS2_PLACEMENT_3D ( 'NONE', #4166, #10913, #10972 ) ;
#3694 = DIRECTION ( 'NONE',  ( -0.000000000000000000, 1.000000000000000000, -0.000000000000000000 ) ) ;
#3695 = CIRCLE ( 'NONE', #10040, 0.2500000000000002220 ) ;
#3696 = EDGE_CURVE ( 'NONE', #8688, #1286, #6239, .T. ) ;
#3697 = DIRECTION ( 'NONE',  ( 0.5000000000000009992, 0.000000000000000000, -0.8660254037844380415 ) ) ;
#3698 = EDGE_CURVE ( 'NONE', #2837, #1009, #7053, .T. ) ;
#3699 = B_SPLINE_CURVE_WITH_KNOTS ( 'NONE', 3,
 ( #8763, #10456, #7189, #5256, #5207, #8652, #9715, #4330 ),
 .UNSPECIFIED., .F., .F.,
 ( 4, 2, 2, 4 ),
 ( 0.000000000000000000, 0.0002429715048039789475, 0.0004859430096079578949, 0.0009718860192159144889 ),
 .UNSPECIFIED. ) ;
#3700 = AXIS2_PLACEMENT_3D ( 'NONE', #9915, #7666, #3365 ) ;
#3701 = ORIENTED_EDGE ( 'NONE', *, *, #2516, .F. ) ;
#3702 = CARTESIAN_POINT ( 'NONE',  ( -8.979978445623190808, 0.2178369010166494313, -1.749999999999731326 ) ) ;
#3703 = ORIENTED_EDGE ( 'NONE', *, *, #5644, .T. ) ;
#3704 = PRESENTATION_LAYER_ASSIGNMENT (  '', '', ( #970 ) ) ;
#3705 =( LENGTH_UNIT ( ) NAMED_UNIT ( * ) SI_UNIT ( .MILLI., .METRE. ) );
#3706 = CARTESIAN_POINT ( 'NONE',  ( 7.356819926759475159, 4.112992312804595763, -9.242385895282536623 ) ) ;
#3707 = ORIENTED_EDGE ( 'NONE', *, *, #741, .T. ) ;
#3708 = CARTESIAN_POINT ( 'NONE',  ( -11.40209684663311762, 13.54999999999999893, -11.40209684663303769 ) ) ;
#3709 = CARTESIAN_POINT ( 'NONE',  ( -18.37780823672209962, 10.72064156802580470, -12.63115847475081210 ) ) ;
#3710 =( NAMED_UNIT ( * ) PLANE_ANGLE_UNIT ( ) SI_UNIT ( $, .RADIAN. ) );
#3711 = CARTESIAN_POINT ( 'NONE',  ( 17.59999999999998721, 6.499999999999999112, -8.140638795573732267 ) ) ;
#3712 = DIRECTION ( 'NONE',  ( 0.000000000000000000, 0.000000000000000000, 1.000000000000000000 ) ) ;
#3713 = ORIENTED_EDGE ( 'NONE', *, *, #8871, .T. ) ;
#3714 = SURFACE_SIDE_STYLE ('',( #2941 ) ) ;
#3715 = AXIS2_PLACEMENT_3D ( 'NONE', #7483, #9177, #1393 ) ;
#3716 = EDGE_CURVE ( 'NONE', #8829, #7582, #5201, .T. ) ;
#3717 = PRESENTATION_STYLE_ASSIGNMENT (( #10691 ) ) ;
#3718 = SURFACE_SIDE_STYLE ('',( #7833 ) ) ;
#3719 = AXIS2_PLACEMENT_3D ( 'NONE', #5699, #1371, #1422 ) ;
#3720 = FACE_OUTER_BOUND ( 'NONE', #10519, .T. ) ;
#3721 = FILL_AREA_STYLE_COLOUR ( '', #4659 ) ;
#3722 = SURFACE_SIDE_STYLE ('',( #2952 ) ) ;
#3723 = ORIENTED_EDGE ( 'NONE', *, *, #2199, .T. ) ;
#3724 = SURFACE_STYLE_USAGE ( .BOTH. , #252 ) ;
#3725 = ORIENTED_EDGE ( 'NONE', *, *, #3923, .F. ) ;
#3726 = AXIS2_PLACEMENT_3D ( 'NONE', #2276, #5649, #8992 ) ;
#3727 = ORIENTED_EDGE ( 'NONE', *, *, #44, .F. ) ;
#3728 = CARTESIAN_POINT ( 'NONE',  ( 0.000000000000000000, 10.80000000000000071, 0.000000000000000000 ) ) ;
#3729 = CARTESIAN_POINT ( 'NONE',  ( 1.749999999999998890, 4.345385502134161193, -9.949187803338064739 ) ) ;
#3730 =( NAMED_UNIT ( * ) SI_UNIT ( $, .STERADIAN. ) SOLID_ANGLE_UNIT ( ) );
#3731 = EDGE_CURVE ( 'NONE', #2453, #6212, #2060, .T. ) ;
#3732 = CARTESIAN_POINT ( 'NONE',  ( -1.750000000000001554, 10.19249530351371646, -13.99279811729190115 ) ) ;
#3733 = FACE_OUTER_BOUND ( 'NONE', #3081, .T. ) ;
#3734 = ORIENTED_EDGE ( 'NONE', *, *, #2582, .F. ) ;
#3735 = CARTESIAN_POINT ( 'NONE',  ( -6.901889459346263855, 0.2178369010166486264, -6.005533679434416960 ) ) ;
#3736 = CYLINDRICAL_SURFACE ( 'NONE', #3580, 0.2500000000000002220 ) ;
#3737 = CARTESIAN_POINT ( 'NONE',  ( 22.80419369326621393, -13.25000000000000178, -22.55419369326610379 ) ) ;
#3738 = FILL_AREA_STYLE_COLOUR ( '', #5604 ) ;
#3739 = AXIS2_PLACEMENT_3D ( 'NONE', #11272, #9575, #5275 ) ;
#3740 = LINE ( 'NONE', #2864, #197 ) ;
#3741 = FILL_AREA_STYLE_COLOUR ( '', #10579 ) ;
#3742 = ORIENTED_EDGE ( 'NONE', *, *, #9454, .F. ) ;
#3743 = LINE ( 'NONE', #9925, #4276 ) ;
#3744 = DIRECTION ( 'NONE',  ( -0.000000000000000000, 1.000000000000000000, -0.000000000000000000 ) ) ;
#3745 = DIRECTION ( 'NONE',  ( 0.000000000000000000, 0.000000000000000000, 1.000000000000000000 ) ) ;
#3746 = EDGE_CURVE ( 'NONE', #6261, #719, #8690, .T. ) ;
#3747 = DIRECTION ( 'NONE',  ( 0.000000000000000000, 0.000000000000000000, 1.000000000000000000 ) ) ;
#3748 = UNCERTAINTY_MEASURE_WITH_UNIT (LENGTH_MEASURE( 1.000000000000000082E-05 ), #4134, 'distance_accuracy_value', 'NONE');
#3749 = VECTOR ( 'NONE', #2165, 1000.000000000000000 ) ;
#3750 = CARTESIAN_POINT ( 'NONE',  ( 0.000000000000000000, 10.49999999999999822, 0.000000000000000000 ) ) ;
#3751 = VERTEX_POINT ( 'NONE', #3017 ) ;
#3752 = ORIENTED_EDGE ( 'NONE', *, *, #4485, .T. ) ;
#3753 = STYLED_ITEM ( 'NONE', ( #10674 ), #9235 ) ;
#3754 = DIRECTION ( 'NONE',  ( 8.881784197001252323E-16, 0.000000000000000000, 1.000000000000000000 ) ) ;
#3755 = EDGE_CURVE ( 'NONE', #2093, #681, #10053, .T. ) ;
#3756 = ORIENTED_EDGE ( 'NONE', *, *, #2660, .T. ) ;
#3757 = LINE ( 'NONE', #10685, #8749 ) ;
#3758 = EDGE_CURVE ( 'NONE', #41, #7598, #8260, .T. ) ;
#3759 = CARTESIAN_POINT ( 'NONE',  ( -8.446011877133203782, 6.499999999999999112, 11.12892169252491392 ) ) ;
#3760 = PRODUCT_DEFINITION_CONTEXT ( 'detailed design', #7167, 'design' ) ;
#3761 =( NAMED_UNIT ( * ) SI_UNIT ( $, .STERADIAN. ) SOLID_ANGLE_UNIT ( ) );
#3762 = CARTESIAN_POINT ( 'NONE',  ( -11.87644895387783528, 10.49999999999999822, 8.877596942701918792 ) ) ;
#3763 = ORIENTED_EDGE ( 'NONE', *, *, #8524, .F. ) ;
#3764 = TOROIDAL_SURFACE ( 'NONE', #1966, 13.97097042681812873, 1.000000000000000000 ) ;
#3765 =( LENGTH_UNIT ( ) NAMED_UNIT ( * ) SI_UNIT ( .MILLI., .METRE. ) );
#3766 = STYLED_ITEM ( 'NONE', ( #10989 ), #9552 ) ;
#3767 = CARTESIAN_POINT ( 'NONE',  ( -13.86093484102092432, 6.499999999999999112, -1.749999999999729550 ) ) ;
#3768 = CARTESIAN_POINT ( 'NONE',  ( -3.459095744105406656, 4.345517802399426976, 9.491329577035847009 ) ) ;
#3769 =( NAMED_UNIT ( * ) SI_UNIT ( $, .STERADIAN. ) SOLID_ANGLE_UNIT ( ) );
#3770 = PRESENTATION_STYLE_ASSIGNMENT (( #9953 ) ) ;
#3771 = CARTESIAN_POINT ( 'NONE',  ( -10.59772702080037554, 6.309836766224354854, 8.139326490420966564 ) ) ;
#3772 = COLOUR_RGB ( '',0.1529411764705882470, 0.4901960784313725283, 1.000000000000000000 ) ;
#3773 = CARTESIAN_POINT ( 'NONE',  ( 22.30000000000000071, 6.499999999999999112, 0.000000000000000000 ) ) ;
#3774 = AXIS2_PLACEMENT_3D ( 'NONE', #8729, #3655, #927 ) ;
#3775 = EDGE_CURVE ( 'NONE', #9075, #7453, #57, .T. ) ;
#3776 = DIRECTION ( 'NONE',  ( 0.000000000000000000, 0.000000000000000000, -1.000000000000000000 ) ) ;
#3777 = ADVANCED_FACE ( 'NONE', ( #4505 ), #1811, .F. ) ;
#3778 = CYLINDRICAL_SURFACE ( 'NONE', #7221, 29.50000000000000000 ) ;
#3779 = PRESENTATION_STYLE_ASSIGNMENT (( #299 ) ) ;
#3780 = ORIENTED_EDGE ( 'NONE', *, *, #7342, .F. ) ;
#3781 = AXIS2_PLACEMENT_3D ( 'NONE', #6172, #2842, #10594 ) ;
#3782 = CARTESIAN_POINT ( 'NONE',  ( 22.80419369326621393, -13.25000000000000178, -22.55419369326610379 ) ) ;
#3783 = ORIENTED_EDGE ( 'NONE', *, *, #1472, .F. ) ;
#3784 = COLOUR_RGB ( '',0.1529411764705882470, 0.4901960784313725283, 1.000000000000000000 ) ;
#3785 = ORIENTED_EDGE ( 'NONE', *, *, #6307, .T. ) ;
#3786 = CARTESIAN_POINT ( 'NONE',  ( -8.508325327248467573, 10.19954933640123151, 11.23685175411945103 ) ) ;
#3787 = AXIS2_PLACEMENT_3D ( 'NONE', #3819, #6499, #9843 ) ;
#3788 = AXIS2_PLACEMENT_3D ( 'NONE', #3118, #6630, #6440 ) ;
#3789 = DIRECTION ( 'NONE',  ( 0.5000000000000004441, -0.000000000000000000, 0.8660254037844383745 ) ) ;
#3790 = SURFACE_SIDE_STYLE ('',( #3969 ) ) ;
#3791 = EDGE_LOOP ( 'NONE', ( #2150, #6544, #3474, #226, #8225, #8619, #3490, #9315, #4558, #8741, #1793 ) ) ;
#3792 = PRESENTATION_STYLE_ASSIGNMENT (( #8870 ) ) ;
#3793 = ORIENTED_EDGE ( 'NONE', *, *, #5366, .T. ) ;
#3794 = AXIS2_PLACEMENT_3D ( 'NONE', #4215, #3338, #3105 ) ;
#3795 = ADVANCED_FACE ( 'NONE', ( #9558 ), #7968, .T. ) ;
#3796 = ORIENTED_EDGE ( 'NONE', *, *, #4121, .F. ) ;
#3797 = B_SPLINE_CURVE_WITH_KNOTS ( 'NONE', 3,
 ( #6726, #10052, #9272, #11076 ),
 .UNSPECIFIED., .F., .F.,
 ( 4, 4 ),
 ( 2.441178545124956327E-07, 0.01041986825085307149 ),
 .UNSPECIFIED. ) ;
#3798 = CARTESIAN_POINT ( 'NONE',  ( 0.000000000000000000, 10.49999999999999822, 0.000000000000000000 ) ) ;
#3799 = CARTESIAN_POINT ( 'NONE',  ( 20.85965004500321740, 13.54999999999999893, 20.85965004500308595 ) ) ;
#3800 = CYLINDRICAL_SURFACE ( 'NONE', #1995, 8.147829831583848659 ) ;
#3801 = CARTESIAN_POINT ( 'NONE',  ( -9.449599181287306138, 10.49999999999999822, 19.86718589315090355 ) ) ;
#3802 = ORIENTED_EDGE ( 'NONE', *, *, #5237, .F. ) ;
#3803 = CYLINDRICAL_SURFACE ( 'NONE', #3571, 8.000000000000000000 ) ;
#3804 = FILL_AREA_STYLE ('',( #6367 ) ) ;
#3805 = VECTOR ( 'NONE', #3890, 1000.000000000000000 ) ;
#3806 = ORIENTED_EDGE ( 'NONE', *, *, #2301, .T. ) ;
#3807 = EDGE_CURVE ( 'NONE', #4344, #4106, #6258, .T. ) ;
#3808 = DIRECTION ( 'NONE',  ( 0.000000000000000000, 0.000000000000000000, -1.000000000000000000 ) ) ;
#3809 = ORIENTED_EDGE ( 'NONE', *, *, #7134, .F. ) ;
#3810 = LINE ( 'NONE', #8096, #9251 ) ;
#3811 = CARTESIAN_POINT ( 'NONE',  ( 1.750000000000001998, 0.2178369010166489872, 8.979978445623139294 ) ) ;
#3812 = ORIENTED_EDGE ( 'NONE', *, *, #6644, .F. ) ;
#3813 = VECTOR ( 'NONE', #4740, 1000.000000000000000 ) ;
#3814 = CARTESIAN_POINT ( 'NONE',  ( 4.102566777143633774E-15, 12.44999999999999929, 33.50000000000000000 ) ) ;
#3815 = SURFACE_STYLE_USAGE ( .BOTH. , #3879 ) ;
#3816 = CARTESIAN_POINT ( 'NONE',  ( 0.000000000000000000, -13.15000000000000213, 0.000000000000000000 ) ) ;
#3817 = ORIENTED_EDGE ( 'NONE', *, *, #8015, .F. ) ;
#3818 = SURFACE_SIDE_STYLE ('',( #3884 ) ) ;
#3819 = CARTESIAN_POINT ( 'NONE',  ( 0.000000000000000000, 0.000000000000000000, 0.000000000000000000 ) ) ;
#3820 = EDGE_CURVE ( 'NONE', #8823, #3367, #4386, .T. ) ;
#3821 = EDGE_CURVE ( 'NONE', #3023, #1586, #6251, .T. ) ;
#3822 =( NAMED_UNIT ( * ) SI_UNIT ( $, .STERADIAN. ) SOLID_ANGLE_UNIT ( ) );
#3823 = MECHANICAL_DESIGN_GEOMETRIC_PRESENTATION_REPRESENTATION (  '', ( #3078 ), #5840 ) ;
#3824 = DIRECTION ( 'NONE',  ( 8.881784197001252323E-16, 0.000000000000000000, 1.000000000000000000 ) ) ;
#3825 = SURFACE_STYLE_FILL_AREA ( #3003 ) ;
#3826 = CARTESIAN_POINT ( 'NONE',  ( -10.98807339523276028, 6.490181703155803561, 8.364693074776699433 ) ) ;
#3827 =( LENGTH_UNIT ( ) NAMED_UNIT ( * ) SI_UNIT ( .MILLI., .METRE. ) );
#3828 = DIRECTION ( 'NONE',  ( 0.000000000000000000, -1.000000000000000000, 0.000000000000000000 ) ) ;
#3829 = VECTOR ( 'NONE', #4713, 1000.000000000000000 ) ;
#3830 = VERTEX_POINT ( 'NONE', #5410 ) ;
#3831 = DIRECTION ( 'NONE',  ( -0.000000000000000000, 1.000000000000000000, -0.000000000000000000 ) ) ;
#3832 = DIRECTION ( 'NONE',  ( 0.000000000000000000, 0.000000000000000000, 1.000000000000000000 ) ) ;
#3833 = STYLED_ITEM ( 'NONE', ( #1910 ), #6777 ) ;
#3834 = CIRCLE ( 'NONE', #3458, 13.14541852518598830 ) ;
#3835 = SURFACE_STYLE_FILL_AREA ( #7949 ) ;
#3836 = ORIENTED_EDGE ( 'NONE', *, *, #854, .F. ) ;
#3837 = EDGE_CURVE ( 'NONE', #2143, #5273, #4453, .T. ) ;
#3838 = ORIENTED_EDGE ( 'NONE', *, *, #5706, .F. ) ;
#3839 = CARTESIAN_POINT ( 'NONE',  ( 14.39775725846405230, 10.45964560473159288, -1.750000000000410560 ) ) ;
#3840 = AXIS2_PLACEMENT_3D ( 'NONE', #8604, #9504, #7014 ) ;
#3841 =( LENGTH_UNIT ( ) NAMED_UNIT ( * ) SI_UNIT ( .MILLI., .METRE. ) );
#3842 =( GEOMETRIC_REPRESENTATION_CONTEXT ( 3 ) GLOBAL_UNCERTAINTY_ASSIGNED_CONTEXT ( ( #5808 ) ) GLOBAL_UNIT_ASSIGNED_CONTEXT ( ( #5269, #4684, #10630 ) ) REPRESENTATION_CONTEXT ( 'NONE', 'WORKASPACE' ) );
#3843 = CARTESIAN_POINT ( 'NONE',  ( -1.750000000000001554, 10.30006695603317546, -14.11433500393778040 ) ) ;
#3844 = FILL_AREA_STYLE_COLOUR ( '', #4219 ) ;
#3845 = CARTESIAN_POINT ( 'NONE',  ( -21.92031021678305436, -13.15000000000000213, -21.92031021678288738 ) ) ;
#3846 = VERTEX_POINT ( 'NONE', #4701 ) ;
#3847 = ORIENTED_EDGE ( 'NONE', *, *, #10378, .F. ) ;
#3848 = PRESENTATION_LAYER_ASSIGNMENT (  '', '', ( #8765 ) ) ;
#3849 = DIRECTION ( 'NONE',  ( -1.000000000000000000, 0.000000000000000000, 0.000000000000000000 ) ) ;
#3850 = PRESENTATION_STYLE_ASSIGNMENT (( #2082 ) ) ;
#3851 = CARTESIAN_POINT ( 'NONE',  ( 1.749999999999997113, 10.72064156802580470, -22.23122803625566846 ) ) ;
#3852 = EDGE_CURVE ( 'NONE', #9818, #7339, #8455, .T. ) ;
#3853 = VERTEX_POINT ( 'NONE', #5832 ) ;
#3854 = AXIS2_PLACEMENT_3D ( 'NONE', #11027, #4736, #3870 ) ;
#3855 = VERTEX_POINT ( 'NONE', #8333 ) ;
#3856 = FILL_AREA_STYLE_COLOUR ( '', #11154 ) ;
#3857 = SURFACE_SIDE_STYLE ('',( #9878 ) ) ;
#3858 =( GEOMETRIC_REPRESENTATION_CONTEXT ( 3 ) GLOBAL_UNCERTAINTY_ASSIGNED_CONTEXT ( ( #1930 ) ) GLOBAL_UNIT_ASSIGNED_CONTEXT ( ( #6524, #2310, #477 ) ) REPRESENTATION_CONTEXT ( 'NONE', 'WORKASPACE' ) );
#3859 = DIRECTION ( 'NONE',  ( 0.000000000000000000, -1.000000000000000000, 0.000000000000000000 ) ) ;
#3860 = CARTESIAN_POINT ( 'NONE',  ( 0.000000000000000000, 1.499999999999999556, 0.000000000000000000 ) ) ;
#3861 = B_SPLINE_CURVE_WITH_KNOTS ( 'NONE', 3,
 ( #10342, #9564, #99, #7975, #9614, #5371 ),
 .UNSPECIFIED., .F., .F.,
 ( 4, 2, 4 ),
 ( 0.000000000000000000, 0.0002346925379797258670, 0.0004693850759594517339 ),
 .UNSPECIFIED. ) ;
#3862 = UNCERTAINTY_MEASURE_WITH_UNIT (LENGTH_MEASURE( 1.000000000000000082E-05 ), #6337, 'distance_accuracy_value', 'NONE');
#3863 = ORIENTED_EDGE ( 'NONE', *, *, #10607, .F. ) ;
#3864 = PRESENTATION_STYLE_ASSIGNMENT (( #6479 ) ) ;
#3865 = DIRECTION ( 'NONE',  ( -0.000000000000000000, -1.000000000000000000, -0.000000000000000000 ) ) ;
#3866 = MECHANICAL_DESIGN_GEOMETRIC_PRESENTATION_REPRESENTATION (  '', ( #3332 ), #10029 ) ;
#3867 = CIRCLE ( 'NONE', #4795, 32.00000000000000000 ) ;
#3868 = ORIENTED_EDGE ( 'NONE', *, *, #10208, .T. ) ;
#3869 = MECHANICAL_DESIGN_GEOMETRIC_PRESENTATION_REPRESENTATION (  '', ( #10936 ), #4239 ) ;
#3870 = DIRECTION ( 'NONE',  ( 0.000000000000000000, 0.000000000000000000, 1.000000000000000000 ) ) ;
#3871 = ORIENTED_EDGE ( 'NONE', *, *, #2099, .F. ) ;
#3872 = CARTESIAN_POINT ( 'NONE',  ( 0.000000000000000000, 10.80000000000000071, 22.30000000000000071 ) ) ;
#3873 = DIRECTION ( 'NONE',  ( 0.000000000000000000, 0.000000000000000000, 1.000000000000000000 ) ) ;
#3874 = ORIENTED_EDGE ( 'NONE', *, *, #10164, .T. ) ;
#3875 = CARTESIAN_POINT ( 'NONE',  ( -12.48068809453262240, 10.49999999999999822, -18.11718589315105632 ) ) ;
#3876 = AXIS2_PLACEMENT_3D ( 'NONE', #9561, #7190, #5258 ) ;
#3877 = LINE ( 'NONE', #9780, #9857 ) ;
#3878 = EDGE_CURVE ( 'NONE', #1021, #818, #1642, .T. ) ;
#3879 = SURFACE_SIDE_STYLE ('',( #338 ) ) ;
#3880 = DIRECTION ( 'NONE',  ( 0.000000000000000000, -1.000000000000000000, 0.000000000000000000 ) ) ;
#3881 = CARTESIAN_POINT ( 'NONE',  ( 5.332771086671919569, 6.499999999999999112, 12.73663046725004655 ) ) ;
#3882 = VECTOR ( 'NONE', #7143, 1000.000000000000000 ) ;
#3883 = ORIENTED_EDGE ( 'NONE', *, *, #3837, .F. ) ;
#3884 = SURFACE_STYLE_FILL_AREA ( #4641 ) ;
#3885 = FILL_AREA_STYLE ('',( #400 ) ) ;
#3886 = SURFACE_STYLE_USAGE ( .BOTH. , #8210 ) ;
#3887 = AXIS2_PLACEMENT_3D ( 'NONE', #2868, #9317, #4099 ) ;
#3888 = STYLED_ITEM ( 'NONE', ( #3779 ), #2798 ) ;
#3889 =( NAMED_UNIT ( * ) PLANE_ANGLE_UNIT ( ) SI_UNIT ( $, .RADIAN. ) );
#3890 = DIRECTION ( 'NONE',  ( -2.582600154994594695E-16, 0.000000000000000000, -1.000000000000000000 ) ) ;
#3891 = CIRCLE ( 'NONE', #9159, 0.2500000000000002220 ) ;
#3892 = EDGE_CURVE ( 'NONE', #9968, #3536, #6506, .T. ) ;
#3893 = AXIS2_PLACEMENT_3D ( 'NONE', #10075, #8392, #9120 ) ;
#3894 = DIRECTION ( 'NONE',  ( 0.4999999999999996114, 0.000000000000000000, -0.8660254037844388186 ) ) ;
#3895 = AXIS2_PLACEMENT_3D ( 'NONE', #8054, #234, #3712 ) ;
#3896 = EDGE_LOOP ( 'NONE', ( #2618, #1956, #3162, #5750 ) ) ;
#3897 = LINE ( 'NONE', #9797, #9453 ) ;
#3898 = SURFACE_SIDE_STYLE ('',( #4083 ) ) ;
#3899 = VERTEX_POINT ( 'NONE', #6633 ) ;
#3900 = EDGE_LOOP ( 'NONE', ( #10495, #8409, #5214, #9211 ) ) ;
#3901 = AXIS2_PLACEMENT_3D ( 'NONE', #80, #10385, #6082 ) ;
#3902 = CARTESIAN_POINT ( 'NONE',  ( 6.901889459346336686, 0.2178369010166489039, 6.005533679434334360 ) ) ;
#3903 = FILL_AREA_STYLE ('',( #419 ) ) ;
#3904 = CARTESIAN_POINT ( 'NONE',  ( 0.000000000000000000, 0.000000000000000000, 0.000000000000000000 ) ) ;
#3905 =( NAMED_UNIT ( * ) SI_UNIT ( $, .STERADIAN. ) SOLID_ANGLE_UNIT ( ) );
#3906 = EDGE_CURVE ( 'NONE', #9760, #9886, #5539, .T. ) ;
#3907 = CARTESIAN_POINT ( 'NONE',  ( -14.56158487670609070, 10.49017815798891640, -1.749999999999729550 ) ) ;
#3908 = EDGE_CURVE ( 'NONE', #1586, #4723, #10604, .T. ) ;
#3909 = ORIENTED_EDGE ( 'NONE', *, *, #10301, .T. ) ;
#3910 = CARTESIAN_POINT ( 'NONE',  ( -12.48068809453284267, 10.49999999999999822, 18.11718589315090355 ) ) ;
#3911 =( GEOMETRIC_REPRESENTATION_CONTEXT ( 3 ) GLOBAL_UNCERTAINTY_ASSIGNED_CONTEXT ( ( #11033 ) ) GLOBAL_UNIT_ASSIGNED_CONTEXT ( ( #6482, #10905, #5537 ) ) REPRESENTATION_CONTEXT ( 'NONE', 'WORKASPACE' ) );
#3912 = VERTEX_POINT ( 'NONE', #4820 ) ;
#3913 = DIRECTION ( 'NONE',  ( 0.000000000000000000, 0.000000000000000000, 1.000000000000000000 ) ) ;
#3914 = CARTESIAN_POINT ( 'NONE',  ( 21.92031021678291225, -13.25000000000000178, -21.92031021678302949 ) ) ;
#3915 =( NAMED_UNIT ( * ) SI_UNIT ( $, .STERADIAN. ) SOLID_ANGLE_UNIT ( ) );
#3916 = VERTEX_POINT ( 'NONE', #7547 ) ;
#3917 = VERTEX_POINT ( 'NONE', #465 ) ;
#3918 = VERTEX_POINT ( 'NONE', #10870 ) ;
#3919 = DIRECTION ( 'NONE',  ( -0.000000000000000000, -1.000000000000000000, -0.000000000000000000 ) ) ;
#3920 = VECTOR ( 'NONE', #6767, 1000.000000000000114 ) ;
#3921 = AXIS2_PLACEMENT_3D ( 'NONE', #4538, #6121, #8006 ) ;
#3922 = CARTESIAN_POINT ( 'NONE',  ( -1.750000000000001332, 6.064326197966516396, -13.02841234388517755 ) ) ;
#3923 = EDGE_CURVE ( 'NONE', #5961, #763, #6635, .T. ) ;
#3924 = VERTEX_POINT ( 'NONE', #5727 ) ;
#3925 = DIRECTION ( 'NONE',  ( 0.000000000000000000, 0.000000000000000000, -1.000000000000000000 ) ) ;
#3926 = CIRCLE ( 'NONE', #11181, 0.2499999999999967526 ) ;
#3927 = ORIENTED_EDGE ( 'NONE', *, *, #11238, .T. ) ;
#3928 = DIRECTION ( 'NONE',  ( 0.000000000000000000, 0.000000000000000000, 1.000000000000000000 ) ) ;
#3929 = DIRECTION ( 'NONE',  ( 0.000000000000000000, -1.000000000000000000, 0.000000000000000000 ) ) ;
#3930 = ORIENTED_EDGE ( 'NONE', *, *, #2748, .F. ) ;
#3931 = DIRECTION ( 'NONE',  ( -0.000000000000000000, 1.000000000000000000, -0.000000000000000000 ) ) ;
#3932 = CARTESIAN_POINT ( 'NONE',  ( -22.00964298075583159, 10.49999999999999822, 1.750000000000273115 ) ) ;
#3933 = CARTESIAN_POINT ( 'NONE',  ( 0.000000000000000000, 13.54999999999999893, 0.000000000000000000 ) ) ;
#3934 = ORIENTED_EDGE ( 'NONE', *, *, #3908, .T. ) ;
#3935 =( GEOMETRIC_REPRESENTATION_CONTEXT ( 3 ) GLOBAL_UNCERTAINTY_ASSIGNED_CONTEXT ( ( #1481 ) ) GLOBAL_UNIT_ASSIGNED_CONTEXT ( ( #7208, #10639, #6493 ) ) REPRESENTATION_CONTEXT ( 'NONE', 'WORKASPACE' ) );
#3936 = FILL_AREA_STYLE ('',( #7470 ) ) ;
#3937 = DIRECTION ( 'NONE',  ( 0.000000000000000000, 0.000000000000000000, -1.000000000000000000 ) ) ;
#3938 = DIRECTION ( 'NONE',  ( 0.000000000000000000, 0.000000000000000000, 1.000000000000000000 ) ) ;
#3939 = VERTEX_POINT ( 'NONE', #3120 ) ;
#3940 =( LENGTH_UNIT ( ) NAMED_UNIT ( * ) SI_UNIT ( .MILLI., .METRE. ) );
#3941 = LINE ( 'NONE', #6437, #10134 ) ;
#3942 = CARTESIAN_POINT ( 'NONE',  ( -9.489274906619254324, 10.49999999999844924, -19.93590626525351794 ) ) ;
#3943 = DIRECTION ( 'NONE',  ( 0.000000000000000000, 0.000000000000000000, -1.000000000000000000 ) ) ;
#3944 = LINE ( 'NONE', #3179, #8434 ) ;
#3945 = EDGE_CURVE ( 'NONE', #10603, #4782, #3519, .T. ) ;
#3946 = DIRECTION ( 'NONE',  ( -0.4999999999999890643, 0.000000000000000000, -0.8660254037844449249 ) ) ;
#3947 = SURFACE_STYLE_FILL_AREA ( #10643 ) ;
#3948 =( LENGTH_UNIT ( ) NAMED_UNIT ( * ) SI_UNIT ( .MILLI., .METRE. ) );
#3949 = B_SPLINE_CURVE_WITH_KNOTS ( 'NONE', 3,
 ( #7577, #10901, #3220, #9383, #3099, #6609 ),
 .UNSPECIFIED., .F., .F.,
 ( 4, 2, 4 ),
 ( 0.000000000000000000, 0.0002346925379797259483, 0.0004693850759594518965 ),
 .UNSPECIFIED. ) ;
#3950 = DIRECTION ( 'NONE',  ( -0.000000000000000000, 1.000000000000000000, -0.000000000000000000 ) ) ;
#3951 = CYLINDRICAL_SURFACE ( 'NONE', #8396, 32.50000000000000000 ) ;
#3952 = TOROIDAL_SURFACE ( 'NONE', #481, 14.82773641629552053, 1.000000000000000000 ) ;
#3953 = AXIS2_PLACEMENT_3D ( 'NONE', #4861, #8313, #4922 ) ;
#3954 = DIRECTION ( 'NONE',  ( 0.000000000000000000, 0.000000000000000000, 1.000000000000000000 ) ) ;
#3955 = DIRECTION ( 'NONE',  ( 0.000000000000000000, -1.000000000000000000, 0.000000000000000000 ) ) ;
#3956 = ORIENTED_EDGE ( 'NONE', *, *, #8565, .F. ) ;
#3957 =( NAMED_UNIT ( * ) PLANE_ANGLE_UNIT ( ) SI_UNIT ( $, .RADIAN. ) );
#3958 = CARTESIAN_POINT ( 'NONE',  ( -12.15793606078342926, 6.064326197966698473, 4.998661715319890675 ) ) ;
#3959 = ORIENTED_EDGE ( 'NONE', *, *, #3108, .F. ) ;
#3960 = CARTESIAN_POINT ( 'NONE',  ( -5.430653625469902934, 10.06432619796679440, -12.90616799762234912 ) ) ;
#3961 = VERTEX_POINT ( 'NONE', #4009 ) ;
#3962 = VECTOR ( 'NONE', #4965, 1000.000000000000000 ) ;
#3963 = EDGE_CURVE ( 'NONE', #6355, #2004, #4822, .T. ) ;
#3964 = CIRCLE ( 'NONE', #10122, 22.30000000000000071 ) ;
#3965 =( NAMED_UNIT ( * ) SI_UNIT ( $, .STERADIAN. ) SOLID_ANGLE_UNIT ( ) );
#3966 = CARTESIAN_POINT ( 'NONE',  ( 13.34919879051068037, 10.45155730935271166, -5.686437573003440882 ) ) ;
#3967 = SURFACE_STYLE_USAGE ( .BOTH. , #5512 ) ;
#3968 = FACE_OUTER_BOUND ( 'NONE', #10438, .T. ) ;
#3969 = SURFACE_STYLE_FILL_AREA ( #1295 ) ;
#3970 = ORIENTED_EDGE ( 'NONE', *, *, #1933, .T. ) ;
#3971 = AXIS2_PLACEMENT_3D ( 'NONE', #2638, #6126, #9592 ) ;
#3972 = EDGE_LOOP ( 'NONE', ( #7714, #426, #6878, #10091 ) ) ;
#3973 = CARTESIAN_POINT ( 'NONE',  ( 8.651889459346341127, 0.2178369010166506525, -2.974444766188782729 ) ) ;
#3974 =( NAMED_UNIT ( * ) PLANE_ANGLE_UNIT ( ) SI_UNIT ( $, .RADIAN. ) );
#3975 = ORIENTED_EDGE ( 'NONE', *, *, #9534, .T. ) ;
#3976 = EDGE_CURVE ( 'NONE', #8416, #3536, #11263, .T. ) ;
#3977 = EDGE_CURVE ( 'NONE', #8682, #164, #6865, .T. ) ;
#3978 = ORIENTED_EDGE ( 'NONE', *, *, #1580, .T. ) ;
#3979 = CARTESIAN_POINT ( 'NONE',  ( -11.73425838651252739, 10.49999999999999822, 8.795503180357334472 ) ) ;
#3980 = MECHANICAL_DESIGN_GEOMETRIC_PRESENTATION_REPRESENTATION (  '', ( #4509 ), #5413 ) ;
#3981 = CARTESIAN_POINT ( 'NONE',  ( -1.750000000000002665, 10.49999999999999822, -21.93028727582017012 ) ) ;
#3982 = SURFACE_STYLE_FILL_AREA ( #2268 ) ;
#3983 = UNCERTAINTY_MEASURE_WITH_UNIT (LENGTH_MEASURE( 1.000000000000000082E-05 ), #9666, 'distance_accuracy_value', 'NONE');
#3984 = ORIENTED_EDGE ( 'NONE', *, *, #2783, .T. ) ;
#3985 = FILL_AREA_STYLE ('',( #4860 ) ) ;
#3986 = AXIS2_PLACEMENT_3D ( 'NONE', #7087, #2725, #6228 ) ;
#3987 =( LENGTH_UNIT ( ) NAMED_UNIT ( * ) SI_UNIT ( .MILLI., .METRE. ) );
#3988 = AXIS2_PLACEMENT_3D ( 'NONE', #5983, #8601, #8439 ) ;
#3989 = FILL_AREA_STYLE ('',( #1542 ) ) ;
#3990 = VERTEX_POINT ( 'NONE', #6803 ) ;
#3991 = DIRECTION ( 'NONE',  ( 0.000000000000000000, -1.000000000000000000, 0.000000000000000000 ) ) ;
#3992 = EDGE_CURVE ( 'NONE', #5573, #10316, #10463, .T. ) ;
#3993 = EDGE_CURVE ( 'NONE', #5277, #6114, #7722, .T. ) ;
#3994 = ORIENTED_EDGE ( 'NONE', *, *, #6133, .T. ) ;
#3995 = CARTESIAN_POINT ( 'NONE',  ( -12.73807339523276561, 6.490181703155802673, -5.333604161531161125 ) ) ;
#3996 = FACE_OUTER_BOUND ( 'NONE', #1982, .T. ) ;
#3997 = ORIENTED_EDGE ( 'NONE', *, *, #413, .T. ) ;
#3998 = SURFACE_STYLE_USAGE ( .BOTH. , #2594 ) ;
#3999 = PLANE ( 'NONE',  #5350 ) ;
#4000 = ORIENTED_EDGE ( 'NONE', *, *, #6470, .F. ) ;
#4001 = AXIS2_PLACEMENT_3D ( 'NONE', #5776, #10183, #3237 ) ;
#4002 = FILL_AREA_STYLE ('',( #4481 ) ) ;
#4003 = CARTESIAN_POINT ( 'NONE',  ( 21.92031021678291225, 13.44999999999999929, -21.92031021678302949 ) ) ;
#4004 = ADVANCED_FACE ( 'NONE', ( #5272 ), #9870, .T. ) ;
#4005 = CARTESIAN_POINT ( 'NONE',  ( 1.749999999999998224, 6.300111172951810445, -13.25064077106042681 ) ) ;
#4006 = FACE_OUTER_BOUND ( 'NONE', #3791, .T. ) ;
#4007 = CYLINDRICAL_SURFACE ( 'NONE', #5116, 0.2500000000000002220 ) ;
#4008 = AXIS2_PLACEMENT_3D ( 'NONE', #5710, #6730, #451 ) ;
#4009 = CARTESIAN_POINT ( 'NONE',  ( -20.85965004500322806, -13.25000000000000178, -20.85965004500307174 ) ) ;
#4010 =( NAMED_UNIT ( * ) PLANE_ANGLE_UNIT ( ) SI_UNIT ( $, .RADIAN. ) );
#4011 = FILL_AREA_STYLE_COLOUR ( '', #4399 ) ;
#4012 = STYLED_ITEM ( 'NONE', ( #5787 ), #5449 ) ;
#4013 = CARTESIAN_POINT ( 'NONE',  ( 0.000000000000000000, 1.499999999999999556, 0.000000000000000000 ) ) ;
#4014 = CARTESIAN_POINT ( 'NONE',  ( -22.62741699796960404, 13.54999999999999893, -22.62741699796943351 ) ) ;
#4015 = EDGE_LOOP ( 'NONE', ( #7728, #7838, #10890, #5321 ) ) ;
#4016 = LINE ( 'NONE', #3188, #6006 ) ;
#4017 = CARTESIAN_POINT ( 'NONE',  ( -9.600069561504810167, -18.21991441758264685, -20.12780823672236963 ) ) ;
#4018 = SURFACE_STYLE_USAGE ( .BOTH. , #3550 ) ;
#4019 = AXIS2_PLACEMENT_3D ( 'NONE', #5078, #10267, #8531 ) ;
#4020 = FACE_OUTER_BOUND ( 'NONE', #10291, .T. ) ;
#4021 = EDGE_LOOP ( 'NONE', ( #7045, #9087, #3278, #5858 ) ) ;
#4022 = PRESENTATION_LAYER_ASSIGNMENT (  '', '', ( #10715 ) ) ;
#4023 = PRESENTATION_STYLE_ASSIGNMENT (( #6699 ) ) ;
#4024 = DIRECTION ( 'NONE',  ( 0.000000000000000000, 0.000000000000000000, -1.000000000000000000 ) ) ;
#4025 = SURFACE_STYLE_FILL_AREA ( #8348 ) ;
#4026 = PRESENTATION_STYLE_ASSIGNMENT (( #9137 ) ) ;
#4027 = DIRECTION ( 'NONE',  ( -0.000000000000000000, 1.000000000000000000, -0.000000000000000000 ) ) ;
#4028 = VERTEX_POINT ( 'NONE', #5164 ) ;
#4029 = ADVANCED_FACE ( 'NONE', ( #5218 ), #4647, .T. ) ;
#4030 = ORIENTED_EDGE ( 'NONE', *, *, #3347, .T. ) ;
#4031 = CARTESIAN_POINT ( 'NONE',  ( 12.63115847475062026, 10.80000000000000071, -18.37780823672223462 ) ) ;
#4032 = COLOUR_RGB ( '',0.1529411764705882470, 0.4901960784313725283, 1.000000000000000000 ) ;
#4033 = VERTEX_POINT ( 'NONE', #10242 ) ;
#4034 = ORIENTED_EDGE ( 'NONE', *, *, #7270, .T. ) ;
#4035 = COLOUR_RGB ( '',0.1529411764705882470, 0.4901960784313725283, 1.000000000000000000 ) ;
#4036 = DIRECTION ( 'NONE',  ( -0.8660254037844397068, 0.000000000000000000, 0.4999999999999981126 ) ) ;
#4037 = CARTESIAN_POINT ( 'NONE',  ( 2.730962362098597669E-15, -10.99999999999999289, -22.30000000000000071 ) ) ;
#4038 = CARTESIAN_POINT ( 'NONE',  ( 0.000000000000000000, 1.499999999999999556, 8.147829831584077809 ) ) ;
#4039 = PRESENTATION_STYLE_ASSIGNMENT (( #4104 ) ) ;
#4040 = CIRCLE ( 'NONE', #8929, 29.50000000000000000 ) ;
#4041 = ORIENTED_EDGE ( 'NONE', *, *, #7665, .F. ) ;
#4042 = EDGE_CURVE ( 'NONE', #1103, #3677, #2612, .T. ) ;
#4043 = EDGE_CURVE ( 'NONE', #1907, #8991, #1248, .T. ) ;
#4044 = CARTESIAN_POINT ( 'NONE',  ( 0.000000000000000000, 10.49999999999999822, 0.000000000000000000 ) ) ;
#4045 = AXIS2_PLACEMENT_3D ( 'NONE', #1232, #2744, #4658 ) ;
#4046 = CARTESIAN_POINT ( 'NONE',  ( -22.80419369326642709, 13.54999999999999893, 22.80419369326633827 ) ) ;
#4047 =( GEOMETRIC_REPRESENTATION_CONTEXT ( 3 ) GLOBAL_UNCERTAINTY_ASSIGNED_CONTEXT ( ( #10672 ) ) GLOBAL_UNIT_ASSIGNED_CONTEXT ( ( #1626, #5124, #2114 ) ) REPRESENTATION_CONTEXT ( 'NONE', 'WORKASPACE' ) );
#4048 = DIRECTION ( 'NONE',  ( 0.000000000000000000, -1.000000000000000000, 0.000000000000000000 ) ) ;
#4049 = ORIENTED_EDGE ( 'NONE', *, *, #11266, .F. ) ;
#4050 = DIRECTION ( 'NONE',  ( 0.000000000000000000, 0.000000000000000000, -1.000000000000000000 ) ) ;
#4051 = CIRCLE ( 'NONE', #1850, 9.148907742668312082 ) ;
#4052 = EDGE_LOOP ( 'NONE', ( #1442, #1661, #9425, #10187 ) ) ;
#4053 = CARTESIAN_POINT ( 'NONE',  ( 5.877901182310661277, 6.145223039104897614E-16, 6.680823489631229961 ) ) ;
#4054 = CARTESIAN_POINT ( 'NONE',  ( 1.750000000000002887, 6.199600861750186986, 13.12171311125127993 ) ) ;
#4055 = COLOUR_RGB ( '',0.1529411764705882470, 0.4901960784313725283, 1.000000000000000000 ) ;
#4056 = AXIS2_PLACEMENT_3D ( 'NONE', #9136, #4836, #8289 ) ;
#4057 = ORIENTED_EDGE ( 'NONE', *, *, #4827, .F. ) ;
#4058 = CARTESIAN_POINT ( 'NONE',  ( -8.979978445623190808, 0.2178369010166494313, -1.749999999999731326 ) ) ;
#4059 = EDGE_CURVE ( 'NONE', #1020, #7576, #7352, .T. ) ;
#4060 = EDGE_CURVE ( 'NONE', #9774, #1578, #5528, .T. ) ;
#4061 = DIRECTION ( 'NONE',  ( 0.000000000000000000, 0.000000000000000000, 1.000000000000000000 ) ) ;
#4062 = SURFACE_SIDE_STYLE ('',( #574 ) ) ;
#4063 = AXIS2_PLACEMENT_3D ( 'NONE', #5137, #7743, #362 ) ;
#4064 = ORIENTED_EDGE ( 'NONE', *, *, #3892, .F. ) ;
#4065 = DIRECTION ( 'NONE',  ( -0.000000000000000000, 1.000000000000000000, -0.000000000000000000 ) ) ;
#4066 = PLANE ( 'NONE',  #4342 ) ;
#4067 = CIRCLE ( 'NONE', #7157, 8.147829831584077809 ) ;
#4068 = CARTESIAN_POINT ( 'NONE',  ( -12.63115847475059361, 10.49999999999999822, 18.37780823672225594 ) ) ;
#4069 = CARTESIAN_POINT ( 'NONE',  ( -6.901889459346330469, 0.2178369010166500419, 6.005533679434341465 ) ) ;
#4070 = CARTESIAN_POINT ( 'NONE',  ( 5.453944846153524040, 10.13193726329756572, -12.94650957521629664 ) ) ;
#4071 = CARTESIAN_POINT ( 'NONE',  ( -5.480854602023176980, 10.19249530351371646, 12.99311863960185320 ) ) ;
#4072 = MECHANICAL_DESIGN_GEOMETRIC_PRESENTATION_REPRESENTATION (  '', ( #2591 ), #11137 ) ;
#4073 = DIRECTION ( 'NONE',  ( 0.000000000000000000, 0.000000000000000000, 1.000000000000000000 ) ) ;
#4074 = STYLED_ITEM ( 'NONE', ( #260 ), #8106 ) ;
#4075 = EDGE_CURVE ( 'NONE', #5947, #7508, #4731, .T. ) ;
#4076 = EDGE_CURVE ( 'NONE', #4600, #10945, #8251, .T. ) ;
#4077 = DIRECTION ( 'NONE',  ( 0.000000000000000000, -1.000000000000000000, 0.000000000000000000 ) ) ;
#4078 =( LENGTH_UNIT ( ) NAMED_UNIT ( * ) SI_UNIT ( .MILLI., .METRE. ) );
#4079 = VERTEX_POINT ( 'NONE', #5643 ) ;
#4080 = CARTESIAN_POINT ( 'NONE',  ( 1.749999999999999112, 0.000000000000000000, -7.957677485576517995 ) ) ;
#4081 = CARTESIAN_POINT ( 'NONE',  ( 11.68254246699171972, 4.112980027586004894, -1.750000000000410338 ) ) ;
#4082 = AXIS2_PLACEMENT_3D ( 'NONE', #6987, #5229, #9744 ) ;
#4083 = SURFACE_STYLE_FILL_AREA ( #2125 ) ;
#4084 = TOROIDAL_SURFACE ( 'NONE', #244, 8.736131791852239203, 0.5000000000000000000 ) ;
#4085 = CARTESIAN_POINT ( 'NONE',  ( 9.242385895282543729, 4.112992312804593986, 7.356819926759462724 ) ) ;
#4086 = VECTOR ( 'NONE', #7008, 1000.000000000000000 ) ;
#4087 = FILL_AREA_STYLE_COLOUR ( '', #7487 ) ;
#4088 = VECTOR ( 'NONE', #8670, 1000.000000000000000 ) ;
#4089 = DIRECTION ( 'NONE',  ( 0.000000000000000000, 0.000000000000000000, 1.000000000000000000 ) ) ;
#4090 = ORIENTED_EDGE ( 'NONE', *, *, #4299, .F. ) ;
#4091 = ORIENTED_EDGE ( 'NONE', *, *, #1292, .T. ) ;
#4092 = CARTESIAN_POINT ( 'NONE',  ( 2.763985268843912380, 0.000000000000000000, -8.287362917009559737 ) ) ;
#4093 = CIRCLE ( 'NONE', #7199, 14.82773641629552053 ) ;
#4094 = ORIENTED_EDGE ( 'NONE', *, *, #9618, .T. ) ;
#4095 = ORIENTED_EDGE ( 'NONE', *, *, #1989, .T. ) ;
#4096 = ORIENTED_EDGE ( 'NONE', *, *, #4765, .F. ) ;
#4097 = FACE_OUTER_BOUND ( 'NONE', #2916, .T. ) ;
#4098 = EDGE_CURVE ( 'NONE', #3664, #290, #2978, .T. ) ;
#4099 = DIRECTION ( 'NONE',  ( 0.000000000000000000, 0.000000000000000000, 1.000000000000000000 ) ) ;
#4100 = FACE_OUTER_BOUND ( 'NONE', #9734, .T. ) ;
#4101 = FILL_AREA_STYLE ('',( #6779 ) ) ;
#4102 = CARTESIAN_POINT ( 'NONE',  ( -22.62741699796960404, 13.44999999999999929, -22.62741699796943351 ) ) ;
#4103 = VECTOR ( 'NONE', #8539, 1000.000000000000000 ) ;
#4104 = SURFACE_STYLE_USAGE ( .BOTH. , #4154 ) ;
#4105 = UNCERTAINTY_MEASURE_WITH_UNIT (LENGTH_MEASURE( 1.000000000000000082E-05 ), #1706, 'distance_accuracy_value', 'NONE');
#4106 = VERTEX_POINT ( 'NONE', #439 ) ;
#4107 =( NAMED_UNIT ( * ) SI_UNIT ( $, .STERADIAN. ) SOLID_ANGLE_UNIT ( ) );
#4108 = LINE ( 'NONE', #6786, #5557 ) ;
#4109 = B_SPLINE_CURVE_WITH_KNOTS ( 'NONE', 3,
 ( #4749, #1266, #393, #170, #9002, #4743, #1203, #2043 ),
 .UNSPECIFIED., .F., .F.,
 ( 4, 2, 2, 4 ),
 ( 0.000000000000000000, 0.0002429683717504880136, 0.0004859367435009760271, 0.0009718734870019550900 ),
 .UNSPECIFIED. ) ;
#4110 = VERTEX_POINT ( 'NONE', #3981 ) ;
#4111 = EDGE_CURVE ( 'NONE', #2530, #5035, #9880, .T. ) ;
#4112 = CARTESIAN_POINT ( 'NONE',  ( -22.80419369326642709, 13.54999999999999893, 22.55419369326633827 ) ) ;
#4113 = CARTESIAN_POINT ( 'NONE',  ( 0.000000000000000000, 0.2178369010166492092, 0.000000000000000000 ) ) ;
#4114 = DIRECTION ( 'NONE',  ( 0.000000000000000000, -1.000000000000000000, 0.000000000000000000 ) ) ;
#4115 = COLOUR_RGB ( '',0.1529411764705882470, 0.4901960784313725283, 1.000000000000000000 ) ;
#4116 = PRESENTATION_STYLE_ASSIGNMENT (( #10974 ) ) ;
#4117 = ORIENTED_EDGE ( 'NONE', *, *, #111, .T. ) ;
#4118 =( NAMED_UNIT ( * ) PLANE_ANGLE_UNIT ( ) SI_UNIT ( $, .RADIAN. ) );
#4119 = LINE ( 'NONE', #4068, #6389 ) ;
#4120 = CARTESIAN_POINT ( 'NONE',  ( 0.000000000000000000, 13.54999999999999893, 0.000000000000000000 ) ) ;
#4121 = EDGE_CURVE ( 'NONE', #6936, #2093, #3527, .T. ) ;
#4122 = AXIS2_PLACEMENT_3D ( 'NONE', #9906, #2305, #3832 ) ;
#4123 = AXIS2_PLACEMENT_3D ( 'NONE', #5896, #8505, #2517 ) ;
#4124 = ADVANCED_FACE ( 'NONE', ( #10518 ), #6418, .F. ) ;
#4125 = CARTESIAN_POINT ( 'NONE',  ( 0.000000000000000000, -18.21991441758264685, 0.000000000000000000 ) ) ;
#4126 = SURFACE_STYLE_FILL_AREA ( #8456 ) ;
#4127 = CARTESIAN_POINT ( 'NONE',  ( 22.80419369326623524, 13.54999999999999893, 22.80419369326607537 ) ) ;
#4128 = VERTEX_POINT ( 'NONE', #4463 ) ;
#4129 = UNCERTAINTY_MEASURE_WITH_UNIT (LENGTH_MEASURE( 1.000000000000000082E-05 ), #5005, 'distance_accuracy_value', 'NONE');
#4130 = DIRECTION ( 'NONE',  ( 0.000000000000000000, 0.000000000000000000, 1.000000000000000000 ) ) ;
#4131 =( NAMED_UNIT ( * ) PLANE_ANGLE_UNIT ( ) SI_UNIT ( $, .RADIAN. ) );
#4132 = ORIENTED_EDGE ( 'NONE', *, *, #6241, .F. ) ;
#4133 = MECHANICAL_DESIGN_GEOMETRIC_PRESENTATION_REPRESENTATION (  '', ( #8300 ), #7397 ) ;
#4134 =( LENGTH_UNIT ( ) NAMED_UNIT ( * ) SI_UNIT ( .MILLI., .METRE. ) );
#4135 = EDGE_CURVE ( 'NONE', #9973, #9016, #5913, .T. ) ;
#4136 = B_SPLINE_CURVE_WITH_KNOTS ( 'NONE', 3,
 ( #9651, #10327, #7000, #6186, #7796, #1747, #2487, #10444 ),
 .UNSPECIFIED., .F., .F.,
 ( 4, 2, 2, 4 ),
 ( 1.734723475976807094E-18, 0.0002427981594783404340, 0.0004855963189566791334, 0.0009711926379133550141 ),
 .UNSPECIFIED. ) ;
#4137 = EDGE_CURVE ( 'NONE', #818, #8780, #6642, .T. ) ;
#4138 = AXIS2_PLACEMENT_3D ( 'NONE', #3750, #275, #6263 ) ;
#4139 = DIRECTION ( 'NONE',  ( -0.000000000000000000, -1.000000000000000000, -0.000000000000000000 ) ) ;
#4140 = SURFACE_STYLE_FILL_AREA ( #10999 ) ;
#4141 = DIRECTION ( 'NONE',  ( -0.000000000000000000, 1.000000000000000000, -0.000000000000000000 ) ) ;
#4142 = CARTESIAN_POINT ( 'NONE',  ( -19.86718589315089289, 10.49999999999999822, 9.449599181287331007 ) ) ;
#4143 = ORIENTED_EDGE ( 'NONE', *, *, #10285, .T. ) ;
#4144 = VERTEX_POINT ( 'NONE', #11183 ) ;
#4145 = CIRCLE ( 'NONE', #4321, 28.99999999999999645 ) ;
#4146 = ORIENTED_EDGE ( 'NONE', *, *, #10131, .F. ) ;
#4147 = VERTEX_POINT ( 'NONE', #3378 ) ;
#4148 = ORIENTED_EDGE ( 'NONE', *, *, #2907, .F. ) ;
#4149 = FACE_OUTER_BOUND ( 'NONE', #1573, .T. ) ;
#4150 = CARTESIAN_POINT ( 'NONE',  ( -20.50609665440995144, 13.54999999999999893, -20.50609665440979867 ) ) ;
#4151 = CARTESIAN_POINT ( 'NONE',  ( 0.000000000000000000, -18.21991441758264685, 0.000000000000000000 ) ) ;
#4152 = DIRECTION ( 'NONE',  ( 0.000000000000000000, 0.000000000000000000, 1.000000000000000000 ) ) ;
#4153 = CARTESIAN_POINT ( 'NONE',  ( -13.62644895387784416, 10.49999999999999822, -5.846508029456363609 ) ) ;
#4154 = SURFACE_SIDE_STYLE ('',( #8534 ) ) ;
#4155 = ORIENTED_EDGE ( 'NONE', *, *, #6285, .F. ) ;
#4156 = EDGE_CURVE ( 'NONE', #1485, #10336, #9268, .T. ) ;
#4157 = AXIS2_PLACEMENT_3D ( 'NONE', #10587, #1946, #961 ) ;
#4158 = CARTESIAN_POINT ( 'NONE',  ( -22.80419369326623524, -13.25000000000000178, -22.80419369326607537 ) ) ;
#4159 =( GEOMETRIC_REPRESENTATION_CONTEXT ( 3 ) GLOBAL_UNCERTAINTY_ASSIGNED_CONTEXT ( ( #2285 ) ) GLOBAL_UNIT_ASSIGNED_CONTEXT ( ( #738, #11205, #7651 ) ) REPRESENTATION_CONTEXT ( 'NONE', 'WORKASPACE' ) );
#4160 =( NAMED_UNIT ( * ) SI_UNIT ( $, .STERADIAN. ) SOLID_ANGLE_UNIT ( ) );
#4161 =( GEOMETRIC_REPRESENTATION_CONTEXT ( 3 ) GLOBAL_UNCERTAINTY_ASSIGNED_CONTEXT ( ( #2721 ) ) GLOBAL_UNIT_ASSIGNED_CONTEXT ( ( #6101, #8772, #10512 ) ) REPRESENTATION_CONTEXT ( 'NONE', 'WORKASPACE' ) );
#4162 = ORIENTED_EDGE ( 'NONE', *, *, #9506, .T. ) ;
#4163 = DIRECTION ( 'NONE',  ( -0.000000000000000000, -1.000000000000000000, -0.000000000000000000 ) ) ;
#4164 = DIRECTION ( 'NONE',  ( -0.000000000000000000, -1.000000000000000000, -0.000000000000000000 ) ) ;
#4165 = CIRCLE ( 'NONE', #148, 8.147829831584077809 ) ;
#4166 = CARTESIAN_POINT ( 'NONE',  ( 0.000000000000000000, 0.000000000000000000, 0.000000000000000000 ) ) ;
#4167 = CYLINDRICAL_SURFACE ( 'NONE', #6607, 32.00000000000000000 ) ;
#4168 = EDGE_LOOP ( 'NONE', ( #11233, #10618, #284, #1973 ) ) ;
#4169 = EDGE_CURVE ( 'NONE', #10316, #10600, #5208, .T. ) ;
#4170 = DIRECTION ( 'NONE',  ( 0.000000000000000000, 0.000000000000000000, -1.000000000000000000 ) ) ;
#4171 = DIRECTION ( 'NONE',  ( 0.000000000000000000, 0.000000000000000000, 1.000000000000000000 ) ) ;
#4172 = VERTEX_POINT ( 'NONE', #3264 ) ;
#4173 = PLANE ( 'NONE',  #1340 ) ;
#4174 = FACE_OUTER_BOUND ( 'NONE', #435, .T. ) ;
#4175 = ORIENTED_EDGE ( 'NONE', *, *, #1874, .T. ) ;
#4176 = CARTESIAN_POINT ( 'NONE',  ( 0.000000000000000000, 0.5000000000000000000, 0.000000000000000000 ) ) ;
#4177 = LINE ( 'NONE', #11160, #10087 ) ;
#4178 = FACE_OUTER_BOUND ( 'NONE', #11004, .T. ) ;
#4179 = ORIENTED_EDGE ( 'NONE', *, *, #8458, .T. ) ;
#4180 = ADVANCED_FACE ( 'NONE', ( #7630 ), #1373, .F. ) ;
#4181 = EDGE_CURVE ( 'NONE', #3260, #424, #2447, .T. ) ;
#4182 = DIRECTION ( 'NONE',  ( 5.329070518200751394E-15, 0.000000000000000000, 1.000000000000000000 ) ) ;
#4183 = COLOUR_RGB ( '',0.1529411764705882470, 0.4901960784313725283, 1.000000000000000000 ) ;
#4184 = CARTESIAN_POINT ( 'NONE',  ( 7.090544456622788871, 6.499999999999999112, -8.781183252196500533 ) ) ;
#4185 = DIRECTION ( 'NONE',  ( -0.000000000000000000, -1.000000000000000000, -0.000000000000000000 ) ) ;
#4186 = CARTESIAN_POINT ( 'NONE',  ( 0.000000000000000000, -13.25000000000000178, 0.000000000000000000 ) ) ;
#4187 = CIRCLE ( 'NONE', #10526, 0.2500000000000002220 ) ;
#4188 = ORIENTED_EDGE ( 'NONE', *, *, #3192, .F. ) ;
#4189 = EDGE_CURVE ( 'NONE', #7386, #3830, #2032, .T. ) ;
#4190 = EDGE_LOOP ( 'NONE', ( #1323, #3934, #6656, #210 ) ) ;
#4191 = CARTESIAN_POINT ( 'NONE',  ( 0.000000000000000000, -18.21991441758264685, 0.000000000000000000 ) ) ;
#4192 = CIRCLE ( 'NONE', #5471, 32.00000000000000000 ) ;
#4193 = PLANE ( 'NONE',  #7795 ) ;
#4194 = ORIENTED_EDGE ( 'NONE', *, *, #654, .F. ) ;
#4195 = VERTEX_POINT ( 'NONE', #3213 ) ;
#4196 = VECTOR ( 'NONE', #2381, 1000.000000000000000 ) ;
#4197 = ORIENTED_EDGE ( 'NONE', *, *, #6285, .T. ) ;
#4198 = LINE ( 'NONE', #9484, #6520 ) ;
#4199 = FILL_AREA_STYLE ('',( #5865 ) ) ;
#4200 = PRESENTATION_STYLE_ASSIGNMENT (( #2436 ) ) ;
#4201 =( NAMED_UNIT ( * ) PLANE_ANGLE_UNIT ( ) SI_UNIT ( $, .RADIAN. ) );
#4202 = CARTESIAN_POINT ( 'NONE',  ( 13.69663108658941120, 6.499999999999999112, 1.749999999999589217 ) ) ;
#4203 = CARTESIAN_POINT ( 'NONE',  ( -8.651889459346332245, 0.2178369010166504027, 2.974444766188808931 ) ) ;
#4204 = UNCERTAINTY_MEASURE_WITH_UNIT (LENGTH_MEASURE( 1.000000000000000082E-05 ), #3501, 'distance_accuracy_value', 'NONE');
#4205 = EDGE_LOOP ( 'NONE', ( #10829, #9948, #1006, #1188 ) ) ;
#4206 = CARTESIAN_POINT ( 'NONE',  ( 21.74353352148639118, 13.44999999999999929, -21.74353352148628460 ) ) ;
#4207 = EDGE_CURVE ( 'NONE', #5503, #8507, #7551, .T. ) ;
#4208 = COLOUR_RGB ( '',0.1529411764705882470, 0.4901960784313725283, 1.000000000000000000 ) ;
#4209 =( LENGTH_UNIT ( ) NAMED_UNIT ( * ) SI_UNIT ( .MILLI., .METRE. ) );
#4210 = AXIS2_PLACEMENT_3D ( 'NONE', #9652, #10387, #6838 ) ;
#4211 = STYLED_ITEM ( 'NONE', ( #794 ), #5933 ) ;
#4212 = DIRECTION ( 'NONE',  ( -0.000000000000000000, 1.000000000000000000, -0.000000000000000000 ) ) ;
#4213 = FILL_AREA_STYLE_COLOUR ( '', #8586 ) ;
#4214 = VERTEX_POINT ( 'NONE', #11014 ) ;
#4215 = CARTESIAN_POINT ( 'NONE',  ( 0.000000000000000000, 10.06432619796669670, 0.000000000000000000 ) ) ;
#4216 = CARTESIAN_POINT ( 'NONE',  ( 22.30000000000000071, 6.499999999999999112, 0.000000000000000000 ) ) ;
#4217 = AXIS2_PLACEMENT_3D ( 'NONE', #5614, #2058, #10871 ) ;
#4218 = UNCERTAINTY_MEASURE_WITH_UNIT (LENGTH_MEASURE( 1.000000000000000082E-05 ), #6537, 'distance_accuracy_value', 'NONE');
#4219 = COLOUR_RGB ( '',0.1529411764705882470, 0.4901960784313725283, 1.000000000000000000 ) ;
#4220 = FILL_AREA_STYLE_COLOUR ( '', #8231 ) ;
#4221 = CONICAL_SURFACE ( 'NONE', #7491, 14.30000000000000071, 0.5996168419455644161 ) ;
#4222 = DIRECTION ( 'NONE',  ( 0.000000000000000000, 0.000000000000000000, 1.000000000000000000 ) ) ;
#4223 = EDGE_LOOP ( 'NONE', ( #2601, #8268, #4711, #4776 ) ) ;
#4224 =( LENGTH_UNIT ( ) NAMED_UNIT ( * ) SI_UNIT ( .MILLI., .METRE. ) );
#4225 = VECTOR ( 'NONE', #3095, 1000.000000000000000 ) ;
#4226 = ORIENTED_EDGE ( 'NONE', *, *, #5328, .F. ) ;
#4227 = STYLED_ITEM ( 'NONE', ( #4812 ), #7415 ) ;
#4228 = SURFACE_SIDE_STYLE ('',( #8613 ) ) ;
#4229 = SURFACE_STYLE_USAGE ( .BOTH. , #6104 ) ;
#4230 = CIRCLE ( 'NONE', #10020, 9.148907742668312082 ) ;
#4231 = CARTESIAN_POINT ( 'NONE',  ( -5.575738322545880088, 10.34702362053678293, 13.15746206435834331 ) ) ;
#4232 = EDGE_CURVE ( 'NONE', #10689, #10511, #4093, .T. ) ;
#4233 = CARTESIAN_POINT ( 'NONE',  ( -10.84608989951208180, 6.459664993593751348, -8.282718865302051370 ) ) ;
#4234 = ORIENTED_EDGE ( 'NONE', *, *, #4232, .T. ) ;
#4235 = CARTESIAN_POINT ( 'NONE',  ( -14.39775725846406829, 10.45964560473159288, 1.750000000000270450 ) ) ;
#4236 = MECHANICAL_DESIGN_GEOMETRIC_PRESENTATION_REPRESENTATION (  '', ( #11116 ), #3676 ) ;
#4237 = UNCERTAINTY_MEASURE_WITH_UNIT (LENGTH_MEASURE( 1.000000000000000082E-05 ), #9243, 'distance_accuracy_value', 'NONE');
#4238 = DIRECTION ( 'NONE',  ( 0.000000000000000000, -1.000000000000000000, 0.000000000000000000 ) ) ;
#4239 =( GEOMETRIC_REPRESENTATION_CONTEXT ( 3 ) GLOBAL_UNCERTAINTY_ASSIGNED_CONTEXT ( ( #10897 ) ) GLOBAL_UNIT_ASSIGNED_CONTEXT ( ( #6492, #4805, #4580 ) ) REPRESENTATION_CONTEXT ( 'NONE', 'WORKASPACE' ) );
#4240 = VERTEX_POINT ( 'NONE', #10162 ) ;
#4241 = AXIS2_PLACEMENT_3D ( 'NONE', #6262, #8930, #2030 ) ;
#4242 = FILL_AREA_STYLE_COLOUR ( '', #7428 ) ;
#4243 = CYLINDRICAL_SURFACE ( 'NONE', #9193, 0.2500000000000002220 ) ;
#4244 = AXIS2_PLACEMENT_3D ( 'NONE', #3798, #7291, #8247 ) ;
#4245 = AXIS2_PLACEMENT_3D ( 'NONE', #4120, #7594, #521 ) ;
#4246 = CIRCLE ( 'NONE', #4442, 8.147829831584077809 ) ;
#4247 = EDGE_CURVE ( 'NONE', #9589, #967, #8362, .T. ) ;
#4248 = DIRECTION ( 'NONE',  ( 0.8660254037844382635, 0.000000000000000000, -0.5000000000000005551 ) ) ;
#4249 = CARTESIAN_POINT ( 'NONE',  ( 7.957677485576783560, 1.500000000000251132, 1.749999999999590328 ) ) ;
#4250 = COLOUR_RGB ( '',0.1529411764705882470, 0.4901960784313725283, 1.000000000000000000 ) ;
#4251 = ORIENTED_EDGE ( 'NONE', *, *, #492, .F. ) ;
#4252 = B_SPLINE_CURVE_WITH_KNOTS ( 'NONE', 3,
 ( #5309, #7807, #3450, #10399, #9560, #8707, #8878, #1926 ),
 .UNSPECIFIED., .F., .F.,
 ( 4, 2, 2, 4 ),
 ( 2.453269466693398698E-18, 0.0002429715048039807635, 0.0004859430096079590334, 0.0009718860192159143804 ),
 .UNSPECIFIED. ) ;
#4254 = ORIENTED_EDGE ( 'NONE', *, *, #1033, .F. ) ;
#4253 = PRODUCT ( '65mmÂÖ×Ó', '65mmÂÖ×Ó', '', ( #9501 ) ) ;
#4255 = CARTESIAN_POINT ( 'NONE',  ( -12.90616799762227807, 10.06432619796679617, 5.430653625470075241 ) ) ;
#4256 =( LENGTH_UNIT ( ) NAMED_UNIT ( * ) SI_UNIT ( .MILLI., .METRE. ) );
#4257 = AXIS2_PLACEMENT_3D ( 'NONE', #8942, #6491, #4577 ) ;
#4258 = CYLINDRICAL_SURFACE ( 'NONE', #11041, 0.2499999999999967526 ) ;
#4259 = VERTEX_POINT ( 'NONE', #4037 ) ;
#4260 = ORIENTED_EDGE ( 'NONE', *, *, #7641, .F. ) ;
#4261 =( GEOMETRIC_REPRESENTATION_CONTEXT ( 3 ) GLOBAL_UNCERTAINTY_ASSIGNED_CONTEXT ( ( #3636 ) ) GLOBAL_UNIT_ASSIGNED_CONTEXT ( ( #5026, #668, #11068 ) ) REPRESENTATION_CONTEXT ( 'NONE', 'WORKASPACE' ) );
#4262 = VERTEX_POINT ( 'NONE', #9431 ) ;
#4263 = ORIENTED_EDGE ( 'NONE', *, *, #3548, .F. ) ;
#4264 = CARTESIAN_POINT ( 'NONE',  ( 0.000000000000000000, -13.25000000000000178, 0.000000000000000000 ) ) ;
#4265 = EDGE_CURVE ( 'NONE', #4650, #2837, #9174, .T. ) ;
#4266 = CARTESIAN_POINT ( 'NONE',  ( 14.30000000000000071, 10.49999999999999822, 0.000000000000000000 ) ) ;
#4267 = ADVANCED_FACE ( 'NONE', ( #6136 ), #7794, .T. ) ;
#4268 = CARTESIAN_POINT ( 'NONE',  ( 20.68287334970658264, -13.25000000000000178, 20.68287334970643698 ) ) ;
#4269 = DIRECTION ( 'NONE',  ( 0.000000000000000000, -1.000000000000000000, 0.000000000000000000 ) ) ;
#4270 = CARTESIAN_POINT ( 'NONE',  ( -6.901889459346330469, 0.2178369010166500419, 6.005533679434341465 ) ) ;
#4271 = DIRECTION ( 'NONE',  ( -0.000000000000000000, 1.000000000000000000, -0.000000000000000000 ) ) ;
#4272 = ORIENTED_EDGE ( 'NONE', *, *, #10967, .T. ) ;
#4273 = SURFACE_STYLE_USAGE ( .BOTH. , #7852 ) ;
#4274 = MECHANICAL_DESIGN_GEOMETRIC_PRESENTATION_REPRESENTATION (  '', ( #9164 ), #797 ) ;
#4275 = DIRECTION ( 'NONE',  ( 0.000000000000000000, 0.000000000000000000, 1.000000000000000000 ) ) ;
#4276 = VECTOR ( 'NONE', #7237, 1000.000000000000000 ) ;
#4277 = CARTESIAN_POINT ( 'NONE',  ( 5.477236414002943476, 10.19954933640123329, 12.98685175411944748 ) ) ;
#4278 = SURFACE_SIDE_STYLE ('',( #9442 ) ) ;
#4279 = ORIENTED_EDGE ( 'NONE', *, *, #1471, .T. ) ;
#4280 = VECTOR ( 'NONE', #8130, 1000.000000000000000 ) ;
#4281 = EDGE_CURVE ( 'NONE', #10775, #9559, #63, .T. ) ;
#4282 = SURFACE_STYLE_USAGE ( .BOTH. , #843 ) ;
#4283 = DIRECTION ( 'NONE',  ( 1.367258905585373648E-16, 0.000000000000000000, 1.000000000000000000 ) ) ;
#4284 = ADVANCED_FACE ( 'NONE', ( #6019 ), #7107, .F. ) ;
#4285 = CARTESIAN_POINT ( 'NONE',  ( 0.000000000000000000, 0.000000000000000000, 0.000000000000000000 ) ) ;
#4286 = PLANE ( 'NONE',  #9494 ) ;
#4287 = CARTESIAN_POINT ( 'NONE',  ( -22.98097038856288066, 13.54999999999999893, -22.98097038856270657 ) ) ;
#4288 = VERTEX_POINT ( 'NONE', #3560 ) ;
#4289 = DIRECTION ( 'NONE',  ( -0.4999999999999995559, 0.000000000000000000, 0.8660254037844389297 ) ) ;
#4290 = ORIENTED_EDGE ( 'NONE', *, *, #3993, .T. ) ;
#4291 = DIRECTION ( 'NONE',  ( -0.000000000000000000, -1.000000000000000000, -0.000000000000000000 ) ) ;
#4292 = DIRECTION ( 'NONE',  ( 0.8660254037844397068, 0.000000000000000000, -0.4999999999999980571 ) ) ;
#4293 = ORIENTED_EDGE ( 'NONE', *, *, #359, .T. ) ;
#4294 =( GEOMETRIC_REPRESENTATION_CONTEXT ( 3 ) GLOBAL_UNCERTAINTY_ASSIGNED_CONTEXT ( ( #5931 ) ) GLOBAL_UNIT_ASSIGNED_CONTEXT ( ( #5854, #1526, #5911 ) ) REPRESENTATION_CONTEXT ( 'NONE', 'WORKASPACE' ) );
#4295 = CARTESIAN_POINT ( 'NONE',  ( 0.000000000000000000, 6.499999999999999112, 0.000000000000000000 ) ) ;
#4296 = FACE_OUTER_BOUND ( 'NONE', #7198, .T. ) ;
#4297 = ORIENTED_EDGE ( 'NONE', *, *, #8952, .T. ) ;
#4298 = DIRECTION ( 'NONE',  ( -0.000000000000000000, -1.000000000000000000, -0.000000000000000000 ) ) ;
#4299 = EDGE_CURVE ( 'NONE', #6261, #1720, #7908, .T. ) ;
#4300 = AXIS2_PLACEMENT_3D ( 'NONE', #2417, #10135, #5901 ) ;
#4301 = COLOUR_RGB ( '',0.1529411764705882470, 0.4901960784313725283, 1.000000000000000000 ) ;
#4302 =( NAMED_UNIT ( * ) PLANE_ANGLE_UNIT ( ) SI_UNIT ( $, .RADIAN. ) );
#4303 = PRESENTATION_LAYER_ASSIGNMENT (  '', '', ( #8845 ) ) ;
#4304 = DIRECTION ( 'NONE',  ( 0.000000000000000000, 0.000000000000000000, -1.000000000000000000 ) ) ;
#4305 = ORIENTED_EDGE ( 'NONE', *, *, #4325, .F. ) ;
#4306 = ORIENTED_EDGE ( 'NONE', *, *, #2199, .F. ) ;
#4307 = DIRECTION ( 'NONE',  ( 0.000000000000000000, -1.000000000000000000, 0.000000000000000000 ) ) ;
#4308 = EDGE_CURVE ( 'NONE', #1141, #1691, #8981, .T. ) ;
#4309 = CARTESIAN_POINT ( 'NONE',  ( 14.30000000000000071, 10.49999999999999822, 0.000000000000000000 ) ) ;
#4310 = ORIENTED_EDGE ( 'NONE', *, *, #10823, .F. ) ;
#4311 = VERTEX_POINT ( 'NONE', #828 ) ;
#4312 = CIRCLE ( 'NONE', #6871, 14.82773641629552053 ) ;
#4313 = EDGE_LOOP ( 'NONE', ( #6590, #479, #9543, #8577 ) ) ;
#4314 = ORIENTED_EDGE ( 'NONE', *, *, #9918, .F. ) ;
#4315 =( LENGTH_UNIT ( ) NAMED_UNIT ( * ) SI_UNIT ( .MILLI., .METRE. ) );
#4316 = DIRECTION ( 'NONE',  ( 0.000000000000000000, 0.000000000000000000, -1.000000000000000000 ) ) ;
#4317 = DIRECTION ( 'NONE',  ( -0.000000000000000000, 1.000000000000000000, -0.000000000000000000 ) ) ;
#4318 = FILL_AREA_STYLE ('',( #10493 ) ) ;
#4319 = DIRECTION ( 'NONE',  ( -0.000000000000000000, -1.000000000000000000, -0.000000000000000000 ) ) ;
#4320 = ORIENTED_EDGE ( 'NONE', *, *, #1669, .F. ) ;
#4321 = AXIS2_PLACEMENT_3D ( 'NONE', #4322, #1588, #6189 ) ;
#4322 = CARTESIAN_POINT ( 'NONE',  ( 0.000000000000000000, 13.54999999999999893, 0.000000000000000000 ) ) ;
#4323 = EDGE_CURVE ( 'NONE', #6461, #5255, #1900, .T. ) ;
#4324 =( NAMED_UNIT ( * ) PLANE_ANGLE_UNIT ( ) SI_UNIT ( $, .RADIAN. ) );
#4325 = EDGE_CURVE ( 'NONE', #2289, #9007, #10246, .T. ) ;
#4326 =( LENGTH_UNIT ( ) NAMED_UNIT ( * ) SI_UNIT ( .MILLI., .METRE. ) );
#4327 = FACE_BOUND ( 'NONE', #5262, .T. ) ;
#4328 = FILL_AREA_STYLE ('',( #840 ) ) ;
#4329 = VERTEX_POINT ( 'NONE', #4377 ) ;
#4330 = CARTESIAN_POINT ( 'NONE',  ( 12.15793606078349320, 6.064326197966796173, 4.998661715319911991 ) ) ;
#4331 = PRESENTATION_LAYER_ASSIGNMENT (  '', '', ( #4702 ) ) ;
#4332 = APPLICATION_PROTOCOL_DEFINITION ( 'draft international standard', 'automotive_design', 1998, #7167 ) ;
#4333 = FILL_AREA_STYLE ('',( #3339 ) ) ;
#4334 = CARTESIAN_POINT ( 'NONE',  ( 7.957677485576614806, 0.000000000000000000, -1.750000000000373035 ) ) ;
#4335 = SURFACE_SIDE_STYLE ('',( #1712 ) ) ;
#4336 = UNCERTAINTY_MEASURE_WITH_UNIT (LENGTH_MEASURE( 1.000000000000000082E-05 ), #6984, 'distance_accuracy_value', 'NONE');
#4337 = FILL_AREA_STYLE ('',( #4220 ) ) ;
#4338 = PRESENTATION_STYLE_ASSIGNMENT (( #10510 ) ) ;
#4339 = ORIENTED_EDGE ( 'NONE', *, *, #3977, .F. ) ;
#4340 = COLOUR_RGB ( '',0.1529411764705882470, 0.4901960784313725283, 1.000000000000000000 ) ;
#4341 = CARTESIAN_POINT ( 'NONE',  ( -21.56675682618974577, 13.44999999999999929, 21.56675682618965340 ) ) ;
#4342 = AXIS2_PLACEMENT_3D ( 'NONE', #10121, #2345, #9287 ) ;
#4343 = EDGE_CURVE ( 'NONE', #2323, #3751, #9358, .T. ) ;
#4344 = VERTEX_POINT ( 'NONE', #11026 ) ;
#4345 = SURFACE_STYLE_USAGE ( .BOTH. , #8614 ) ;
#4346 = CIRCLE ( 'NONE', #2681, 32.50000000000000000 ) ;
#4347 =( LENGTH_UNIT ( ) NAMED_UNIT ( * ) SI_UNIT ( .MILLI., .METRE. ) );
#4348 = STYLED_ITEM ( 'NONE', ( #2117 ), #10788 ) ;
#4349 = DIRECTION ( 'NONE',  ( -0.000000000000000000, -1.000000000000000000, -0.000000000000000000 ) ) ;
#4350 = VERTEX_POINT ( 'NONE', #4868 ) ;
#4351 = CARTESIAN_POINT ( 'NONE',  ( 7.766550857632748439, 1.500000000000003109, -2.463294286165474745 ) ) ;
#4352 = DIRECTION ( 'NONE',  ( 0.000000000000000000, 0.000000000000000000, 1.000000000000000000 ) ) ;
#4353 = SURFACE_SIDE_STYLE ('',( #2623 ) ) ;
#4354 = EDGE_LOOP ( 'NONE', ( #5476, #6451, #6960, #3627 ) ) ;
#4355 = CARTESIAN_POINT ( 'NONE',  ( -8.287362917009563290, 0.000000000000000000, 2.763985268843909715 ) ) ;
#4356 = DIRECTION ( 'NONE',  ( -0.000000000000000000, 1.000000000000000000, -0.000000000000000000 ) ) ;
#4357 = EDGE_CURVE ( 'NONE', #11268, #6963, #1514, .T. ) ;
#4358 = AXIS2_PLACEMENT_3D ( 'NONE', #10515, #8836, #7820 ) ;
#4359 = CARTESIAN_POINT ( 'NONE',  ( -13.62644895387783706, 10.49999999999999822, 5.846508029456383149 ) ) ;
#4360 = DIRECTION ( 'NONE',  ( -0.000000000000000000, 1.000000000000000000, -0.000000000000000000 ) ) ;
#4361 = CIRCLE ( 'NONE', #891, 32.00000000000000000 ) ;
#4362 =( NAMED_UNIT ( * ) PLANE_ANGLE_UNIT ( ) SI_UNIT ( $, .RADIAN. ) );
#4363 = SURFACE_STYLE_FILL_AREA ( #989 ) ;
#4364 = FILL_AREA_STYLE_COLOUR ( '', #9517 ) ;
#4365 = ORIENTED_EDGE ( 'NONE', *, *, #6273, .T. ) ;
#4366 = ORIENTED_EDGE ( 'NONE', *, *, #1080, .T. ) ;
#4367 = CARTESIAN_POINT ( 'NONE',  ( -5.108237577175419375, 6.309836766224354854, 12.34772702080037732 ) ) ;
#4368 = SURFACE_STYLE_FILL_AREA ( #877 ) ;
#4369 = CARTESIAN_POINT ( 'NONE',  ( 10.40793606078350919, 6.064326197966798837, -8.029750628565428983 ) ) ;
#4370 = ORIENTED_EDGE ( 'NONE', *, *, #4549, .T. ) ;
#4371 = ORIENTED_EDGE ( 'NONE', *, *, #821, .T. ) ;
#4372 = DIRECTION ( 'NONE',  ( -0.000000000000000000, 1.000000000000000000, -0.000000000000000000 ) ) ;
#4373 = SURFACE_STYLE_FILL_AREA ( #8585 ) ;
#4374 = FACE_OUTER_BOUND ( 'NONE', #1876, .T. ) ;
#4375 =( NAMED_UNIT ( * ) SI_UNIT ( $, .STERADIAN. ) SOLID_ANGLE_UNIT ( ) );
#4376 = VECTOR ( 'NONE', #1185, 1000.000000000000000 ) ;
#4377 = CARTESIAN_POINT ( 'NONE',  ( -8.673617379884035472E-16, -4.000000000000000000, -6.928203230275510549 ) ) ;
#4378 = EDGE_CURVE ( 'NONE', #7806, #8154, #1379, .T. ) ;
#4379 = CARTESIAN_POINT ( 'NONE',  ( -22.62741699796960404, -13.15000000000000213, -22.62741699796943351 ) ) ;
#4380 = LINE ( 'NONE', #1002, #1890 ) ;
#4381 = ORIENTED_EDGE ( 'NONE', *, *, #11094, .F. ) ;
#4382 =( GEOMETRIC_REPRESENTATION_CONTEXT ( 3 ) GLOBAL_UNCERTAINTY_ASSIGNED_CONTEXT ( ( #4674 ) ) GLOBAL_UNIT_ASSIGNED_CONTEXT ( ( #2935, #5547, #6327 ) ) REPRESENTATION_CONTEXT ( 'NONE', 'WORKASPACE' ) );
#4383 = SURFACE_STYLE_FILL_AREA ( #896 ) ;
#4384 = MECHANICAL_DESIGN_GEOMETRIC_PRESENTATION_REPRESENTATION (  '', ( #1650 ), #4750 ) ;
#4385 = DIRECTION ( 'NONE',  ( 0.000000000000000000, -0.000000000000000000, 1.000000000000000000 ) ) ;
#4386 = LINE ( 'NONE', #3511, #431 ) ;
#4387 = ORIENTED_EDGE ( 'NONE', *, *, #2054, .F. ) ;
#4388 = PRESENTATION_LAYER_ASSIGNMENT (  '', '', ( #733 ) ) ;
#4389 = LINE ( 'NONE', #1010, #984 ) ;
#4390 = CARTESIAN_POINT ( 'NONE',  ( -7.476469699371456556, 7.204220786794476972, -9.449625380560876309 ) ) ;
#4391 = CARTESIAN_POINT ( 'NONE',  ( -2.763985268843901277, 0.000000000000000000, 8.287362917009566843 ) ) ;
#4392 = EDGE_CURVE ( 'NONE', #967, #5255, #6102, .T. ) ;
#4393 = CARTESIAN_POINT ( 'NONE',  ( 6.005533679434344130, 0.2178369010166510411, -6.901889459346329581 ) ) ;
#4394 = COLOUR_RGB ( '',0.1529411764705882470, 0.4901960784313725283, 1.000000000000000000 ) ;
#4395 = ORIENTED_EDGE ( 'NONE', *, *, #9995, .T. ) ;
#4396 = CIRCLE ( 'NONE', #2198, 0.2499999999999967526 ) ;
#4397 = CARTESIAN_POINT ( 'NONE',  ( 11.87644895387785660, 10.49999999999999822, -8.877596942701881488 ) ) ;
#4398 = ORIENTED_EDGE ( 'NONE', *, *, #4628, .T. ) ;
#4399 = COLOUR_RGB ( '',0.1529411764705882470, 0.4901960784313725283, 1.000000000000000000 ) ;
#4400 = DIRECTION ( 'NONE',  ( -0.000000000000000000, 1.000000000000000000, -0.000000000000000000 ) ) ;
#4401 = CARTESIAN_POINT ( 'NONE',  ( 14.11433500393773777, 10.30006695603317191, -1.750000000000410560 ) ) ;
#4402 =( NAMED_UNIT ( * ) SI_UNIT ( $, .STERADIAN. ) SOLID_ANGLE_UNIT ( ) );
#4403 =( GEOMETRIC_REPRESENTATION_CONTEXT ( 3 ) GLOBAL_UNCERTAINTY_ASSIGNED_CONTEXT ( ( #11017 ) ) GLOBAL_UNIT_ASSIGNED_CONTEXT ( ( #5033, #6722, #11019 ) ) REPRESENTATION_CONTEXT ( 'NONE', 'WORKASPACE' ) );
#4404 = AXIS2_PLACEMENT_3D ( 'NONE', #4125, #3235, #8389 ) ;
#4405 = EDGE_CURVE ( 'NONE', #3830, #8823, #5745, .T. ) ;
#4406 = ORIENTED_EDGE ( 'NONE', *, *, #8979, .T. ) ;
#4407 = CARTESIAN_POINT ( 'NONE',  ( 12.63115847475061670, 6.499999999999999112, -18.37780823672223107 ) ) ;
#4408 = ADVANCED_FACE ( 'NONE', ( #7411 ), #447, .T. ) ;
#4409 = DIRECTION ( 'NONE',  ( -0.000000000000000000, 1.000000000000000000, -0.000000000000000000 ) ) ;
#4410 = CARTESIAN_POINT ( 'NONE',  ( 13.86093484102083551, 6.499999999999999112, -1.750000000000410783 ) ) ;
#4411 = DIRECTION ( 'NONE',  ( -1.000000000000000000, 0.000000000000000000, 3.342188435875357696E-16 ) ) ;
#4412 = MECHANICAL_DESIGN_GEOMETRIC_PRESENTATION_REPRESENTATION (  '', ( #10927 ), #214 ) ;
#4413 = ORIENTED_EDGE ( 'NONE', *, *, #8211, .T. ) ;
#4414 = CARTESIAN_POINT ( 'NONE',  ( 22.98097038856286645, -13.25000000000000178, 22.98097038856271723 ) ) ;
#4415 = SURFACE_STYLE_USAGE ( .BOTH. , #3656 ) ;
#4416 = CIRCLE ( 'NONE', #8048, 33.50000000000000000 ) ;
#4417 = CIRCLE ( 'NONE', #6588, 13.14541852518598830 ) ;
#4418 = FILL_AREA_STYLE ('',( #932 ) ) ;
#4419 = CIRCLE ( 'NONE', #9672, 8.147829831584077809 ) ;
#4420 = PLANE ( 'NONE',  #1493 ) ;
#4421 =( NAMED_UNIT ( * ) PLANE_ANGLE_UNIT ( ) SI_UNIT ( $, .RADIAN. ) );
#4422 = EDGE_CURVE ( 'NONE', #11120, #5365, #5030, .T. ) ;
#4423 = STYLED_ITEM ( 'NONE', ( #288 ), #7620 ) ;
#4424 = AXIS2_PLACEMENT_3D ( 'NONE', #3638, #2764, #272 ) ;
#4425 = CARTESIAN_POINT ( 'NONE',  ( 1.750000000000002442, 4.345528125468050007, 9.949287626662805195 ) ) ;
#4426 = CARTESIAN_POINT ( 'NONE',  ( 5.494383199411029928, 1.500000000000001332, 6.016550857632738669 ) ) ;
#4427 = ORIENTED_EDGE ( 'NONE', *, *, #7194, .T. ) ;
#4428 = ORIENTED_EDGE ( 'NONE', *, *, #9861, .F. ) ;
#4429 = FILL_AREA_STYLE_COLOUR ( '', #5387 ) ;
#4430 =( GEOMETRIC_REPRESENTATION_CONTEXT ( 3 ) GLOBAL_UNCERTAINTY_ASSIGNED_CONTEXT ( ( #8768 ) ) GLOBAL_UNIT_ASSIGNED_CONTEXT ( ( #7376, #3002, #9789 ) ) REPRESENTATION_CONTEXT ( 'NONE', 'WORKASPACE' ) );
#4431 = DIRECTION ( 'NONE',  ( 0.000000000000000000, 0.000000000000000000, 1.000000000000000000 ) ) ;
#4432 = VERTEX_POINT ( 'NONE', #2210 ) ;
#4433 = CARTESIAN_POINT ( 'NONE',  ( 0.000000000000000000, -13.25000000000000178, 28.99999999999999645 ) ) ;
#4434 = DIRECTION ( 'NONE',  ( 0.000000000000000000, 0.000000000000000000, 1.000000000000000000 ) ) ;
#4435 = DIRECTION ( 'NONE',  ( 0.000000000000000000, 0.000000000000000000, 1.000000000000000000 ) ) ;
#4436 = FILL_AREA_STYLE ('',( #7793 ) ) ;
#4437 = PRESENTATION_LAYER_ASSIGNMENT (  '', '', ( #4625 ) ) ;
#4438 = DIRECTION ( 'NONE',  ( 0.000000000000000000, 0.000000000000000000, 1.000000000000000000 ) ) ;
#4439 = DIRECTION ( 'NONE',  ( -0.8660254037844388186, 0.000000000000000000, -0.4999999999999996669 ) ) ;
#4440 = CARTESIAN_POINT ( 'NONE',  ( -6.901889459346330469, 0.2178369010166500419, 6.005533679434341465 ) ) ;
#4441 = FACE_OUTER_BOUND ( 'NONE', #996, .T. ) ;
#4442 = AXIS2_PLACEMENT_3D ( 'NONE', #8051, #1147, #4635 ) ;
#4443 = ORIENTED_EDGE ( 'NONE', *, *, #741, .F. ) ;
#4444 = CARTESIAN_POINT ( 'NONE',  ( -22.23122803625525634, -18.21991441758264685, 1.750000000000273115 ) ) ;
#4445 = COLOUR_RGB ( '',0.1529411764705882470, 0.4901960784313725283, 1.000000000000000000 ) ;
#4446 = EDGE_CURVE ( 'NONE', #9356, #8961, #8825, .T. ) ;
#4447 = CARTESIAN_POINT ( 'NONE',  ( 0.000000000000000000, -13.25000000000000178, 0.000000000000000000 ) ) ;
#4448 = CIRCLE ( 'NONE', #8449, 29.50000000000000000 ) ;
#4449 = ORIENTED_EDGE ( 'NONE', *, *, #8032, .T. ) ;
#4450 = CARTESIAN_POINT ( 'NONE',  ( 5.108237577175439803, 6.309836766224356630, -12.34772702080037377 ) ) ;
#4451 = CARTESIAN_POINT ( 'NONE',  ( 20.68287334970658264, 13.44999999999999929, 20.68287334970643698 ) ) ;
#4452 = CARTESIAN_POINT ( 'NONE',  ( 0.000000000000000000, 11.79999999999999716, 0.000000000000000000 ) ) ;
#4453 = CIRCLE ( 'NONE', #9700, 14.00218451466337655 ) ;
#4454 = UNCERTAINTY_MEASURE_WITH_UNIT (LENGTH_MEASURE( 1.000000000000000082E-05 ), #2673, 'distance_accuracy_value', 'NONE');
#4455 = FACE_BOUND ( 'NONE', #9654, .T. ) ;
#4456 = ORIENTED_EDGE ( 'NONE', *, *, #474, .F. ) ;
#4457 = ORIENTED_EDGE ( 'NONE', *, *, #1211, .T. ) ;
#4458 = EDGE_CURVE ( 'NONE', #3513, #2580, #1731, .T. ) ;
#4459 = AXIS2_PLACEMENT_3D ( 'NONE', #2592, #6940, #3618 ) ;
#4460 = CARTESIAN_POINT ( 'NONE',  ( 0.000000000000000000, 13.54999999999999893, 0.000000000000000000 ) ) ;
#4461 = CARTESIAN_POINT ( 'NONE',  ( 1.750000000000005995, 10.80000000000000071, 22.23122803625566846 ) ) ;
#4462 = SURFACE_SIDE_STYLE ('',( #5324 ) ) ;
#4463 = CARTESIAN_POINT ( 'NONE',  ( 6.901889459346336686, 0.2178369010166489039, 6.005533679434334360 ) ) ;
#4464 = ORIENTED_EDGE ( 'NONE', *, *, #9185, .T. ) ;
#4465 = AXIS2_PLACEMENT_3D ( 'NONE', #1378, #3991, #3808 ) ;
#4466 = CARTESIAN_POINT ( 'NONE',  ( 11.68254831792075343, 4.112988510714963297, 1.749999999999589884 ) ) ;
#4467 = DIRECTION ( 'NONE',  ( 2.664535259100375697E-15, 0.000000000000000000, -1.000000000000000000 ) ) ;
#4468 = ORIENTED_EDGE ( 'NONE', *, *, #7735, .T. ) ;
#4469 = DIRECTION ( 'NONE',  ( 0.000000000000000000, 0.000000000000000000, 1.000000000000000000 ) ) ;
#4470 = FACE_OUTER_BOUND ( 'NONE', #6129, .T. ) ;
#4471 = EDGE_CURVE ( 'NONE', #6665, #3912, #7744, .T. ) ;
#4472 = EDGE_CURVE ( 'NONE', #8178, #5573, #811, .T. ) ;
#4473 = FILL_AREA_STYLE_COLOUR ( '', #401 ) ;
#4474 = VECTOR ( 'NONE', #1007, 999.9999999999998863 ) ;
#4475 = SURFACE_STYLE_FILL_AREA ( #4418 ) ;
#4476 = CARTESIAN_POINT ( 'NONE',  ( 14.72410497215823533, 10.49999999999999822, -1.750000000000411005 ) ) ;
#4477 = SURFACE_STYLE_USAGE ( .BOTH. , #6929 ) ;
#4478 = ORIENTED_EDGE ( 'NONE', *, *, #159, .F. ) ;
#4479 = VECTOR ( 'NONE', #693, 1000.000000000000000 ) ;
#4480 = EDGE_LOOP ( 'NONE', ( #6869, #11072, #706, #3410 ) ) ;
#4481 = FILL_AREA_STYLE_COLOUR ( '', #8383 ) ;
#4482 = CARTESIAN_POINT ( 'NONE',  ( 1.750000000000005995, -18.21991441758264685, 22.23122803625566846 ) ) ;
#4483 = VERTEX_POINT ( 'NONE', #9885 ) ;
#4484 = ADVANCED_FACE ( 'NONE', ( #2097 ), #2804, .F. ) ;
#4485 = EDGE_CURVE ( 'NONE', #2160, #5503, #10437, .T. ) ;
#4486 = ORIENTED_EDGE ( 'NONE', *, *, #8702, .T. ) ;
#4487 = FILL_AREA_STYLE ('',( #10606 ) ) ;
#4488 = SURFACE_SIDE_STYLE ('',( #308 ) ) ;
#4489 = CARTESIAN_POINT ( 'NONE',  ( 18.37780823672225594, 10.80000000000000071, 12.63115847475059716 ) ) ;
#4490 = CARTESIAN_POINT ( 'NONE',  ( -9.600069561504810167, -18.21991441758264685, -20.12780823672236963 ) ) ;
#4491 = FILL_AREA_STYLE_COLOUR ( '', #597 ) ;
#4492 = FACE_OUTER_BOUND ( 'NONE', #8414, .T. ) ;
#4493 = DIRECTION ( 'NONE',  ( 0.000000000000000000, 0.000000000000000000, -1.000000000000000000 ) ) ;
#4494 = ORIENTED_EDGE ( 'NONE', *, *, #6404, .T. ) ;
#4495 = DIRECTION ( 'NONE',  ( 0.000000000000000000, 0.000000000000000000, -1.000000000000000000 ) ) ;
#4496 = DIRECTION ( 'NONE',  ( 0.000000000000000000, -0.000000000000000000, -1.000000000000000000 ) ) ;
#4497 = FACE_BOUND ( 'NONE', #7160, .T. ) ;
#4498 = CARTESIAN_POINT ( 'NONE',  ( 7.957677485576783560, 0.000000000000000000, 1.749999999999590328 ) ) ;
#4499 = SURFACE_STYLE_USAGE ( .BOTH. , #7062 ) ;
#4500 = MECHANICAL_DESIGN_GEOMETRIC_PRESENTATION_REPRESENTATION (  '', ( #9579 ), #10825 ) ;
#4501 = B_SPLINE_CURVE_WITH_KNOTS ( 'NONE', 3,
 ( #3305, #6924, #4081, #1515 ),
 .UNSPECIFIED., .F., .F.,
 ( 4, 4 ),
 ( 0.01077156670603594824, 0.01788226214102212747 ),
 .UNSPECIFIED. ) ;
#4502 = EDGE_CURVE ( 'NONE', #9169, #6445, #9004, .T. ) ;
#4503 = VERTEX_POINT ( 'NONE', #10334 ) ;
#4504 = CARTESIAN_POINT ( 'NONE',  ( 0.000000000000000000, 6.499999999999999112, 0.000000000000000000 ) ) ;
#4505 = FACE_OUTER_BOUND ( 'NONE', #991, .T. ) ;
#4506 = EDGE_LOOP ( 'NONE', ( #4366, #8661, #1365, #5032 ) ) ;
#4507 = CARTESIAN_POINT ( 'NONE',  ( 1.750000000000002887, 4.112980027586010223, 11.68254246699178545 ) ) ;
#4508 = PRESENTATION_STYLE_ASSIGNMENT (( #10622 ) ) ;
#4509 = STYLED_ITEM ( 'NONE', ( #5975 ), #10149 ) ;
#4510 = CARTESIAN_POINT ( 'NONE',  ( 1.749999999999998446, 10.30978705923616090, -14.11124785010225935 ) ) ;
#4511 = ORIENTED_EDGE ( 'NONE', *, *, #10899, .F. ) ;
#4512 = ORIENTED_EDGE ( 'NONE', *, *, #646, .F. ) ;
#4513 = STYLED_ITEM ( 'NONE', ( #6531 ), #10338 ) ;
#4514 = VECTOR ( 'NONE', #5386, 1000.000000000000000 ) ;
#4515 = CARTESIAN_POINT ( 'NONE',  ( -8.674632498157878691E-16, -0.2000000000000000944, -6.928203230275510549 ) ) ;
#4516 = ORIENTED_EDGE ( 'NONE', *, *, #3489, .F. ) ;
#4517 = DIRECTION ( 'NONE',  ( -0.000000000000000000, 1.000000000000000000, -0.000000000000000000 ) ) ;
#4518 = ORIENTED_EDGE ( 'NONE', *, *, #2418, .F. ) ;
#4519 = CARTESIAN_POINT ( 'NONE',  ( -1.750000000000000000, 6.499999999999999112, -13.86093484102088702 ) ) ;
#4520 = CARTESIAN_POINT ( 'NONE',  ( 0.000000000000000000, 0.000000000000000000, 0.000000000000000000 ) ) ;
#4521 = AXIS2_PLACEMENT_3D ( 'NONE', #986, #10424, #7214 ) ;
#4522 = EDGE_CURVE ( 'NONE', #10971, #6332, #10251, .T. ) ;
#4523 = VECTOR ( 'NONE', #912, 1000.000000000000000 ) ;
#4524 = CARTESIAN_POINT ( 'NONE',  ( 0.000000000000000000, 13.44999999999999929, 0.000000000000000000 ) ) ;
#4525 = DIRECTION ( 'NONE',  ( -0.000000000000000000, 1.000000000000000000, -0.000000000000000000 ) ) ;
#4526 = VERTEX_POINT ( 'NONE', #3387 ) ;
#4527 = CARTESIAN_POINT ( 'NONE',  ( 0.000000000000000000, 5.499999999999999112, 0.000000000000000000 ) ) ;
#4528 = MECHANICAL_DESIGN_GEOMETRIC_PRESENTATION_REPRESENTATION (  '', ( #9416 ), #11217 ) ;
#4529 = FILL_AREA_STYLE ('',( #294 ) ) ;
#4530 = COLOUR_RGB ( '',0.1529411764705882470, 0.4901960784313725283, 1.000000000000000000 ) ;
#4531 = CIRCLE ( 'NONE', #514, 32.50000000000000000 ) ;
#4532 =( NAMED_UNIT ( * ) SI_UNIT ( $, .STERADIAN. ) SOLID_ANGLE_UNIT ( ) );
#4533 = CARTESIAN_POINT ( 'NONE',  ( 7.957677485576613030, 1.500000000000254685, -1.750000000000372591 ) ) ;
#4534 = DIRECTION ( 'NONE',  ( 0.000000000000000000, 0.000000000000000000, -1.000000000000000000 ) ) ;
#4535 = MECHANICAL_DESIGN_GEOMETRIC_PRESENTATION_REPRESENTATION (  '', ( #8340 ), #6334 ) ;
#4536 = EDGE_CURVE ( 'NONE', #672, #379, #723, .T. ) ;
#4537 = EDGE_CURVE ( 'NONE', #1224, #8350, #4108, .T. ) ;
#4538 = CARTESIAN_POINT ( 'NONE',  ( 0.000000000000000000, -12.50000000000000000, 0.000000000000000000 ) ) ;
#4539 = VERTEX_POINT ( 'NONE', #6899 ) ;
#4540 = TOROIDAL_SURFACE ( 'NONE', #5629, 22.00000000000000000, 0.2999999999999999889 ) ;
#4541 = ORIENTED_EDGE ( 'NONE', *, *, #8357, .F. ) ;
#4542 = DIRECTION ( 'NONE',  ( -0.000000000000000000, -1.000000000000000000, -0.000000000000000000 ) ) ;
#4543 = EDGE_LOOP ( 'NONE', ( #8623, #6346, #8771, #880 ) ) ;
#4544 =( NAMED_UNIT ( * ) SI_UNIT ( $, .STERADIAN. ) SOLID_ANGLE_UNIT ( ) );
#4545 = CARTESIAN_POINT ( 'NONE',  ( -13.12171311125124440, 6.199600861750182546, 1.750000000000270006 ) ) ;
#4546 = EDGE_CURVE ( 'NONE', #9678, #3853, #7525, .T. ) ;
#4547 = CARTESIAN_POINT ( 'NONE',  ( 22.30000000000000071, 6.499999999999999112, 0.000000000000000000 ) ) ;
#4548 = DIRECTION ( 'NONE',  ( -0.000000000000000000, 1.000000000000000000, -0.000000000000000000 ) ) ;
#4549 = EDGE_CURVE ( 'NONE', #5181, #7902, #7011, .T. ) ;
#4550 = CIRCLE ( 'NONE', #1635, 0.2499999999999967526 ) ;
#4551 = ORIENTED_EDGE ( 'NONE', *, *, #274, .T. ) ;
#4552 = PRESENTATION_STYLE_ASSIGNMENT (( #1058 ) ) ;
#4553 = CARTESIAN_POINT ( 'NONE',  ( -13.89239616418563905, 10.06432619796670025, -1.749999999999729772 ) ) ;
#4554 = SURFACE_STYLE_FILL_AREA ( #9145 ) ;
#4555 = DIRECTION ( 'NONE',  ( -0.000000000000000000, -1.000000000000000000, -0.000000000000000000 ) ) ;
#4556 = FILL_AREA_STYLE_COLOUR ( '', #10992 ) ;
#4557 = VECTOR ( 'NONE', #4986, 1000.000000000000000 ) ;
#4558 = ORIENTED_EDGE ( 'NONE', *, *, #8498, .F. ) ;
#4559 = CARTESIAN_POINT ( 'NONE',  ( 0.000000000000000000, 10.49999999999999822, 0.000000000000000000 ) ) ;
#4560 = DIRECTION ( 'NONE',  ( -0.000000000000000000, -1.000000000000000000, -0.000000000000000000 ) ) ;
#4561 = DIRECTION ( 'NONE',  ( -0.000000000000000000, 1.000000000000000000, -0.000000000000000000 ) ) ;
#4562 = COLOUR_RGB ( '',0.1529411764705882470, 0.4901960784313725283, 1.000000000000000000 ) ;
#4563 = CARTESIAN_POINT ( 'NONE',  ( -20.12780823672202857, -18.21991441758264685, -9.600069561504790627 ) ) ;
#4564 = B_SPLINE_CURVE_WITH_KNOTS ( 'NONE', 3,
 ( #215, #6419, #9879, #6315 ),
 .UNSPECIFIED., .F., .F.,
 ( 4, 4 ),
 ( 0.0005292810400260017627, 0.01094890517302443862 ),
 .UNSPECIFIED. ) ;
#4565 = UNCERTAINTY_MEASURE_WITH_UNIT (LENGTH_MEASURE( 1.000000000000000082E-05 ), #9303, 'distance_accuracy_value', 'NONE');
#4566 = EDGE_CURVE ( 'NONE', #9169, #3855, #1543, .T. ) ;
#4567 = FILL_AREA_STYLE_COLOUR ( '', #5408 ) ;
#4568 = AXIS2_PLACEMENT_3D ( 'NONE', #1936, #7201, #1199 ) ;
#4569 = DIRECTION ( 'NONE',  ( 0.000000000000000000, 0.000000000000000000, -1.000000000000000000 ) ) ;
#4570 = ORIENTED_EDGE ( 'NONE', *, *, #5655, .T. ) ;
#4571 = CIRCLE ( 'NONE', #6012, 8.147829831584077809 ) ;
#4572 = EDGE_LOOP ( 'NONE', ( #11063, #4842, #4094, #10573 ) ) ;
#4573 = PRESENTATION_STYLE_ASSIGNMENT (( #5380 ) ) ;
#4574 = CARTESIAN_POINT ( 'NONE',  ( -8.076401012248233258, 6.199600861750092839, -10.48873689551498778 ) ) ;
#4575 = PRESENTATION_LAYER_ASSIGNMENT (  '', '', ( #1650 ) ) ;
#4576 = VERTEX_POINT ( 'NONE', #7750 ) ;
#4577 = DIRECTION ( 'NONE',  ( -8.881784197001252323E-15, 0.000000000000000000, -1.000000000000000000 ) ) ;
#4578 = TOROIDAL_SURFACE ( 'NONE', #8924, 14.82773641629552053, 1.000000000000000000 ) ;
#4579 = UNCERTAINTY_MEASURE_WITH_UNIT (LENGTH_MEASURE( 1.000000000000000082E-05 ), #8698, 'distance_accuracy_value', 'NONE');
#4580 =( NAMED_UNIT ( * ) SI_UNIT ( $, .STERADIAN. ) SOLID_ANGLE_UNIT ( ) );
#4581 = SURFACE_STYLE_FILL_AREA ( #1991 ) ;
#4582 = CYLINDRICAL_SURFACE ( 'NONE', #3895, 31.00000000000000000 ) ;
#4583 = ORIENTED_EDGE ( 'NONE', *, *, #9594, .F. ) ;
#4584 = DIRECTION ( 'NONE',  ( 0.000000000000000000, 0.000000000000000000, -1.000000000000000000 ) ) ;
#4585 =( NAMED_UNIT ( * ) PLANE_ANGLE_UNIT ( ) SI_UNIT ( $, .RADIAN. ) );
#4586 =( GEOMETRIC_REPRESENTATION_CONTEXT ( 3 ) GLOBAL_UNCERTAINTY_ASSIGNED_CONTEXT ( ( #5472 ) ) GLOBAL_UNIT_ASSIGNED_CONTEXT ( ( #3948, #6568, #5945 ) ) REPRESENTATION_CONTEXT ( 'NONE', 'WORKASPACE' ) );
#4587 =( GEOMETRIC_REPRESENTATION_CONTEXT ( 3 ) GLOBAL_UNCERTAINTY_ASSIGNED_CONTEXT ( ( #4105 ) ) GLOBAL_UNIT_ASSIGNED_CONTEXT ( ( #1706, #3688, #7064 ) ) REPRESENTATION_CONTEXT ( 'NONE', 'WORKASPACE' ) );
#4588 = ADVANCED_FACE ( 'NONE', ( #11138, #2336 ), #3333, .T. ) ;
#4589 = FILL_AREA_STYLE ('',( #3660 ) ) ;
#4590 = PRESENTATION_STYLE_ASSIGNMENT (( #1840 ) ) ;
#4591 = MECHANICAL_DESIGN_GEOMETRIC_PRESENTATION_REPRESENTATION (  '', ( #3455 ), #2009 ) ;
#4592 = DIRECTION ( 'NONE',  ( 0.000000000000000000, 0.000000000000000000, -1.000000000000000000 ) ) ;
#4593 = DIRECTION ( 'NONE',  ( 2.886435467346900389E-16, 0.000000000000000000, 1.000000000000000000 ) ) ;
#4594 = CIRCLE ( 'NONE', #3100, 8.000000000000000000 ) ;
#4595 = ORIENTED_EDGE ( 'NONE', *, *, #5330, .F. ) ;
#4596 = ORIENTED_EDGE ( 'NONE', *, *, #1732, .F. ) ;
#4597 = VECTOR ( 'NONE', #5700, 1000.000000000000000 ) ;
#4598 = ORIENTED_EDGE ( 'NONE', *, *, #3878, .F. ) ;
#4599 = EDGE_CURVE ( 'NONE', #7952, #1907, #10076, .T. ) ;
#4600 = VERTEX_POINT ( 'NONE', #6950 ) ;
#4601 = AXIS2_PLACEMENT_3D ( 'NONE', #9415, #10938, #3136 ) ;
#4602 = CARTESIAN_POINT ( 'NONE',  ( -8.678778600285363964, 10.42229184219406868, 11.53208548333576999 ) ) ;
#4603 = CARTESIAN_POINT ( 'NONE',  ( -9.491329577035690690, 4.345517802399210261, -3.459095744105396442 ) ) ;
#4604 = CARTESIAN_POINT ( 'NONE',  ( 0.000000000000000000, -4.000000000000000000, 0.000000000000000000 ) ) ;
#4605 = CARTESIAN_POINT ( 'NONE',  ( -1.750000000000001554, 10.06432619796670025, -13.89239616418560352 ) ) ;
#4606 = DIRECTION ( 'NONE',  ( 0.000000000000000000, 0.000000000000000000, 1.000000000000000000 ) ) ;
#4607 =( NAMED_UNIT ( * ) PLANE_ANGLE_UNIT ( ) SI_UNIT ( $, .RADIAN. ) );
#4608 = ORIENTED_EDGE ( 'NONE', *, *, #710, .F. ) ;
#4609 = DIRECTION ( 'NONE',  ( 0.000000000000000000, -1.000000000000000000, 0.000000000000000000 ) ) ;
#4610 = COLOUR_RGB ( '',0.1529411764705882470, 0.4901960784313725283, 1.000000000000000000 ) ;
#4611 =( LENGTH_UNIT ( ) NAMED_UNIT ( * ) SI_UNIT ( .MILLI., .METRE. ) );
#4612 = SURFACE_STYLE_FILL_AREA ( #311 ) ;
#4613 = ORIENTED_EDGE ( 'NONE', *, *, #3716, .F. ) ;
#4614 = PRESENTATION_STYLE_ASSIGNMENT (( #5010 ) ) ;
#4615 = EDGE_CURVE ( 'NONE', #5004, #10090, #10439, .T. ) ;
#4616 = EDGE_CURVE ( 'NONE', #10433, #3165, #5216, .T. ) ;
#4617 = CIRCLE ( 'NONE', #10942, 23.80000000000000071 ) ;
#4618 = DIRECTION ( 'NONE',  ( -0.000000000000000000, -1.000000000000000000, -0.000000000000000000 ) ) ;
#4619 = SURFACE_STYLE_USAGE ( .BOTH. , #4278 ) ;
#4620 = EDGE_LOOP ( 'NONE', ( #4967, #3611, #9936, #7021 ) ) ;
#4621 = SURFACE_STYLE_USAGE ( .BOTH. , #10783 ) ;
#4622 = DIRECTION ( 'NONE',  ( 0.000000000000000000, 0.000000000000000000, -1.000000000000000000 ) ) ;
#4623 = CIRCLE ( 'NONE', #4813, 31.00000000000000000 ) ;
#4624 = FILL_AREA_STYLE ('',( #7243 ) ) ;
#4625 = STYLED_ITEM ( 'NONE', ( #813 ), #2608 ) ;
#4626 = AXIS2_PLACEMENT_3D ( 'NONE', #6648, #4141, #11002 ) ;
#4627 = ORIENTED_EDGE ( 'NONE', *, *, #10693, .T. ) ;
#4628 = EDGE_CURVE ( 'NONE', #5069, #2738, #6845, .T. ) ;
#4629 = EDGE_CURVE ( 'NONE', #10627, #6739, #8024, .T. ) ;
#4630 = EDGE_LOOP ( 'NONE', ( #8126, #2663, #3994, #5419 ) ) ;
#4631 = PRESENTATION_LAYER_ASSIGNMENT (  '', '', ( #5531 ) ) ;
#4632 = CARTESIAN_POINT ( 'NONE',  ( -5.494383199410948215, 1.500000000000001332, -6.016550857632813276 ) ) ;
#4633 = CARTESIAN_POINT ( 'NONE',  ( 0.000000000000000000, 6.499999999999999112, 0.000000000000000000 ) ) ;
#4634 = EDGE_LOOP ( 'NONE', ( #7870, #10773, #10379, #6248, #3041 ) ) ;
#4635 = DIRECTION ( 'NONE',  ( 0.000000000000000000, 0.000000000000000000, 1.000000000000000000 ) ) ;
#4636 = PLANE ( 'NONE',  #914 ) ;
#4637 = CARTESIAN_POINT ( 'NONE',  ( 0.000000000000000000, 0.000000000000000000, 0.000000000000000000 ) ) ;
#4638 = DIRECTION ( 'NONE',  ( 0.000000000000000000, -1.000000000000000000, 0.000000000000000000 ) ) ;
#4639 =( NAMED_UNIT ( * ) PLANE_ANGLE_UNIT ( ) SI_UNIT ( $, .RADIAN. ) );
#4640 = VERTEX_POINT ( 'NONE', #9606 ) ;
#4641 = FILL_AREA_STYLE ('',( #8948 ) ) ;
#4642 = AXIS2_PLACEMENT_3D ( 'NONE', #7859, #5254, #8704 ) ;
#4643 = CARTESIAN_POINT ( 'NONE',  ( 7.957677485576613030, 1.500000000000254685, -1.750000000000372591 ) ) ;
#4644 = SURFACE_STYLE_USAGE ( .BOTH. , #2053 ) ;
#4645 = CARTESIAN_POINT ( 'NONE',  ( -12.63115847475036801, -18.21991441758264685, -18.37780823672240516 ) ) ;
#4646 = CARTESIAN_POINT ( 'NONE',  ( -1.749999999999998002, 1.499999999999999556, 7.957677485576517995 ) ) ;
#4647 = TOROIDAL_SURFACE ( 'NONE', #6095, 14.82773641629552053, 1.000000000000000000 ) ;
#4648 = CARTESIAN_POINT ( 'NONE',  ( 11.15616799762228517, 10.06432619796679617, 8.461742538715599338 ) ) ;
#4649 = DIRECTION ( 'NONE',  ( -0.8660254037844388186, 0.000000000000000000, -0.4999999999999996114 ) ) ;
#4650 = VERTEX_POINT ( 'NONE', #9711 ) ;
#4651 = EDGE_CURVE ( 'NONE', #1403, #6618, #8822, .T. ) ;
#4652 = FILL_AREA_STYLE_COLOUR ( '', #4340 ) ;
#4653 = VERTEX_POINT ( 'NONE', #3625 ) ;
#4654 = EDGE_LOOP ( 'NONE', ( #2883, #2007, #8651, #659 ) ) ;
#4655 = DIRECTION ( 'NONE',  ( -1.000000000000000000, 0.000000000000000000, 3.038353123523052989E-16 ) ) ;
#4656 = CARTESIAN_POINT ( 'NONE',  ( 0.000000000000000000, 13.54999999999999893, 0.000000000000000000 ) ) ;
#4657 = CARTESIAN_POINT ( 'NONE',  ( -1.750000000000001554, 10.49999999999999822, -14.72410497215828507 ) ) ;
#4658 = DIRECTION ( 'NONE',  ( 1.000000000000000000, 0.000000000000000000, -3.038353123523052989E-16 ) ) ;
#4659 = COLOUR_RGB ( '',0.1529411764705882470, 0.4901960784313725283, 1.000000000000000000 ) ;
#4660 = DIRECTION ( 'NONE',  ( 0.000000000000000000, 0.000000000000000000, -1.000000000000000000 ) ) ;
#4661 = CARTESIAN_POINT ( 'NONE',  ( 20.00314008079235961, 10.53235529095875656, 9.528092368119555289 ) ) ;
#4662 = EDGE_LOOP ( 'NONE', ( #8909, #7703, #1049, #9891 ) ) ;
#4663 = DIRECTION ( 'NONE',  ( -0.000000000000000000, 1.000000000000000000, -0.000000000000000000 ) ) ;
#4664 = EDGE_CURVE ( 'NONE', #9356, #6332, #7020, .T. ) ;
#4665 = DIRECTION ( 'NONE',  ( 0.000000000000000000, 0.000000000000000000, 1.000000000000000000 ) ) ;
#4666 =( LENGTH_UNIT ( ) NAMED_UNIT ( * ) SI_UNIT ( .MILLI., .METRE. ) );
#4667 = ORIENTED_EDGE ( 'NONE', *, *, #4076, .T. ) ;
#4668 = SURFACE_STYLE_FILL_AREA ( #4952 ) ;
#4669 = PRESENTATION_LAYER_ASSIGNMENT (  '', '', ( #9567 ) ) ;
#4670 = STYLED_ITEM ( 'NONE', ( #8337 ), #8752 ) ;
#4671 = ORIENTED_EDGE ( 'NONE', *, *, #1758, .T. ) ;
#4672 = SURFACE_STYLE_USAGE ( .BOTH. , #1184 ) ;
#4673 = CARTESIAN_POINT ( 'NONE',  ( -9.600069561505634397, 10.72063721833215766, 20.12780823672325425 ) ) ;
#4674 = UNCERTAINTY_MEASURE_WITH_UNIT (LENGTH_MEASURE( 1.000000000000000082E-05 ), #2935, 'distance_accuracy_value', 'NONE');
#4675 = ORIENTED_EDGE ( 'NONE', *, *, #207, .T. ) ;
#4676 = ADVANCED_FACE ( 'NONE', ( #6308 ), #7804, .F. ) ;
#4677 = STYLED_ITEM ( 'NONE', ( #1651 ), #9186 ) ;
#4678 = ADVANCED_FACE ( 'NONE', ( #3509 ), #3353, .F. ) ;
#4679 =( LENGTH_UNIT ( ) NAMED_UNIT ( * ) SI_UNIT ( .MILLI., .METRE. ) );
#4680 = ORIENTED_EDGE ( 'NONE', *, *, #8916, .T. ) ;
#4681 = DIRECTION ( 'NONE',  ( -0.000000000000000000, 1.000000000000000000, -0.000000000000000000 ) ) ;
#4682 = ORIENTED_EDGE ( 'NONE', *, *, #5667, .T. ) ;
#4683 = PRESENTATION_LAYER_ASSIGNMENT (  '', '', ( #2831 ) ) ;
#4684 =( NAMED_UNIT ( * ) PLANE_ANGLE_UNIT ( ) SI_UNIT ( $, .RADIAN. ) );
#4685 = CARTESIAN_POINT ( 'NONE',  ( -22.23122803625564359, 10.80000000000000071, 1.750000000000303091 ) ) ;
#4686 = CARTESIAN_POINT ( 'NONE',  ( 12.90616799762222655, 10.06432619796669847, 5.430653625470030832 ) ) ;
#4687 = ORIENTED_EDGE ( 'NONE', *, *, #3307, .T. ) ;
#4688 = CARTESIAN_POINT ( 'NONE',  ( 21.74353352148639118, -13.25000000000000178, -21.49353352148628460 ) ) ;
#4689 = SURFACE_STYLE_FILL_AREA ( #1204 ) ;
#4690 = UNCERTAINTY_MEASURE_WITH_UNIT (LENGTH_MEASURE( 1.000000000000000082E-05 ), #6247, 'distance_accuracy_value', 'NONE');
#4691 = ADVANCED_FACE ( 'NONE', ( #205 ), #4725, .F. ) ;
#4692 = CARTESIAN_POINT ( 'NONE',  ( 8.979978445623059358, 0.2178369010166496533, -1.750000000000409672 ) ) ;
#4693 = SURFACE_STYLE_FILL_AREA ( #2047 ) ;
#4694 = ORIENTED_EDGE ( 'NONE', *, *, #3121, .F. ) ;
#4695 =( GEOMETRIC_REPRESENTATION_CONTEXT ( 3 ) GLOBAL_UNCERTAINTY_ASSIGNED_CONTEXT ( ( #9003 ) ) GLOBAL_UNIT_ASSIGNED_CONTEXT ( ( #5856, #3974, #3915 ) ) REPRESENTATION_CONTEXT ( 'NONE', 'WORKASPACE' ) );
#4696 = CIRCLE ( 'NONE', #1226, 0.2500000000000002220 ) ;
#4697 = CARTESIAN_POINT ( 'NONE',  ( 13.89239616418555201, 10.06432619796669847, -1.750000000000410783 ) ) ;
#4698 = CARTESIAN_POINT ( 'NONE',  ( -9.583710668087139339, 10.64307090431699088, -20.09947380216735269 ) ) ;
#4699 = B_SPLINE_CURVE_WITH_KNOTS ( 'NONE', 3,
 ( #9184, #5618, #1399, #3127 ),
 .UNSPECIFIED., .F., .F.,
 ( 4, 4 ),
 ( 2.441178545178925032E-07, 0.01041986825085307322 ),
 .UNSPECIFIED. ) ;
#4700 =( NAMED_UNIT ( * ) SI_UNIT ( $, .STERADIAN. ) SOLID_ANGLE_UNIT ( ) );
#4701 = CARTESIAN_POINT ( 'NONE',  ( -8.651889459346309152, 0.2178369010166498476, -2.974444766188877320 ) ) ;
#4702 = STYLED_ITEM ( 'NONE', ( #7264 ), #9813 ) ;
#4703 = CARTESIAN_POINT ( 'NONE',  ( 5.846508029456390254, 10.49999999999999822, -13.62644895387783350 ) ) ;
#4704 = ADVANCED_FACE ( 'NONE', ( #9817 ), #653, .T. ) ;
#4705 = SURFACE_STYLE_USAGE ( .BOTH. , #9182 ) ;
#4706 = EDGE_LOOP ( 'NONE', ( #2758, #8705, #1320, #4041 ) ) ;
#4707 = PRESENTATION_LAYER_ASSIGNMENT (  '', '', ( #3604 ) ) ;
#4708 = PRESENTATION_STYLE_ASSIGNMENT (( #2124 ) ) ;
#4709 = CIRCLE ( 'NONE', #8692, 8.736131791852239203 ) ;
#4710 = PLANE ( 'NONE',  #315 ) ;
#4711 = ORIENTED_EDGE ( 'NONE', *, *, #5525, .T. ) ;
#4712 = VERTEX_POINT ( 'NONE', #3195 ) ;
#4713 = DIRECTION ( 'NONE',  ( -0.000000000000000000, 1.000000000000000000, -0.000000000000000000 ) ) ;
#4714 = CARTESIAN_POINT ( 'NONE',  ( 4.059455543377253228, 6.499999999999999112, -10.53118325219650231 ) ) ;
#4715 =( GEOMETRIC_REPRESENTATION_CONTEXT ( 3 ) GLOBAL_UNCERTAINTY_ASSIGNED_CONTEXT ( ( #572 ) ) GLOBAL_UNIT_ASSIGNED_CONTEXT ( ( #8108, #9013, #8157 ) ) REPRESENTATION_CONTEXT ( 'NONE', 'WORKASPACE' ) );
#4716 = DIRECTION ( 'NONE',  ( 0.000000000000000000, 0.000000000000000000, 1.000000000000000000 ) ) ;
#4717 = DIRECTION ( 'NONE',  ( 0.000000000000000000, 0.000000000000000000, -1.000000000000000000 ) ) ;
#4718 = FACE_OUTER_BOUND ( 'NONE', #7571, .T. ) ;
#4719 = ORIENTED_EDGE ( 'NONE', *, *, #1107, .F. ) ;
#4720 = ORIENTED_EDGE ( 'NONE', *, *, #3241, .F. ) ;
#4721 = DIRECTION ( 'NONE',  ( 0.000000000000000000, 0.000000000000000000, -1.000000000000000000 ) ) ;
#4722 = DIRECTION ( 'NONE',  ( 0.000000000000000000, 0.000000000000000000, 1.000000000000000000 ) ) ;
#4723 = VERTEX_POINT ( 'NONE', #2307 ) ;
#4724 =( GEOMETRIC_REPRESENTATION_CONTEXT ( 3 ) GLOBAL_UNCERTAINTY_ASSIGNED_CONTEXT ( ( #5819 ) ) GLOBAL_UNIT_ASSIGNED_CONTEXT ( ( #7138, #2776, #2615 ) ) REPRESENTATION_CONTEXT ( 'NONE', 'WORKASPACE' ) );
#4725 = PLANE ( 'NONE',  #6659 ) ;
#4726 = FILL_AREA_STYLE ('',( #3741 ) ) ;
#4727 = EDGE_LOOP ( 'NONE', ( #11149, #7616, #8121, #5375 ) ) ;
#4728 = EDGE_CURVE ( 'NONE', #19, #9130, #5985, .T. ) ;
#4729 = CARTESIAN_POINT ( 'NONE',  ( -8.979978445623190808, 0.2178369010166494313, -1.749999999999731326 ) ) ;
#4730 =( LENGTH_UNIT ( ) NAMED_UNIT ( * ) SI_UNIT ( .MILLI., .METRE. ) );
#4731 = LINE ( 'NONE', #8185, #8635 ) ;
#4732 = CARTESIAN_POINT ( 'NONE',  ( 9.449599181287325678, 10.49999999999999822, 19.86718589315089289 ) ) ;
#4733 = ORIENTED_EDGE ( 'NONE', *, *, #2620, .F. ) ;
#4734 = CIRCLE ( 'NONE', #7645, 22.00000000000000000 ) ;
#4735 = ORIENTED_EDGE ( 'NONE', *, *, #1606, .F. ) ;
#4736 = DIRECTION ( 'NONE',  ( -0.000000000000000000, 1.000000000000000000, -0.000000000000000000 ) ) ;
#4737 = VERTEX_POINT ( 'NONE', #5842 ) ;
#4738 = ADVANCED_FACE ( 'NONE', ( #8125 ), #2286, .T. ) ;
#4739 = FACE_OUTER_BOUND ( 'NONE', #4801, .T. ) ;
#4740 = DIRECTION ( 'NONE',  ( -0.000000000000000000, 1.000000000000000000, -0.000000000000000000 ) ) ;
#4741 = VERTEX_POINT ( 'NONE', #2913 ) ;
#4742 = CIRCLE ( 'NONE', #10883, 30.50000000000000000 ) ;
#4743 = CARTESIAN_POINT ( 'NONE',  ( 8.282718865301939459, 6.459664993593751348, -10.84608989951216884 ) ) ;
#4744 = CARTESIAN_POINT ( 'NONE',  ( -18.37780823672224173, 10.80000000000000071, 12.63115847475061315 ) ) ;
#4745 = DIRECTION ( 'NONE',  ( -0.000000000000000000, 1.000000000000000000, -0.000000000000000000 ) ) ;
#4746 = DIRECTION ( 'NONE',  ( 0.000000000000000000, 0.000000000000000000, -1.000000000000000000 ) ) ;
#4747 = VERTEX_POINT ( 'NONE', #9530 ) ;
#4748 = CARTESIAN_POINT ( 'NONE',  ( -6.016550857632740446, -18.21991441758264685, 5.494383199411028151 ) ) ;
#4749 = CARTESIAN_POINT ( 'NONE',  ( 8.029750628565428983, 6.064326197966698473, -10.40793606078342570 ) ) ;
#4750 =( GEOMETRIC_REPRESENTATION_CONTEXT ( 3 ) GLOBAL_UNCERTAINTY_ASSIGNED_CONTEXT ( ( #11145 ) ) GLOBAL_UNIT_ASSIGNED_CONTEXT ( ( #2437, #4201, #4375 ) ) REPRESENTATION_CONTEXT ( 'NONE', 'WORKASPACE' ) );
#4751 = EDGE_CURVE ( 'NONE', #6665, #4144, #700, .T. ) ;
#4752 = EDGE_CURVE ( 'NONE', #7625, #10090, #10836, .T. ) ;
#4753 = CARTESIAN_POINT ( 'NONE',  ( -1.749999999999996669, 10.06432619796669847, 13.89239616418560352 ) ) ;
#4754 = COLOUR_RGB ( '',0.1529411764705882470, 0.4901960784313725283, 1.000000000000000000 ) ;
#4755 =( NAMED_UNIT ( * ) SI_UNIT ( $, .STERADIAN. ) SOLID_ANGLE_UNIT ( ) );
#4756 = MECHANICAL_DESIGN_GEOMETRIC_PRESENTATION_REPRESENTATION (  '', ( #1104 ), #9106 ) ;
#4757 = ORIENTED_EDGE ( 'NONE', *, *, #4485, .F. ) ;
#4758 = CARTESIAN_POINT ( 'NONE',  ( -20.09938848451926319, 10.64289375798497517, -9.583661409920221530 ) ) ;
#4759 =( NAMED_UNIT ( * ) SI_UNIT ( $, .STERADIAN. ) SOLID_ANGLE_UNIT ( ) );
#4760 = PRESENTATION_LAYER_ASSIGNMENT (  '', '', ( #3658 ) ) ;
#4761 = AXIS2_PLACEMENT_3D ( 'NONE', #9457, #3467, #6968 ) ;
#4762 = CARTESIAN_POINT ( 'NONE',  ( 20.68287334970658264, 13.54999999999999893, 20.68287334970643698 ) ) ;
#4763 = ORIENTED_EDGE ( 'NONE', *, *, #3270, .F. ) ;
#4764 = ORIENTED_EDGE ( 'NONE', *, *, #273, .T. ) ;
#4765 = EDGE_CURVE ( 'NONE', #899, #5654, #1574, .T. ) ;
#4766 = FACE_OUTER_BOUND ( 'NONE', #1081, .T. ) ;
#4767 = AXIS2_PLACEMENT_3D ( 'NONE', #10077, #7380, #10013 ) ;
#4768 = SURFACE_SIDE_STYLE ('',( #6585 ) ) ;
#4769 = AXIS2_PLACEMENT_3D ( 'NONE', #9066, #2233, #6686 ) ;
#4770 = PRESENTATION_STYLE_ASSIGNMENT (( #3967 ) ) ;
#4771 = CARTESIAN_POINT ( 'NONE',  ( 0.000000000000000000, 10.49999999999999822, 0.000000000000000000 ) ) ;
#4772 = LINE ( 'NONE', #10144, #8955 ) ;
#4773 = DIRECTION ( 'NONE',  ( 0.000000000000000000, 0.000000000000000000, 1.000000000000000000 ) ) ;
#4774 = CARTESIAN_POINT ( 'NONE',  ( 0.000000000000000000, -18.21991441758264685, 0.000000000000000000 ) ) ;
#4775 = EDGE_LOOP ( 'NONE', ( #4925, #4959, #10254, #5563, #4849, #7842, #7789, #1046, #9394, #5121, #2772 ) ) ;
#4776 = ORIENTED_EDGE ( 'NONE', *, *, #8079, .T. ) ;
#4777 = VECTOR ( 'NONE', #8767, 1000.000000000000000 ) ;
#4778 = DIRECTION ( 'NONE',  ( 0.000000000000000000, -1.000000000000000000, 0.000000000000000000 ) ) ;
#4779 = COLOUR_RGB ( '',0.1529411764705882470, 0.4901960784313725283, 1.000000000000000000 ) ;
#4780 = EDGE_LOOP ( 'NONE', ( #625, #2802, #8645, #554 ) ) ;
#4781 = CIRCLE ( 'NONE', #9485, 32.00000000000000000 ) ;
#4782 = VERTEX_POINT ( 'NONE', #1683 ) ;
#4783 = ORIENTED_EDGE ( 'NONE', *, *, #9680, .T. ) ;
#4784 = SURFACE_SIDE_STYLE ('',( #1474 ) ) ;
#4785 = CARTESIAN_POINT ( 'NONE',  ( -22.62741699796960404, -13.25000000000000178, -22.62741699796943351 ) ) ;
#4786 = CARTESIAN_POINT ( 'NONE',  ( 7.957677485576613030, -18.21991441758264685, -1.750000000000372591 ) ) ;
#4787 = SURFACE_STYLE_USAGE ( .BOTH. , #10844 ) ;
#4788 = CARTESIAN_POINT ( 'NONE',  ( -20.50609665440991947, -13.25000000000000178, 20.50609665440983420 ) ) ;
#4789 = DIRECTION ( 'NONE',  ( -0.000000000000000000, -1.000000000000000000, -0.000000000000000000 ) ) ;
#4790 = UNCERTAINTY_MEASURE_WITH_UNIT (LENGTH_MEASURE( 1.000000000000000082E-05 ), #5015, 'distance_accuracy_value', 'NONE');
#4791 = ORIENTED_EDGE ( 'NONE', *, *, #8014, .T. ) ;
#4792 = CIRCLE ( 'NONE', #1134, 32.00000000000000000 ) ;
#4793 = DIRECTION ( 'NONE',  ( 0.000000000000000000, 0.000000000000000000, 1.000000000000000000 ) ) ;
#4794 = EDGE_CURVE ( 'NONE', #3644, #6557, #808, .T. ) ;
#4795 = AXIS2_PLACEMENT_3D ( 'NONE', #6741, #6563, #10180 ) ;
#4796 = ORIENTED_EDGE ( 'NONE', *, *, #1778, .F. ) ;
#4797 = CARTESIAN_POINT ( 'NONE',  ( 0.000000000000000000, 6.499999999999999112, 0.000000000000000000 ) ) ;
#4798 = VERTEX_POINT ( 'NONE', #7730 ) ;
#4799 = DIRECTION ( 'NONE',  ( -0.000000000000000000, -1.000000000000000000, -0.000000000000000000 ) ) ;
#4800 = FACE_OUTER_BOUND ( 'NONE', #3200, .T. ) ;
#4801 = EDGE_LOOP ( 'NONE', ( #7274, #9729, #6885, #944 ) ) ;
#4802 =( GEOMETRIC_REPRESENTATION_CONTEXT ( 3 ) GLOBAL_UNCERTAINTY_ASSIGNED_CONTEXT ( ( #9447 ) ) GLOBAL_UNIT_ASSIGNED_CONTEXT ( ( #6511, #8162, #6342 ) ) REPRESENTATION_CONTEXT ( 'NONE', 'WORKASPACE' ) );
#4803 = DIRECTION ( 'NONE',  ( 0.000000000000000000, 0.000000000000000000, -1.000000000000000000 ) ) ;
#4804 = UNCERTAINTY_MEASURE_WITH_UNIT (LENGTH_MEASURE( 1.000000000000000082E-05 ), #11141, 'distance_accuracy_value', 'NONE');
#4805 =( NAMED_UNIT ( * ) PLANE_ANGLE_UNIT ( ) SI_UNIT ( $, .RADIAN. ) );
#4806 = CARTESIAN_POINT ( 'NONE',  ( 22.23122803625593491, -18.21991441758264685, -1.750000000000412559 ) ) ;
#4807 = CIRCLE ( 'NONE', #11139, 8.736131791852239203 ) ;
#4808 = EDGE_LOOP ( 'NONE', ( #8727, #146, #8921, #9990 ) ) ;
#4809 = ADVANCED_FACE ( 'NONE', ( #9476 ), #5070, .T. ) ;
#4810 = CARTESIAN_POINT ( 'NONE',  ( -1.749999999999997780, 0.2178369010166490427, 8.979978445623141070 ) ) ;
#4811 = CARTESIAN_POINT ( 'NONE',  ( 11.59382354335172671, 10.45964560473159111, -8.714423085854788198 ) ) ;
#4812 = PRESENTATION_STYLE_ASSIGNMENT (( #3886 ) ) ;
#4813 = AXIS2_PLACEMENT_3D ( 'NONE', #769, #6017, #2380 ) ;
#4814 =( GEOMETRIC_REPRESENTATION_CONTEXT ( 3 ) GLOBAL_UNCERTAINTY_ASSIGNED_CONTEXT ( ( #4454 ) ) GLOBAL_UNIT_ASSIGNED_CONTEXT ( ( #2673, #54, #6920 ) ) REPRESENTATION_CONTEXT ( 'NONE', 'WORKASPACE' ) );
#4815 = CARTESIAN_POINT ( 'NONE',  ( 0.000000000000000000, -13.25000000000000178, 0.000000000000000000 ) ) ;
#4816 = SURFACE_SIDE_STYLE ('',( #10007 ) ) ;
#4817 =( NAMED_UNIT ( * ) SI_UNIT ( $, .STERADIAN. ) SOLID_ANGLE_UNIT ( ) );
#4818 = CARTESIAN_POINT ( 'NONE',  ( 0.000000000000000000, 0.000000000000000000, 0.000000000000000000 ) ) ;
#4819 = CIRCLE ( 'NONE', #2947, 8.147829831584077809 ) ;
#4820 = CARTESIAN_POINT ( 'NONE',  ( 9.600069561505089055, 6.499999999999999112, -20.12780823672223818 ) ) ;
#4821 = CARTESIAN_POINT ( 'NONE',  ( 0.000000000000000000, -12.50000000000000000, 26.00000000000000355 ) ) ;
#4822 = CIRCLE ( 'NONE', #1540, 0.2500000000000002220 ) ;
#4823 = DIRECTION ( 'NONE',  ( 0.000000000000000000, -1.000000000000000000, 0.000000000000000000 ) ) ;
#4824 = LINE ( 'NONE', #8957, #7184 ) ;
#4825 =( GEOMETRIC_REPRESENTATION_CONTEXT ( 3 ) GLOBAL_UNCERTAINTY_ASSIGNED_CONTEXT ( ( #2711 ) ) GLOBAL_UNIT_ASSIGNED_CONTEXT ( ( #5583, #8303, #491 ) ) REPRESENTATION_CONTEXT ( 'NONE', 'WORKASPACE' ) );
#4826 = ORIENTED_EDGE ( 'NONE', *, *, #5809, .T. ) ;
#4827 = EDGE_CURVE ( 'NONE', #4737, #11194, #6824, .T. ) ;
#4828 = EDGE_CURVE ( 'NONE', #7676, #9886, #8632, .T. ) ;
#4829 = CARTESIAN_POINT ( 'NONE',  ( -18.37780823672210317, 10.80000000000000071, -12.63115847475081388 ) ) ;
#4830 =( NAMED_UNIT ( * ) PLANE_ANGLE_UNIT ( ) SI_UNIT ( $, .RADIAN. ) );
#4831 = ORIENTED_EDGE ( 'NONE', *, *, #4299, .T. ) ;
#4832 = ORIENTED_EDGE ( 'NONE', *, *, #2290, .F. ) ;
#4833 = AXIS2_PLACEMENT_3D ( 'NONE', #2091, #9980, #2202 ) ;
#4834 = SURFACE_STYLE_FILL_AREA ( #4953 ) ;
#4835 = PRESENTATION_STYLE_ASSIGNMENT (( #6646 ) ) ;
#4836 = DIRECTION ( 'NONE',  ( -0.000000000000000000, 1.000000000000000000, -0.000000000000000000 ) ) ;
#4837 = CARTESIAN_POINT ( 'NONE',  ( 18.37780823672327912, 10.72063721833215588, -12.63115847475113718 ) ) ;
#4838 = FILL_AREA_STYLE_COLOUR ( '', #5185 ) ;
#4839 = ORIENTED_EDGE ( 'NONE', *, *, #3617, .F. ) ;
#4840 = SURFACE_STYLE_FILL_AREA ( #2188 ) ;
#4841 = ADVANCED_FACE ( 'NONE', ( #9641 ), #2637, .F. ) ;
#4842 = ORIENTED_EDGE ( 'NONE', *, *, #3464, .F. ) ;
#4843 = ADVANCED_FACE ( 'NONE', ( #10701 ), #7384, .F. ) ;
#4844 = CARTESIAN_POINT ( 'NONE',  ( 0.000000000000000000, -13.15000000000000213, 0.000000000000000000 ) ) ;
#4845 = CARTESIAN_POINT ( 'NONE',  ( 12.15793606078349320, 6.064326197966796173, 4.998661715319911991 ) ) ;
#4846 = ORIENTED_EDGE ( 'NONE', *, *, #1808, .F. ) ;
#4847 = ORIENTED_EDGE ( 'NONE', *, *, #6004, .T. ) ;
#4848 = DIRECTION ( 'NONE',  ( -0.000000000000000000, 1.000000000000000000, -0.000000000000000000 ) ) ;
#4849 = ORIENTED_EDGE ( 'NONE', *, *, #8486, .F. ) ;
#4850 = DIRECTION ( 'NONE',  ( 0.000000000000000000, -0.000000000000000000, -1.000000000000000000 ) ) ;
#4851 = DIRECTION ( 'NONE',  ( -0.000000000000000000, 1.000000000000000000, -0.000000000000000000 ) ) ;
#4852 = AXIS2_PLACEMENT_3D ( 'NONE', #10138, #7288, #5579 ) ;
#4853 = AXIS2_PLACEMENT_3D ( 'NONE', #7092, #10530, #10428 ) ;
#4854 =( NAMED_UNIT ( * ) SI_UNIT ( $, .STERADIAN. ) SOLID_ANGLE_UNIT ( ) );
#4855 = FILL_AREA_STYLE_COLOUR ( '', #10532 ) ;
#4856 = SURFACE_SIDE_STYLE ('',( #7081 ) ) ;
#4857 = CARTESIAN_POINT ( 'NONE',  ( -12.99311863960185143, 10.19249530351371469, -5.480854602023182309 ) ) ;
#4858 = DIRECTION ( 'NONE',  ( 0.000000000000000000, 0.000000000000000000, 1.000000000000000000 ) ) ;
#4859 = ORIENTED_EDGE ( 'NONE', *, *, #5706, .T. ) ;
#4860 = FILL_AREA_STYLE_COLOUR ( '', #5342 ) ;
#4861 = CARTESIAN_POINT ( 'NONE',  ( 0.000000000000000000, 9.499999999999998224, 0.000000000000000000 ) ) ;
#4862 = EDGE_CURVE ( 'NONE', #763, #267, #3360, .T. ) ;
#4863 = DIRECTION ( 'NONE',  ( 0.000000000000000000, 0.000000000000000000, 1.000000000000000000 ) ) ;
#4864 = CIRCLE ( 'NONE', #9375, 8.147829831584077809 ) ;
#4865 =( GEOMETRIC_REPRESENTATION_CONTEXT ( 3 ) GLOBAL_UNCERTAINTY_ASSIGNED_CONTEXT ( ( #3153 ) ) GLOBAL_UNIT_ASSIGNED_CONTEXT ( ( #1564, #5780, #7602 ) ) REPRESENTATION_CONTEXT ( 'NONE', 'WORKASPACE' ) );
#4866 = VERTEX_POINT ( 'NONE', #4829 ) ;
#4867 = CARTESIAN_POINT ( 'NONE',  ( 0.000000000000000000, 1.500000000000000000, 0.000000000000000000 ) ) ;
#4868 = CARTESIAN_POINT ( 'NONE',  ( 21.56675682618977419, -13.15000000000000213, 21.56675682618962142 ) ) ;
#4869 = CARTESIAN_POINT ( 'NONE',  ( 13.02841234388512071, 6.064326197966515508, -1.750000000000410560 ) ) ;
#4870 = ORIENTED_EDGE ( 'NONE', *, *, #4628, .F. ) ;
#4871 = CARTESIAN_POINT ( 'NONE',  ( 0.000000000000000000, 0.5000000000000000000, 0.000000000000000000 ) ) ;
#4872 = CARTESIAN_POINT ( 'NONE',  ( 1.750000000000003331, 6.422318986420082254, 13.46299277763320745 ) ) ;
#4873 = VERTEX_POINT ( 'NONE', #4891 ) ;
#4874 = AXIS2_PLACEMENT_3D ( 'NONE', #3535, #3416, #6919 ) ;
#4875 = SURFACE_SIDE_STYLE ('',( #9999 ) ) ;
#4876 = DIRECTION ( 'NONE',  ( -0.000000000000000000, 1.000000000000000000, -0.000000000000000000 ) ) ;
#4877 = ORIENTED_EDGE ( 'NONE', *, *, #7844, .T. ) ;
#4878 =( LENGTH_UNIT ( ) NAMED_UNIT ( * ) SI_UNIT ( .MILLI., .METRE. ) );
#4879 = CARTESIAN_POINT ( 'NONE',  ( 0.000000000000000000, 13.54999999999999893, 0.000000000000000000 ) ) ;
#4880 = MECHANICAL_DESIGN_GEOMETRIC_PRESENTATION_REPRESENTATION (  '', ( #3753 ), #2115 ) ;
#4881 = DIRECTION ( 'NONE',  ( 0.000000000000000000, 0.000000000000000000, 1.000000000000000000 ) ) ;
#4882 = CARTESIAN_POINT ( 'NONE',  ( 8.287362917009572172, 0.000000000000000000, -2.763985268843885734 ) ) ;
#4883 = DIRECTION ( 'NONE',  ( 0.000000000000000000, 0.000000000000000000, -1.000000000000000000 ) ) ;
#4884 = ADVANCED_FACE ( 'NONE', ( #2063 ), #6456, .F. ) ;
#4885 = CARTESIAN_POINT ( 'NONE',  ( 20.85965004500321740, 13.54999999999999893, 20.85965004500308595 ) ) ;
#4886 = MECHANICAL_DESIGN_GEOMETRIC_PRESENTATION_REPRESENTATION (  '', ( #1764 ), #1943 ) ;
#4887 = CARTESIAN_POINT ( 'NONE',  ( 20.12780823672224884, 6.499999999999999112, 9.600069561505058857 ) ) ;
#4888 = ORIENTED_EDGE ( 'NONE', *, *, #1018, .F. ) ;
#4889 = DIRECTION ( 'NONE',  ( -0.000000000000000000, -1.000000000000000000, -0.000000000000000000 ) ) ;
#4890 = CARTESIAN_POINT ( 'NONE',  ( 0.000000000000000000, 1.499999999999999556, 0.000000000000000000 ) ) ;
#4891 = CARTESIAN_POINT ( 'NONE',  ( 0.000000000000000000, 13.44999999999999929, -30.99999999999999645 ) ) ;
#4892 = CARTESIAN_POINT ( 'NONE',  ( 22.80419369326621393, 13.54999999999999893, -22.80419369326610379 ) ) ;
#4893 = CIRCLE ( 'NONE', #7425, 0.2500000000000002220 ) ;
#4894 = PRESENTATION_LAYER_ASSIGNMENT (  '', '', ( #9758 ) ) ;
#4895 = CARTESIAN_POINT ( 'NONE',  ( 10.40793606078343458, 6.064326197966698473, 8.029750628565414772 ) ) ;
#4896 = ADVANCED_FACE ( 'NONE', ( #1220 ), #4243, .T. ) ;
#4897 = EDGE_CURVE ( 'NONE', #9007, #6427, #4501, .T. ) ;
#4898 = CARTESIAN_POINT ( 'NONE',  ( 13.55535217220783295, 10.49999999999999822, -5.805460283420639911 ) ) ;
#4899 = CARTESIAN_POINT ( 'NONE',  ( 0.000000000000000000, -13.15000000000000213, 0.000000000000000000 ) ) ;
#4900 = CARTESIAN_POINT ( 'NONE',  ( 0.000000000000000000, -13.15000000000000213, 28.99999999999999645 ) ) ;
#4901 = ORIENTED_EDGE ( 'NONE', *, *, #10953, .T. ) ;
#4902 =( GEOMETRIC_REPRESENTATION_CONTEXT ( 3 ) GLOBAL_UNCERTAINTY_ASSIGNED_CONTEXT ( ( #6620 ) ) GLOBAL_UNIT_ASSIGNED_CONTEXT ( ( #10650, #7330, #10703 ) ) REPRESENTATION_CONTEXT ( 'NONE', 'WORKASPACE' ) );
#4903 = AXIS2_PLACEMENT_3D ( 'NONE', #9344, #5886, #3232 ) ;
#4904 = VERTEX_POINT ( 'NONE', #10250 ) ;
#4905 = CYLINDRICAL_SURFACE ( 'NONE', #9305, 29.50000000000000000 ) ;
#4906 = CARTESIAN_POINT ( 'NONE',  ( 9.825101441731309393, 2.163045022804032769, -3.651799020035233045 ) ) ;
#4907 = ORIENTED_EDGE ( 'NONE', *, *, #5303, .T. ) ;
#4908 = AXIS2_PLACEMENT_3D ( 'NONE', #489, #5192, #1692 ) ;
#4909 = ORIENTED_EDGE ( 'NONE', *, *, #7562, .F. ) ;
#4910 = CARTESIAN_POINT ( 'NONE',  ( 0.000000000000000000, 13.44999999999999929, -28.99999999999999645 ) ) ;
#4911 = VERTEX_POINT ( 'NONE', #11102 ) ;
#4912 = FILL_AREA_STYLE ('',( #9204 ) ) ;
#4913 = AXIS2_PLACEMENT_3D ( 'NONE', #5444, #4360, #8792 ) ;
#4914 = EDGE_CURVE ( 'NONE', #1165, #1304, #11001, .T. ) ;
#4915 = MECHANICAL_DESIGN_GEOMETRIC_PRESENTATION_REPRESENTATION (  '', ( #2317 ), #7983 ) ;
#4916 = EDGE_CURVE ( 'NONE', #69, #5947, #4864, .T. ) ;
#4917 =( NAMED_UNIT ( * ) SI_UNIT ( $, .STERADIAN. ) SOLID_ANGLE_UNIT ( ) );
#4918 = DIRECTION ( 'NONE',  ( -1.224646799147349509E-16, 0.000000000000000000, -1.000000000000000000 ) ) ;
#4919 = CARTESIAN_POINT ( 'NONE',  ( 6.901889459346347344, 0.2178369010166496533, -6.005533679434321037 ) ) ;
#4920 = UNCERTAINTY_MEASURE_WITH_UNIT (LENGTH_MEASURE( 1.000000000000000082E-05 ), #1356, 'distance_accuracy_value', 'NONE');
#4921 = ORIENTED_EDGE ( 'NONE', *, *, #1743, .T. ) ;
#4922 = DIRECTION ( 'NONE',  ( 0.000000000000000000, 0.000000000000000000, -1.000000000000000000 ) ) ;
#4923 = CIRCLE ( 'NONE', #11056, 22.00000000000000000 ) ;
#4924 = FACE_OUTER_BOUND ( 'NONE', #4808, .T. ) ;
#4925 = ORIENTED_EDGE ( 'NONE', *, *, #3307, .F. ) ;
#4926 = VERTEX_POINT ( 'NONE', #6872 ) ;
#4927 = CARTESIAN_POINT ( 'NONE',  ( 6.005533679434341465, 0.2178369010166498476, 6.901889459346330469 ) ) ;
#4928 = CARTESIAN_POINT ( 'NONE',  ( 19.86718589315092132, 10.49999999999999822, -9.449599181287272387 ) ) ;
#4929 = ADVANCED_FACE ( 'NONE', ( #7717 ), #2568, .T. ) ;
#4930 = UNCERTAINTY_MEASURE_WITH_UNIT (LENGTH_MEASURE( 1.000000000000000082E-05 ), #4347, 'distance_accuracy_value', 'NONE');
#4931 = FACE_OUTER_BOUND ( 'NONE', #7065, .T. ) ;
#4932 = DIRECTION ( 'NONE',  ( -0.000000000000000000, -1.000000000000000000, -0.000000000000000000 ) ) ;
#4933 = CARTESIAN_POINT ( 'NONE',  ( -21.74353352148641250, -13.25000000000000178, -21.49353352148625618 ) ) ;
#4934 = ORIENTED_EDGE ( 'NONE', *, *, #6793, .F. ) ;
#4935 = VECTOR ( 'NONE', #6322, 1000.000000000000000 ) ;
#4936 = CARTESIAN_POINT ( 'NONE',  ( -20.68287334970656133, 13.54999999999999893, 20.68287334970646896 ) ) ;
#4937 = LINE ( 'NONE', #8385, #9764 ) ;
#4938 = ORIENTED_EDGE ( 'NONE', *, *, #297, .F. ) ;
#4939 = CARTESIAN_POINT ( 'NONE',  ( 0.000000000000000000, 0.2178369010166492092, 0.000000000000000000 ) ) ;
#4940 = CARTESIAN_POINT ( 'NONE',  ( 0.000000000000000000, 6.499999999999999112, 0.000000000000000000 ) ) ;
#4941 = FILL_AREA_STYLE_COLOUR ( '', #1256 ) ;
#4942 = FILL_AREA_STYLE ('',( #5944 ) ) ;
#4943 = STYLED_ITEM ( 'NONE', ( #6953 ), #853 ) ;
#4944 = CARTESIAN_POINT ( 'NONE',  ( 8.979978445623219230, 0.2178369010166504027, 1.749999999999590106 ) ) ;
#4945 = MECHANICAL_DESIGN_GEOMETRIC_PRESENTATION_REPRESENTATION (  '', ( #8374 ), #4382 ) ;
#4946 = DIRECTION ( 'NONE',  ( 0.000000000000000000, 0.000000000000000000, 1.000000000000000000 ) ) ;
#4947 = CARTESIAN_POINT ( 'NONE',  ( 0.000000000000000000, -13.25000000000000178, 32.50000000000000000 ) ) ;
#4948 = ORIENTED_EDGE ( 'NONE', *, *, #5737, .T. ) ;
#4949 = CARTESIAN_POINT ( 'NONE',  ( 22.30000000000000071, 6.499999999999999112, 0.000000000000000000 ) ) ;
#4950 = ADVANCED_FACE ( 'NONE', ( #10307 ), #5007, .F. ) ;
#4951 = CARTESIAN_POINT ( 'NONE',  ( -1.749999999999998002, 1.499999999999999556, 7.957677485576517995 ) ) ;
#4952 = FILL_AREA_STYLE ('',( #9031 ) ) ;
#4953 = FILL_AREA_STYLE ('',( #1227 ) ) ;
#4954 =( NAMED_UNIT ( * ) SI_UNIT ( $, .STERADIAN. ) SOLID_ANGLE_UNIT ( ) );
#4955 = CARTESIAN_POINT ( 'NONE',  ( 21.56675682618975642, 13.54999999999999893, -21.56675682618964274 ) ) ;
#4956 = FILL_AREA_STYLE_COLOUR ( '', #1334 ) ;
#4957 = CARTESIAN_POINT ( 'NONE',  ( 18.18590994956045037, 10.49999999999999822, -12.52036594700065386 ) ) ;
#4958 = CARTESIAN_POINT ( 'NONE',  ( -20.12780823672224173, 10.80000000000000071, 9.600069561505080173 ) ) ;
#4959 = ORIENTED_EDGE ( 'NONE', *, *, #10431, .T. ) ;
#4960 = SURFACE_STYLE_USAGE ( .BOTH. , #6650 ) ;
#4961 = AXIS2_PLACEMENT_3D ( 'NONE', #7080, #11265, #7560 ) ;
#4962 = B_SPLINE_CURVE_WITH_KNOTS ( 'NONE', 3,
 ( #4605, #258, #3732, #3843, #6455, #198, #2014, #4657 ),
 .UNSPECIFIED., .F., .F.,
 ( 4, 2, 2, 4 ),
 ( 1.734723475976806902E-18, 0.0002427953948744185049, 0.0004855907897488352751, 0.0009711815794976709840 ),
 .UNSPECIFIED. ) ;
#4963 = ORIENTED_EDGE ( 'NONE', *, *, #5981, .T. ) ;
#4964 = ADVANCED_FACE ( 'NONE', ( #2358 ), #7604, .T. ) ;
#4965 = DIRECTION ( 'NONE',  ( -0.000000000000000000, -1.000000000000000000, -0.000000000000000000 ) ) ;
#4966 = STYLED_ITEM ( 'NONE', ( #10986 ), #1524 ) ;
#4967 = ORIENTED_EDGE ( 'NONE', *, *, #7030, .T. ) ;
#4968 = STYLED_ITEM ( 'NONE', ( #3563 ), #7119 ) ;
#4969 = ORIENTED_EDGE ( 'NONE', *, *, #6994, .T. ) ;
#4970 = DIRECTION ( 'NONE',  ( 0.000000000000000000, 1.000000000000000000, 0.000000000000000000 ) ) ;
#4971 = CARTESIAN_POINT ( 'NONE',  ( -2.763985268843798693, 0.000000000000000000, -8.287362917009600594 ) ) ;
#4972 = DIRECTION ( 'NONE',  ( -0.000000000000000000, -1.000000000000000000, -0.000000000000000000 ) ) ;
#4973 = CARTESIAN_POINT ( 'NONE',  ( 13.53434881735837081, 6.459664993593751348, 1.749999999999589662 ) ) ;
#4974 = CARTESIAN_POINT ( 'NONE',  ( -9.600069561504810167, 10.49999999999999822, -20.12780823672236963 ) ) ;
#4975 = CARTESIAN_POINT ( 'NONE',  ( 8.657691839212792684E-16, -0.2000000000000000944, 6.928203230275513214 ) ) ;
#4976 = TOROIDAL_SURFACE ( 'NONE', #2404, 14.82773641629552053, 1.000000000000000000 ) ;
#4977 = ORIENTED_EDGE ( 'NONE', *, *, #636, .F. ) ;
#4978 = B_SPLINE_CURVE_WITH_KNOTS ( 'NONE', 3,
 ( #9920, #1119, #2140, #10614, #5686, #9085 ),
 .UNSPECIFIED., .F., .F.,
 ( 4, 2, 4 ),
 ( 3.878959614448864246E-17, 0.0002346920004465405862, 0.0004693840008930424122 ),
 .UNSPECIFIED. ) ;
#4979 =( NAMED_UNIT ( * ) PLANE_ANGLE_UNIT ( ) SI_UNIT ( $, .RADIAN. ) );
#4980 =( GEOMETRIC_REPRESENTATION_CONTEXT ( 3 ) GLOBAL_UNCERTAINTY_ASSIGNED_CONTEXT ( ( #2385 ) ) GLOBAL_UNIT_ASSIGNED_CONTEXT ( ( #9270, #7684, #2204 ) ) REPRESENTATION_CONTEXT ( 'NONE', 'WORKASPACE' ) );
#4981 = ADVANCED_FACE ( 'NONE', ( #8399 ), #8516, .F. ) ;
#4982 = EDGE_CURVE ( 'NONE', #10549, #9658, #3221, .T. ) ;
#4983 = ORIENTED_EDGE ( 'NONE', *, *, #4916, .T. ) ;
#4984 = CARTESIAN_POINT ( 'NONE',  ( -10.87176676074319204, 13.54999999999999893, 10.87176676074314585 ) ) ;
#4985 = ORIENTED_EDGE ( 'NONE', *, *, #2620, .T. ) ;
#4986 = DIRECTION ( 'NONE',  ( -0.000000000000000000, -1.000000000000000000, -0.000000000000000000 ) ) ;
#4987 = MECHANICAL_DESIGN_GEOMETRIC_PRESENTATION_REPRESENTATION (  '', ( #6397 ), #9844 ) ;
#4988 = PRESENTATION_LAYER_ASSIGNMENT (  '', '', ( #7875 ) ) ;
#4989 = CARTESIAN_POINT ( 'NONE',  ( -12.63115847475036979, 10.80000000000000071, -18.37780823672240871 ) ) ;
#4990 = CARTESIAN_POINT ( 'NONE',  ( 0.000000000000000000, -13.25000000000000178, 0.000000000000000000 ) ) ;
#4991 = DIRECTION ( 'NONE',  ( 0.000000000000000000, 0.000000000000000000, -1.000000000000000000 ) ) ;
#4992 = AXIS2_PLACEMENT_3D ( 'NONE', #4460, #7819, #5322 ) ;
#4993 = ORIENTED_EDGE ( 'NONE', *, *, #9379, .T. ) ;
#4994 = LINE ( 'NONE', #7591, #9598 ) ;
#4995 = EDGE_CURVE ( 'NONE', #3488, #3367, #7073, .T. ) ;
#4996 = ADVANCED_FACE ( 'NONE', ( #238 ), #1241, .F. ) ;
#4997 = TOROIDAL_SURFACE ( 'NONE', #9143, 14.82773641629552053, 1.000000000000000000 ) ;
#4998 = FILL_AREA_STYLE_COLOUR ( '', #141 ) ;
#4999 =( NAMED_UNIT ( * ) SI_UNIT ( $, .STERADIAN. ) SOLID_ANGLE_UNIT ( ) );
#5000 = MECHANICAL_DESIGN_GEOMETRIC_PRESENTATION_REPRESENTATION (  '', ( #3129 ), #6988 ) ;
#5001 = STYLED_ITEM ( 'NONE', ( #5766 ), #8047 ) ;
#5002 = CARTESIAN_POINT ( 'NONE',  ( -7.957677485576279075, 0.000000000000000000, 1.750000000000301537 ) ) ;
#5003 = DIRECTION ( 'NONE',  ( 0.000000000000000000, 0.000000000000000000, -1.000000000000000000 ) ) ;
#5004 = VERTEX_POINT ( 'NONE', #6226 ) ;
#5005 =( LENGTH_UNIT ( ) NAMED_UNIT ( * ) SI_UNIT ( .MILLI., .METRE. ) );
#5006 = AXIS2_PLACEMENT_3D ( 'NONE', #7125, #493, #319 ) ;
#5007 = PLANE ( 'NONE',  #10086 ) ;
#5008 = MECHANICAL_DESIGN_GEOMETRIC_PRESENTATION_REPRESENTATION (  '', ( #58 ), #792 ) ;
#5009 = VECTOR ( 'NONE', #10610, 1000.000000000000000 ) ;
#5010 = SURFACE_STYLE_USAGE ( .BOTH. , #1517 ) ;
#5011 = AXIS2_PLACEMENT_3D ( 'NONE', #209, #2705, #6092 ) ;
#5012 = AXIS2_PLACEMENT_3D ( 'NONE', #6113, #7773, #8840 ) ;
#5013 = EDGE_CURVE ( 'NONE', #2987, #8377, #9688, .T. ) ;
#5014 =( LENGTH_UNIT ( ) NAMED_UNIT ( * ) SI_UNIT ( .MILLI., .METRE. ) );
#5015 =( LENGTH_UNIT ( ) NAMED_UNIT ( * ) SI_UNIT ( .MILLI., .METRE. ) );
#5016 = DIRECTION ( 'NONE',  ( 0.000000000000000000, 0.000000000000000000, -1.000000000000000000 ) ) ;
#5017 = VERTEX_POINT ( 'NONE', #8002 ) ;
#5018 = VERTEX_POINT ( 'NONE', #176 ) ;
#5019 = PRESENTATION_STYLE_ASSIGNMENT (( #876 ) ) ;
#5020 =( NAMED_UNIT ( * ) PLANE_ANGLE_UNIT ( ) SI_UNIT ( $, .RADIAN. ) );
#5021 = AXIS2_PLACEMENT_3D ( 'NONE', #8476, #4269, #2382 ) ;
#5022 = VERTEX_POINT ( 'NONE', #7150 ) ;
#5023 = EDGE_LOOP ( 'NONE', ( #2356, #9745, #9748, #6931, #6652, #3595, #6669, #8631, #203, #9931, #6677 ) ) ;
#5024 = ORIENTED_EDGE ( 'NONE', *, *, #7102, .T. ) ;
#5025 = DIRECTION ( 'NONE',  ( 0.000000000000000000, 1.000000000000000000, 0.000000000000000000 ) ) ;
#5026 =( LENGTH_UNIT ( ) NAMED_UNIT ( * ) SI_UNIT ( .MILLI., .METRE. ) );
#5027 = DIRECTION ( 'NONE',  ( 0.000000000000000000, -1.000000000000000000, 0.000000000000000000 ) ) ;
#5028 = EDGE_CURVE ( 'NONE', #1623, #4526, #9048, .T. ) ;
#5029 = DIRECTION ( 'NONE',  ( 0.4999999999999890643, 0.000000000000000000, 0.8660254037844449249 ) ) ;
#5030 = CIRCLE ( 'NONE', #9179, 22.30000000000000071 ) ;
#5031 = UNCERTAINTY_MEASURE_WITH_UNIT (LENGTH_MEASURE( 1.000000000000000082E-05 ), #7137, 'distance_accuracy_value', 'NONE');
#5032 = ORIENTED_EDGE ( 'NONE', *, *, #11256, .T. ) ;
#5033 =( LENGTH_UNIT ( ) NAMED_UNIT ( * ) SI_UNIT ( .MILLI., .METRE. ) );
#5034 = CARTESIAN_POINT ( 'NONE',  ( 8.795503180357332695, 10.50000000000000000, 11.73425838651253095 ) ) ;
#5035 = VERTEX_POINT ( 'NONE', #3635 ) ;
#5036 = LINE ( 'NONE', #3279, #1088 ) ;
#5037 = DIRECTION ( 'NONE',  ( 0.000000000000000000, 0.000000000000000000, -1.000000000000000000 ) ) ;
#5038 = DIRECTION ( 'NONE',  ( 0.000000000000000000, 0.000000000000000000, 1.000000000000000000 ) ) ;
#5039 = EDGE_CURVE ( 'NONE', #8377, #8494, #6887, .T. ) ;
#5040 = ADVANCED_FACE ( 'NONE', ( #6599 ), #436, .F. ) ;
#5041 = UNCERTAINTY_MEASURE_WITH_UNIT (LENGTH_MEASURE( 1.000000000000000082E-05 ), #3827, 'distance_accuracy_value', 'NONE');
#5042 =( NAMED_UNIT ( * ) SI_UNIT ( $, .STERADIAN. ) SOLID_ANGLE_UNIT ( ) );
#5043 = UNCERTAINTY_MEASURE_WITH_UNIT (LENGTH_MEASURE( 1.000000000000000082E-05 ), #9958, 'distance_accuracy_value', 'NONE');
#5044 = PRESENTATION_LAYER_ASSIGNMENT (  '', '', ( #6852 ) ) ;
#5045 = PRESENTATION_LAYER_ASSIGNMENT (  '', '', ( #4670 ) ) ;
#5046 = SURFACE_STYLE_FILL_AREA ( #10232 ) ;
#5047 =( LENGTH_UNIT ( ) NAMED_UNIT ( * ) SI_UNIT ( .MILLI., .METRE. ) );
#5048 = ORIENTED_EDGE ( 'NONE', *, *, #11143, .T. ) ;
#5049 = EDGE_LOOP ( 'NONE', ( #5914, #1888, #2565, #8525 ) ) ;
#5050 = DIRECTION ( 'NONE',  ( -0.000000000000000000, 1.000000000000000000, -0.000000000000000000 ) ) ;
#5051 = AXIS2_PLACEMENT_3D ( 'NONE', #9782, #7261, #10687 ) ;
#5052 = CARTESIAN_POINT ( 'NONE',  ( 5.999999999999997335, -0.2000000000000000944, 3.464101615137759715 ) ) ;
#5053 = DIRECTION ( 'NONE',  ( 0.000000000000000000, -1.000000000000000000, 0.000000000000000000 ) ) ;
#5054 =( LENGTH_UNIT ( ) NAMED_UNIT ( * ) SI_UNIT ( .MILLI., .METRE. ) );
#5055 = ORIENTED_EDGE ( 'NONE', *, *, #5807, .F. ) ;
#5056 = ADVANCED_FACE ( 'NONE', ( #3036 ), #10099, .T. ) ;
#5057 = CARTESIAN_POINT ( 'NONE',  ( -5.795074182089435588, 0.000000000000000000, 6.537362917009565066 ) ) ;
#5058 = DIRECTION ( 'NONE',  ( 0.8660254037844385966, 0.000000000000000000, -0.5000000000000001110 ) ) ;
#5059 = ORIENTED_EDGE ( 'NONE', *, *, #2249, .T. ) ;
#5060 = CARTESIAN_POINT ( 'NONE',  ( 20.85965004500310371, 13.54999999999999893, -20.85965004500319964 ) ) ;
#5061 = SURFACE_STYLE_FILL_AREA ( #9297 ) ;
#5062 = VECTOR ( 'NONE', #1968, 1000.000000000000000 ) ;
#5063 = PRESENTATION_STYLE_ASSIGNMENT (( #8464 ) ) ;
#5064 = ADVANCED_FACE ( 'NONE', ( #4097 ), #7254, .T. ) ;
#5065 = DIRECTION ( 'NONE',  ( -0.000000000000000000, 1.000000000000000000, -0.000000000000000000 ) ) ;
#5066 = DIRECTION ( 'NONE',  ( 0.8660254037844384856, 0.000000000000000000, -0.5000000000000004441 ) ) ;
#5067 = ORIENTED_EDGE ( 'NONE', *, *, #5737, .F. ) ;
#5068 = B_SPLINE_CURVE_WITH_KNOTS ( 'NONE', 3,
 ( #2993, #1083, #5484, #2780 ),
 .UNSPECIFIED., .F., .F.,
 ( 4, 4 ),
 ( 0.01085163898397464854, 0.01796298218115483653 ),
 .UNSPECIFIED. ) ;
#5069 = VERTEX_POINT ( 'NONE', #3375 ) ;
#5070 = CYLINDRICAL_SURFACE ( 'NONE', #10256, 8.147829831584077809 ) ;
#5071 = PRESENTATION_LAYER_ASSIGNMENT (  '', '', ( #8326 ) ) ;
#5072 = DIRECTION ( 'NONE',  ( -0.000000000000000000, 1.000000000000000000, -0.000000000000000000 ) ) ;
#5073 = LINE ( 'NONE', #9312, #11029 ) ;
#5074 = ORIENTED_EDGE ( 'NONE', *, *, #10504, .F. ) ;
#5075 = ORIENTED_EDGE ( 'NONE', *, *, #444, .T. ) ;
#5076 = ORIENTED_EDGE ( 'NONE', *, *, #7057, .F. ) ;
#5077 = CARTESIAN_POINT ( 'NONE',  ( -12.90616799762222300, 10.06432619796669847, -5.430653625470035273 ) ) ;
#5078 = CARTESIAN_POINT ( 'NONE',  ( 0.000000000000000000, 11.79999999999999716, 0.000000000000000000 ) ) ;
#5079 = PRESENTATION_STYLE_ASSIGNMENT (( #621 ) ) ;
#5080 = AXIS2_PLACEMENT_3D ( 'NONE', #1792, #5290, #8744 ) ;
#5081 = CARTESIAN_POINT ( 'NONE',  ( -1.750000000000000888, 0.2178369010166504027, -8.979978445623141070 ) ) ;
#5082 = CIRCLE ( 'NONE', #9930, 29.50000000000000000 ) ;
#5083 = FILL_AREA_STYLE ('',( #499 ) ) ;
#5084 = EDGE_LOOP ( 'NONE', ( #1847, #10150, #2624, #3930 ) ) ;
#5085 = MECHANICAL_DESIGN_GEOMETRIC_PRESENTATION_REPRESENTATION (  '', ( #3604 ), #9942 ) ;
#5086 = FACE_OUTER_BOUND ( 'NONE', #4634, .T. ) ;
#5087 = VERTEX_POINT ( 'NONE', #7738 ) ;
#5088 = CIRCLE ( 'NONE', #9771, 0.2500000000000002220 ) ;
#5089 = EDGE_CURVE ( 'NONE', #4526, #1623, #9231, .T. ) ;
#5090 = CARTESIAN_POINT ( 'NONE',  ( 12.63115847475060960, -18.21991441758264685, 18.37780823672224173 ) ) ;
#5091 = CIRCLE ( 'NONE', #9237, 8.736131791852239203 ) ;
#5092 = VERTEX_POINT ( 'NONE', #6938 ) ;
#5093 = CARTESIAN_POINT ( 'NONE',  ( 0.000000000000000000, 10.49999999999999822, 0.000000000000000000 ) ) ;
#5094 = CARTESIAN_POINT ( 'NONE',  ( -21.74353352148638407, 13.54999999999999893, 21.74353352148629170 ) ) ;
#5095 = DIRECTION ( 'NONE',  ( 0.000000000000000000, 0.000000000000000000, -1.000000000000000000 ) ) ;
#5096 = CIRCLE ( 'NONE', #9061, 22.30000000000000071 ) ;
#5097 = CYLINDRICAL_SURFACE ( 'NONE', #5508, 0.2499999999999967526 ) ;
#5098 = AXIS2_PLACEMENT_3D ( 'NONE', #10354, #1078, #5270 ) ;
#5099 = DIRECTION ( 'NONE',  ( -0.000000000000000000, -1.000000000000000000, -0.000000000000000000 ) ) ;
#5100 = VERTEX_POINT ( 'NONE', #10264 ) ;
#5101 = SURFACE_STYLE_FILL_AREA ( #7646 ) ;
#5102 = DIRECTION ( 'NONE',  ( -0.000000000000000000, 1.000000000000000000, -0.000000000000000000 ) ) ;
#5103 = CARTESIAN_POINT ( 'NONE',  ( 0.000000000000000000, 10.49999999999999822, 0.000000000000000000 ) ) ;
#5104 = EDGE_CURVE ( 'NONE', #1009, #967, #4346, .T. ) ;
#5105 = FILL_AREA_STYLE ('',( #10293 ) ) ;
#5106 =( NAMED_UNIT ( * ) SI_UNIT ( $, .STERADIAN. ) SOLID_ANGLE_UNIT ( ) );
#5107 = CARTESIAN_POINT ( 'NONE',  ( 5.683334172609298740, 10.45964560473159288, -13.34382354335169829 ) ) ;
#5108 = CARTESIAN_POINT ( 'NONE',  ( 0.000000000000000000, 6.064326197966700249, 0.000000000000000000 ) ) ;
#5109 = CARTESIAN_POINT ( 'NONE',  ( 0.000000000000000000, 13.44999999999999929, 0.000000000000000000 ) ) ;
#5110 = ORIENTED_EDGE ( 'NONE', *, *, #4664, .F. ) ;
#5111 = AXIS2_PLACEMENT_3D ( 'NONE', #10211, #823, #7679 ) ;
#5112 = LINE ( 'NONE', #3356, #5723 ) ;
#5113 = ORIENTED_EDGE ( 'NONE', *, *, #2427, .F. ) ;
#5114 = ADVANCED_FACE ( 'NONE', ( #5963 ), #714, .T. ) ;
#5115 = EDGE_CURVE ( 'NONE', #6445, #6050, #3227, .T. ) ;
#5116 = AXIS2_PLACEMENT_3D ( 'NONE', #11090, #6685, #10241 ) ;
#5117 = VECTOR ( 'NONE', #10024, 1000.000000000000000 ) ;
#5118 =( LENGTH_UNIT ( ) NAMED_UNIT ( * ) SI_UNIT ( .MILLI., .METRE. ) );
#5119 = LINE ( 'NONE', #5906, #6250 ) ;
#5120 = FACE_OUTER_BOUND ( 'NONE', #6014, .T. ) ;
#5121 = ORIENTED_EDGE ( 'NONE', *, *, #2766, .F. ) ;
#5122 = VERTEX_POINT ( 'NONE', #11066 ) ;
#5123 = DIRECTION ( 'NONE',  ( 0.000000000000000000, 0.000000000000000000, 1.000000000000000000 ) ) ;
#5124 =( NAMED_UNIT ( * ) PLANE_ANGLE_UNIT ( ) SI_UNIT ( $, .RADIAN. ) );
#5125 = MECHANICAL_DESIGN_GEOMETRIC_PRESENTATION_REPRESENTATION (  '', ( #3643 ), #1478 ) ;
#5126 = EDGE_CURVE ( 'NONE', #10262, #10600, #4198, .T. ) ;
#5127 = ORIENTED_EDGE ( 'NONE', *, *, #1755, .T. ) ;
#5128 = CARTESIAN_POINT ( 'NONE',  ( 21.74353352148660079, 13.44999999999999929, 21.74353352148607144 ) ) ;
#5129 = VERTEX_POINT ( 'NONE', #7626 ) ;
#5130 = COLOUR_RGB ( '',0.1529411764705882470, 0.4901960784313725283, 1.000000000000000000 ) ;
#5131 = CARTESIAN_POINT ( 'NONE',  ( 0.000000000000000000, 6.499999999999999112, 0.000000000000000000 ) ) ;
#5132 = DIRECTION ( 'NONE',  ( 0.000000000000000000, 0.000000000000000000, -1.000000000000000000 ) ) ;
#5133 = CARTESIAN_POINT ( 'NONE',  ( 0.000000000000000000, 5.499999999999999112, 0.000000000000000000 ) ) ;
#5134 = FILL_AREA_STYLE_COLOUR ( '', #11083 ) ;
#5135 = CARTESIAN_POINT ( 'NONE',  ( 0.000000000000000000, -13.25000000000000178, 0.000000000000000000 ) ) ;
#5136 = PRESENTATION_LAYER_ASSIGNMENT (  '', '', ( #4211 ) ) ;
#5137 = CARTESIAN_POINT ( 'NONE',  ( 0.000000000000000000, 6.064326197966700249, 0.000000000000000000 ) ) ;
#5138 = CARTESIAN_POINT ( 'NONE',  ( -10.40793606078334221, 6.064326197966698473, -8.029750628565540893 ) ) ;
#5139 = ORIENTED_EDGE ( 'NONE', *, *, #9248, .T. ) ;
#5140 = DIRECTION ( 'NONE',  ( -5.329070518200751394E-15, 0.000000000000000000, -1.000000000000000000 ) ) ;
#5141 = DIRECTION ( 'NONE',  ( 0.000000000000000000, 0.000000000000000000, 1.000000000000000000 ) ) ;
#5142 = AXIS2_PLACEMENT_3D ( 'NONE', #9022, #2696, #139 ) ;
#5143 = COLOUR_RGB ( '',0.1529411764705882470, 0.4901960784313725283, 1.000000000000000000 ) ;
#5144 = CIRCLE ( 'NONE', #5153, 32.50000000000000000 ) ;
#5145 = SURFACE_STYLE_USAGE ( .BOTH. , #10278 ) ;
#5146 = VERTEX_POINT ( 'NONE', #3491 ) ;
#5147 = CARTESIAN_POINT ( 'NONE',  ( 5.795074182089442694, 0.000000000000000000, 6.537362917009559737 ) ) ;
#5148 = CARTESIAN_POINT ( 'NONE',  ( 12.40954583850729165, 6.347063136999493871, -5.143928688219459033 ) ) ;
#5149 = PRESENTATION_LAYER_ASSIGNMENT (  '', '', ( #3455 ) ) ;
#5150 = CARTESIAN_POINT ( 'NONE',  ( 1.749999999999998446, 10.49017815798891817, -14.56158487670605695 ) ) ;
#5151 = UNCERTAINTY_MEASURE_WITH_UNIT (LENGTH_MEASURE( 1.000000000000000082E-05 ), #1832, 'distance_accuracy_value', 'NONE');
#5152 = DIRECTION ( 'NONE',  ( 0.8660254037844384856, 0.000000000000000000, 0.5000000000000002220 ) ) ;
#5153 = AXIS2_PLACEMENT_3D ( 'NONE', #10294, #5942, #2614 ) ;
#5154 = ADVANCED_FACE ( 'NONE', ( #2641 ), #3262, .F. ) ;
#5155 = DIRECTION ( 'NONE',  ( 0.000000000000000000, 0.000000000000000000, 1.000000000000000000 ) ) ;
#5156 = EDGE_LOOP ( 'NONE', ( #3432, #8450, #7290, #5075, #6516, #8472, #4179, #1366, #10106, #4478, #8612 ) ) ;
#5157 = PRESENTATION_LAYER_ASSIGNMENT (  '', '', ( #10927 ) ) ;
#5158 = ORIENTED_EDGE ( 'NONE', *, *, #2457, .F. ) ;
#5159 = COLOUR_RGB ( '',0.1529411764705882470, 0.4901960784313725283, 1.000000000000000000 ) ;
#5160 =( NAMED_UNIT ( * ) PLANE_ANGLE_UNIT ( ) SI_UNIT ( $, .RADIAN. ) );
#5161 = STYLED_ITEM ( 'NONE', ( #798 ), #6358 ) ;
#5162 = LINE ( 'NONE', #5775, #1053 ) ;
#5163 = CARTESIAN_POINT ( 'NONE',  ( -8.651889459346309152, 0.2178369010166498476, -2.974444766188877320 ) ) ;
#5164 = CARTESIAN_POINT ( 'NONE',  ( 20.68287334970656843, -13.25000000000000178, -20.43287334970646185 ) ) ;
#5165 = VERTEX_POINT ( 'NONE', #20 ) ;
#5166 = AXIS2_PLACEMENT_3D ( 'NONE', #6299, #9752, #7334 ) ;
#5167 = EDGE_CURVE ( 'NONE', #3224, #7095, #11234, .T. ) ;
#5168 = DIRECTION ( 'NONE',  ( 0.000000000000000000, -1.000000000000000000, 0.000000000000000000 ) ) ;
#5169 =( GEOMETRIC_REPRESENTATION_CONTEXT ( 3 ) GLOBAL_UNCERTAINTY_ASSIGNED_CONTEXT ( ( #10789 ) ) GLOBAL_UNIT_ASSIGNED_CONTEXT ( ( #3841, #9912, #3730 ) ) REPRESENTATION_CONTEXT ( 'NONE', 'WORKASPACE' ) );
#5170 = ORIENTED_EDGE ( 'NONE', *, *, #10885, .F. ) ;
#5171 = FILL_AREA_STYLE_COLOUR ( '', #10635 ) ;
#5172 = CIRCLE ( 'NONE', #7364, 33.50000000000000000 ) ;
#5173 = PRESENTATION_LAYER_ASSIGNMENT (  '', '', ( #3687 ) ) ;
#5174 = AXIS2_PLACEMENT_3D ( 'NONE', #3904, #6521, #9963 ) ;
#5175 = CARTESIAN_POINT ( 'NONE',  ( 1.749999999999998446, 6.064326197966699361, -13.02841234388530367 ) ) ;
#5176 = ADVANCED_FACE ( 'NONE', ( #4149 ), #1785, .F. ) ;
#5177 = EDGE_CURVE ( 'NONE', #3101, #649, #10496, .T. ) ;
#5178 = DIRECTION ( 'NONE',  ( 0.000000000000000000, 0.000000000000000000, 1.000000000000000000 ) ) ;
#5179 = CARTESIAN_POINT ( 'NONE',  ( 0.000000000000000000, -13.15000000000000213, 0.000000000000000000 ) ) ;
#5180 =( GEOMETRIC_REPRESENTATION_CONTEXT ( 3 ) GLOBAL_UNCERTAINTY_ASSIGNED_CONTEXT ( ( #6851 ) ) GLOBAL_UNIT_ASSIGNED_CONTEXT ( ( #8679, #11224, #10597 ) ) REPRESENTATION_CONTEXT ( 'NONE', 'WORKASPACE' ) );
#5181 = VERTEX_POINT ( 'NONE', #9805 ) ;
#5182 = EDGE_LOOP ( 'NONE', ( #4613, #6411, #2240, #2017 ) ) ;
#5183 = DIRECTION ( 'NONE',  ( -0.000000000000000000, 1.000000000000000000, -0.000000000000000000 ) ) ;
#5184 = CARTESIAN_POINT ( 'NONE',  ( -21.56675682618977419, -13.25000000000000178, -21.56675682618961787 ) ) ;
#5185 = COLOUR_RGB ( '',0.1529411764705882470, 0.4901960784313725283, 1.000000000000000000 ) ;
#5186 =( NAMED_UNIT ( * ) SI_UNIT ( $, .STERADIAN. ) SOLID_ANGLE_UNIT ( ) );
#5187 = VERTEX_POINT ( 'NONE', #10605 ) ;
#5188 = STYLED_ITEM ( 'NONE', ( #4200 ), #3568 ) ;
#5189 = ORIENTED_EDGE ( 'NONE', *, *, #2841, .T. ) ;
#5190 = AXIS2_PLACEMENT_3D ( 'NONE', #7828, #4525, #8786 ) ;
#5191 = ORIENTED_EDGE ( 'NONE', *, *, #2702, .T. ) ;
#5192 = DIRECTION ( 'NONE',  ( -0.000000000000000000, 1.000000000000000000, -0.000000000000000000 ) ) ;
#5193 = CARTESIAN_POINT ( 'NONE',  ( -5.414922963887669916, 6.499999999999999112, 12.87892169252491215 ) ) ;
#5194 = SURFACE_SIDE_STYLE ('',( #1695 ) ) ;
#5195 = SURFACE_STYLE_FILL_AREA ( #4318 ) ;
#5196 = DIRECTION ( 'NONE',  ( 0.000000000000000000, 0.000000000000000000, 1.000000000000000000 ) ) ;
#5197 = EDGE_CURVE ( 'NONE', #10822, #10763, #9750, .T. ) ;
#5198 = EDGE_CURVE ( 'NONE', #7582, #6177, #1254, .T. ) ;
#5199 = ORIENTED_EDGE ( 'NONE', *, *, #10900, .T. ) ;
#5200 = FACE_OUTER_BOUND ( 'NONE', #1488, .T. ) ;
#5201 = CIRCLE ( 'NONE', #7541, 0.2500000000000002220 ) ;
#5202 = CARTESIAN_POINT ( 'NONE',  ( 0.000000000000000000, -18.21991441758264685, 0.000000000000000000 ) ) ;
#5203 = FILL_AREA_STYLE_COLOUR ( '', #9108 ) ;
#5204 = PRESENTATION_STYLE_ASSIGNMENT (( #9761 ) ) ;
#5205 = CARTESIAN_POINT ( 'NONE',  ( -11.53208548333566519, 10.42229184219406868, -8.678778600285504297 ) ) ;
#5206 = EDGE_LOOP ( 'NONE', ( #10485, #1986, #5504, #3523 ) ) ;
#5207 = CARTESIAN_POINT ( 'NONE',  ( 12.53429375639689880, 6.422318986420138209, 5.215951932193897633 ) ) ;
#5208 = CIRCLE ( 'NONE', #6267, 8.736131791852239203 ) ;
#5209 = CARTESIAN_POINT ( 'NONE',  ( -22.23122803625525634, 0.000000000000000000, 1.750000000000273115 ) ) ;
#5210 = CARTESIAN_POINT ( 'NONE',  ( 1.749999999999999112, 0.000000000000000000, -8.724723410482958741 ) ) ;
#5211 = EDGE_CURVE ( 'NONE', #7658, #1219, #5096, .T. ) ;
#5212 = FACE_OUTER_BOUND ( 'NONE', #3622, .T. ) ;
#5213 =( NAMED_UNIT ( * ) PLANE_ANGLE_UNIT ( ) SI_UNIT ( $, .RADIAN. ) );
#5214 = ORIENTED_EDGE ( 'NONE', *, *, #1263, .F. ) ;
#5215 = CARTESIAN_POINT ( 'NONE',  ( 0.000000000000000000, 10.80000000000000071, 0.000000000000000000 ) ) ;
#5216 = CIRCLE ( 'NONE', #9550, 13.97097042681812873 ) ;
#5217 = ORIENTED_EDGE ( 'NONE', *, *, #9847, .T. ) ;
#5218 = FACE_OUTER_BOUND ( 'NONE', #6195, .T. ) ;
#5219 = ORIENTED_EDGE ( 'NONE', *, *, #10070, .F. ) ;
#5220 = DIRECTION ( 'NONE',  ( 0.000000000000000000, 0.000000000000000000, 1.000000000000000000 ) ) ;
#5221 = STYLED_ITEM ( 'NONE', ( #6639 ), #4841 ) ;
#5222 = SURFACE_STYLE_USAGE ( .BOTH. , #1452 ) ;
#5223 = CARTESIAN_POINT ( 'NONE',  ( 20.85965004500310371, 13.44999999999999929, -20.85965004500319964 ) ) ;
#5224 = ORIENTED_EDGE ( 'NONE', *, *, #10719, .T. ) ;
#5225 = DIRECTION ( 'NONE',  ( -0.8660254037844388186, -0.000000000000000000, -0.4999999999999996669 ) ) ;
#5226 =( NAMED_UNIT ( * ) PLANE_ANGLE_UNIT ( ) SI_UNIT ( $, .RADIAN. ) );
#5227 = AXIS2_PLACEMENT_3D ( 'NONE', #4524, #7827, #6168 ) ;
#5228 = EDGE_CURVE ( 'NONE', #541, #1286, #1071, .T. ) ;
#5229 = DIRECTION ( 'NONE',  ( -0.000000000000000000, 1.000000000000000000, -0.000000000000000000 ) ) ;
#5230 = EDGE_LOOP ( 'NONE', ( #6533, #5421, #1375, #3154 ) ) ;
#5231 = VERTEX_POINT ( 'NONE', #3556 ) ;
#5232 = FILL_AREA_STYLE_COLOUR ( '', #1646 ) ;
#5233 = FILL_AREA_STYLE ('',( #6934 ) ) ;
#5234 = EDGE_LOOP ( 'NONE', ( #1383, #2481, #7790, #9024 ) ) ;
#5235 = EDGE_CURVE ( 'NONE', #719, #6884, #4165, .T. ) ;
#5236 = MECHANICAL_DESIGN_GEOMETRIC_PRESENTATION_REPRESENTATION (  '', ( #3372 ), #6128 ) ;
#5237 = EDGE_CURVE ( 'NONE', #4262, #10041, #5314, .T. ) ;
#5238 = ORIENTED_EDGE ( 'NONE', *, *, #9117, .T. ) ;
#5239 =( NAMED_UNIT ( * ) SI_UNIT ( $, .STERADIAN. ) SOLID_ANGLE_UNIT ( ) );
#5240 = CARTESIAN_POINT ( 'NONE',  ( 0.000000000000000000, -13.25000000000000178, 0.000000000000000000 ) ) ;
#5241 =( LENGTH_UNIT ( ) NAMED_UNIT ( * ) SI_UNIT ( .MILLI., .METRE. ) );
#5242 = CARTESIAN_POINT ( 'NONE',  ( 18.34947380216722834, 10.64307090431699088, 12.61479958133291923 ) ) ;
#5243 = LINE ( 'NONE', #887, #6962 ) ;
#5244 = CARTESIAN_POINT ( 'NONE',  ( -8.363859999917442778, 6.500000000000000888, 10.98663046725005010 ) ) ;
#5245 = CARTESIAN_POINT ( 'NONE',  ( 0.000000000000000000, 6.499999999999999112, 0.000000000000000000 ) ) ;
#5246 = ORIENTED_EDGE ( 'NONE', *, *, #8159, .T. ) ;
#5247 = STYLED_ITEM ( 'NONE', ( #7578 ), #10114 ) ;
#5248 = FILL_AREA_STYLE_COLOUR ( '', #852 ) ;
#5249 = FILL_AREA_STYLE ('',( #9555 ) ) ;
#5250 = B_SPLINE_CURVE_WITH_KNOTS ( 'NONE', 3,
 ( #353, #7554, #470, #4758, #1347, #8164 ),
 .UNSPECIFIED., .F., .F.,
 ( 4, 2, 4 ),
 ( 0.000000000000000000, 0.0002346925379797253249, 0.0004693850759594506497 ),
 .UNSPECIFIED. ) ;
#5251 =( NAMED_UNIT ( * ) SI_UNIT ( $, .STERADIAN. ) SOLID_ANGLE_UNIT ( ) );
#5252 = EDGE_CURVE ( 'NONE', #10848, #5187, #6350, .T. ) ;
#5253 = EDGE_CURVE ( 'NONE', #7806, #3916, #307, .T. ) ;
#5254 = DIRECTION ( 'NONE',  ( -0.000000000000000000, 1.000000000000000000, -0.000000000000000000 ) ) ;
#5255 = VERTEX_POINT ( 'NONE', #9631 ) ;
#5256 = CARTESIAN_POINT ( 'NONE',  ( 12.60146594260399233, 6.451575245584152185, 5.254733811982620573 ) ) ;
#5257 = COLOUR_RGB ( '',0.1529411764705882470, 0.4901960784313725283, 1.000000000000000000 ) ;
#5258 = DIRECTION ( 'NONE',  ( 0.000000000000000000, 0.000000000000000000, -1.000000000000000000 ) ) ;
#5259 = CARTESIAN_POINT ( 'NONE',  ( 13.62644895387785304, 10.49999999999999822, -5.846508029456344069 ) ) ;
#5260 = UNCERTAINTY_MEASURE_WITH_UNIT (LENGTH_MEASURE( 1.000000000000000082E-05 ), #8232, 'distance_accuracy_value', 'NONE');
#5261 = FILL_AREA_STYLE ('',( #6205 ) ) ;
#5262 = EDGE_LOOP ( 'NONE', ( #2855, #8163, #629, #645 ) ) ;
#5263 = AXIS2_PLACEMENT_3D ( 'NONE', #5349, #9747, #10602 ) ;
#5264 = TOROIDAL_SURFACE ( 'NONE', #4903, 13.97097042681812873, 1.000000000000000000 ) ;
#5265 = VERTEX_POINT ( 'NONE', #6979 ) ;
#5266 = ADVANCED_FACE ( 'NONE', ( #4470 ), #8156, .T. ) ;
#5267 = ADVANCED_FACE ( 'NONE', ( #1898 ), #119, .T. ) ;
#5268 = TOROIDAL_SURFACE ( 'NONE', #324, 23.30000000000000071, 1.000000000000000000 ) ;
#5269 =( LENGTH_UNIT ( ) NAMED_UNIT ( * ) SI_UNIT ( .MILLI., .METRE. ) );
#5270 = DIRECTION ( 'NONE',  ( 0.000000000000000000, 0.000000000000000000, 1.000000000000000000 ) ) ;
#5271 = AXIS2_PLACEMENT_3D ( 'NONE', #5052, #3349, #6684 ) ;
#5272 = FACE_OUTER_BOUND ( 'NONE', #940, .T. ) ;
#5273 = VERTEX_POINT ( 'NONE', #8897 ) ;
#5274 = UNCERTAINTY_MEASURE_WITH_UNIT (LENGTH_MEASURE( 1.000000000000000082E-05 ), #4209, 'distance_accuracy_value', 'NONE');
#5275 = DIRECTION ( 'NONE',  ( -2.664535259100375697E-15, 0.000000000000000000, -1.000000000000000000 ) ) ;
#5276 = CARTESIAN_POINT ( 'NONE',  ( 0.000000000000000000, 0.000000000000000000, 0.000000000000000000 ) ) ;
#5277 = VERTEX_POINT ( 'NONE', #2886 ) ;
#5278 = CARTESIAN_POINT ( 'NONE',  ( 0.000000000000000000, 6.499999999999999112, 0.000000000000000000 ) ) ;
#5279 = CIRCLE ( 'NONE', #334, 22.30000000000000071 ) ;
#5280 = DIRECTION ( 'NONE',  ( 0.000000000000000000, 0.000000000000000000, 1.000000000000000000 ) ) ;
#5281 = CYLINDRICAL_SURFACE ( 'NONE', #7268, 8.147829831584077809 ) ;
#5282 =( NAMED_UNIT ( * ) SI_UNIT ( $, .STERADIAN. ) SOLID_ANGLE_UNIT ( ) );
#5283 = STYLED_ITEM ( 'NONE', ( #3516 ), #10962 ) ;
#5284 =( LENGTH_UNIT ( ) NAMED_UNIT ( * ) SI_UNIT ( .MILLI., .METRE. ) );
#5285 = DIRECTION ( 'NONE',  ( 0.000000000000000000, 0.000000000000000000, 1.000000000000000000 ) ) ;
#5286 = ORIENTED_EDGE ( 'NONE', *, *, #6152, .F. ) ;
#5287 = EDGE_CURVE ( 'NONE', #8934, #6884, #9359, .T. ) ;
#5288 = ORIENTED_EDGE ( 'NONE', *, *, #1619, .F. ) ;
#5289 = STYLED_ITEM ( 'NONE', ( #9401 ), #287 ) ;
#5290 = DIRECTION ( 'NONE',  ( -0.000000000000000000, 1.000000000000000000, -0.000000000000000000 ) ) ;
#5291 = VERTEX_POINT ( 'NONE', #2999 ) ;
#5292 = ORIENTED_EDGE ( 'NONE', *, *, #2290, .T. ) ;
#5293 = CARTESIAN_POINT ( 'NONE',  ( -10.34143667485329310, 13.54999999999999893, -10.34143667485321849 ) ) ;
#5294 = DIRECTION ( 'NONE',  ( -0.000000000000000000, 1.000000000000000000, -0.000000000000000000 ) ) ;
#5295 = CARTESIAN_POINT ( 'NONE',  ( 0.000000000000000000, -13.25000000000000178, 32.50000000000000000 ) ) ;
#5296 = FILL_AREA_STYLE ('',( #6081 ) ) ;
#5297 = CIRCLE ( 'NONE', #11077, 0.2499999999999967526 ) ;
#5298 = CARTESIAN_POINT ( 'NONE',  ( 0.000000000000000000, 6.499999999999999112, 0.000000000000000000 ) ) ;
#5299 = SURFACE_STYLE_USAGE ( .BOTH. , #1800 ) ;
#5300 = CARTESIAN_POINT ( 'NONE',  ( -12.63115847475059361, -18.21991441758264685, 18.37780823672225594 ) ) ;
#5301 = VERTEX_POINT ( 'NONE', #9899 ) ;
#5302 = AXIS2_PLACEMENT_3D ( 'NONE', #10625, #4889, #592 ) ;
#5303 = EDGE_CURVE ( 'NONE', #11135, #6729, #1616, .T. ) ;
#5304 = CARTESIAN_POINT ( 'NONE',  ( 0.000000000000000000, 10.49999999999999822, 0.000000000000000000 ) ) ;
#5305 = CARTESIAN_POINT ( 'NONE',  ( 5.430653625470072576, 10.06432619796679440, 12.90616799762227807 ) ) ;
#5306 = CIRCLE ( 'NONE', #2184, 8.147829831584077809 ) ;
#5307 = DIRECTION ( 'NONE',  ( 0.000000000000000000, 0.000000000000000000, 1.000000000000000000 ) ) ;
#5308 = ORIENTED_EDGE ( 'NONE', *, *, #2015, .T. ) ;
#5309 = CARTESIAN_POINT ( 'NONE',  ( 8.446011877133216217, 6.499999999999999112, 11.12892169252490504 ) ) ;
#5310 = CARTESIAN_POINT ( 'NONE',  ( 7.356819926759492922, 4.112992312804658823, 9.242385895282575703 ) ) ;
#5311 = CARTESIAN_POINT ( 'NONE',  ( 12.87892169252491747, 6.499999999999999112, -5.414922963887647711 ) ) ;
#5312 = LINE ( 'NONE', #5930, #2726 ) ;
#5313 = CARTESIAN_POINT ( 'NONE',  ( 1.749999999999998224, 10.42229184219404736, -14.32646828732516120 ) ) ;
#5314 = B_SPLINE_CURVE_WITH_KNOTS ( 'NONE', 3,
 ( #1105, #8068, #8861, #1050, #4602, #7224, #3786, #2856 ),
 .UNSPECIFIED., .F., .F.,
 ( 4, 2, 2, 4 ),
 ( 0.000000000000000000, 0.0002427981594783391330, 0.0004855963189566782660, 0.0009711926379133565320 ),
 .UNSPECIFIED. ) ;
#5315 = AXIS2_PLACEMENT_3D ( 'NONE', #7281, #7105, #5511 ) ;
#5316 = EDGE_CURVE ( 'NONE', #6233, #732, #6798, .T. ) ;
#5317 = EDGE_CURVE ( 'NONE', #6804, #9802, #3941, .T. ) ;
#5318 = FACE_BOUND ( 'NONE', #8115, .T. ) ;
#5319 = ORIENTED_EDGE ( 'NONE', *, *, #2960, .T. ) ;
#5320 = STYLED_ITEM ( 'NONE', ( #6496 ), #5890 ) ;
#5321 = ORIENTED_EDGE ( 'NONE', *, *, #3923, .T. ) ;
#5322 = DIRECTION ( 'NONE',  ( 0.000000000000000000, 0.000000000000000000, -1.000000000000000000 ) ) ;
#5323 = SURFACE_STYLE_FILL_AREA ( #3645 ) ;
#5324 = SURFACE_STYLE_FILL_AREA ( #4942 ) ;
#5325 = AXIS2_PLACEMENT_3D ( 'NONE', #10270, #2697, #7958 ) ;
#5326 = DIRECTION ( 'NONE',  ( -0.000000000000000000, 1.000000000000000000, -0.000000000000000000 ) ) ;
#5327 = ORIENTED_EDGE ( 'NONE', *, *, #1191, .F. ) ;
#5328 = EDGE_CURVE ( 'NONE', #5908, #3582, #9787, .T. ) ;
#5329 = LINE ( 'NONE', #9523, #7507 ) ;
#5330 = EDGE_CURVE ( 'NONE', #4432, #1115, #864, .T. ) ;
#5331 = PLANE ( 'NONE',  #8292 ) ;
#5332 = MECHANICAL_DESIGN_GEOMETRIC_PRESENTATION_REPRESENTATION (  '', ( #8765 ), #8055 ) ;
#5333 = VERTEX_POINT ( 'NONE', #8949 ) ;
#5334 = DIRECTION ( 'NONE',  ( 0.000000000000000000, 0.000000000000000000, 1.000000000000000000 ) ) ;
#5335 = AXIS2_PLACEMENT_3D ( 'NONE', #5103, #6681, #4171 ) ;
#5336 = AXIS2_PLACEMENT_3D ( 'NONE', #4815, #3001, #10071 ) ;
#5337 = ORIENTED_EDGE ( 'NONE', *, *, #5749, .F. ) ;
#5338 = DIRECTION ( 'NONE',  ( 0.000000000000000000, 0.000000000000000000, 1.000000000000000000 ) ) ;
#5339 = CIRCLE ( 'NONE', #8061, 26.00000000000000355 ) ;
#5340 = LINE ( 'NONE', #5728, #9112 ) ;
#5341 = AXIS2_PLACEMENT_3D ( 'NONE', #6760, #4185, #10027 ) ;
#5342 = COLOUR_RGB ( '',0.1529411764705882470, 0.4901960784313725283, 1.000000000000000000 ) ;
#5343 = PRESENTATION_STYLE_ASSIGNMENT (( #7896 ) ) ;
#5344 = FACE_OUTER_BOUND ( 'NONE', #6709, .T. ) ;
#5345 = VERTEX_POINT ( 'NONE', #342 ) ;
#5346 = ORIENTED_EDGE ( 'NONE', *, *, #1619, .T. ) ;
#5347 = CARTESIAN_POINT ( 'NONE',  ( -20.68287334970658620, -13.25000000000000178, -20.68287334970643698 ) ) ;
#5348 = MECHANICAL_DESIGN_GEOMETRIC_PRESENTATION_REPRESENTATION (  '', ( #10215 ), #3485 ) ;
#5349 = CARTESIAN_POINT ( 'NONE',  ( 0.000000000000000000, 13.54999999999999893, 0.000000000000000000 ) ) ;
#5350 = AXIS2_PLACEMENT_3D ( 'NONE', #4490, #10544, #5457 ) ;
#5351 = ORIENTED_EDGE ( 'NONE', *, *, #4059, .T. ) ;
#5352 = CARTESIAN_POINT ( 'NONE',  ( -20.50609665440991947, -13.25000000000000178, 20.50609665440983420 ) ) ;
#5353 = DIRECTION ( 'NONE',  ( 0.4999999999999890643, 0.000000000000000000, 0.8660254037844448138 ) ) ;
#5354 = B_SPLINE_CURVE_WITH_KNOTS ( 'NONE', 3,
 ( #8304, #2089, #9979, #4729 ),
 .UNSPECIFIED., .F., .F.,
 ( 4, 4 ),
 ( 0.000000000000000000, 0.0004900010714873812272 ),
 .UNSPECIFIED. ) ;
#5355 = SURFACE_STYLE_USAGE ( .BOTH. , #84 ) ;
#5356 = PRESENTATION_LAYER_ASSIGNMENT (  '', '', ( #7351 ) ) ;
#5357 = ORIENTED_EDGE ( 'NONE', *, *, #5211, .T. ) ;
#5358 = DIRECTION ( 'NONE',  ( 0.000000000000000000, -1.000000000000000000, 0.000000000000000000 ) ) ;
#5359 = DIRECTION ( 'NONE',  ( -0.000000000000000000, 1.000000000000000000, -0.000000000000000000 ) ) ;
#5360 = CARTESIAN_POINT ( 'NONE',  ( -1.750000000000002665, 10.80000000000000071, -22.23122803625566846 ) ) ;
#5361 = FILL_AREA_STYLE_COLOUR ( '', #3411 ) ;
#5362 = VECTOR ( 'NONE', #5058, 1000.000000000000114 ) ;
#5363 = CARTESIAN_POINT ( 'NONE',  ( -12.73663046725003944, 6.499999999999998224, 5.332771086671921346 ) ) ;
#5364 = DIRECTION ( 'NONE',  ( 0.000000000000000000, 0.000000000000000000, 1.000000000000000000 ) ) ;
#5365 = VERTEX_POINT ( 'NONE', #10748 ) ;
#5366 = EDGE_CURVE ( 'NONE', #379, #3053, #9736, .T. ) ;
#5367 = CARTESIAN_POINT ( 'NONE',  ( 0.000000000000000000, 10.80000000000000071, 0.000000000000000000 ) ) ;
#5368 = CARTESIAN_POINT ( 'NONE',  ( 20.85965004500321740, -13.25000000000000178, 20.85965004500308595 ) ) ;
#5369 = SURFACE_SIDE_STYLE ('',( #165 ) ) ;
#5370 = CARTESIAN_POINT ( 'NONE',  ( -22.80419369326642709, 13.44999999999999929, 22.80419369326633827 ) ) ;
#5371 = CARTESIAN_POINT ( 'NONE',  ( 12.63115847475060960, 10.80000000000000071, 18.37780823672224173 ) ) ;
#5372 = VECTOR ( 'NONE', #1908, 1000.000000000000000 ) ;
#5373 = UNCERTAINTY_MEASURE_WITH_UNIT (LENGTH_MEASURE( 1.000000000000000082E-05 ), #10893, 'distance_accuracy_value', 'NONE');
#5374 = ORIENTED_EDGE ( 'NONE', *, *, #8512, .T. ) ;
#5375 = ORIENTED_EDGE ( 'NONE', *, *, #8796, .T. ) ;
#5376 = ORIENTED_EDGE ( 'NONE', *, *, #8576, .T. ) ;
#5377 = EDGE_CURVE ( 'NONE', #1151, #10433, #8479, .T. ) ;
#5378 = ADVANCED_FACE ( 'NONE', ( #7265 ), #5268, .T. ) ;
#5379 = DIRECTION ( 'NONE',  ( 0.000000000000000000, 0.000000000000000000, -1.000000000000000000 ) ) ;
#5380 = SURFACE_STYLE_USAGE ( .BOTH. , #1825 ) ;
#5381 = DIRECTION ( 'NONE',  ( -0.000000000000000000, 1.000000000000000000, -0.000000000000000000 ) ) ;
#5382 = VERTEX_POINT ( 'NONE', #10282 ) ;
#5383 = AXIS2_PLACEMENT_3D ( 'NONE', #6028, #9332, #4050 ) ;
#5384 = CARTESIAN_POINT ( 'NONE',  ( 11.15616799762224254, 10.06432619796669847, -8.461742538715544271 ) ) ;
#5385 = ORIENTED_EDGE ( 'NONE', *, *, #7313, .T. ) ;
#5386 = DIRECTION ( 'NONE',  ( -0.000000000000000000, 1.000000000000000000, -0.000000000000000000 ) ) ;
#5387 = COLOUR_RGB ( '',0.1529411764705882470, 0.4901960784313725283, 1.000000000000000000 ) ;
#5388 = CIRCLE ( 'NONE', #9556, 32.50000000000000000 ) ;
#5389 = EDGE_CURVE ( 'NONE', #1115, #8592, #2520, .T. ) ;
#5390 = SURFACE_SIDE_STYLE ('',( #1094 ) ) ;
#5391 = CARTESIAN_POINT ( 'NONE',  ( 0.000000000000000000, 1.499999999999999556, 0.000000000000000000 ) ) ;
#5392 = ORIENTED_EDGE ( 'NONE', *, *, #8928, .F. ) ;
#5393 = AXIS2_PLACEMENT_3D ( 'NONE', #8223, #6393, #10760 ) ;
#5394 = EDGE_LOOP ( 'NONE', ( #3373, #2966, #5910, #1043 ) ) ;
#5395 = DIRECTION ( 'NONE',  ( -0.000000000000000000, 1.000000000000000000, -0.000000000000000000 ) ) ;
#5396 = ORIENTED_EDGE ( 'NONE', *, *, #3396, .T. ) ;
#5397 = EDGE_CURVE ( 'NONE', #5069, #4782, #9804, .T. ) ;
#5398 = DIRECTION ( 'NONE',  ( 0.000000000000000000, -1.000000000000000000, 0.000000000000000000 ) ) ;
#5399 = CARTESIAN_POINT ( 'NONE',  ( 0.000000000000000000, 10.49999999999999822, 0.000000000000000000 ) ) ;
#5400 = PLANE ( 'NONE',  #9994 ) ;
#5401 = FILL_AREA_STYLE ('',( #4491 ) ) ;
#5402 = CARTESIAN_POINT ( 'NONE',  ( 5.999999999999997335, -0.2000000000000000944, 3.464101615137759715 ) ) ;
#5403 = ORIENTED_EDGE ( 'NONE', *, *, #7041, .F. ) ;
#5404 = CARTESIAN_POINT ( 'NONE',  ( -12.63115847475059361, 10.80000000000000071, 18.37780823672225594 ) ) ;
#5405 = CARTESIAN_POINT ( 'NONE',  ( 0.000000000000000000, 1.499999999999999556, 0.000000000000000000 ) ) ;
#5406 = DIRECTION ( 'NONE',  ( -0.000000000000000000, 1.000000000000000000, -0.000000000000000000 ) ) ;
#5407 = FACE_OUTER_BOUND ( 'NONE', #4168, .T. ) ;
#5408 = COLOUR_RGB ( '',0.1529411764705882470, 0.4901960784313725283, 1.000000000000000000 ) ;
#5409 = DIRECTION ( 'NONE',  ( -0.000000000000000000, -1.000000000000000000, -0.000000000000000000 ) ) ;
#5410 = CARTESIAN_POINT ( 'NONE',  ( 13.86093484102093853, 6.499999999999999112, 1.749999999999589440 ) ) ;
#5411 = ORIENTED_EDGE ( 'NONE', *, *, #7751, .T. ) ;
#5412 = DIRECTION ( 'NONE',  ( -0.000000000000000000, 1.000000000000000000, -0.000000000000000000 ) ) ;
#5413 =( GEOMETRIC_REPRESENTATION_CONTEXT ( 3 ) GLOBAL_UNCERTAINTY_ASSIGNED_CONTEXT ( ( #3169 ) ) GLOBAL_UNIT_ASSIGNED_CONTEXT ( ( #6192, #4324, #8597 ) ) REPRESENTATION_CONTEXT ( 'NONE', 'WORKASPACE' ) );
#5414 = CARTESIAN_POINT ( 'NONE',  ( 19.86718589315090000, 10.49999999999999822, 9.449599181287309690 ) ) ;
#5415 = AXIS2_PLACEMENT_3D ( 'NONE', #5304, #8756, #5141 ) ;
#5416 = SURFACE_STYLE_USAGE ( .BOTH. , #9932 ) ;
#5417 = EDGE_CURVE ( 'NONE', #8467, #10298, #6584, .T. ) ;
#5418 = CARTESIAN_POINT ( 'NONE',  ( 0.000000000000000000, 6.064326197966698473, 13.14541852518598830 ) ) ;
#5419 = ORIENTED_EDGE ( 'NONE', *, *, #699, .F. ) ;
#5420 = CIRCLE ( 'NONE', #498, 32.50000000000000000 ) ;
#5421 = ORIENTED_EDGE ( 'NONE', *, *, #9197, .T. ) ;
#5422 = CARTESIAN_POINT ( 'NONE',  ( -22.80419369326623524, -13.15000000000000213, -22.80419369326607537 ) ) ;
#5423 = CARTESIAN_POINT ( 'NONE',  ( -8.446011877133067003, 6.499999999999999112, -11.12892169252501162 ) ) ;
#5424 = B_SPLINE_CURVE_WITH_KNOTS ( 'NONE', 3,
 ( #10409, #9675, #6269, #2560, #7988, #8719, #3590, #7024 ),
 .UNSPECIFIED., .F., .F.,
 ( 4, 2, 2, 4 ),
 ( 8.673617379884034509E-19, 0.0002429683717504908867, 0.0004859367435009809061, 0.0009718734870019557406 ),
 .UNSPECIFIED. ) ;
#5425 = ORIENTED_EDGE ( 'NONE', *, *, #7102, .F. ) ;
#5426 = DIRECTION ( 'NONE',  ( 0.000000000000000000, -1.000000000000000000, 0.000000000000000000 ) ) ;
#5427 = DIRECTION ( 'NONE',  ( 0.000000000000000000, 0.000000000000000000, 1.000000000000000000 ) ) ;
#5428 = VECTOR ( 'NONE', #10081, 1000.000000000000000 ) ;
#5429 = PRESENTATION_LAYER_ASSIGNMENT (  '', '', ( #2680 ) ) ;
#5430 =( LENGTH_UNIT ( ) NAMED_UNIT ( * ) SI_UNIT ( .MILLI., .METRE. ) );
#5431 = DIRECTION ( 'NONE',  ( -0.000000000000000000, 1.000000000000000000, -0.000000000000000000 ) ) ;
#5432 = CARTESIAN_POINT ( 'NONE',  ( 5.414922963887680574, 6.499999999999999112, 12.87892169252490682 ) ) ;
#5433 = VERTEX_POINT ( 'NONE', #7955 ) ;
#5434 = EDGE_CURVE ( 'NONE', #1037, #5122, #2857, .T. ) ;
#5435 = FACE_OUTER_BOUND ( 'NONE', #1823, .T. ) ;
#5436 = DIRECTION ( 'NONE',  ( -0.8660254037844397068, 0.000000000000000000, 0.4999999999999981126 ) ) ;
#5437 = SURFACE_STYLE_FILL_AREA ( #3885 ) ;
#5438 = CARTESIAN_POINT ( 'NONE',  ( -9.449599181287064553, 10.49999999999999822, -19.86718589315101724 ) ) ;
#5439 = AXIS2_PLACEMENT_3D ( 'NONE', #4264, #1579, #2537 ) ;
#5440 = CARTESIAN_POINT ( 'NONE',  ( -2.463294286165488955, 1.500000000000001332, 7.766550857632741334 ) ) ;
#5441 = SURFACE_STYLE_FILL_AREA ( #6281 ) ;
#5442 =( GEOMETRIC_REPRESENTATION_CONTEXT ( 3 ) GLOBAL_UNCERTAINTY_ASSIGNED_CONTEXT ( ( #337 ) ) GLOBAL_UNIT_ASSIGNED_CONTEXT ( ( #3705, #9572, #1767 ) ) REPRESENTATION_CONTEXT ( 'NONE', 'WORKASPACE' ) );
#5443 = CONICAL_SURFACE ( 'NONE', #3382, 14.30000000000000071, 0.5996168419455644161 ) ;
#5444 = CARTESIAN_POINT ( 'NONE',  ( 0.000000000000000000, 10.49999999999999822, 0.000000000000000000 ) ) ;
#5445 = VECTOR ( 'NONE', #4655, 1000.000000000000000 ) ;
#5446 = CARTESIAN_POINT ( 'NONE',  ( 2.974444766188807154, 0.2178369010166506803, 8.651889459346334021 ) ) ;
#5447 = SURFACE_STYLE_USAGE ( .BOTH. , #2578 ) ;
#5448 = ORIENTED_EDGE ( 'NONE', *, *, #3755, .T. ) ;
#5449 = ADVANCED_FACE ( 'NONE', ( #1404 ), #725, .F. ) ;
#5450 = EDGE_CURVE ( 'NONE', #5165, #4128, #8758, .T. ) ;
#5451 = DIRECTION ( 'NONE',  ( -0.8660254037844382635, 0.000000000000000000, 0.5000000000000005551 ) ) ;
#5452 = ORIENTED_EDGE ( 'NONE', *, *, #5809, .F. ) ;
#5453 = ORIENTED_EDGE ( 'NONE', *, *, #5126, .F. ) ;
#5454 = DIRECTION ( 'NONE',  ( 0.000000000000000000, 0.000000000000000000, -1.000000000000000000 ) ) ;
#5455 = CARTESIAN_POINT ( 'NONE',  ( -11.87644895387773580, 10.49999999999999822, -8.877596942702046690 ) ) ;
#5456 = FILL_AREA_STYLE ('',( #8117 ) ) ;
#5457 = DIRECTION ( 'NONE',  ( 0.4999999999999890643, 0.000000000000000000, 0.8660254037844448138 ) ) ;
#5458 = DIRECTION ( 'NONE',  ( 0.000000000000000000, 1.000000000000000000, 0.000000000000000000 ) ) ;
#5459 = DIRECTION ( 'NONE',  ( 0.4999999999999995559, 0.000000000000000000, -0.8660254037844389297 ) ) ;
#5460 = AXIS2_PLACEMENT_3D ( 'NONE', #5240, #4372, #5494 ) ;
#5461 = ORIENTED_EDGE ( 'NONE', *, *, #10555, .T. ) ;
#5462 = EDGE_CURVE ( 'NONE', #3644, #1125, #3076, .T. ) ;
#5463 = DIRECTION ( 'NONE',  ( 0.000000000000000000, -1.000000000000000000, 0.000000000000000000 ) ) ;
#5464 = LINE ( 'NONE', #3737, #9116 ) ;
#5465 = DIRECTION ( 'NONE',  ( 0.000000000000000000, 0.000000000000000000, -1.000000000000000000 ) ) ;
#5466 = SURFACE_STYLE_USAGE ( .BOTH. , #6410 ) ;
#5467 = CARTESIAN_POINT ( 'NONE',  ( -8.461742538715427031, 10.06432619796669847, -11.15616799762232958 ) ) ;
#5468 = PRESENTATION_LAYER_ASSIGNMENT (  '', '', ( #4943 ) ) ;
#5469 = ORIENTED_EDGE ( 'NONE', *, *, #10980, .T. ) ;
#5470 = CARTESIAN_POINT ( 'NONE',  ( -2.974444766188798273, 0.2178369010166496533, 8.651889459346335798 ) ) ;
#5471 = AXIS2_PLACEMENT_3D ( 'NONE', #1358, #4663, #3024 ) ;
#5472 = UNCERTAINTY_MEASURE_WITH_UNIT (LENGTH_MEASURE( 1.000000000000000082E-05 ), #3948, 'distance_accuracy_value', 'NONE');
#5473 = DIRECTION ( 'NONE',  ( 0.000000000000000000, 0.000000000000000000, 1.000000000000000000 ) ) ;
#5474 = VECTOR ( 'NONE', #9035, 1000.000000000000000 ) ;
#5475 = CARTESIAN_POINT ( 'NONE',  ( -20.68287334970656133, 13.44999999999999929, 20.68287334970646896 ) ) ;
#5476 = ORIENTED_EDGE ( 'NONE', *, *, #1230, .F. ) ;
#5477 = AXIS2_PLACEMENT_3D ( 'NONE', #6213, #916, #5379 ) ;
#5478 = B_SPLINE_CURVE_WITH_KNOTS ( 'NONE', 3,
 ( #5138, #1001, #3380, #7745 ),
 .UNSPECIFIED., .F., .F.,
 ( 4, 4 ),
 ( 0.0005294582654890439555, 0.007640805118562060856 ),
 .UNSPECIFIED. ) ;
#5479 = ORIENTED_EDGE ( 'NONE', *, *, #5510, .F. ) ;
#5480 = CARTESIAN_POINT ( 'NONE',  ( 0.000000000000000000, 13.54999999999999893, -29.50000000000000000 ) ) ;
#5481 = CYLINDRICAL_SURFACE ( 'NONE', #8180, 26.00000000000000355 ) ;
#5482 = EDGE_CURVE ( 'NONE', #7392, #8397, #6926, .T. ) ;
#5483 = ORIENTED_EDGE ( 'NONE', *, *, #1921, .T. ) ;
#5484 = CARTESIAN_POINT ( 'NONE',  ( -1.749999999999997335, 2.163039541227799401, 10.33468313576157804 ) ) ;
#5485 = FACE_OUTER_BOUND ( 'NONE', #8866, .T. ) ;
#5486 = B_SPLINE_CURVE_WITH_KNOTS ( 'NONE', 3,
 ( #4958, #1622, #605, #658, #3199, #4142 ),
 .UNSPECIFIED., .F., .F.,
 ( 4, 2, 4 ),
 ( 0.000000000000000000, 0.0002346920004465208537, 0.0004693840008930417074 ),
 .UNSPECIFIED. ) ;
#5487 = DIRECTION ( 'NONE',  ( -0.000000000000000000, 1.000000000000000000, -0.000000000000000000 ) ) ;
#5488 = LINE ( 'NONE', #6433, #3749 ) ;
#5489 = EDGE_LOOP ( 'NONE', ( #7018, #4783, #9097, #2972, #1992, #3027 ) ) ;
#5490 = CARTESIAN_POINT ( 'NONE',  ( 11.87644895387785660, 10.49999999999999822, -8.877596942701881488 ) ) ;
#5491 = CARTESIAN_POINT ( 'NONE',  ( 20.00331861737271666, 10.53248139031239816, -9.528195446262243351 ) ) ;
#5492 = COLOUR_RGB ( '',0.1529411764705882470, 0.4901960784313725283, 1.000000000000000000 ) ;
#5493 = DIRECTION ( 'NONE',  ( 0.000000000000000000, 0.000000000000000000, 1.000000000000000000 ) ) ;
#5494 = DIRECTION ( 'NONE',  ( 0.000000000000000000, 0.000000000000000000, 1.000000000000000000 ) ) ;
#5495 = ADVANCED_FACE ( 'NONE', ( #4766 ), #7060, .F. ) ;
#5496 = LINE ( 'NONE', #183, #202 ) ;
#5497 = CARTESIAN_POINT ( 'NONE',  ( 11.34569911728715930, 10.30978705923620886, 8.571168381673926362 ) ) ;
#5498 = VERTEX_POINT ( 'NONE', #3735 ) ;
#5499 = CIRCLE ( 'NONE', #3854, 8.147829831584077809 ) ;
#5500 = DIRECTION ( 'NONE',  ( -0.000000000000000000, 1.000000000000000000, -0.000000000000000000 ) ) ;
#5501 = ORIENTED_EDGE ( 'NONE', *, *, #4156, .F. ) ;
#5502 = PRESENTATION_LAYER_ASSIGNMENT (  '', '', ( #7865 ) ) ;
#5503 = VERTEX_POINT ( 'NONE', #3502 ) ;
#5504 = ORIENTED_EDGE ( 'NONE', *, *, #1858, .T. ) ;
#5505 = CARTESIAN_POINT ( 'NONE',  ( -8.029750628565412995, 6.064326197966699361, 10.40793606078343814 ) ) ;
#5506 = AXIS2_PLACEMENT_3D ( 'NONE', #9175, #5888, #10123 ) ;
#5507 = CARTESIAN_POINT ( 'NONE',  ( 18.37780823672227726, 0.000000000000000000, -12.63115847475055986 ) ) ;
#5508 = AXIS2_PLACEMENT_3D ( 'NONE', #8545, #8606, #1819 ) ;
#5509 = EDGE_CURVE ( 'NONE', #9356, #5291, #3623, .T. ) ;
#5510 = EDGE_CURVE ( 'NONE', #3924, #7837, #3018, .T. ) ;
#5511 = DIRECTION ( 'NONE',  ( 0.000000000000000000, 0.000000000000000000, -1.000000000000000000 ) ) ;
#5512 = SURFACE_SIDE_STYLE ('',( #8288 ) ) ;
#5513 = LINE ( 'NONE', #10608, #2410 ) ;
#5514 = DIRECTION ( 'NONE',  ( -0.000000000000000000, -1.000000000000000000, -0.000000000000000000 ) ) ;
#5515 = AXIS2_PLACEMENT_3D ( 'NONE', #7848, #6137, #1799 ) ;
#5516 = ORIENTED_EDGE ( 'NONE', *, *, #490, .T. ) ;
#5517 = VECTOR ( 'NONE', #4932, 1000.000000000000000 ) ;
#5518 = B_SPLINE_CURVE_WITH_KNOTS ( 'NONE', 3,
 ( #8616, #6163, #9622, #971 ),
 .UNSPECIFIED., .F., .F.,
 ( 4, 4 ),
 ( 2.441178545170013186E-07, 0.01041986825085306975 ),
 .UNSPECIFIED. ) ;
#5519 = CARTESIAN_POINT ( 'NONE',  ( 8.651889459346335798, 0.2178369010166496533, 2.974444766188799161 ) ) ;
#5520 =( LENGTH_UNIT ( ) NAMED_UNIT ( * ) SI_UNIT ( .MILLI., .METRE. ) );
#5521 =( LENGTH_UNIT ( ) NAMED_UNIT ( * ) SI_UNIT ( .MILLI., .METRE. ) );
#5522 = COLOUR_RGB ( '',0.1529411764705882470, 0.4901960784313725283, 1.000000000000000000 ) ;
#5523 = ORIENTED_EDGE ( 'NONE', *, *, #5510, .T. ) ;
#5524 = DIRECTION ( 'NONE',  ( 0.000000000000000000, 0.000000000000000000, -1.000000000000000000 ) ) ;
#5525 = EDGE_CURVE ( 'NONE', #1881, #1872, #4192, .T. ) ;
#5526 =( NAMED_UNIT ( * ) PLANE_ANGLE_UNIT ( ) SI_UNIT ( $, .RADIAN. ) );
#5527 = CARTESIAN_POINT ( 'NONE',  ( 22.80419369326623524, 13.54999999999999893, 22.55419369326607892 ) ) ;
#5528 = LINE ( 'NONE', #10785, #632 ) ;
#5529 = CARTESIAN_POINT ( 'NONE',  ( -1.749999999999994449, -18.21991441758264685, 22.23122803625566846 ) ) ;
#5530 = FACE_OUTER_BOUND ( 'NONE', #6921, .T. ) ;
#5531 = STYLED_ITEM ( 'NONE', ( #5696 ), #3478 ) ;
#5532 =( NAMED_UNIT ( * ) PLANE_ANGLE_UNIT ( ) SI_UNIT ( $, .RADIAN. ) );
#5533 = AXIS2_PLACEMENT_3D ( 'NONE', #10016, #2355, #2237 ) ;
#5534 = FACE_OUTER_BOUND ( 'NONE', #4706, .T. ) ;
#5535 = COLOUR_RGB ( '',0.1529411764705882470, 0.4901960784313725283, 1.000000000000000000 ) ;
#5536 = ORIENTED_EDGE ( 'NONE', *, *, #414, .F. ) ;
#5537 =( NAMED_UNIT ( * ) SI_UNIT ( $, .STERADIAN. ) SOLID_ANGLE_UNIT ( ) );
#5538 = ORIENTED_EDGE ( 'NONE', *, *, #9799, .F. ) ;
#5539 = CIRCLE ( 'NONE', #3893, 32.50000000000000000 ) ;
#5540 = CYLINDRICAL_SURFACE ( 'NONE', #522, 29.50000000000000000 ) ;
#5541 = CARTESIAN_POINT ( 'NONE',  ( -9.600069561504810167, 10.80000000000000071, -20.12780823672236963 ) ) ;
#5542 = ADVANCED_FACE ( 'NONE', ( #1412 ), #11080, .F. ) ;
#5543 = CIRCLE ( 'NONE', #48, 8.000000000000000000 ) ;
#5544 = ORIENTED_EDGE ( 'NONE', *, *, #1426, .F. ) ;
#5545 = CARTESIAN_POINT ( 'NONE',  ( -1.749999999999999778, 6.500000000000000000, -13.77878098578599442 ) ) ;
#5546 = CYLINDRICAL_SURFACE ( 'NONE', #6417, 0.2500000000000002220 ) ;
#5547 =( NAMED_UNIT ( * ) PLANE_ANGLE_UNIT ( ) SI_UNIT ( $, .RADIAN. ) );
#5548 = CARTESIAN_POINT ( 'NONE',  ( -1.750000000000002665, 10.49999999999999822, -21.93028727582017012 ) ) ;
#5549 = PLANE ( 'NONE',  #9384 ) ;
#5550 = FILL_AREA_STYLE_COLOUR ( '', #7162 ) ;
#5551 = ORIENTED_EDGE ( 'NONE', *, *, #3906, .F. ) ;
#5552 =( NAMED_UNIT ( * ) PLANE_ANGLE_UNIT ( ) SI_UNIT ( $, .RADIAN. ) );
#5553 = FACE_OUTER_BOUND ( 'NONE', #5023, .T. ) ;
#5554 = AXIS2_PLACEMENT_3D ( 'NONE', #2326, #718, #11131 ) ;
#5555 = DIRECTION ( 'NONE',  ( 0.000000000000000000, 0.000000000000000000, 1.000000000000000000 ) ) ;
#5556 = DIRECTION ( 'NONE',  ( 0.000000000000000000, 0.000000000000000000, 1.000000000000000000 ) ) ;
#5557 = VECTOR ( 'NONE', #1590, 1000.000000000000000 ) ;
#5558 = SURFACE_STYLE_USAGE ( .BOTH. , #586 ) ;
#5559 = DIRECTION ( 'NONE',  ( -1.367258905585373648E-16, -0.000000000000000000, -1.000000000000000000 ) ) ;
#5560 = EDGE_LOOP ( 'NONE', ( #6727, #1416, #3484, #9163 ) ) ;
#5561 = EDGE_CURVE ( 'NONE', #10262, #7761, #3897, .T. ) ;
#5562 = DIRECTION ( 'NONE',  ( 0.000000000000000000, 0.000000000000000000, 1.000000000000000000 ) ) ;
#5563 = ORIENTED_EDGE ( 'NONE', *, *, #10823, .T. ) ;
#5564 = PRESENTATION_LAYER_ASSIGNMENT (  '', '', ( #10445 ) ) ;
#5565 = AXIS2_PLACEMENT_3D ( 'NONE', #9069, #4823, #3954 ) ;
#5566 = ORIENTED_EDGE ( 'NONE', *, *, #5089, .T. ) ;
#5567 = PRESENTATION_STYLE_ASSIGNMENT (( #6295 ) ) ;
#5568 = FACE_BOUND ( 'NONE', #5795, .T. ) ;
#5569 = DIRECTION ( 'NONE',  ( 0.000000000000000000, 0.000000000000000000, 1.000000000000000000 ) ) ;
#5570 = PRESENTATION_STYLE_ASSIGNMENT (( #10609 ) ) ;
#5571 = CIRCLE ( 'NONE', #2985, 32.00000000000000000 ) ;
#5572 = CARTESIAN_POINT ( 'NONE',  ( 0.000000000000000000, 13.44999999999999929, 0.000000000000000000 ) ) ;
#5573 = VERTEX_POINT ( 'NONE', #8280 ) ;
#5574 = VERTEX_POINT ( 'NONE', #2241 ) ;
#5575 = EDGE_CURVE ( 'NONE', #3526, #5951, #3633, .T. ) ;
#5576 = CARTESIAN_POINT ( 'NONE',  ( 0.000000000000000000, 9.499999999999998224, 0.000000000000000000 ) ) ;
#5577 =( NAMED_UNIT ( * ) SI_UNIT ( $, .STERADIAN. ) SOLID_ANGLE_UNIT ( ) );
#5578 = ORIENTED_EDGE ( 'NONE', *, *, #529, .T. ) ;
#5579 = DIRECTION ( 'NONE',  ( 0.000000000000000000, 0.000000000000000000, -1.000000000000000000 ) ) ;
#5580 = COLOUR_RGB ( '',0.1529411764705882470, 0.4901960784313725283, 1.000000000000000000 ) ;
#5581 = VECTOR ( 'NONE', #6330, 1000.000000000000000 ) ;
#5582 = ORIENTED_EDGE ( 'NONE', *, *, #4472, .F. ) ;
#5583 =( LENGTH_UNIT ( ) NAMED_UNIT ( * ) SI_UNIT ( .MILLI., .METRE. ) );
#5584 = SURFACE_SIDE_STYLE ('',( #9926 ) ) ;
#5585 = CARTESIAN_POINT ( 'NONE',  ( 0.000000000000000000, 9.499999999999998224, 0.000000000000000000 ) ) ;
#5586 = UNCERTAINTY_MEASURE_WITH_UNIT (LENGTH_MEASURE( 1.000000000000000082E-05 ), #7035, 'distance_accuracy_value', 'NONE');
#5587 = VERTEX_POINT ( 'NONE', #9852 ) ;
#5588 = PRESENTATION_LAYER_ASSIGNMENT (  '', '', ( #8482 ) ) ;
#5589 = SURFACE_SIDE_STYLE ('',( #1255 ) ) ;
#5590 = EDGE_CURVE ( 'NONE', #2834, #309, #5250, .T. ) ;
#5591 = EDGE_CURVE ( 'NONE', #1718, #2209, #2123, .T. ) ;
#5592 = ORIENTED_EDGE ( 'NONE', *, *, #9618, .F. ) ;
#5593 = DIRECTION ( 'NONE',  ( 0.000000000000000000, 0.000000000000000000, -1.000000000000000000 ) ) ;
#5594 = DIRECTION ( 'NONE',  ( 0.000000000000000000, 0.000000000000000000, -1.000000000000000000 ) ) ;
#5595 = EDGE_LOOP ( 'NONE', ( #7898, #4791, #10288, #5392 ) ) ;
#5596 = DIRECTION ( 'NONE',  ( 0.000000000000000000, -1.000000000000000000, 0.000000000000000000 ) ) ;
#5597 = CARTESIAN_POINT ( 'NONE',  ( -1.750000000000000666, 1.500000000000001332, -7.957677485576517995 ) ) ;
#5598 = EDGE_LOOP ( 'NONE', ( #7442, #7178, #3783, #10572 ) ) ;
#5599 = SURFACE_STYLE_FILL_AREA ( #2106 ) ;
#5600 = CARTESIAN_POINT ( 'NONE',  ( -3.651799020035130461, 2.163045022804032769, -9.825101441731346696 ) ) ;
#5601 = DIRECTION ( 'NONE',  ( -0.000000000000000000, -1.000000000000000000, -0.000000000000000000 ) ) ;
#5602 = CARTESIAN_POINT ( 'NONE',  ( 9.797174393178825657E-16, -4.000000000000000000, -8.000000000000000000 ) ) ;
#5603 = ORIENTED_EDGE ( 'NONE', *, *, #11050, .F. ) ;
#5604 = COLOUR_RGB ( '',0.1529411764705882470, 0.4901960784313725283, 1.000000000000000000 ) ;
#5605 = DIRECTION ( 'NONE',  ( 0.000000000000000000, 0.000000000000000000, -1.000000000000000000 ) ) ;
#5606 = FILL_AREA_STYLE_COLOUR ( '', #1952 ) ;
#5607 = EDGE_CURVE ( 'NONE', #6691, #9858, #4699, .T. ) ;
#5608 = CARTESIAN_POINT ( 'NONE',  ( -13.31894628968455407, 6.347063136999498312, -1.749999999999730216 ) ) ;
#5609 = PRESENTATION_STYLE_ASSIGNMENT (( #9010 ) ) ;
#5610 = SURFACE_SIDE_STYLE ('',( #6282 ) ) ;
#5611 = CIRCLE ( 'NONE', #3596, 8.147829831584077809 ) ;
#5612 = FACE_OUTER_BOUND ( 'NONE', #793, .T. ) ;
#5613 = VECTOR ( 'NONE', #3419, 1000.000000000000000 ) ;
#5614 = CARTESIAN_POINT ( 'NONE',  ( 0.000000000000000000, 13.44999999999999929, 0.000000000000000000 ) ) ;
#5615 = CARTESIAN_POINT ( 'NONE',  ( 11.80535217220782229, 10.49999999999999822, 8.836549196666201311 ) ) ;
#5616 =( NAMED_UNIT ( * ) PLANE_ANGLE_UNIT ( ) SI_UNIT ( $, .RADIAN. ) );
#5617 = ORIENTED_EDGE ( 'NONE', *, *, #8618, .T. ) ;
#5618 = CARTESIAN_POINT ( 'NONE',  ( 9.491329577035873655, 4.345517802399461615, -3.459095744105402659 ) ) ;
#5619 = MECHANICAL_DESIGN_GEOMETRIC_PRESENTATION_REPRESENTATION (  '', ( #9605 ), #4715 ) ;
#5620 = CARTESIAN_POINT ( 'NONE',  ( 13.24756406759614258, 6.309836766224226068, -1.750000000000410783 ) ) ;
#5621 = ORIENTED_EDGE ( 'NONE', *, *, #2582, .T. ) ;
#5622 = AXIS2_PLACEMENT_3D ( 'NONE', #220, #8990, #8137 ) ;
#5623 = ORIENTED_EDGE ( 'NONE', *, *, #316, .T. ) ;
#5624 = B_SPLINE_CURVE_WITH_KNOTS ( 'NONE', 3,
 ( #2155, #448, #10833, #7232 ),
 .UNSPECIFIED., .F., .F.,
 ( 4, 4 ),
 ( 3.925444210251266797E-18, 0.0004900010714873862146 ),
 .UNSPECIFIED. ) ;
#5625 = DIRECTION ( 'NONE',  ( -0.000000000000000000, 1.000000000000000000, -0.000000000000000000 ) ) ;
#5626 = PRESENTATION_STYLE_ASSIGNMENT (( #4619 ) ) ;
#5627 = FACE_OUTER_BOUND ( 'NONE', #3684, .T. ) ;
#5628 = DIRECTION ( 'NONE',  ( -0.000000000000000000, 1.000000000000000000, -0.000000000000000000 ) ) ;
#5629 = AXIS2_PLACEMENT_3D ( 'NONE', #6214, #2929, #9166 ) ;
#5630 = EDGE_CURVE ( 'NONE', #340, #7608, #4016, .T. ) ;
#5631 = CARTESIAN_POINT ( 'NONE',  ( 22.30000000000000071, 6.499999999999999112, 0.000000000000000000 ) ) ;
#5632 = DIRECTION ( 'NONE',  ( -0.000000000000000000, 1.000000000000000000, -0.000000000000000000 ) ) ;
#5633 = ORIENTED_EDGE ( 'NONE', *, *, #9404, .F. ) ;
#5634 = FILL_AREA_STYLE_COLOUR ( '', #7101 ) ;
#5635 = ORIENTED_EDGE ( 'NONE', *, *, #9017, .F. ) ;
#5636 =( NAMED_UNIT ( * ) SI_UNIT ( $, .STERADIAN. ) SOLID_ANGLE_UNIT ( ) );
#5637 = ORIENTED_EDGE ( 'NONE', *, *, #8105, .T. ) ;
#5638 = ORIENTED_EDGE ( 'NONE', *, *, #7250, .T. ) ;
#5639 = EDGE_LOOP ( 'NONE', ( #8978, #4675, #2122, #3549, #910, #9623 ) ) ;
#5640 =( LENGTH_UNIT ( ) NAMED_UNIT ( * ) SI_UNIT ( .MILLI., .METRE. ) );
#5641 = CARTESIAN_POINT ( 'NONE',  ( -10.34143667485328066, -13.25000000000000178, 10.34143667485323448 ) ) ;
#5642 = DIRECTION ( 'NONE',  ( 0.000000000000000000, 0.000000000000000000, 1.000000000000000000 ) ) ;
#5643 = CARTESIAN_POINT ( 'NONE',  ( -8.979978445623086003, 0.2178369010166484321, 1.750000000000268674 ) ) ;
#5644 = EDGE_CURVE ( 'NONE', #9858, #8801, #542, .T. ) ;
#5645 = DIRECTION ( 'NONE',  ( -0.000000000000000000, 1.000000000000000000, -0.000000000000000000 ) ) ;
#5646 = ORIENTED_EDGE ( 'NONE', *, *, #4060, .F. ) ;
#5647 =( NAMED_UNIT ( * ) PLANE_ANGLE_UNIT ( ) SI_UNIT ( $, .RADIAN. ) );
#5648 = ORIENTED_EDGE ( 'NONE', *, *, #7877, .T. ) ;
#5649 = DIRECTION ( 'NONE',  ( -0.000000000000000000, 1.000000000000000000, -0.000000000000000000 ) ) ;
#5650 = EDGE_LOOP ( 'NONE', ( #7082, #758, #8989, #4305 ) ) ;
#5651 = CARTESIAN_POINT ( 'NONE',  ( -2.463294286165488955, -18.21991441758264685, 7.766550857632741334 ) ) ;
#5652 = CARTESIAN_POINT ( 'NONE',  ( -1.750000000000001554, 10.06432619796670025, -13.89239616418560352 ) ) ;
#5653 = EDGE_CURVE ( 'NONE', #9130, #9818, #6188, .T. ) ;
#5654 = VERTEX_POINT ( 'NONE', #95 ) ;
#5655 = EDGE_CURVE ( 'NONE', #7837, #1740, #6750, .T. ) ;
#5656 = AXIS2_PLACEMENT_3D ( 'NONE', #7923, #1648, #5095 ) ;
#5657 = DIRECTION ( 'NONE',  ( -0.000000000000000000, 1.000000000000000000, -0.000000000000000000 ) ) ;
#5658 = CARTESIAN_POINT ( 'NONE',  ( -20.50609665440991947, 13.54999999999999893, 20.50609665440983420 ) ) ;
#5659 = ORIENTED_EDGE ( 'NONE', *, *, #2457, .T. ) ;
#5660 = COLOUR_RGB ( '',0.1529411764705882470, 0.4901960784313725283, 1.000000000000000000 ) ;
#5661 = SURFACE_STYLE_USAGE ( .BOTH. , #10920 ) ;
#5662 = SURFACE_STYLE_USAGE ( .BOTH. , #3714 ) ;
#5663 = CARTESIAN_POINT ( 'NONE',  ( 19.86718589315092132, 10.49999999999999822, -9.449599181287272387 ) ) ;
#5664 = PLANE ( 'NONE',  #11053 ) ;
#5665 = MECHANICAL_DESIGN_GEOMETRIC_PRESENTATION_REPRESENTATION (  '', ( #2370 ), #920 ) ;
#5666 = SURFACE_STYLE_FILL_AREA ( #2172 ) ;
#5667 = EDGE_CURVE ( 'NONE', #6534, #4350, #5036, .T. ) ;
#5668 = ADVANCED_FACE ( 'NONE', ( #9991 ), #2839, .T. ) ;
#5669 = CARTESIAN_POINT ( 'NONE',  ( 0.000000000000000000, -13.15000000000000213, 0.000000000000000000 ) ) ;
#5670 = SURFACE_STYLE_USAGE ( .BOTH. , #3722 ) ;
#5671 = ORIENTED_EDGE ( 'NONE', *, *, #2013, .T. ) ;
#5672 =( LENGTH_UNIT ( ) NAMED_UNIT ( * ) SI_UNIT ( .MILLI., .METRE. ) );
#5673 = CIRCLE ( 'NONE', #7318, 0.2500000000000002220 ) ;
#5674 = CARTESIAN_POINT ( 'NONE',  ( 1.750000000000001998, 0.000000000000000000, 7.957677485576517995 ) ) ;
#5675 = EDGE_LOOP ( 'NONE', ( #8258, #3287, #8135, #10170 ) ) ;
#5676 = EDGE_LOOP ( 'NONE', ( #7754, #5055, #3336, #11100 ) ) ;
#5677 = VECTOR ( 'NONE', #466, 1000.000000000000000 ) ;
#5678 = EDGE_CURVE ( 'NONE', #672, #4329, #6280, .T. ) ;
#5679 = CARTESIAN_POINT ( 'NONE',  ( 3.184081677783118585E-15, -12.50000000000000000, -26.00000000000000355 ) ) ;
#5680 = CIRCLE ( 'NONE', #748, 0.2500000000000002220 ) ;
#5681 = CARTESIAN_POINT ( 'NONE',  ( 8.029750628565457404, 6.064326197966795284, 10.40793606078348787 ) ) ;
#5682 = FILL_AREA_STYLE_COLOUR ( '', #8227 ) ;
#5683 = CARTESIAN_POINT ( 'NONE',  ( -22.80419369326623524, 13.54999999999999893, -22.80419369326607537 ) ) ;
#5684 = ORIENTED_EDGE ( 'NONE', *, *, #559, .T. ) ;
#5685 = ORIENTED_EDGE ( 'NONE', *, *, #3746, .F. ) ;
#5686 = CARTESIAN_POINT ( 'NONE',  ( 22.00963872648457809, 10.49999999999845102, 1.749999999999587885 ) ) ;
#5687 = CARTESIAN_POINT ( 'NONE',  ( -22.80419369326623524, -13.25000000000000178, -22.55419369326607537 ) ) ;
#5688 = PRESENTATION_LAYER_ASSIGNMENT (  '', '', ( #6397 ) ) ;
#5689 = ORIENTED_EDGE ( 'NONE', *, *, #6005, .T. ) ;
#5690 = PRESENTATION_LAYER_ASSIGNMENT (  '', '', ( #1503 ) ) ;
#5691 = ORIENTED_EDGE ( 'NONE', *, *, #874, .F. ) ;
#5692 = CARTESIAN_POINT ( 'NONE',  ( -22.23122803625564359, 6.499999999999999112, 1.750000000000303313 ) ) ;
#5693 = VERTEX_POINT ( 'NONE', #10337 ) ;
#5694 = DIRECTION ( 'NONE',  ( 0.000000000000000000, 0.000000000000000000, 1.000000000000000000 ) ) ;
#5695 = DIRECTION ( 'NONE',  ( 0.000000000000000000, -1.000000000000000000, 0.000000000000000000 ) ) ;
#5696 = PRESENTATION_STYLE_ASSIGNMENT (( #4672 ) ) ;
#5697 = CARTESIAN_POINT ( 'NONE',  ( -1.750000000000002665, 0.000000000000000000, -22.23122803625566846 ) ) ;
#5698 = STYLED_ITEM ( 'NONE', ( #8004 ), #2248 ) ;
#5699 = CARTESIAN_POINT ( 'NONE',  ( 0.000000000000000000, 13.44999999999999929, 0.000000000000000000 ) ) ;
#5700 = DIRECTION ( 'NONE',  ( -0.000000000000000000, 1.000000000000000000, -0.000000000000000000 ) ) ;
#5701 = FACE_OUTER_BOUND ( 'NONE', #1566, .T. ) ;
#5702 = UNCERTAINTY_MEASURE_WITH_UNIT (LENGTH_MEASURE( 1.000000000000000082E-05 ), #212, 'distance_accuracy_value', 'NONE');
#5703 = CONICAL_SURFACE ( 'NONE', #1688, 9.000000000000000000, 0.5996168419455644161 ) ;
#5704 = ORIENTED_EDGE ( 'NONE', *, *, #1471, .F. ) ;
#5705 = ORIENTED_EDGE ( 'NONE', *, *, #8211, .F. ) ;
#5706 = EDGE_CURVE ( 'NONE', #6332, #4110, #6364, .T. ) ;
#5707 = AXIS2_PLACEMENT_3D ( 'NONE', #2881, #10113, #637 ) ;
#5708 = VERTEX_POINT ( 'NONE', #10189 ) ;
#5709 = DIRECTION ( 'NONE',  ( -0.000000000000000000, 1.000000000000000000, -0.000000000000000000 ) ) ;
#5710 = CARTESIAN_POINT ( 'NONE',  ( 0.000000000000000000, -13.25000000000000178, 0.000000000000000000 ) ) ;
#5711 = VERTEX_POINT ( 'NONE', #2411 ) ;
#5712 = DIRECTION ( 'NONE',  ( -0.000000000000000000, 1.000000000000000000, -0.000000000000000000 ) ) ;
#5713 = MECHANICAL_DESIGN_GEOMETRIC_PRESENTATION_REPRESENTATION (  '', ( #781 ), #1703 ) ;
#5714 = CARTESIAN_POINT ( 'NONE',  ( 9.600069561505076621, 0.000000000000000000, 20.12780823672224173 ) ) ;
#5715 = CARTESIAN_POINT ( 'NONE',  ( 0.000000000000000000, 13.54999999999999893, 0.000000000000000000 ) ) ;
#5716 = FILL_AREA_STYLE ('',( #10117 ) ) ;
#5717 = MECHANICAL_DESIGN_GEOMETRIC_PRESENTATION_REPRESENTATION (  '', ( #7900 ), #9697 ) ;
#5718 = VERTEX_POINT ( 'NONE', #5895 ) ;
#5719 = CARTESIAN_POINT ( 'NONE',  ( 11.40746206435835575, 10.34702362053678115, -8.606827235791397968 ) ) ;
#5720 = ADVANCED_FACE ( 'NONE', ( #5485 ), #4636, .F. ) ;
#5721 = ADVANCED_FACE ( 'NONE', ( #3446 ), #7302, .F. ) ;
#5722 = PRESENTATION_LAYER_ASSIGNMENT (  '', '', ( #1154 ) ) ;
#5723 = VECTOR ( 'NONE', #8561, 1000.000000000000000 ) ;
#5724 = CYLINDRICAL_SURFACE ( 'NONE', #4245, 32.50000000000000000 ) ;
#5725 = B_SPLINE_CURVE_WITH_KNOTS ( 'NONE', 3,
 ( #1786, #9694, #4425, #10367 ),
 .UNSPECIFIED., .F., .F.,
 ( 4, 4 ),
 ( 0.01388705713035107668, 0.02430667705227500600 ),
 .UNSPECIFIED. ) ;
#5726 = CARTESIAN_POINT ( 'NONE',  ( 1.750000000000001998, -18.21991441758264685, 7.957677485576517995 ) ) ;
#5727 = CARTESIAN_POINT ( 'NONE',  ( -12.63115847475059361, 10.80000000000000071, 18.37780823672225594 ) ) ;
#5728 = CARTESIAN_POINT ( 'NONE',  ( 7.090544456622774661, 6.499999999999999112, 8.781183252196493427 ) ) ;
#5729 = CARTESIAN_POINT ( 'NONE',  ( 11.87644895387784238, 10.49999999999999822, 8.877596942701906357 ) ) ;
#5730 = FILL_AREA_STYLE ('',( #10245 ) ) ;
#5731 =( NAMED_UNIT ( * ) PLANE_ANGLE_UNIT ( ) SI_UNIT ( $, .RADIAN. ) );
#5732 = CIRCLE ( 'NONE', #6611, 30.50000000000000000 ) ;
#5733 = ORIENTED_EDGE ( 'NONE', *, *, #7207, .F. ) ;
#5734 = DIRECTION ( 'NONE',  ( 0.000000000000000000, 0.000000000000000000, 1.000000000000000000 ) ) ;
#5735 = EDGE_CURVE ( 'NONE', #3256, #1139, #3589, .T. ) ;
#5736 = PLANE ( 'NONE',  #7257 ) ;
#5737 = EDGE_CURVE ( 'NONE', #2004, #9973, #2371, .T. ) ;
#5738 = ORIENTED_EDGE ( 'NONE', *, *, #9025, .T. ) ;
#5739 = VECTOR ( 'NONE', #5968, 1000.000000000000114 ) ;
#5740 = CARTESIAN_POINT ( 'NONE',  ( 20.50609665440994789, 13.54999999999999893, 20.50609665440980578 ) ) ;
#5741 = DIRECTION ( 'NONE',  ( -0.000000000000000000, 1.000000000000000000, -0.000000000000000000 ) ) ;
#5742 = DIRECTION ( 'NONE',  ( 0.000000000000000000, 0.000000000000000000, 1.000000000000000000 ) ) ;
#5743 =( LENGTH_UNIT ( ) NAMED_UNIT ( * ) SI_UNIT ( .MILLI., .METRE. ) );
#5744 = ORIENTED_EDGE ( 'NONE', *, *, #8857, .T. ) ;
#5745 = CIRCLE ( 'NONE', #7379, 13.97097042681812873 ) ;
#5746 = ORIENTED_EDGE ( 'NONE', *, *, #8916, .F. ) ;
#5747 = DIRECTION ( 'NONE',  ( 0.000000000000000000, -1.000000000000000000, 0.000000000000000000 ) ) ;
#5748 = EDGE_CURVE ( 'NONE', #75, #10370, #6034, .T. ) ;
#5749 = EDGE_CURVE ( 'NONE', #5960, #10390, #6756, .T. ) ;
#5750 = ORIENTED_EDGE ( 'NONE', *, *, #5860, .F. ) ;
#5751 = VERTEX_POINT ( 'NONE', #8353 ) ;
#5752 = ORIENTED_EDGE ( 'NONE', *, *, #2748, .T. ) ;
#5753 = CARTESIAN_POINT ( 'NONE',  ( 14.30000000000000071, 10.49999999999999822, 0.000000000000000000 ) ) ;
#5754 = COLOUR_RGB ( '',0.1529411764705882470, 0.4901960784313725283, 1.000000000000000000 ) ;
#5755 = CARTESIAN_POINT ( 'NONE',  ( -9.600069561505057081, 6.499999999999999112, 20.12780823672225239 ) ) ;
#5756 =( LENGTH_UNIT ( ) NAMED_UNIT ( * ) SI_UNIT ( .MILLI., .METRE. ) );
#5757 = VERTEX_POINT ( 'NONE', #8176 ) ;
#5758 = CARTESIAN_POINT ( 'NONE',  ( 8.714423085854823725, 10.45964560473159111, 11.59382354335170362 ) ) ;
#5759 = ORIENTED_EDGE ( 'NONE', *, *, #10980, .F. ) ;
#5760 = ORIENTED_EDGE ( 'NONE', *, *, #4995, .F. ) ;
#5761 = B_SPLINE_CURVE_WITH_KNOTS ( 'NONE', 3,
 ( #772, #7910, #24, #5971, #10328, #9433, #5244, #1637 ),
 .UNSPECIFIED., .F., .F.,
 ( 4, 2, 2, 4 ),
 ( 8.673617379884035472E-19, 0.0002429683717504879594, 0.0004859367435009750514, 0.0009718734870019568248 ),
 .UNSPECIFIED. ) ;
#5762 = CARTESIAN_POINT ( 'NONE',  ( -12.80777436687268711, 6.499999999999999112, -5.373846036270249371 ) ) ;
#5763 = CARTESIAN_POINT ( 'NONE',  ( 1.750000000000001998, 6.500000000000001776, 13.77878098578599975 ) ) ;
#5764 = VERTEX_POINT ( 'NONE', #9257 ) ;
#5765 =( GEOMETRIC_REPRESENTATION_CONTEXT ( 3 ) GLOBAL_UNCERTAINTY_ASSIGNED_CONTEXT ( ( #671 ) ) GLOBAL_UNIT_ASSIGNED_CONTEXT ( ( #5821, #5213, #8608 ) ) REPRESENTATION_CONTEXT ( 'NONE', 'WORKASPACE' ) );
#5766 = PRESENTATION_STYLE_ASSIGNMENT (( #3998 ) ) ;
#5767 = EDGE_CURVE ( 'NONE', #7902, #5181, #1998, .T. ) ;
#5768 = CARTESIAN_POINT ( 'NONE',  ( 9.600069561505076621, -18.21991441758264685, 20.12780823672224173 ) ) ;
#5769 = CARTESIAN_POINT ( 'NONE',  ( 6.016550857632742222, 1.499999999999999556, 5.494383199411024599 ) ) ;
#5770 = EDGE_LOOP ( 'NONE', ( #9593, #11087, #9884, #254 ) ) ;
#5771 = DIRECTION ( 'NONE',  ( 0.000000000000000000, -1.000000000000000000, 0.000000000000000000 ) ) ;
#5772 = CARTESIAN_POINT ( 'NONE',  ( 12.90616799762229583, 10.06432619796679795, -5.430653625470038826 ) ) ;
#5773 = FACE_OUTER_BOUND ( 'NONE', #6123, .T. ) ;
#5774 = SURFACE_STYLE_USAGE ( .BOTH. , #10295 ) ;
#5775 = CARTESIAN_POINT ( 'NONE',  ( 22.30000000000000071, 6.499999999999999112, 1.750000000000258016 ) ) ;
#5776 = CARTESIAN_POINT ( 'NONE',  ( 0.000000000000000000, 5.499999999999999112, 0.000000000000000000 ) ) ;
#5777 = CIRCLE ( 'NONE', #8139, 30.99999999999999645 ) ;
#5778 = EDGE_CURVE ( 'NONE', #10316, #6306, #816, .T. ) ;
#5779 = AXIS2_PLACEMENT_3D ( 'NONE', #1376, #3567, #7853 ) ;
#5780 =( NAMED_UNIT ( * ) PLANE_ANGLE_UNIT ( ) SI_UNIT ( $, .RADIAN. ) );
#5781 =( LENGTH_UNIT ( ) NAMED_UNIT ( * ) SI_UNIT ( .MILLI., .METRE. ) );
#5782 = ORIENTED_EDGE ( 'NONE', *, *, #5992, .T. ) ;
#5783 = SURFACE_STYLE_FILL_AREA ( #1456 ) ;
#5784 = SURFACE_STYLE_USAGE ( .BOTH. , #3898 ) ;
#5785 = CARTESIAN_POINT ( 'NONE',  ( -8.485033759398906028, 10.13193726329756750, -11.19650957521641388 ) ) ;
#5786 =( GEOMETRIC_REPRESENTATION_CONTEXT ( 3 ) GLOBAL_UNCERTAINTY_ASSIGNED_CONTEXT ( ( #10115 ) ) GLOBAL_UNIT_ASSIGNED_CONTEXT ( ( #544, #5020, #5186 ) ) REPRESENTATION_CONTEXT ( 'NONE', 'WORKASPACE' ) );
#5787 = PRESENTATION_STYLE_ASSIGNMENT (( #9133 ) ) ;
#5788 = DIRECTION ( 'NONE',  ( 0.000000000000000000, -1.000000000000000000, 0.000000000000000000 ) ) ;
#5789 =( GEOMETRIC_REPRESENTATION_CONTEXT ( 3 ) GLOBAL_UNCERTAINTY_ASSIGNED_CONTEXT ( ( #7193 ) ) GLOBAL_UNIT_ASSIGNED_CONTEXT ( ( #5640, #8246, #1307 ) ) REPRESENTATION_CONTEXT ( 'NONE', 'WORKASPACE' ) );
#5790 = ADVANCED_FACE ( 'NONE', ( #7587 ), #7124, .T. ) ;
#5791 = ADVANCED_FACE ( 'NONE', ( #8718 ), #2189, .F. ) ;
#5792 = SURFACE_SIDE_STYLE ('',( #8570 ) ) ;
#5793 = CARTESIAN_POINT ( 'NONE',  ( -7.766550857632739557, -18.21991441758264685, 2.463294286165495617 ) ) ;
#5794 = ORIENTED_EDGE ( 'NONE', *, *, #3368, .F. ) ;
#5795 = EDGE_LOOP ( 'NONE', ( #10271, #7925, #3701, #2958, #563, #4757 ) ) ;
#5796 = CARTESIAN_POINT ( 'NONE',  ( -12.48068809453262240, 10.49999999999999822, -18.11718589315105632 ) ) ;
#5797 = DIRECTION ( 'NONE',  ( 0.000000000000000000, 0.000000000000000000, -1.000000000000000000 ) ) ;
#5798 = DIRECTION ( 'NONE',  ( 0.000000000000000000, 0.000000000000000000, -1.000000000000000000 ) ) ;
#5799 = EDGE_LOOP ( 'NONE', ( #9537, #3637, #1556, #11178 ) ) ;
#5800 = VECTOR ( 'NONE', #5294, 1000.000000000000000 ) ;
#5801 = ORIENTED_EDGE ( 'NONE', *, *, #9477, .F. ) ;
#5802 = DIRECTION ( 'NONE',  ( 0.000000000000000000, 0.000000000000000000, -1.000000000000000000 ) ) ;
#5803 = CARTESIAN_POINT ( 'NONE',  ( -20.50609665440995144, 13.54999999999999893, -20.50609665440979867 ) ) ;
#5804 = CARTESIAN_POINT ( 'NONE',  ( 0.000000000000000000, 10.80000000000000071, 0.000000000000000000 ) ) ;
#5805 = CARTESIAN_POINT ( 'NONE',  ( -22.80419369326623524, 13.44999999999999929, -22.80419369326607537 ) ) ;
#5806 = CARTESIAN_POINT ( 'NONE',  ( 22.80419369326623524, 13.54999999999999893, 22.55419369326607892 ) ) ;
#5807 = EDGE_CURVE ( 'NONE', #7992, #3290, #8743, .T. ) ;
#5808 = UNCERTAINTY_MEASURE_WITH_UNIT (LENGTH_MEASURE( 1.000000000000000082E-05 ), #5269, 'distance_accuracy_value', 'NONE');
#5809 = EDGE_CURVE ( 'NONE', #3032, #7840, #1684, .T. ) ;
#5810 = ORIENTED_EDGE ( 'NONE', *, *, #9090, .F. ) ;
#5811 = FILL_AREA_STYLE ('',( #6666 ) ) ;
#5812 = CIRCLE ( 'NONE', #1797, 26.00000000000000355 ) ;
#5813 = ORIENTED_EDGE ( 'NONE', *, *, #4135, .F. ) ;
#5814 = ORIENTED_EDGE ( 'NONE', *, *, #8357, .T. ) ;
#5815 = FACE_OUTER_BOUND ( 'NONE', #11095, .T. ) ;
#5816 = CARTESIAN_POINT ( 'NONE',  ( 0.000000000000000000, 13.54999999999999893, 0.000000000000000000 ) ) ;
#5817 = CARTESIAN_POINT ( 'NONE',  ( -1.750000000000001776, 6.309836766224226956, -13.24756406759620120 ) ) ;
#5818 = UNCERTAINTY_MEASURE_WITH_UNIT (LENGTH_MEASURE( 1.000000000000000082E-05 ), #915, 'distance_accuracy_value', 'NONE');
#5819 = UNCERTAINTY_MEASURE_WITH_UNIT (LENGTH_MEASURE( 1.000000000000000082E-05 ), #7138, 'distance_accuracy_value', 'NONE');
#5820 = DIRECTION ( 'NONE',  ( 0.000000000000000000, 0.000000000000000000, -1.000000000000000000 ) ) ;
#5821 =( LENGTH_UNIT ( ) NAMED_UNIT ( * ) SI_UNIT ( .MILLI., .METRE. ) );
#5822 = ORIENTED_EDGE ( 'NONE', *, *, #5575, .T. ) ;
#5823 = PRESENTATION_LAYER_ASSIGNMENT (  '', '', ( #5289 ) ) ;
#5824 = DIRECTION ( 'NONE',  ( -0.000000000000000000, -1.000000000000000000, -0.000000000000000000 ) ) ;
#5825 = CARTESIAN_POINT ( 'NONE',  ( -5.048933345082702751, 6.192532590100033651, -12.24500907771226466 ) ) ;
#5826 = CARTESIAN_POINT ( 'NONE',  ( -21.74353352148638407, 13.54999999999999893, 21.49353352148629170 ) ) ;
#5827 =( LENGTH_UNIT ( ) NAMED_UNIT ( * ) SI_UNIT ( .MILLI., .METRE. ) );
#5828 = ADVANCED_FACE ( 'NONE', ( #3427 ), #1848, .T. ) ;
#5829 = FACE_OUTER_BOUND ( 'NONE', #1195, .T. ) ;
#5830 = LINE ( 'NONE', #3182, #2704 ) ;
#5831 = CIRCLE ( 'NONE', #911, 0.2500000000000002220 ) ;
#5832 = CARTESIAN_POINT ( 'NONE',  ( 12.63115847475060960, 10.80000000000000071, 18.37780823672224173 ) ) ;
#5833 = AXIS2_PLACEMENT_3D ( 'NONE', #10824, #360, #6519 ) ;
#5834 = UNCERTAINTY_MEASURE_WITH_UNIT (LENGTH_MEASURE( 1.000000000000000082E-05 ), #9707, 'distance_accuracy_value', 'NONE');
#5835 = DIRECTION ( 'NONE',  ( -0.000000000000000000, 1.000000000000000000, -0.000000000000000000 ) ) ;
#5836 = CARTESIAN_POINT ( 'NONE',  ( 0.000000000000000000, 13.54999999999999893, 0.000000000000000000 ) ) ;
#5837 = VERTEX_POINT ( 'NONE', #8802 ) ;
#5838 = DIRECTION ( 'NONE',  ( 0.000000000000000000, 0.000000000000000000, 1.000000000000000000 ) ) ;
#5839 = FILL_AREA_STYLE_COLOUR ( '', #8112 ) ;
#5840 =( GEOMETRIC_REPRESENTATION_CONTEXT ( 3 ) GLOBAL_UNCERTAINTY_ASSIGNED_CONTEXT ( ( #2283 ) ) GLOBAL_UNIT_ASSIGNED_CONTEXT ( ( #619, #1421, #7403 ) ) REPRESENTATION_CONTEXT ( 'NONE', 'WORKASPACE' ) );
#5841 = DIRECTION ( 'NONE',  ( 0.000000000000000000, -1.000000000000000000, 0.000000000000000000 ) ) ;
#5842 = CARTESIAN_POINT ( 'NONE',  ( 20.85965004500310371, -13.25000000000000178, -20.85965004500319964 ) ) ;
#5843 = AXIS2_PLACEMENT_3D ( 'NONE', #9423, #1625, #5123 ) ;
#5844 = ADVANCED_FACE ( 'NONE', ( #10375 ), #1738, .T. ) ;
#5845 = AXIS2_PLACEMENT_3D ( 'NONE', #4656, #1229, #6351 ) ;
#5846 = PLANE ( 'NONE',  #10392 ) ;
#5847 = CARTESIAN_POINT ( 'NONE',  ( 0.000000000000000000, -13.25000000000000178, 0.000000000000000000 ) ) ;
#5848 = CARTESIAN_POINT ( 'NONE',  ( 9.449599181287325678, 10.49999999999999822, 19.86718589315089289 ) ) ;
#5849 = CARTESIAN_POINT ( 'NONE',  ( -12.63115847475036801, 10.49999999999999822, -18.37780823672240516 ) ) ;
#5850 = PRESENTATION_LAYER_ASSIGNMENT (  '', '', ( #10574 ) ) ;
#5851 = ORIENTED_EDGE ( 'NONE', *, *, #8498, .T. ) ;
#5852 = CIRCLE ( 'NONE', #8391, 30.50000000000000000 ) ;
#5853 = EDGE_LOOP ( 'NONE', ( #10886, #103, #9969, #9924 ) ) ;
#5854 =( LENGTH_UNIT ( ) NAMED_UNIT ( * ) SI_UNIT ( .MILLI., .METRE. ) );
#5855 = SURFACE_SIDE_STYLE ('',( #3202 ) ) ;
#5856 =( LENGTH_UNIT ( ) NAMED_UNIT ( * ) SI_UNIT ( .MILLI., .METRE. ) );
#5857 = AXIS2_PLACEMENT_3D ( 'NONE', #960, #3393, #2659 ) ;
#5858 = ORIENTED_EDGE ( 'NONE', *, *, #8781, .F. ) ;
#5859 = ADVANCED_FACE ( 'NONE', ( #2940 ), #2720, .F. ) ;
#5860 = EDGE_CURVE ( 'NONE', #631, #7761, #4571, .T. ) ;
#5861 = ORIENTED_EDGE ( 'NONE', *, *, #5013, .T. ) ;
#5862 = AXIS2_PLACEMENT_3D ( 'NONE', #8695, #1748, #5196 ) ;
#5863 = ORIENTED_EDGE ( 'NONE', *, *, #2948, .F. ) ;
#5864 = PRESENTATION_LAYER_ASSIGNMENT (  '', '', ( #6579 ) ) ;
#5865 = FILL_AREA_STYLE_COLOUR ( '', #1146 ) ;
#5866 = LINE ( 'NONE', #9377, #3320 ) ;
#5867 = DIRECTION ( 'NONE',  ( 0.000000000000000000, 0.000000000000000000, 1.000000000000000000 ) ) ;
#5868 = COLOUR_RGB ( '',0.1529411764705882470, 0.4901960784313725283, 1.000000000000000000 ) ;
#5869 = VERTEX_POINT ( 'NONE', #2167 ) ;
#5870 = SURFACE_STYLE_USAGE ( .BOTH. , #2981 ) ;
#5871 =( NAMED_UNIT ( * ) SI_UNIT ( $, .STERADIAN. ) SOLID_ANGLE_UNIT ( ) );
#5872 = CONICAL_SURFACE ( 'NONE', #6957, 9.000000000000000000, 0.5996168419455644161 ) ;
#5873 = CIRCLE ( 'NONE', #1672, 1.000000000000000888 ) ;
#5874 = PRESENTATION_STYLE_ASSIGNMENT (( #2388 ) ) ;
#5875 = DIRECTION ( 'NONE',  ( 0.8660254037844383745, 0.000000000000000000, 0.5000000000000003331 ) ) ;
#5876 = EDGE_CURVE ( 'NONE', #2634, #5017, #1092, .T. ) ;
#5877 = VECTOR ( 'NONE', #3789, 1000.000000000000114 ) ;
#5878 = ORIENTED_EDGE ( 'NONE', *, *, #8015, .T. ) ;
#5879 = DIRECTION ( 'NONE',  ( 0.000000000000000000, -1.000000000000000000, 0.000000000000000000 ) ) ;
#5880 = CARTESIAN_POINT ( 'NONE',  ( 14.40396405925248757, 10.45155730935269744, 1.749999999999588995 ) ) ;
#5881 = FILL_AREA_STYLE ('',( #8490 ) ) ;
#5882 = CARTESIAN_POINT ( 'NONE',  ( 0.000000000000000000, -12.50000000000000000, 0.000000000000000000 ) ) ;
#5883 = CARTESIAN_POINT ( 'NONE',  ( -8.877596942701758920, 10.49999999999999822, -11.87644895387795074 ) ) ;
#5884 = ORIENTED_EDGE ( 'NONE', *, *, #1989, .F. ) ;
#5885 = CARTESIAN_POINT ( 'NONE',  ( 1.750000000000005773, 10.49999999999999645, 22.00964298075584935 ) ) ;
#5886 = DIRECTION ( 'NONE',  ( -0.000000000000000000, 1.000000000000000000, -0.000000000000000000 ) ) ;
#5887 = MECHANICAL_DESIGN_GEOMETRIC_PRESENTATION_REPRESENTATION (  '', ( #7886 ), #5169 ) ;
#5888 = DIRECTION ( 'NONE',  ( -0.000000000000000000, 1.000000000000000000, -0.000000000000000000 ) ) ;
#5889 = VERTEX_POINT ( 'NONE', #4810 ) ;
#5890 = ADVANCED_FACE ( 'NONE', ( #10808 ), #7314, .F. ) ;
#5891 = FILL_AREA_STYLE ('',( #9232 ) ) ;
#5892 = DIRECTION ( 'NONE',  ( 0.000000000000000000, 0.000000000000000000, -1.000000000000000000 ) ) ;
#5893 = ORIENTED_EDGE ( 'NONE', *, *, #7389, .T. ) ;
#5894 =( GEOMETRIC_REPRESENTATION_CONTEXT ( 3 ) GLOBAL_UNCERTAINTY_ASSIGNED_CONTEXT ( ( #9768 ) ) GLOBAL_UNIT_ASSIGNED_CONTEXT ( ( #3168, #2399, #10859 ) ) REPRESENTATION_CONTEXT ( 'NONE', 'WORKASPACE' ) );
#5895 = CARTESIAN_POINT ( 'NONE',  ( -22.62741699796956851, -13.15000000000000213, 22.62741699796947259 ) ) ;
#5896 = CARTESIAN_POINT ( 'NONE',  ( -21.74353352148638407, -13.25000000000000178, 21.74353352148629170 ) ) ;
#5897 = PRESENTATION_STYLE_ASSIGNMENT (( #648 ) ) ;
#5898 = ORIENTED_EDGE ( 'NONE', *, *, #4751, .F. ) ;
#5899 = DIRECTION ( 'NONE',  ( 0.000000000000000000, -0.000000000000000000, -1.000000000000000000 ) ) ;
#5900 = TOROIDAL_SURFACE ( 'NONE', #8441, 13.97097042681812873, 1.000000000000000000 ) ;
#5901 = DIRECTION ( 'NONE',  ( 0.000000000000000000, 0.000000000000000000, -1.000000000000000000 ) ) ;
#5902 = COLOUR_RGB ( '',0.1529411764705882470, 0.4901960784313725283, 1.000000000000000000 ) ;
#5903 = MECHANICAL_DESIGN_GEOMETRIC_PRESENTATION_REPRESENTATION (  '', ( #11148 ), #10955 ) ;
#5904 = CIRCLE ( 'NONE', #2228, 14.82773641629552053 ) ;
#5905 = DIRECTION ( 'NONE',  ( 0.000000000000000000, 0.000000000000000000, -1.000000000000000000 ) ) ;
#5906 = CARTESIAN_POINT ( 'NONE',  ( -20.12780823672224173, 10.49999999999999822, 9.600069561505080173 ) ) ;
#5907 = LINE ( 'NONE', #6821, #2768 ) ;
#5908 = VERTEX_POINT ( 'NONE', #7474 ) ;
#5909 = ADVANCED_FACE ( 'NONE', ( #9173 ), #10746, .F. ) ;
#5910 = ORIENTED_EDGE ( 'NONE', *, *, #8194, .T. ) ;
#5911 =( NAMED_UNIT ( * ) SI_UNIT ( $, .STERADIAN. ) SOLID_ANGLE_UNIT ( ) );
#5912 = DIRECTION ( 'NONE',  ( 0.000000000000000000, 0.000000000000000000, 1.000000000000000000 ) ) ;
#5913 = CIRCLE ( 'NONE', #3719, 30.50000000000000000 ) ;
#5914 = ORIENTED_EDGE ( 'NONE', *, *, #2990, .F. ) ;
#5915 = ORIENTED_EDGE ( 'NONE', *, *, #6891, .F. ) ;
#5916 = ORIENTED_EDGE ( 'NONE', *, *, #6980, .F. ) ;
#5917 = CARTESIAN_POINT ( 'NONE',  ( 0.000000000000000000, 1.500000000000000000, 2.250000000000000000 ) ) ;
#5918 =( NAMED_UNIT ( * ) SI_UNIT ( $, .STERADIAN. ) SOLID_ANGLE_UNIT ( ) );
#5919 =( LENGTH_UNIT ( ) NAMED_UNIT ( * ) SI_UNIT ( .MILLI., .METRE. ) );
#5920 = CARTESIAN_POINT ( 'NONE',  ( 22.62741699796960404, 13.54999999999999893, 22.62741699796943706 ) ) ;
#5921 = AXIS2_PLACEMENT_3D ( 'NONE', #5926, #11078, #3222 ) ;
#5922 = UNCERTAINTY_MEASURE_WITH_UNIT (LENGTH_MEASURE( 1.000000000000000082E-05 ), #4256, 'distance_accuracy_value', 'NONE');
#5923 = EDGE_LOOP ( 'NONE', ( #2535, #10958, #2344, #11061 ) ) ;
#5924 = EDGE_CURVE ( 'NONE', #8991, #11059, #3659, .T. ) ;
#5925 = CARTESIAN_POINT ( 'NONE',  ( 8.606827235791424613, 10.34702362053678115, 11.40746206435833265 ) ) ;
#5926 = CARTESIAN_POINT ( 'NONE',  ( -21.74353352148641250, -13.25000000000000178, -21.74353352148625618 ) ) ;
#5927 = ORIENTED_EDGE ( 'NONE', *, *, #2301, .F. ) ;
#5928 = CYLINDRICAL_SURFACE ( 'NONE', #9778, 0.2500000000000002220 ) ;
#5929 = CARTESIAN_POINT ( 'NONE',  ( 0.000000000000000000, -13.25000000000000178, 0.000000000000000000 ) ) ;
#5930 = CARTESIAN_POINT ( 'NONE',  ( 5.494383199411033480, -18.21991441758264685, -6.016550857632733340 ) ) ;
#5931 = UNCERTAINTY_MEASURE_WITH_UNIT (LENGTH_MEASURE( 1.000000000000000082E-05 ), #5854, 'distance_accuracy_value', 'NONE');
#5932 = DIRECTION ( 'NONE',  ( -0.5000000000000003331, 0.000000000000000000, 0.8660254037844385966 ) ) ;
#5933 = ADVANCED_FACE ( 'NONE', ( #3288 ), #372, .F. ) ;
#5934 = AXIS2_PLACEMENT_3D ( 'NONE', #9408, #7656, #4946 ) ;
#5935 = ADVANCED_FACE ( 'NONE', ( #2403 ), #11199, .T. ) ;
#5936 =( NAMED_UNIT ( * ) PLANE_ANGLE_UNIT ( ) SI_UNIT ( $, .RADIAN. ) );
#5937 = SURFACE_STYLE_USAGE ( .BOTH. , #1552 ) ;
#5938 = ORIENTED_EDGE ( 'NONE', *, *, #4378, .T. ) ;
#5939 = EDGE_LOOP ( 'NONE', ( #1380, #2862, #7399, #6977, #2586, #1075, #6170, #3723, #3460, #3145, #9909 ) ) ;
#5940 = CARTESIAN_POINT ( 'NONE',  ( 1.749999999999998446, 6.064326197966699361, -13.02841234388530367 ) ) ;
#5941 = AXIS2_PLACEMENT_3D ( 'NONE', #2401, #516, #4991 ) ;
#5942 = DIRECTION ( 'NONE',  ( -0.000000000000000000, -1.000000000000000000, -0.000000000000000000 ) ) ;
#5943 = DIRECTION ( 'NONE',  ( -1.000000000000000000, 0.000000000000000000, 3.342188435875357696E-16 ) ) ;
#5944 = FILL_AREA_STYLE_COLOUR ( '', #4183 ) ;
#5945 =( NAMED_UNIT ( * ) SI_UNIT ( $, .STERADIAN. ) SOLID_ANGLE_UNIT ( ) );
#5946 =( NAMED_UNIT ( * ) PLANE_ANGLE_UNIT ( ) SI_UNIT ( $, .RADIAN. ) );
#5947 = VERTEX_POINT ( 'NONE', #7590 ) ;
#5948 = EDGE_CURVE ( 'NONE', #8397, #10945, #9298, .T. ) ;
#5949 = CARTESIAN_POINT ( 'NONE',  ( -21.92031021678305081, -13.25000000000000178, -21.92031021678288383 ) ) ;
#5950 = CARTESIAN_POINT ( 'NONE',  ( -6.000000000000001776, -0.2000000000000000944, 3.464101615137755275 ) ) ;
#5951 = VERTEX_POINT ( 'NONE', #576 ) ;
#5952 = LINE ( 'NONE', #1136, #42 ) ;
#5953 =( GEOMETRIC_REPRESENTATION_CONTEXT ( 3 ) GLOBAL_UNCERTAINTY_ASSIGNED_CONTEXT ( ( #2059 ) ) GLOBAL_UNIT_ASSIGNED_CONTEXT ( ( #7979, #5647, #1190 ) ) REPRESENTATION_CONTEXT ( 'NONE', 'WORKASPACE' ) );
#5954 = DIRECTION ( 'NONE',  ( 0.000000000000000000, -1.000000000000000000, 0.000000000000000000 ) ) ;
#5955 = DIRECTION ( 'NONE',  ( -0.000000000000000000, 1.000000000000000000, -0.000000000000000000 ) ) ;
#5956 = CARTESIAN_POINT ( 'NONE',  ( 0.000000000000000000, 13.44999999999999929, 0.000000000000000000 ) ) ;
#5957 = EDGE_LOOP ( 'NONE', ( #2848, #2852, #8722, #10502 ) ) ;
#5958 = ORIENTED_EDGE ( 'NONE', *, *, #3412, .T. ) ;
#5959 = AXIS2_PLACEMENT_3D ( 'NONE', #6171, #6978, #5334 ) ;
#5960 = VERTEX_POINT ( 'NONE', #10976 ) ;
#5961 = VERTEX_POINT ( 'NONE', #9286 ) ;
#5962 = DIRECTION ( 'NONE',  ( 0.000000000000000000, 0.000000000000000000, -1.000000000000000000 ) ) ;
#5963 = FACE_OUTER_BOUND ( 'NONE', #6146, .T. ) ;
#5964 = EDGE_CURVE ( 'NONE', #2209, #473, #189, .T. ) ;
#5965 = B_SPLINE_CURVE_WITH_KNOTS ( 'NONE', 3,
 ( #7695, #5762, #3995, #9335, #11031, #6671, #10171, #10110 ),
 .UNSPECIFIED., .F., .F.,
 ( 4, 2, 2, 4 ),
 ( 6.314488766312914258E-18, 0.0002429715048039833114, 0.0004859430096079602802, 0.0009718860192159118868 ),
 .UNSPECIFIED. ) ;
#5966 = CARTESIAN_POINT ( 'NONE',  ( 0.000000000000000000, 13.54999999999999893, -29.50000000000000000 ) ) ;
#5967 =( LENGTH_UNIT ( ) NAMED_UNIT ( * ) SI_UNIT ( .MILLI., .METRE. ) );
#5968 = DIRECTION ( 'NONE',  ( 0.5000000000000008882, -0.000000000000000000, -0.8660254037844381525 ) ) ;
#5969 = CIRCLE ( 'NONE', #2678, 32.50000000000000000 ) ;
#5970 = CARTESIAN_POINT ( 'NONE',  ( -6.819870509278820769, 0.08184789799993436032, 5.958180016534214474 ) ) ;
#5971 = CARTESIAN_POINT ( 'NONE',  ( -8.140864842152973679, 6.300111172951811334, 10.60039152416015185 ) ) ;
#5972 = ORIENTED_EDGE ( 'NONE', *, *, #1191, .T. ) ;
#5973 = CARTESIAN_POINT ( 'NONE',  ( 2.730962362098597669E-15, 10.80000000000000071, -22.30000000000000071 ) ) ;
#5974 = AXIS2_PLACEMENT_3D ( 'NONE', #5753, #10042, #4850 ) ;
#5975 = PRESENTATION_STYLE_ASSIGNMENT (( #835 ) ) ;
#5976 = PRESENTATION_LAYER_ASSIGNMENT (  '', '', ( #1611 ) ) ;
#5977 = AXIS2_PLACEMENT_3D ( 'NONE', #5475, #3865, #2983 ) ;
#5978 = SURFACE_SIDE_STYLE ('',( #8703 ) ) ;
#5979 = FILL_AREA_STYLE ('',( #8484 ) ) ;
#5980 = ORIENTED_EDGE ( 'NONE', *, *, #8077, .T. ) ;
#5981 = EDGE_CURVE ( 'NONE', #7341, #4650, #4396, .T. ) ;
#5982 = DIRECTION ( 'NONE',  ( 0.000000000000000000, 1.000000000000000000, 0.000000000000000000 ) ) ;
#5983 = CARTESIAN_POINT ( 'NONE',  ( -21.74353352148641250, -13.15000000000000213, -21.74353352148625618 ) ) ;
#5984 = CARTESIAN_POINT ( 'NONE',  ( 1.749999999999999112, 0.000000000000000000, -8.559059450933345303 ) ) ;
#5985 = B_SPLINE_CURVE_WITH_KNOTS ( 'NONE', 3,
 ( #5467, #5785, #1459, #2360, #10722, #6696, #1124, #7607 ),
 .UNSPECIFIED., .F., .F.,
 ( 4, 2, 2, 4 ),
 ( 0.000000000000000000, 0.0002427953948744156318, 0.0004855907897488312636, 0.0009711815794976712008 ),
 .UNSPECIFIED. ) ;
#5986 = AXIS2_PLACEMENT_3D ( 'NONE', #8375, #10227, #3280 ) ;
#5987 = DIRECTION ( 'NONE',  ( -0.000000000000000000, -1.000000000000000000, -0.000000000000000000 ) ) ;
#5988 = ORIENTED_EDGE ( 'NONE', *, *, #5525, .F. ) ;
#5989 = EDGE_LOOP ( 'NONE', ( #8697, #4934, #8045, #5286 ) ) ;
#5990 = DIRECTION ( 'NONE',  ( -1.000000000000000000, 0.000000000000000000, 0.000000000000000000 ) ) ;
#5991 = EDGE_CURVE ( 'NONE', #5022, #9274, #3505, .T. ) ;
#5992 = EDGE_CURVE ( 'NONE', #11114, #7466, #5852, .T. ) ;
#5993 =( NAMED_UNIT ( * ) SI_UNIT ( $, .STERADIAN. ) SOLID_ANGLE_UNIT ( ) );
#5994 = CARTESIAN_POINT ( 'NONE',  ( 21.93028727582019854, 10.49999999999999822, 1.749999999999587885 ) ) ;
#5995 = LINE ( 'NONE', #800, #9967 ) ;
#5996 = VERTEX_POINT ( 'NONE', #5360 ) ;
#5997 = DIRECTION ( 'NONE',  ( 0.000000000000000000, 0.000000000000000000, -1.000000000000000000 ) ) ;
#5998 = FILL_AREA_STYLE_COLOUR ( '', #6625 ) ;
#5999 = VERTEX_POINT ( 'NONE', #1701 ) ;
#6000 =( NAMED_UNIT ( * ) PLANE_ANGLE_UNIT ( ) SI_UNIT ( $, .RADIAN. ) );
#6001 = SURFACE_SIDE_STYLE ('',( #9357 ) ) ;
#6002 = B_SPLINE_CURVE_WITH_KNOTS ( 'NONE', 3,
 ( #10505, #4390, #7863, #3515 ),
 .UNSPECIFIED., .F., .F.,
 ( 4, 4 ),
 ( 0.0005292810400260030638, 0.01094890517302444036 ),
 .UNSPECIFIED. ) ;
#6003 = CIRCLE ( 'NONE', #5656, 14.00218451466337655 ) ;
#6004 = EDGE_CURVE ( 'NONE', #5255, #3917, #6208, .T. ) ;
#6005 = EDGE_CURVE ( 'NONE', #10848, #9367, #1063, .T. ) ;
#6006 = VECTOR ( 'NONE', #7489, 1000.000000000000000 ) ;
#6007 = SURFACE_STYLE_FILL_AREA ( #7611 ) ;
#6008 = DIRECTION ( 'NONE',  ( -1.823011874113831202E-16, 0.000000000000000000, -1.000000000000000000 ) ) ;
#6009 = PRESENTATION_LAYER_ASSIGNMENT (  '', '', ( #8190 ) ) ;
#6010 = ORIENTED_EDGE ( 'NONE', *, *, #635, .F. ) ;
#6011 = ORIENTED_EDGE ( 'NONE', *, *, #10069, .F. ) ;
#6012 = AXIS2_PLACEMENT_3D ( 'NONE', #518, #2291, #9897 ) ;
#6013 = ADVANCED_FACE ( 'NONE', ( #6897 ), #4578, .T. ) ;
#6014 = EDGE_LOOP ( 'NONE', ( #5980, #2514, #3763, #3302, #6840, #6381, #8283, #2714, #3874, #2971, #10568 ) ) ;
#6015 = COLOUR_RGB ( '',0.1529411764705882470, 0.4901960784313725283, 1.000000000000000000 ) ;
#6016 = CARTESIAN_POINT ( 'NONE',  ( -8.461742538715427031, 10.06432619796669847, -11.15616799762232958 ) ) ;
#6017 = DIRECTION ( 'NONE',  ( -0.000000000000000000, -1.000000000000000000, -0.000000000000000000 ) ) ;
#6018 = CARTESIAN_POINT ( 'NONE',  ( 18.37780823672225594, 10.80000000000000071, 12.63115847475059716 ) ) ;
#6019 = FACE_OUTER_BOUND ( 'NONE', #765, .T. ) ;
#6020 = MECHANICAL_DESIGN_GEOMETRIC_PRESENTATION_REPRESENTATION (  '', ( #5320 ), #8029 ) ;
#6021 = SURFACE_STYLE_USAGE ( .BOTH. , #9549 ) ;
#6022 = FACE_OUTER_BOUND ( 'NONE', #7458, .T. ) ;
#6023 = ORIENTED_EDGE ( 'NONE', *, *, #8575, .F. ) ;
#6024 = DIRECTION ( 'NONE',  ( 0.000000000000000000, -1.000000000000000000, 0.000000000000000000 ) ) ;
#6025 = FACE_OUTER_BOUND ( 'NONE', #1655, .T. ) ;
#6026 = PRESENTATION_LAYER_ASSIGNMENT (  '', '', ( #10909 ) ) ;
#6027 = PRESENTATION_LAYER_ASSIGNMENT (  '', '', ( #4968 ) ) ;
#6028 = CARTESIAN_POINT ( 'NONE',  ( 0.000000000000000000, 12.44999999999999929, 0.000000000000000000 ) ) ;
#6029 = FACE_BOUND ( 'NONE', #4506, .T. ) ;
#6030 = ORIENTED_EDGE ( 'NONE', *, *, #2377, .T. ) ;
#6031 = DIRECTION ( 'NONE',  ( 0.000000000000000000, 0.000000000000000000, 1.000000000000000000 ) ) ;
#6032 =( GEOMETRIC_REPRESENTATION_CONTEXT ( 3 ) GLOBAL_UNCERTAINTY_ASSIGNED_CONTEXT ( ( #8658 ) ) GLOBAL_UNIT_ASSIGNED_CONTEXT ( ( #933, #4421, #9794 ) ) REPRESENTATION_CONTEXT ( 'NONE', 'WORKASPACE' ) );
#6033 = CARTESIAN_POINT ( 'NONE',  ( 1.749999999999998890, 0.08184250052690697497, -8.885267360840723327 ) ) ;
#6034 = B_SPLINE_CURVE_WITH_KNOTS ( 'NONE', 3,
 ( #10153, #1361, #1238, #4845 ),
 .UNSPECIFIED., .F., .F.,
 ( 4, 4 ),
 ( 0.0002657290228356840034, 0.007377075875908815396 ),
 .UNSPECIFIED. ) ;
#6035 = UNCERTAINTY_MEASURE_WITH_UNIT (LENGTH_MEASURE( 1.000000000000000082E-05 ), #4730, 'distance_accuracy_value', 'NONE');
#6036 = AXIS2_PLACEMENT_3D ( 'NONE', #1055, #4548, #4606 ) ;
#6037 = AXIS2_PLACEMENT_3D ( 'NONE', #7775, #2566, #11213 ) ;
#6038 = CARTESIAN_POINT ( 'NONE',  ( 0.000000000000000000, 5.499999999999999112, 0.000000000000000000 ) ) ;
#6039 = ORIENTED_EDGE ( 'NONE', *, *, #907, .T. ) ;
#6040 = EDGE_CURVE ( 'NONE', #5092, #8416, #3834, .T. ) ;
#6041 = CARTESIAN_POINT ( 'NONE',  ( 21.74353352148660079, 13.54999999999999893, 21.74353352148607144 ) ) ;
#6042 = AXIS2_PLACEMENT_3D ( 'NONE', #8693, #771, #3437 ) ;
#6043 = ORIENTED_EDGE ( 'NONE', *, *, #8781, .T. ) ;
#6044 = B_SPLINE_CURVE_WITH_KNOTS ( 'NONE', 3,
 ( #3133, #4898, #10997, #3966, #9190, #10880, #2183, #2362 ),
 .UNSPECIFIED., .F., .F.,
 ( 4, 2, 2, 4 ),
 ( 0.000000000000000000, 0.0002427981594783361514, 0.0004855963189566723029, 0.0009711926379133521952 ),
 .UNSPECIFIED. ) ;
#6045 = CONICAL_SURFACE ( 'NONE', #1510, 14.30000000000000071, 0.5996168419455644161 ) ;
#6046 = SURFACE_STYLE_FILL_AREA ( #3528 ) ;
#6047 =( GEOMETRIC_REPRESENTATION_CONTEXT ( 3 ) GLOBAL_UNCERTAINTY_ASSIGNED_CONTEXT ( ( #2028 ) ) GLOBAL_UNIT_ASSIGNED_CONTEXT ( ( #6408, #4010, #8274 ) ) REPRESENTATION_CONTEXT ( 'NONE', 'WORKASPACE' ) );
#6048 = DIRECTION ( 'NONE',  ( 0.000000000000000000, 0.000000000000000000, 1.000000000000000000 ) ) ;
#6049 =( NAMED_UNIT ( * ) PLANE_ANGLE_UNIT ( ) SI_UNIT ( $, .RADIAN. ) );
#6050 = VERTEX_POINT ( 'NONE', #3914 ) ;
#6051 = CARTESIAN_POINT ( 'NONE',  ( -14.18256555833727539, 10.34702362053678115, 1.750000000000270450 ) ) ;
#6052 = PRESENTATION_LAYER_ASSIGNMENT (  '', '', ( #760 ) ) ;
#6053 = LINE ( 'NONE', #860, #8664 ) ;
#6054 = DIRECTION ( 'NONE',  ( 0.000000000000000000, 0.000000000000000000, -1.000000000000000000 ) ) ;
#6055 = EDGE_LOOP ( 'NONE', ( #4049, #5623, #4387, #4234 ) ) ;
#6056 = EDGE_CURVE ( 'NONE', #3290, #10841, #4978, .T. ) ;
#6057 = FACE_OUTER_BOUND ( 'NONE', #2491, .T. ) ;
#6058 = ADVANCED_FACE ( 'NONE', ( #7394 ), #6765, .F. ) ;
#6059 = PRESENTATION_STYLE_ASSIGNMENT (( #2523 ) ) ;
#6060 = VECTOR ( 'NONE', #8419, 1000.000000000000000 ) ;
#6061 = VECTOR ( 'NONE', #2219, 1000.000000000000000 ) ;
#6062 =( NAMED_UNIT ( * ) SI_UNIT ( $, .STERADIAN. ) SOLID_ANGLE_UNIT ( ) );
#6063 = FILL_AREA_STYLE_COLOUR ( '', #2003 ) ;
#6064 = AXIS2_PLACEMENT_3D ( 'NONE', #6661, #10100, #5802 ) ;
#6065 = LINE ( 'NONE', #9, #10414 ) ;
#6066 = CARTESIAN_POINT ( 'NONE',  ( 5.494383199411033480, 1.499999999999996225, -6.016550857632733340 ) ) ;
#6067 = ORIENTED_EDGE ( 'NONE', *, *, #9345, .T. ) ;
#6068 = DIRECTION ( 'NONE',  ( 0.000000000000000000, 0.000000000000000000, -1.000000000000000000 ) ) ;
#6069 = EDGE_CURVE ( 'NONE', #2818, #2023, #9819, .T. ) ;
#6070 = EDGE_CURVE ( 'NONE', #309, #4866, #9650, .T. ) ;
#6071 = VERTEX_POINT ( 'NONE', #2617 ) ;
#6072 = CARTESIAN_POINT ( 'NONE',  ( -5.333604161531153132, 6.490181703155802673, 12.73807339523277093 ) ) ;
#6073 = AXIS2_PLACEMENT_3D ( 'NONE', #4774, #2186, #5742 ) ;
#6074 = CARTESIAN_POINT ( 'NONE',  ( -13.86093484102092432, 6.499999999999999112, -1.749999999999729550 ) ) ;
#6075 = VERTEX_POINT ( 'NONE', #1769 ) ;
#6076 = AXIS2_PLACEMENT_3D ( 'NONE', #3065, #6569, #10011 ) ;
#6077 = ORIENTED_EDGE ( 'NONE', *, *, #6378, .T. ) ;
#6078 = CYLINDRICAL_SURFACE ( 'NONE', #3421, 32.50000000000000000 ) ;
#6079 = DIRECTION ( 'NONE',  ( 0.000000000000000000, 0.000000000000000000, -1.000000000000000000 ) ) ;
#6080 = DIRECTION ( 'NONE',  ( -0.000000000000000000, -1.000000000000000000, -0.000000000000000000 ) ) ;
#6081 = FILL_AREA_STYLE_COLOUR ( '', #5130 ) ;
#6082 = DIRECTION ( 'NONE',  ( 0.000000000000000000, 0.000000000000000000, 1.000000000000000000 ) ) ;
#6083 = CARTESIAN_POINT ( 'NONE',  ( -8.559059450933292013, 0.000000000000000000, 1.750000000000268452 ) ) ;
#6084 = PLANE ( 'NONE',  #4210 ) ;
#6085 = ORIENTED_EDGE ( 'NONE', *, *, #1949, .F. ) ;
#6086 = AXIS2_PLACEMENT_3D ( 'NONE', #1342, #3950, #4073 ) ;
#6087 = CARTESIAN_POINT ( 'NONE',  ( 8.979978445623059358, 0.2178369010166496533, -1.750000000000409672 ) ) ;
#6088 = EDGE_CURVE ( 'NONE', #10370, #5165, #6377, .T. ) ;
#6089 = CYLINDRICAL_SURFACE ( 'NONE', #8932, 0.2500000000000002220 ) ;
#6090 = SURFACE_STYLE_FILL_AREA ( #8648 ) ;
#6091 = CARTESIAN_POINT ( 'NONE',  ( 8.287362917009566843, 0.000000000000000000, 2.763985268843902166 ) ) ;
#6092 = DIRECTION ( 'NONE',  ( 0.000000000000000000, 0.000000000000000000, 1.000000000000000000 ) ) ;
#6093 = ORIENTED_EDGE ( 'NONE', *, *, #5748, .T. ) ;
#6094 = CARTESIAN_POINT ( 'NONE',  ( 8.446011877133216217, 6.499999999999999112, 11.12892169252490504 ) ) ;
#6095 = AXIS2_PLACEMENT_3D ( 'NONE', #5585, #3594, #8306 ) ;
#6096 = CARTESIAN_POINT ( 'NONE',  ( 5.333604161531174448, 6.490181703155801785, -12.73807339523276205 ) ) ;
#6097 = DIRECTION ( 'NONE',  ( -0.000000000000000000, -1.000000000000000000, -0.000000000000000000 ) ) ;
#6098 = DIRECTION ( 'NONE',  ( 0.000000000000000000, 0.000000000000000000, -1.000000000000000000 ) ) ;
#6099 = FACE_BOUND ( 'NONE', #1297, .T. ) ;
#6100 = ORIENTED_EDGE ( 'NONE', *, *, #2249, .F. ) ;
#6101 =( LENGTH_UNIT ( ) NAMED_UNIT ( * ) SI_UNIT ( .MILLI., .METRE. ) );
#6102 = CIRCLE ( 'NONE', #994, 32.50000000000000000 ) ;
#6103 = ORIENTED_EDGE ( 'NONE', *, *, #11143, .F. ) ;
#6104 = SURFACE_SIDE_STYLE ('',( #6046 ) ) ;
#6105 = PRESENTATION_STYLE_ASSIGNMENT (( #737 ) ) ;
#6106 = CARTESIAN_POINT ( 'NONE',  ( -21.93028727582018789, 10.49999999999999822, -1.749999999999727329 ) ) ;
#6107 = EDGE_CURVE ( 'NONE', #2270, #10599, #3445, .T. ) ;
#6108 = B_SPLINE_CURVE_WITH_KNOTS ( 'NONE', 3,
 ( #8885, #383, #8256, #6424 ),
 .UNSPECIFIED., .F., .F.,
 ( 4, 4 ),
 ( 3.181696987479398572E-18, 0.0004900010714873830704 ),
 .UNSPECIFIED. ) ;
#6109 = ORIENTED_EDGE ( 'NONE', *, *, #74, .F. ) ;
#6110 = AXIS2_PLACEMENT_3D ( 'NONE', #7118, #10557, #5307 ) ;
#6111 = MECHANICAL_DESIGN_GEOMETRIC_PRESENTATION_REPRESENTATION (  '', ( #8832 ), #10447 ) ;
#6112 = CYLINDRICAL_SURFACE ( 'NONE', #5227, 33.50000000000000000 ) ;
#6113 = CARTESIAN_POINT ( 'NONE',  ( 0.000000000000000000, 13.54999999999999893, 0.000000000000000000 ) ) ;
#6114 = VERTEX_POINT ( 'NONE', #839 ) ;
#6115 = DIRECTION ( 'NONE',  ( 0.000000000000000000, 0.000000000000000000, 1.000000000000000000 ) ) ;
#6116 = MECHANICAL_DESIGN_GEOMETRIC_PRESENTATION_REPRESENTATION (  '', ( #9567 ), #8145 ) ;
#6117 = CARTESIAN_POINT ( 'NONE',  ( 22.62741699796960404, -13.25000000000000178, 22.62741699796943706 ) ) ;
#6118 = SURFACE_SIDE_STYLE ('',( #10425 ) ) ;
#6119 = ADVANCED_FACE ( 'NONE', ( #3335, #1752, #2495, #10396, #6029, #4327 ), #10169, .F. ) ;
#6120 =( NAMED_UNIT ( * ) SI_UNIT ( $, .STERADIAN. ) SOLID_ANGLE_UNIT ( ) );
#6121 = DIRECTION ( 'NONE',  ( -0.000000000000000000, -1.000000000000000000, -0.000000000000000000 ) ) ;
#6122 = CARTESIAN_POINT ( 'NONE',  ( -5.414922963887512708, 6.499999999999999112, -12.87892169252497609 ) ) ;
#6123 = EDGE_LOOP ( 'NONE', ( #4551, #7128, #796, #1629 ) ) ;
#6124 = ORIENTED_EDGE ( 'NONE', *, *, #3178, .F. ) ;
#6125 = DIRECTION ( 'NONE',  ( 0.000000000000000000, 0.000000000000000000, 1.000000000000000000 ) ) ;
#6126 = DIRECTION ( 'NONE',  ( 0.000000000000000000, -1.000000000000000000, 0.000000000000000000 ) ) ;
#6127 = ORIENTED_EDGE ( 'NONE', *, *, #4522, .T. ) ;
#6128 =( GEOMETRIC_REPRESENTATION_CONTEXT ( 3 ) GLOBAL_UNCERTAINTY_ASSIGNED_CONTEXT ( ( #7550 ) ) GLOBAL_UNIT_ASSIGNED_CONTEXT ( ( #8480, #3043, #5871 ) ) REPRESENTATION_CONTEXT ( 'NONE', 'WORKASPACE' ) );
#6129 = EDGE_LOOP ( 'NONE', ( #3584, #4175, #3157, #5705, #9201, #7603 ) ) ;
#6130 = ORIENTED_EDGE ( 'NONE', *, *, #2765, .F. ) ;
#6131 = CARTESIAN_POINT ( 'NONE',  ( 0.000000000000000000, -13.15000000000000213, 0.000000000000000000 ) ) ;
#6132 = EDGE_CURVE ( 'NONE', #6665, #10390, #2756, .T. ) ;
#6133 = EDGE_CURVE ( 'NONE', #1881, #8174, #7187, .T. ) ;
#6134 = CARTESIAN_POINT ( 'NONE',  ( 5.999999999999997335, -4.000000000000000000, -3.464101615137753498 ) ) ;
#6135 = PRESENTATION_STYLE_ASSIGNMENT (( #2644 ) ) ;
#6136 = FACE_OUTER_BOUND ( 'NONE', #9074, .T. ) ;
#6137 = DIRECTION ( 'NONE',  ( -0.000000000000000000, -1.000000000000000000, -0.000000000000000000 ) ) ;
#6138 = CARTESIAN_POINT ( 'NONE',  ( -6.000000000000001776, -4.000000000000000000, -3.464101615137754386 ) ) ;
#6139 = CARTESIAN_POINT ( 'NONE',  ( 0.000000000000000000, 9.499999999999998224, -14.82773641629552053 ) ) ;
#6140 = ORIENTED_EDGE ( 'NONE', *, *, #1282, .T. ) ;
#6141 = VECTOR ( 'NONE', #430, 1000.000000000000000 ) ;
#6142 = SURFACE_STYLE_FILL_AREA ( #7965 ) ;
#6143 = VERTEX_POINT ( 'NONE', #8082 ) ;
#6144 = DIRECTION ( 'NONE',  ( 0.000000000000000000, 1.000000000000000000, 0.000000000000000000 ) ) ;
#6145 = SURFACE_SIDE_STYLE ('',( #7918 ) ) ;
#6146 = EDGE_LOOP ( 'NONE', ( #4847, #5376, #5810, #2320, #2127 ) ) ;
#6147 = STYLED_ITEM ( 'NONE', ( #1457 ), #10623 ) ;
#6148 = COLOUR_RGB ( '',0.1529411764705882470, 0.4901960784313725283, 1.000000000000000000 ) ;
#6149 = EDGE_CURVE ( 'NONE', #6936, #2834, #3740, .T. ) ;
#6150 = CARTESIAN_POINT ( 'NONE',  ( 4.998661715319930643, 6.064326197966797949, -12.15793606078348787 ) ) ;
#6151 = CARTESIAN_POINT ( 'NONE',  ( 12.15793606078344347, 6.064326197966699361, -4.998661715319855148 ) ) ;
#6152 = EDGE_CURVE ( 'NONE', #10090, #5711, #8761, .T. ) ;
#6153 = DIRECTION ( 'NONE',  ( 0.000000000000000000, 0.000000000000000000, 1.000000000000000000 ) ) ;
#6154 = UNCERTAINTY_MEASURE_WITH_UNIT (LENGTH_MEASURE( 1.000000000000000082E-05 ), #5743, 'distance_accuracy_value', 'NONE');
#6155 = DIRECTION ( 'NONE',  ( -0.000000000000000000, 1.000000000000000000, -0.000000000000000000 ) ) ;
#6156 = VERTEX_POINT ( 'NONE', #5692 ) ;
#6157 = MECHANICAL_DESIGN_GEOMETRIC_PRESENTATION_REPRESENTATION (  '', ( #9420 ), #4159 ) ;
#6158 = DIRECTION ( 'NONE',  ( 0.000000000000000000, 0.000000000000000000, -1.000000000000000000 ) ) ;
#6159 = EDGE_LOOP ( 'NONE', ( #9841, #10048, #1652, #5292, #5733, #9107, #6712, #2212, #7747, #7872, #5536 ) ) ;
#6160 =( NAMED_UNIT ( * ) SI_UNIT ( $, .STERADIAN. ) SOLID_ANGLE_UNIT ( ) );
#6161 = VECTOR ( 'NONE', #77, 1000.000000000000000 ) ;
#6162 = LINE ( 'NONE', #5651, #2686 ) ;
#6163 = CARTESIAN_POINT ( 'NONE',  ( -3.459095744105301407, 4.345517802399459839, -9.491329577035910958 ) ) ;
#6164 = VECTOR ( 'NONE', #1277, 1000.000000000000000 ) ;
#6165 = DIRECTION ( 'NONE',  ( 0.000000000000000000, -1.000000000000000000, 0.000000000000000000 ) ) ;
#6166 = ORIENTED_EDGE ( 'NONE', *, *, #7592, .T. ) ;
#6167 = UNCERTAINTY_MEASURE_WITH_UNIT (LENGTH_MEASURE( 1.000000000000000082E-05 ), #7982, 'distance_accuracy_value', 'NONE');
#6168 = DIRECTION ( 'NONE',  ( 0.000000000000000000, 0.000000000000000000, -1.000000000000000000 ) ) ;
#6169 = CARTESIAN_POINT ( 'NONE',  ( -18.37780823672224173, -18.21991441758264685, 12.63115847475061315 ) ) ;
#6170 = ORIENTED_EDGE ( 'NONE', *, *, #9279, .T. ) ;
#6171 = CARTESIAN_POINT ( 'NONE',  ( 0.000000000000000000, -13.25000000000000178, 0.000000000000000000 ) ) ;
#6172 = CARTESIAN_POINT ( 'NONE',  ( 5.999999999999997335, -0.2000000000000000944, -3.464101615137753498 ) ) ;
#6173 = CARTESIAN_POINT ( 'NONE',  ( 9.600069561505076621, 6.499999999999999112, 20.12780823672224173 ) ) ;
#6174 = CARTESIAN_POINT ( 'NONE',  ( -20.12780823672231278, 6.499999999999999112, -9.600069561504927407 ) ) ;
#6175 = CARTESIAN_POINT ( 'NONE',  ( -11.92184592419708622, 7.204214166394557139, -1.749999999999730438 ) ) ;
#6176 = ORIENTED_EDGE ( 'NONE', *, *, #9964, .T. ) ;
#6177 = VERTEX_POINT ( 'NONE', #4910 ) ;
#6178 = CIRCLE ( 'NONE', #9080, 9.148907742668312082 ) ;
#6179 = ADVANCED_FACE ( 'NONE', ( #9874 ), #6471, .T. ) ;
#6180 =( LENGTH_UNIT ( ) NAMED_UNIT ( * ) SI_UNIT ( .MILLI., .METRE. ) );
#6181 = ORIENTED_EDGE ( 'NONE', *, *, #5462, .F. ) ;
#6182 = EDGE_LOOP ( 'NONE', ( #5972, #2654, #5551, #6796 ) ) ;
#6183 = SURFACE_SIDE_STYLE ('',( #7845 ) ) ;
#6184 = CARTESIAN_POINT ( 'NONE',  ( 0.000000000000000000, -13.25000000000000178, 32.00000000000000000 ) ) ;
#6185 = AXIS2_PLACEMENT_3D ( 'NONE', #8197, #388, #3873 ) ;
#6186 = CARTESIAN_POINT ( 'NONE',  ( 8.717526486249017381, 10.45155730935271166, -11.59919879051065905 ) ) ;
#6187 = VERTEX_POINT ( 'NONE', #7430 ) ;
#6188 = CIRCLE ( 'NONE', #357, 14.82773641629552053 ) ;
#6189 = DIRECTION ( 'NONE',  ( 0.000000000000000000, 0.000000000000000000, -1.000000000000000000 ) ) ;
#6190 = ADVANCED_FACE ( 'NONE', ( #10181 ), #4221, .F. ) ;
#6191 = CARTESIAN_POINT ( 'NONE',  ( -22.80419369326623524, -13.25000000000000178, -22.80419369326607537 ) ) ;
#6192 =( LENGTH_UNIT ( ) NAMED_UNIT ( * ) SI_UNIT ( .MILLI., .METRE. ) );
#6193 = EDGE_CURVE ( 'NONE', #9886, #2209, #5144, .T. ) ;
#6194 = MECHANICAL_DESIGN_GEOMETRIC_PRESENTATION_REPRESENTATION (  '', ( #7299 ), #2193 ) ;
#6195 = EDGE_LOOP ( 'NONE', ( #9463, #11259, #371, #7133 ) ) ;
#6196 = CARTESIAN_POINT ( 'NONE',  ( -12.15793606078342926, 6.064326197966698473, 4.998661715319890675 ) ) ;
#6197 = PRESENTATION_STYLE_ASSIGNMENT (( #10617 ) ) ;
#6198 = ORIENTED_EDGE ( 'NONE', *, *, #9594, .T. ) ;
#6199 = MECHANICAL_DESIGN_GEOMETRIC_PRESENTATION_REPRESENTATION (  '', ( #733 ), #8918 ) ;
#6200 = MANIFOLD_SOLID_BREP ( 'µ¹½Ç1', #8168 ) ;
#6201 = FILL_AREA_STYLE ('',( #11249 ) ) ;
#6202 =( NAMED_UNIT ( * ) SI_UNIT ( $, .STERADIAN. ) SOLID_ANGLE_UNIT ( ) );
#6203 = CARTESIAN_POINT ( 'NONE',  ( 5.795074182089445358, 0.000000000000000000, -6.537362917009557961 ) ) ;
#6204 = STYLED_ITEM ( 'NONE', ( #4835 ), #1265 ) ;
#6205 = FILL_AREA_STYLE_COLOUR ( '', #8312 ) ;
#6206 = MECHANICAL_DESIGN_GEOMETRIC_PRESENTATION_REPRESENTATION (  '', ( #3658 ), #1305 ) ;
#6207 = ORIENTED_EDGE ( 'NONE', *, *, #5417, .T. ) ;
#6208 = CIRCLE ( 'NONE', #10904, 32.50000000000000000 ) ;
#6209 = FACE_OUTER_BOUND ( 'NONE', #879, .T. ) ;
#6210 = EDGE_CURVE ( 'NONE', #4483, #681, #3413, .T. ) ;
#6211 = ORIENTED_EDGE ( 'NONE', *, *, #5126, .T. ) ;
#6212 = VERTEX_POINT ( 'NONE', #3588 ) ;
#6213 = CARTESIAN_POINT ( 'NONE',  ( 0.000000000000000000, 9.499999999999998224, 0.000000000000000000 ) ) ;
#6214 = CARTESIAN_POINT ( 'NONE',  ( 0.000000000000000000, 10.80000000000000071, 0.000000000000000000 ) ) ;
#6215 = CARTESIAN_POINT ( 'NONE',  ( -1.749999999999997113, 6.131962964354677581, 13.07506233753266400 ) ) ;
#6216 = AXIS2_PLACEMENT_3D ( 'NONE', #9919, #9084, #9759 ) ;
#6217 =( NAMED_UNIT ( * ) SI_UNIT ( $, .STERADIAN. ) SOLID_ANGLE_UNIT ( ) );
#6218 = VERTEX_POINT ( 'NONE', #6371 ) ;
#6219 = CARTESIAN_POINT ( 'NONE',  ( -18.11718589315075434, 10.49999999999999822, -12.48068809453306116 ) ) ;
#6220 = FACE_BOUND ( 'NONE', #10098, .T. ) ;
#6221 = CARTESIAN_POINT ( 'NONE',  ( 13.89239616418555201, 10.06432619796669847, -1.750000000000410783 ) ) ;
#6222 = FILL_AREA_STYLE_COLOUR ( '', #6997 ) ;
#6223 = AXIS2_PLACEMENT_3D ( 'NONE', #1070, #9767, #1977 ) ;
#6224 = ORIENTED_EDGE ( 'NONE', *, *, #464, .F. ) ;
#6225 = CARTESIAN_POINT ( 'NONE',  ( 0.000000000000000000, 13.44999999999999929, 0.000000000000000000 ) ) ;
#6226 = CARTESIAN_POINT ( 'NONE',  ( -7.766550857632739557, 1.499999999999999556, 2.463294286165495617 ) ) ;
#6227 = EDGE_CURVE ( 'NONE', #9601, #391, #6708, .T. ) ;
#6228 = DIRECTION ( 'NONE',  ( 0.000000000000000000, 0.000000000000000000, -1.000000000000000000 ) ) ;
#6229 = PRESENTATION_LAYER_ASSIGNMENT (  '', '', ( #1854 ) ) ;
#6230 = CIRCLE ( 'NONE', #3112, 26.00000000000000355 ) ;
#6231 = FILL_AREA_STYLE_COLOUR ( '', #196 ) ;
#6232 = SURFACE_STYLE_USAGE ( .BOTH. , #1843 ) ;
#6233 = VERTEX_POINT ( 'NONE', #10553 ) ;
#6234 = VECTOR ( 'NONE', #4851, 1000.000000000000000 ) ;
#6235 = EDGE_LOOP ( 'NONE', ( #4290, #8833 ) ) ;
#6236 = CIRCLE ( 'NONE', #9319, 0.5000000000000004441 ) ;
#6237 = CIRCLE ( 'NONE', #1140, 8.736131791852239203 ) ;
#6238 = ORIENTED_EDGE ( 'NONE', *, *, #1487, .T. ) ;
#6239 = LINE ( 'NONE', #3558, #5372 ) ;
#6240 = FACE_OUTER_BOUND ( 'NONE', #7912, .T. ) ;
#6241 = EDGE_CURVE ( 'NONE', #8682, #6355, #10195, .T. ) ;
#6242 = DIRECTION ( 'NONE',  ( 0.000000000000000000, 0.000000000000000000, -1.000000000000000000 ) ) ;
#6243 = DIRECTION ( 'NONE',  ( 0.000000000000000000, 0.000000000000000000, 1.000000000000000000 ) ) ;
#6244 = ORIENTED_EDGE ( 'NONE', *, *, #543, .T. ) ;
#6245 = CARTESIAN_POINT ( 'NONE',  ( 20.68287334970656843, -13.25000000000000178, -20.68287334970646185 ) ) ;
#6246 = CARTESIAN_POINT ( 'NONE',  ( 0.000000000000000000, -13.25000000000000178, 0.000000000000000000 ) ) ;
#6247 =( LENGTH_UNIT ( ) NAMED_UNIT ( * ) SI_UNIT ( .MILLI., .METRE. ) );
#6248 = ORIENTED_EDGE ( 'NONE', *, *, #646, .T. ) ;
#6249 = DIRECTION ( 'NONE',  ( 0.000000000000000000, -1.000000000000000000, 0.000000000000000000 ) ) ;
#6250 = VECTOR ( 'NONE', #4248, 1000.000000000000227 ) ;
#6251 = LINE ( 'NONE', #9712, #4086 ) ;
#6252 = ORIENTED_EDGE ( 'NONE', *, *, #2819, .F. ) ;
#6253 = DIRECTION ( 'NONE',  ( -0.000000000000000000, 1.000000000000000000, -0.000000000000000000 ) ) ;
#6254 = LINE ( 'NONE', #2656, #8789 ) ;
#6255 = CARTESIAN_POINT ( 'NONE',  ( 0.000000000000000000, -13.15000000000000213, 32.50000000000000000 ) ) ;
#6256 = ADVANCED_FACE ( 'NONE', ( #2598 ), #6089, .T. ) ;
#6257 = SURFACE_STYLE_USAGE ( .BOTH. , #1131 ) ;
#6258 = CIRCLE ( 'NONE', #8086, 30.50000000000000000 ) ;
#6259 = UNCERTAINTY_MEASURE_WITH_UNIT (LENGTH_MEASURE( 1.000000000000000082E-05 ), #7805, 'distance_accuracy_value', 'NONE');
#6260 = AXIS2_PLACEMENT_3D ( 'NONE', #2974, #2200, #9876 ) ;
#6261 = VERTEX_POINT ( 'NONE', #4498 ) ;
#6262 = CARTESIAN_POINT ( 'NONE',  ( 0.000000000000000000, -13.25000000000000178, 0.000000000000000000 ) ) ;
#6263 = DIRECTION ( 'NONE',  ( 0.000000000000000000, 0.000000000000000000, 1.000000000000000000 ) ) ;
#6264 = ORIENTED_EDGE ( 'NONE', *, *, #7515, .F. ) ;
#6265 = LINE ( 'NONE', #7076, #1048 ) ;
#6266 = ORIENTED_EDGE ( 'NONE', *, *, #9262, .F. ) ;
#6267 = AXIS2_PLACEMENT_3D ( 'NONE', #9378, #10102, #4152 ) ;
#6268 = ORIENTED_EDGE ( 'NONE', *, *, #5253, .F. ) ;
#6269 = CARTESIAN_POINT ( 'NONE',  ( 10.49500907771220248, 6.192532590100034540, 8.080022258328392937 ) ) ;
#6270 = DIRECTION ( 'NONE',  ( -0.000000000000000000, 1.000000000000000000, -0.000000000000000000 ) ) ;
#6271 = ADVANCED_FACE ( 'NONE', ( #7855 ), #7004, .F. ) ;
#6272 = EDGE_LOOP ( 'NONE', ( #10066, #4494, #10118, #7301 ) ) ;
#6273 = EDGE_CURVE ( 'NONE', #8958, #3917, #7681, .T. ) ;
#6274 = CARTESIAN_POINT ( 'NONE',  ( 22.23122803625563648, 10.80000000000000071, -1.750000000000389022 ) ) ;
#6275 = DIRECTION ( 'NONE',  ( 0.000000000000000000, 0.000000000000000000, 1.000000000000000000 ) ) ;
#6276 = LINE ( 'NONE', #9895, #2953 ) ;
#6277 = ORIENTED_EDGE ( 'NONE', *, *, #10552, .F. ) ;
#6278 = DIRECTION ( 'NONE',  ( 0.000000000000000000, -1.000000000000000000, 0.000000000000000000 ) ) ;
#6279 = CARTESIAN_POINT ( 'NONE',  ( -13.12895560341129197, 6.192532590100034540, -1.749999999999729994 ) ) ;
#6280 = LINE ( 'NONE', #4515, #1288 ) ;
#6281 = FILL_AREA_STYLE ('',( #4473 ) ) ;
#6282 = SURFACE_STYLE_FILL_AREA ( #1950 ) ;
#6283 = B_SPLINE_CURVE_WITH_KNOTS ( 'NONE', 3,
 ( #7400, #10842, #6535, #9978 ),
 .UNSPECIFIED., .F., .F.,
 ( 4, 4 ),
 ( 0.000000000000000000, 0.0004900010714873820946 ),
 .UNSPECIFIED. ) ;
#6284 = CARTESIAN_POINT ( 'NONE',  ( 2.463294286165498281, 1.500000000000001332, -7.766550857632738669 ) ) ;
#6285 = EDGE_CURVE ( 'NONE', #10513, #6071, #5464, .T. ) ;
#6286 = CARTESIAN_POINT ( 'NONE',  ( -21.74353352148638407, 13.54999999999999893, 21.74353352148629170 ) ) ;
#6287 = EDGE_CURVE ( 'NONE', #11059, #4344, #5680, .T. ) ;
#6288 = SURFACE_STYLE_FILL_AREA ( #9636 ) ;
#6289 = EDGE_LOOP ( 'NONE', ( #5861, #7359, #9851, #10373 ) ) ;
#6290 = AXIS2_PLACEMENT_3D ( 'NONE', #10017, #9955, #8110 ) ;
#6291 = ORIENTED_EDGE ( 'NONE', *, *, #1292, .F. ) ;
#6292 = CARTESIAN_POINT ( 'NONE',  ( -20.12780823672224173, 0.000000000000000000, 9.600069561505080173 ) ) ;
#6293 = EDGE_LOOP ( 'NONE', ( #8886, #9316, #8042, #10700 ) ) ;
#6294 = EDGE_LOOP ( 'NONE', ( #4831, #540, #9422, #7188, #4188, #5483, #304, #3574, #1530, #3734, #5685 ) ) ;
#6295 = SURFACE_STYLE_USAGE ( .BOTH. , #2693 ) ;
#6296 = VECTOR ( 'NONE', #2994, 1000.000000000000000 ) ;
#6297 =( NAMED_UNIT ( * ) PLANE_ANGLE_UNIT ( ) SI_UNIT ( $, .RADIAN. ) );
#6298 = SURFACE_STYLE_USAGE ( .BOTH. , #4488 ) ;
#6299 = CARTESIAN_POINT ( 'NONE',  ( 0.000000000000000000, 13.54999999999999893, 0.000000000000000000 ) ) ;
#6300 = DIRECTION ( 'NONE',  ( -0.000000000000000000, 1.000000000000000000, -0.000000000000000000 ) ) ;
#6301 = DIRECTION ( 'NONE',  ( 0.000000000000000000, -0.000000000000000000, -1.000000000000000000 ) ) ;
#6302 = VERTEX_POINT ( 'NONE', #5796 ) ;
#6303 = PRESENTATION_STYLE_ASSIGNMENT (( #2814 ) ) ;
#6304 = CARTESIAN_POINT ( 'NONE',  ( 0.000000000000000000, -4.000000000000000000, 0.000000000000000000 ) ) ;
#6305 = CIRCLE ( 'NONE', #8851, 29.50000000000000000 ) ;
#6306 = VERTEX_POINT ( 'NONE', #482 ) ;
#6307 = EDGE_CURVE ( 'NONE', #10830, #1139, #6561, .T. ) ;
#6308 = FACE_OUTER_BOUND ( 'NONE', #10629, .T. ) ;
#6309 = CARTESIAN_POINT ( 'NONE',  ( -22.62741699796956851, 13.54999999999999893, 22.62741699796947259 ) ) ;
#6310 = VERTEX_POINT ( 'NONE', #4092 ) ;
#6311 = CARTESIAN_POINT ( 'NONE',  ( -13.86093484102085505, 6.499999999999999112, 1.750000000000270228 ) ) ;
#6312 = CARTESIAN_POINT ( 'NONE',  ( 22.23122803625593491, 10.80000000000000071, 1.749999999999587885 ) ) ;
#6313 = FACE_OUTER_BOUND ( 'NONE', #11208, .T. ) ;
#6314 = B_SPLINE_CURVE_WITH_KNOTS ( 'NONE', 3,
 ( #8129, #7974, #157, #9766, #2761, #2869, #9822, #2026 ),
 .UNSPECIFIED., .F., .F.,
 ( 4, 2, 2, 4 ),
 ( 1.734723475976806902E-18, 0.0002427953948744185049, 0.0004855907897488352751, 0.0009711815794976709840 ),
 .UNSPECIFIED. ) ;
#6315 = CARTESIAN_POINT ( 'NONE',  ( -6.016550857632740446, 1.500000000000001332, 5.494383199411028151 ) ) ;
#6316 = CIRCLE ( 'NONE', #2665, 29.50000000000000000 ) ;
#6317 = ORIENTED_EDGE ( 'NONE', *, *, #4156, .T. ) ;
#6318 = EDGE_CURVE ( 'NONE', #1139, #8485, #1856, .T. ) ;
#6319 = CIRCLE ( 'NONE', #10300, 30.50000000000000000 ) ;
#6320 = ORIENTED_EDGE ( 'NONE', *, *, #7120, .T. ) ;
#6321 = DIRECTION ( 'NONE',  ( 0.000000000000000000, 0.000000000000000000, 1.000000000000000000 ) ) ;
#6322 = DIRECTION ( 'NONE',  ( -0.000000000000000000, 1.000000000000000000, -0.000000000000000000 ) ) ;
#6323 = AXIS2_PLACEMENT_3D ( 'NONE', #216, #3089, #5694 ) ;
#6324 = ORIENTED_EDGE ( 'NONE', *, *, #6040, .F. ) ;
#6325 = DIRECTION ( 'NONE',  ( 0.000000000000000000, 0.000000000000000000, 1.000000000000000000 ) ) ;
#6326 = CARTESIAN_POINT ( 'NONE',  ( -18.37780823672224173, 10.49999999999999822, 12.63115847475061315 ) ) ;
#6327 =( NAMED_UNIT ( * ) SI_UNIT ( $, .STERADIAN. ) SOLID_ANGLE_UNIT ( ) );
#6328 = AXIS2_PLACEMENT_3D ( 'NONE', #326, #1257, #1319 ) ;
#6329 = CARTESIAN_POINT ( 'NONE',  ( 0.000000000000000000, 10.80000000000000071, 0.000000000000000000 ) ) ;
#6330 = DIRECTION ( 'NONE',  ( -0.000000000000000000, -1.000000000000000000, -0.000000000000000000 ) ) ;
#6331 =( LENGTH_UNIT ( ) NAMED_UNIT ( * ) SI_UNIT ( .MILLI., .METRE. ) );
#6332 = VERTEX_POINT ( 'NONE', #9256 ) ;
#6333 = CARTESIAN_POINT ( 'NONE',  ( -1.749999999999994449, 10.49999999999999822, 21.93028727582017012 ) ) ;
#6334 =( GEOMETRIC_REPRESENTATION_CONTEXT ( 3 ) GLOBAL_UNCERTAINTY_ASSIGNED_CONTEXT ( ( #8535 ) ) GLOBAL_UNIT_ASSIGNED_CONTEXT ( ( #2169, #4585, #239 ) ) REPRESENTATION_CONTEXT ( 'NONE', 'WORKASPACE' ) );
#6335 = ADVANCED_FACE ( 'NONE', ( #1469 ), #4905, .T. ) ;
#6336 = EDGE_CURVE ( 'NONE', #2837, #9589, #8049, .T. ) ;
#6337 =( LENGTH_UNIT ( ) NAMED_UNIT ( * ) SI_UNIT ( .MILLI., .METRE. ) );
#6338 = CARTESIAN_POINT ( 'NONE',  ( 5.430653625470072576, 10.06432619796679440, 12.90616799762227807 ) ) ;
#6339 = FACE_OUTER_BOUND ( 'NONE', #11227, .T. ) ;
#6340 = CARTESIAN_POINT ( 'NONE',  ( -5.686437573003299661, 10.45155730935271166, -13.34919879051074076 ) ) ;
#6341 = DIRECTION ( 'NONE',  ( 0.000000000000000000, 0.000000000000000000, -1.000000000000000000 ) ) ;
#6342 =( NAMED_UNIT ( * ) SI_UNIT ( $, .STERADIAN. ) SOLID_ANGLE_UNIT ( ) );
#6343 = EDGE_LOOP ( 'NONE', ( #4832, #6407, #10466, #9538 ) ) ;
#6344 = CIRCLE ( 'NONE', #3794, 14.00218451466337477 ) ;
#6345 = CARTESIAN_POINT ( 'NONE',  ( 0.000000000000000000, 1.499999999999999556, 0.000000000000000000 ) ) ;
#6346 = ORIENTED_EDGE ( 'NONE', *, *, #2001, .T. ) ;
#6347 = EDGE_CURVE ( 'NONE', #5498, #3846, #4230, .T. ) ;
#6348 = VECTOR ( 'NONE', #2482, 1000.000000000000000 ) ;
#6349 = ORIENTED_EDGE ( 'NONE', *, *, #10839, .T. ) ;
#6350 = LINE ( 'NONE', #1168, #5445 ) ;
#6351 = DIRECTION ( 'NONE',  ( 0.000000000000000000, 0.000000000000000000, -1.000000000000000000 ) ) ;
#6352 = CYLINDRICAL_SURFACE ( 'NONE', #10205, 0.2500000000000002220 ) ;
#6353 = SURFACE_SIDE_STYLE ('',( #6403 ) ) ;
#6354 = PRESENTATION_STYLE_ASSIGNMENT (( #2134 ) ) ;
#6355 = VERTEX_POINT ( 'NONE', #5826 ) ;
#6356 = FILL_AREA_STYLE ('',( #262 ) ) ;
#6357 = SURFACE_STYLE_FILL_AREA ( #10663 ) ;
#6358 = ADVANCED_FACE ( 'NONE', ( #10238 ), #10738, .F. ) ;
#6359 = B_SPLINE_CURVE_WITH_KNOTS ( 'NONE', 3,
 ( #9245, #596, #2180, #3193, #2359, #5620, #10820, #3011 ),
 .UNSPECIFIED., .F., .F.,
 ( 4, 2, 2, 4 ),
 ( 0.000000000000000000, 0.0002429715048040641116, 0.0004859430096081282231, 0.0009718860192162551452 ),
 .UNSPECIFIED. ) ;
#6360 = AXIS2_PLACEMENT_3D ( 'NONE', #8144, #2989, #3754 ) ;
#6361 = ORIENTED_EDGE ( 'NONE', *, *, #10145, .T. ) ;
#6362 = FACE_OUTER_BOUND ( 'NONE', #10732, .T. ) ;
#6363 = FILL_AREA_STYLE ('',( #1310 ) ) ;
#6364 = CIRCLE ( 'NONE', #2543, 22.00000000000000000 ) ;
#6365 = CARTESIAN_POINT ( 'NONE',  ( 18.11718589315090355, 10.49999999999999822, 12.48068809453284445 ) ) ;
#6366 = UNCERTAINTY_MEASURE_WITH_UNIT (LENGTH_MEASURE( 1.000000000000000082E-05 ), #4878, 'distance_accuracy_value', 'NONE');
#6367 = FILL_AREA_STYLE_COLOUR ( '', #3784 ) ;
#6368 = EDGE_LOOP ( 'NONE', ( #7412, #6361, #1690, #10782, #6238, #5578, #8064, #6166, #8302, #9796, #4486 ) ) ;
#6369 = VECTOR ( 'NONE', #8633, 1000.000000000000000 ) ;
#6370 = CARTESIAN_POINT ( 'NONE',  ( 0.000000000000000000, 10.80000000000000071, 0.000000000000000000 ) ) ;
#6371 = CARTESIAN_POINT ( 'NONE',  ( -22.23122803625568977, 6.499999999999999112, -1.749999999999727329 ) ) ;
#6372 = FACE_OUTER_BOUND ( 'NONE', #5182, .T. ) ;
#6373 = DIRECTION ( 'NONE',  ( 0.000000000000000000, 0.000000000000000000, -1.000000000000000000 ) ) ;
#6374 = MECHANICAL_DESIGN_GEOMETRIC_PRESENTATION_REPRESENTATION (  '', ( #10909 ), #2891 ) ;
#6375 = ORIENTED_EDGE ( 'NONE', *, *, #2152, .T. ) ;
#6376 = CARTESIAN_POINT ( 'NONE',  ( 6.901889459346347344, 0.2178369010166496533, -6.005533679434321037 ) ) ;
#6377 = CIRCLE ( 'NONE', #1486, 13.14541852518598830 ) ;
#6378 = EDGE_CURVE ( 'NONE', #1151, #8083, #2998, .T. ) ;
#6379 = CARTESIAN_POINT ( 'NONE',  ( -4.325731013513791190, 4.112992312804595763, -10.99238589528259880 ) ) ;
#6380 = DIRECTION ( 'NONE',  ( 0.000000000000000000, 0.000000000000000000, -1.000000000000000000 ) ) ;
#6381 = ORIENTED_EDGE ( 'NONE', *, *, #7686, .T. ) ;
#6382 = DIRECTION ( 'NONE',  ( 0.000000000000000000, 0.000000000000000000, 1.000000000000000000 ) ) ;
#6383 = PRESENTATION_STYLE_ASSIGNMENT (( #5662 ) ) ;
#6384 = CARTESIAN_POINT ( 'NONE',  ( 20.68287334970656843, -13.25000000000000178, -20.68287334970646185 ) ) ;
#6385 = CARTESIAN_POINT ( 'NONE',  ( -11.12892169252490149, 6.499999999999999112, 8.446011877133214441 ) ) ;
#6386 = CIRCLE ( 'NONE', #6223, 26.00000000000000355 ) ;
#6387 = EDGE_CURVE ( 'NONE', #469, #3256, #4417, .T. ) ;
#6388 = LINE ( 'NONE', #9849, #2817 ) ;
#6389 = VECTOR ( 'NONE', #11151, 1000.000000000000114 ) ;
#6390 = ORIENTED_EDGE ( 'NONE', *, *, #2559, .T. ) ;
#6391 = DIRECTION ( 'NONE',  ( -0.000000000000000000, 1.000000000000000000, -0.000000000000000000 ) ) ;
#6392 = COLOUR_RGB ( '',0.1529411764705882470, 0.4901960784313725283, 1.000000000000000000 ) ;
#6393 = DIRECTION ( 'NONE',  ( 0.000000000000000000, -1.000000000000000000, 0.000000000000000000 ) ) ;
#6394 = LINE ( 'NONE', #8804, #2850 ) ;
#6395 = ORIENTED_EDGE ( 'NONE', *, *, #8964, .F. ) ;
#6396 = ORIENTED_EDGE ( 'NONE', *, *, #8731, .F. ) ;
#6397 = STYLED_ITEM ( 'NONE', ( #5609 ), #7378 ) ;
#6398 = DIRECTION ( 'NONE',  ( -0.000000000000000000, 1.000000000000000000, -0.000000000000000000 ) ) ;
#6399 = CARTESIAN_POINT ( 'NONE',  ( 1.749999999999998446, 7.204214166394781849, -11.92184592419719991 ) ) ;
#6400 = FILL_AREA_STYLE_COLOUR ( '', #408 ) ;
#6401 = EDGE_CURVE ( 'NONE', #4653, #517, #2216, .T. ) ;
#6402 = PLANE ( 'NONE',  #10934 ) ;
#6403 = SURFACE_STYLE_FILL_AREA ( #1171 ) ;
#6404 = EDGE_CURVE ( 'NONE', #3430, #4147, #2912, .T. ) ;
#6405 = FACE_OUTER_BOUND ( 'NONE', #4654, .T. ) ;
#6406 = CIRCLE ( 'NONE', #9846, 14.82773641629552053 ) ;
#6407 = ORIENTED_EDGE ( 'NONE', *, *, #4914, .F. ) ;
#6408 =( LENGTH_UNIT ( ) NAMED_UNIT ( * ) SI_UNIT ( .MILLI., .METRE. ) );
#6409 = VECTOR ( 'NONE', #1110, 1000.000000000000000 ) ;
#6410 = SURFACE_SIDE_STYLE ('',( #9921 ) ) ;
#6411 = ORIENTED_EDGE ( 'NONE', *, *, #9607, .F. ) ;
#6412 = EDGE_LOOP ( 'NONE', ( #1899, #5469, #2549, #2038 ) ) ;
#6413 = COLOUR_RGB ( '',0.1529411764705882470, 0.4901960784313725283, 1.000000000000000000 ) ;
#6414 = ORIENTED_EDGE ( 'NONE', *, *, #8146, .T. ) ;
#6415 = CARTESIAN_POINT ( 'NONE',  ( 8.461742538715613549, 10.06432619796679795, -11.15616799762227451 ) ) ;
#6416 = DIRECTION ( 'NONE',  ( 0.000000000000000000, 0.000000000000000000, -1.000000000000000000 ) ) ;
#6417 = AXIS2_PLACEMENT_3D ( 'NONE', #8149, #5657, #7203 ) ;
#6418 = PLANE ( 'NONE',  #4833 ) ;
#6419 = CARTESIAN_POINT ( 'NONE',  ( -9.449625380560775056, 7.204220786794478748, 7.476469699371583566 ) ) ;
#6420 = ADVANCED_FACE ( 'NONE', ( #8317 ), #7465, .T. ) ;
#6421 = ORIENTED_EDGE ( 'NONE', *, *, #636, .T. ) ;
#6422 = AXIS2_PLACEMENT_3D ( 'NONE', #21, #138, #194 ) ;
#6423 = MECHANICAL_DESIGN_GEOMETRIC_PRESENTATION_REPRESENTATION (  '', ( #3888 ), #9871 ) ;
#6424 = CARTESIAN_POINT ( 'NONE',  ( 6.901889459346336686, 0.2178369010166489039, 6.005533679434334360 ) ) ;
#6425 = CIRCLE ( 'NONE', #3325, 8.147829831584077809 ) ;
#6426 = VERTEX_POINT ( 'NONE', #9102 ) ;
#6427 = VERTEX_POINT ( 'NONE', #4869 ) ;
#6428 = SURFACE_STYLE_FILL_AREA ( #2039 ) ;
#6429 = LINE ( 'NONE', #2877, #9976 ) ;
#6430 = ORIENTED_EDGE ( 'NONE', *, *, #8194, .F. ) ;
#6431 = CARTESIAN_POINT ( 'NONE',  ( -20.68287334970656133, 13.54999999999999893, 20.68287334970646896 ) ) ;
#6432 = DIRECTION ( 'NONE',  ( 0.000000000000000000, -1.000000000000000000, 0.000000000000000000 ) ) ;
#6433 = CARTESIAN_POINT ( 'NONE',  ( 3.184081677783118585E-15, 13.44999999999999929, 26.00000000000000355 ) ) ;
#6434 = CARTESIAN_POINT ( 'NONE',  ( 9.600069561505089055, -18.21991441758264685, -20.12780823672223818 ) ) ;
#6435 = ORIENTED_EDGE ( 'NONE', *, *, #10899, .T. ) ;
#6436 = AXIS2_PLACEMENT_3D ( 'NONE', #8750, #4317, #4438 ) ;
#6437 = CARTESIAN_POINT ( 'NONE',  ( -21.56675682618977419, 13.54999999999999893, -21.56675682618961787 ) ) ;
#6438 =( LENGTH_UNIT ( ) NAMED_UNIT ( * ) SI_UNIT ( .MILLI., .METRE. ) );
#6439 = EDGE_CURVE ( 'NONE', #7508, #6963, #5499, .T. ) ;
#6440 = DIRECTION ( 'NONE',  ( 0.000000000000000000, 0.000000000000000000, -1.000000000000000000 ) ) ;
#6441 = CARTESIAN_POINT ( 'NONE',  ( 0.000000000000000000, 13.44999999999999929, 0.000000000000000000 ) ) ;
#6442 = AXIS2_PLACEMENT_3D ( 'NONE', #7846, #3495, #10279 ) ;
#6443 = DIRECTION ( 'NONE',  ( 0.000000000000000000, 1.000000000000000000, 0.000000000000000000 ) ) ;
#6444 = DIRECTION ( 'NONE',  ( 0.5000000000000004441, 0.000000000000000000, -0.8660254037844384856 ) ) ;
#6445 = VERTEX_POINT ( 'NONE', #6485 ) ;
#6446 = DIRECTION ( 'NONE',  ( 0.000000000000000000, -1.000000000000000000, 0.000000000000000000 ) ) ;
#6447 = SURFACE_STYLE_USAGE ( .BOTH. , #10022 ) ;
#6448 = CARTESIAN_POINT ( 'NONE',  ( 22.80419369326623524, -13.15000000000000213, 22.80419369326607537 ) ) ;
#6449 = ORIENTED_EDGE ( 'NONE', *, *, #359, .F. ) ;
#6450 = COLOUR_RGB ( '',0.1529411764705882470, 0.4901960784313725283, 1.000000000000000000 ) ;
#6451 = ORIENTED_EDGE ( 'NONE', *, *, #7251, .F. ) ;
#6452 = EDGE_CURVE ( 'NONE', #5129, #5764, #5624, .T. ) ;
#6453 = DIRECTION ( 'NONE',  ( 0.000000000000000000, 0.000000000000000000, 1.000000000000000000 ) ) ;
#6454 = DIRECTION ( 'NONE',  ( 0.5000000000000008882, 0.000000000000000000, -0.8660254037844381525 ) ) ;
#6455 = CARTESIAN_POINT ( 'NONE',  ( -1.750000000000001776, 10.34702362053678470, -14.18256555833730914 ) ) ;
#6456 = TOROIDAL_SURFACE ( 'NONE', #460, 22.00000000000000000, 0.2999999999999999889 ) ;
#6457 = SURFACE_SIDE_STYLE ('',( #2964 ) ) ;
#6458 = VECTOR ( 'NONE', #4238, 1000.000000000000000 ) ;
#6459 = DIRECTION ( 'NONE',  ( 0.000000000000000000, 0.000000000000000000, -1.000000000000000000 ) ) ;
#6460 = EDGE_LOOP ( 'NONE', ( #2542, #8111, #11122, #7396 ) ) ;
#6461 = VERTEX_POINT ( 'NONE', #10664 ) ;
#6462 = DIRECTION ( 'NONE',  ( -0.000000000000000000, 1.000000000000000000, -0.000000000000000000 ) ) ;
#6463 =( NAMED_UNIT ( * ) SI_UNIT ( $, .STERADIAN. ) SOLID_ANGLE_UNIT ( ) );
#6464 = CARTESIAN_POINT ( 'NONE',  ( 0.000000000000000000, 10.80000000000000071, 0.000000000000000000 ) ) ;
#6465 = DIRECTION ( 'NONE',  ( -1.776356839400250465E-15, 0.000000000000000000, 1.000000000000000000 ) ) ;
#6466 = DIRECTION ( 'NONE',  ( 0.000000000000000000, 0.000000000000000000, 1.000000000000000000 ) ) ;
#6467 = ORIENTED_EDGE ( 'NONE', *, *, #1211, .F. ) ;
#6468 = EDGE_CURVE ( 'NONE', #875, #10057, #5873, .T. ) ;
#6469 = STYLED_ITEM ( 'NONE', ( #2221 ), #9118 ) ;
#6470 = EDGE_CURVE ( 'NONE', #75, #10203, #1546, .T. ) ;
#6471 = CYLINDRICAL_SURFACE ( 'NONE', #4404, 8.147829831584077809 ) ;
#6472 = ORIENTED_EDGE ( 'NONE', *, *, #1959, .T. ) ;
#6473 = SURFACE_STYLE_USAGE ( .BOTH. , #4784 ) ;
#6474 = FACE_OUTER_BOUND ( 'NONE', #4543, .T. ) ;
#6475 = FILL_AREA_STYLE_COLOUR ( '', #7289 ) ;
#6476 = FILL_AREA_STYLE_COLOUR ( '', #2267 ) ;
#6477 = UNCERTAINTY_MEASURE_WITH_UNIT (LENGTH_MEASURE( 1.000000000000000082E-05 ), #1438, 'distance_accuracy_value', 'NONE');
#6478 = ORIENTED_EDGE ( 'NONE', *, *, #6553, .T. ) ;
#6479 = SURFACE_STYLE_USAGE ( .BOTH. , #380 ) ;
#6480 =( NAMED_UNIT ( * ) PLANE_ANGLE_UNIT ( ) SI_UNIT ( $, .RADIAN. ) );
#6481 = EDGE_LOOP ( 'NONE', ( #4132, #2313, #9103, #3780, #163, #8103 ) ) ;
#6482 =( LENGTH_UNIT ( ) NAMED_UNIT ( * ) SI_UNIT ( .MILLI., .METRE. ) );
#6483 = EDGE_CURVE ( 'NONE', #8365, #5574, #7286, .T. ) ;
#6484 = EDGE_CURVE ( 'NONE', #3381, #3224, #4781, .T. ) ;
#6485 = CARTESIAN_POINT ( 'NONE',  ( -21.92031021678305081, -13.25000000000000178, -21.92031021678288383 ) ) ;
#6486 = ORIENTED_EDGE ( 'NONE', *, *, #10353, .F. ) ;
#6487 = PRESENTATION_LAYER_ASSIGNMENT (  '', '', ( #1764 ) ) ;
#6488 = PRESENTATION_LAYER_ASSIGNMENT (  '', '', ( #9922 ) ) ;
#6489 = DIRECTION ( 'NONE',  ( -0.000000000000000000, 1.000000000000000000, -0.000000000000000000 ) ) ;
#6490 = ORIENTED_EDGE ( 'NONE', *, *, #5450, .T. ) ;
#6491 = DIRECTION ( 'NONE',  ( -0.000000000000000000, 1.000000000000000000, -0.000000000000000000 ) ) ;
#6492 =( LENGTH_UNIT ( ) NAMED_UNIT ( * ) SI_UNIT ( .MILLI., .METRE. ) );
#6493 =( NAMED_UNIT ( * ) SI_UNIT ( $, .STERADIAN. ) SOLID_ANGLE_UNIT ( ) );
#6494 = ORIENTED_EDGE ( 'NONE', *, *, #8653, .T. ) ;
#6495 = COLOUR_RGB ( '',0.1529411764705882470, 0.4901960784313725283, 1.000000000000000000 ) ;
#6496 = PRESENTATION_STYLE_ASSIGNMENT (( #5661 ) ) ;
#6497 = CARTESIAN_POINT ( 'NONE',  ( -22.98097038856288066, 13.44999999999999929, -22.98097038856270657 ) ) ;
#6498 = PRESENTATION_LAYER_ASSIGNMENT (  '', '', ( #9938 ) ) ;
#6499 = DIRECTION ( 'NONE',  ( 0.000000000000000000, -1.000000000000000000, 0.000000000000000000 ) ) ;
#6500 = FILL_AREA_STYLE ('',( #9060 ) ) ;
#6501 = EDGE_CURVE ( 'NONE', #2579, #9499, #1300, .T. ) ;
#6502 = FACE_OUTER_BOUND ( 'NONE', #6343, .T. ) ;
#6503 =( NAMED_UNIT ( * ) PLANE_ANGLE_UNIT ( ) SI_UNIT ( $, .RADIAN. ) );
#6504 = CARTESIAN_POINT ( 'NONE',  ( -10.78429375639688992, 6.422318986420135545, 8.247040845439444823 ) ) ;
#6505 = VECTOR ( 'NONE', #1164, 1000.000000000000000 ) ;
#6506 = LINE ( 'NONE', #1560, #8807 ) ;
#6507 = STYLED_ITEM ( 'NONE', ( #3344 ), #9834 ) ;
#6508 = DIRECTION ( 'NONE',  ( 0.000000000000000000, 0.000000000000000000, 1.000000000000000000 ) ) ;
#6509 = CARTESIAN_POINT ( 'NONE',  ( 20.12780823672226660, 0.000000000000000000, -9.600069561505019777 ) ) ;
#6510 =( LENGTH_UNIT ( ) NAMED_UNIT ( * ) SI_UNIT ( .MILLI., .METRE. ) );
#6511 =( LENGTH_UNIT ( ) NAMED_UNIT ( * ) SI_UNIT ( .MILLI., .METRE. ) );
#6512 = VERTEX_POINT ( 'NONE', #1360 ) ;
#6513 = SURFACE_STYLE_FILL_AREA ( #8342 ) ;
#6514 = CIRCLE ( 'NONE', #1964, 0.2500000000000002220 ) ;
#6515 = DIRECTION ( 'NONE',  ( -0.8660254037844384856, 0.000000000000000000, 0.5000000000000004441 ) ) ;
#6516 = ORIENTED_EDGE ( 'NONE', *, *, #7120, .F. ) ;
#6517 = MECHANICAL_DESIGN_GEOMETRIC_PRESENTATION_REPRESENTATION (  '', ( #6507 ), #9946 ) ;
#6518 = ORIENTED_EDGE ( 'NONE', *, *, #273, .F. ) ;
#6519 = DIRECTION ( 'NONE',  ( 0.000000000000000000, 0.000000000000000000, -1.000000000000000000 ) ) ;
#6520 = VECTOR ( 'NONE', #10442, 1000.000000000000114 ) ;
#6521 = DIRECTION ( 'NONE',  ( -0.000000000000000000, 1.000000000000000000, -0.000000000000000000 ) ) ;
#6522 = CYLINDRICAL_SURFACE ( 'NONE', #4056, 0.2500000000000002220 ) ;
#6523 = STYLED_ITEM ( 'NONE', ( #6547 ), #11035 ) ;
#6524 =( LENGTH_UNIT ( ) NAMED_UNIT ( * ) SI_UNIT ( .MILLI., .METRE. ) );
#6525 = DIRECTION ( 'NONE',  ( 0.000000000000000000, 0.000000000000000000, 1.000000000000000000 ) ) ;
#6526 = EDGE_LOOP ( 'NONE', ( #8008, #9916, #10821, #6830 ) ) ;
#6527 = EDGE_CURVE ( 'NONE', #290, #2160, #2407, .T. ) ;
#6528 = ORIENTED_EDGE ( 'NONE', *, *, #6132, .T. ) ;
#6529 = CARTESIAN_POINT ( 'NONE',  ( 12.63115847475060960, 0.000000000000000000, 18.37780823672224173 ) ) ;
#6530 = DIRECTION ( 'NONE',  ( 0.000000000000000000, 0.000000000000000000, 1.000000000000000000 ) ) ;
#6531 = PRESENTATION_STYLE_ASSIGNMENT (( #10037 ) ) ;
#6532 = ORIENTED_EDGE ( 'NONE', *, *, #10915, .F. ) ;
#6533 = ORIENTED_EDGE ( 'NONE', *, *, #4651, .T. ) ;
#6534 = VERTEX_POINT ( 'NONE', #7673 ) ;
#6535 = CARTESIAN_POINT ( 'NONE',  ( -6.819867253904711824, 0.08184250052690816846, -5.958178137043208089 ) ) ;
#6536 = FACE_OUTER_BOUND ( 'NONE', #764, .T. ) ;
#6537 =( LENGTH_UNIT ( ) NAMED_UNIT ( * ) SI_UNIT ( .MILLI., .METRE. ) );
#6538 =( NAMED_UNIT ( * ) SI_UNIT ( $, .STERADIAN. ) SOLID_ANGLE_UNIT ( ) );
#6539 = ORIENTED_EDGE ( 'NONE', *, *, #11094, .T. ) ;
#6540 = ADVANCED_FACE ( 'NONE', ( #2316 ), #9368, .T. ) ;
#6541 = EDGE_CURVE ( 'NONE', #3425, #8600, #10476, .T. ) ;
#6542 = TOROIDAL_SURFACE ( 'NONE', #4001, 13.97097042681812873, 1.000000000000000000 ) ;
#6543 = ORIENTED_EDGE ( 'NONE', *, *, #4897, .F. ) ;
#6544 = ORIENTED_EDGE ( 'NONE', *, *, #3992, .T. ) ;
#6545 = VECTOR ( 'NONE', #3071, 1000.000000000000000 ) ;
#6546 = SURFACE_SIDE_STYLE ('',( #7416 ) ) ;
#6547 = PRESENTATION_STYLE_ASSIGNMENT (( #2101 ) ) ;
#6548 = DIRECTION ( 'NONE',  ( 0.000000000000000000, 0.000000000000000000, -1.000000000000000000 ) ) ;
#6549 = ORIENTED_EDGE ( 'NONE', *, *, #4566, .T. ) ;
#6550 = CARTESIAN_POINT ( 'NONE',  ( -12.52036594700046379, 10.49999999999999822, -18.18590994956058182 ) ) ;
#6551 = AXIS2_PLACEMENT_3D ( 'NONE', #3933, #4164, #9388 ) ;
#6552 = PLANE ( 'NONE',  #10225 ) ;
#6553 = EDGE_CURVE ( 'NONE', #10176, #340, #7690, .T. ) ;
#6554 = EDGE_CURVE ( 'NONE', #7245, #8896, #1673, .T. ) ;
#6555 = DIRECTION ( 'NONE',  ( 0.000000000000000000, 1.000000000000000000, 0.000000000000000000 ) ) ;
#6556 = CARTESIAN_POINT ( 'NONE',  ( 0.000000000000000000, 5.499999999999999112, 0.000000000000000000 ) ) ;
#6557 = VERTEX_POINT ( 'NONE', #8672 ) ;
#6558 = AXIS2_PLACEMENT_3D ( 'NONE', #2192, #429, #6530 ) ;
#6559 = DIRECTION ( 'NONE',  ( 0.000000000000000000, -1.000000000000000000, 0.000000000000000000 ) ) ;
#6560 = DIRECTION ( 'NONE',  ( 0.000000000000000000, 0.000000000000000000, -1.000000000000000000 ) ) ;
#6561 = B_SPLINE_CURVE_WITH_KNOTS ( 'NONE', 3,
 ( #1528, #9971, #610, #3973 ),
 .UNSPECIFIED., .F., .F.,
 ( 4, 4 ),
 ( 1.955215524702206601E-18, 0.0004900010714873856725 ),
 .UNSPECIFIED. ) ;
#6562 = DIRECTION ( 'NONE',  ( 0.000000000000000000, 0.000000000000000000, 1.000000000000000000 ) ) ;
#6563 = DIRECTION ( 'NONE',  ( -0.000000000000000000, 1.000000000000000000, -0.000000000000000000 ) ) ;
#6564 = SURFACE_STYLE_FILL_AREA ( #5891 ) ;
#6565 =( LENGTH_UNIT ( ) NAMED_UNIT ( * ) SI_UNIT ( .MILLI., .METRE. ) );
#6566 = DIRECTION ( 'NONE',  ( 0.8660254037844382635, 0.000000000000000000, -0.5000000000000005551 ) ) ;
#6567 = PRESENTATION_LAYER_ASSIGNMENT (  '', '', ( #8574 ) ) ;
#6568 =( NAMED_UNIT ( * ) PLANE_ANGLE_UNIT ( ) SI_UNIT ( $, .RADIAN. ) );
#6569 = DIRECTION ( 'NONE',  ( 0.000000000000000000, -1.000000000000000000, 0.000000000000000000 ) ) ;
#6570 = ADVANCED_FACE ( 'NONE', ( #501 ), #2272, .T. ) ;
#6571 = EDGE_CURVE ( 'NONE', #6050, #11232, #6785, .T. ) ;
#6572 = CARTESIAN_POINT ( 'NONE',  ( -22.80419369326642709, -13.15000000000000213, 22.80419369326633827 ) ) ;
#6573 = DIRECTION ( 'NONE',  ( 1.000000000000000000, 0.000000000000000000, -1.367258905585373894E-16 ) ) ;
#6574 = AXIS2_PLACEMENT_3D ( 'NONE', #9911, #7444, #535 ) ;
#6575 = ORIENTED_EDGE ( 'NONE', *, *, #3284, .F. ) ;
#6576 = CARTESIAN_POINT ( 'NONE',  ( 4.102566777143633774E-15, 13.44999999999999929, 33.50000000000000000 ) ) ;
#6577 = FILL_AREA_STYLE ('',( #9957 ) ) ;
#6578 = CIRCLE ( 'NONE', #9824, 14.00218451466337832 ) ;
#6579 = STYLED_ITEM ( 'NONE', ( #6105 ), #6200 ) ;
#6580 = DIRECTION ( 'NONE',  ( 0.000000000000000000, 0.000000000000000000, 1.000000000000000000 ) ) ;
#6581 = ORIENTED_EDGE ( 'NONE', *, *, #1178, .F. ) ;
#6582 = CARTESIAN_POINT ( 'NONE',  ( 7.090544456622759562, 6.499999999999999112, -8.781183252196486322 ) ) ;
#6583 =( GEOMETRIC_REPRESENTATION_CONTEXT ( 3 ) GLOBAL_UNCERTAINTY_ASSIGNED_CONTEXT ( ( #5041 ) ) GLOBAL_UNIT_ASSIGNED_CONTEXT ( ( #3827, #6634, #4755 ) ) REPRESENTATION_CONTEXT ( 'NONE', 'WORKASPACE' ) );
#6584 = B_SPLINE_CURVE_WITH_KNOTS ( 'NONE', 3,
 ( #5505, #8965, #3196, #10764 ),
 .UNSPECIFIED., .F., .F.,
 ( 4, 4 ),
 ( 0.0005294582654890437386, 0.007640805118562059121 ),
 .UNSPECIFIED. ) ;
#6585 = SURFACE_STYLE_FILL_AREA ( #1463 ) ;
#6586 = STYLED_ITEM ( 'NONE', ( #4039 ), #7269 ) ;
#6587 = CYLINDRICAL_SURFACE ( 'NONE', #7151, 2.250000000000000000 ) ;
#6588 = AXIS2_PLACEMENT_3D ( 'NONE', #8044, #10628, #2828 ) ;
#6589 = CARTESIAN_POINT ( 'NONE',  ( 7.766550857632823046, 1.500000000000126121, 2.463294286165514269 ) ) ;
#6590 = ORIENTED_EDGE ( 'NONE', *, *, #4546, .T. ) ;
#6591 = ORIENTED_EDGE ( 'NONE', *, *, #4325, .T. ) ;
#6592 = COLOUR_RGB ( '',0.1529411764705882470, 0.4901960784313725283, 1.000000000000000000 ) ;
#6593 = SURFACE_STYLE_USAGE ( .BOTH. , #611 ) ;
#6594 = CIRCLE ( 'NONE', #8058, 28.99999999999999645 ) ;
#6595 = ORIENTED_EDGE ( 'NONE', *, *, #10537, .T. ) ;
#6596 = AXIS2_PLACEMENT_3D ( 'NONE', #2278, #2338, #562 ) ;
#6597 = CARTESIAN_POINT ( 'NONE',  ( 0.000000000000000000, 10.06432619796669670, 0.000000000000000000 ) ) ;
#6598 = ORIENTED_EDGE ( 'NONE', *, *, #7477, .T. ) ;
#6599 = FACE_OUTER_BOUND ( 'NONE', #8553, .T. ) ;
#6600 = ADVANCED_FACE ( 'NONE', ( #8000 ), #8222, .T. ) ;
#6601 = CARTESIAN_POINT ( 'NONE',  ( 22.30000000000000071, 6.499999999999999112, 0.000000000000000000 ) ) ;
#6602 = CARTESIAN_POINT ( 'NONE',  ( 20.12780823672226660, -18.21991441758264685, -9.600069561505019777 ) ) ;
#6603 = CARTESIAN_POINT ( 'NONE',  ( 0.000000000000000000, -13.25000000000000178, 31.00000000000000000 ) ) ;
#6604 = LINE ( 'NONE', #10957, #4597 ) ;
#6605 = CARTESIAN_POINT ( 'NONE',  ( -12.48068809453284267, 10.49999999999999822, 18.11718589315090355 ) ) ;
#6606 = UNCERTAINTY_MEASURE_WITH_UNIT (LENGTH_MEASURE( 1.000000000000000082E-05 ), #10509, 'distance_accuracy_value', 'NONE');
#6607 = AXIS2_PLACEMENT_3D ( 'NONE', #5715, #5099, #5820 ) ;
#6608 = ORIENTED_EDGE ( 'NONE', *, *, #8410, .T. ) ;
#6609 = CARTESIAN_POINT ( 'NONE',  ( 22.23122803625563648, 10.80000000000000071, -1.750000000000389022 ) ) ;
#6610 = CARTESIAN_POINT ( 'NONE',  ( 21.74353352148639118, -13.25000000000000178, -21.74353352148628460 ) ) ;
#6611 = AXIS2_PLACEMENT_3D ( 'NONE', #1270, #7209, #4746 ) ;
#6612 = ORIENTED_EDGE ( 'NONE', *, *, #5389, .T. ) ;
#6613 = DIRECTION ( 'NONE',  ( 0.000000000000000000, 0.000000000000000000, 1.000000000000000000 ) ) ;
#6614 = ORIENTED_EDGE ( 'NONE', *, *, #5509, .F. ) ;
#6615 = EDGE_CURVE ( 'NONE', #5100, #4195, #11110, .T. ) ;
#6616 = CARTESIAN_POINT ( 'NONE',  ( 9.797174393178825657E-16, 0.000000000000000000, -8.000000000000000000 ) ) ;
#6617 = CARTESIAN_POINT ( 'NONE',  ( 21.74353352148639118, -13.15000000000000213, -21.49353352148628460 ) ) ;
#6618 = VERTEX_POINT ( 'NONE', #2649 ) ;
#6619 = UNCERTAINTY_MEASURE_WITH_UNIT (LENGTH_MEASURE( 1.000000000000000082E-05 ), #2470, 'distance_accuracy_value', 'NONE');
#6620 = UNCERTAINTY_MEASURE_WITH_UNIT (LENGTH_MEASURE( 1.000000000000000082E-05 ), #10650, 'distance_accuracy_value', 'NONE');
#6621 = SURFACE_SIDE_STYLE ('',( #5046 ) ) ;
#6622 = CIRCLE ( 'NONE', #9521, 30.50000000000000000 ) ;
#6623 = EDGE_LOOP ( 'NONE', ( #1894, #3483, #1353, #4251 ) ) ;
#6624 =( NAMED_UNIT ( * ) SI_UNIT ( $, .STERADIAN. ) SOLID_ANGLE_UNIT ( ) );
#6625 = COLOUR_RGB ( '',0.1529411764705882470, 0.4901960784313725283, 1.000000000000000000 ) ;
#6626 = DIRECTION ( 'NONE',  ( 0.000000000000000000, 0.000000000000000000, 1.000000000000000000 ) ) ;
#6627 = CARTESIAN_POINT ( 'NONE',  ( 0.000000000000000000, 6.064326197966700249, 0.000000000000000000 ) ) ;
#6628 = EDGE_CURVE ( 'NONE', #4128, #75, #9128, .T. ) ;
#6629 = ADVANCED_FACE ( 'NONE', ( #8593 ), #10932, .F. ) ;
#6630 = DIRECTION ( 'NONE',  ( 0.000000000000000000, -1.000000000000000000, 0.000000000000000000 ) ) ;
#6631 = CARTESIAN_POINT ( 'NONE',  ( -20.50609665440991947, -13.15000000000000213, 20.50609665440983420 ) ) ;
#6632 = FILL_AREA_STYLE ('',( #6745 ) ) ;
#6633 = CARTESIAN_POINT ( 'NONE',  ( -6.016550857632677385, 0.000000000000000000, -5.494383199411098317 ) ) ;
#6634 =( NAMED_UNIT ( * ) PLANE_ANGLE_UNIT ( ) SI_UNIT ( $, .RADIAN. ) );
#6635 = CIRCLE ( 'NONE', #6076, 0.2500000000000002220 ) ;
#6636 = FILL_AREA_STYLE_COLOUR ( '', #4301 ) ;
#6637 = DIRECTION ( 'NONE',  ( -0.000000000000000000, 1.000000000000000000, -0.000000000000000000 ) ) ;
#6638 = ORIENTED_EDGE ( 'NONE', *, *, #6227, .F. ) ;
#6639 = PRESENTATION_STYLE_ASSIGNMENT (( #4018 ) ) ;
#6640 = LINE ( 'NONE', #9129, #5428 ) ;
#6641 = DIRECTION ( 'NONE',  ( -0.000000000000000000, 1.000000000000000000, -0.000000000000000000 ) ) ;
#6642 = CIRCLE ( 'NONE', #5554, 8.736131791852239203 ) ;
#6643 = ADVANCED_FACE ( 'NONE', ( #5200 ), #3303, .T. ) ;
#6644 = EDGE_CURVE ( 'NONE', #5718, #9459, #4792, .T. ) ;
#6645 = FILL_AREA_STYLE ('',( #8229 ) ) ;
#6646 = SURFACE_STYLE_USAGE ( .BOTH. , #1354 ) ;
#6647 = CARTESIAN_POINT ( 'NONE',  ( 0.000000000000000000, 0.000000000000000000, 0.000000000000000000 ) ) ;
#6648 = CARTESIAN_POINT ( 'NONE',  ( 0.000000000000000000, 10.06432619796669670, 0.000000000000000000 ) ) ;
#6649 = ORIENTED_EDGE ( 'NONE', *, *, #1593, .F. ) ;
#6650 = SURFACE_SIDE_STYLE ('',( #4840 ) ) ;
#6651 = AXIS2_PLACEMENT_3D ( 'NONE', #4447, #6249, #2816 ) ;
#6652 = ORIENTED_EDGE ( 'NONE', *, *, #510, .F. ) ;
#6653 = SURFACE_STYLE_FILL_AREA ( #11007 ) ;
#6654 = EDGE_LOOP ( 'NONE', ( #7799, #6797, #229, #1937 ) ) ;
#6655 = ORIENTED_EDGE ( 'NONE', *, *, #10767, .F. ) ;
#6656 = ORIENTED_EDGE ( 'NONE', *, *, #10552, .T. ) ;
#6657 = B_SPLINE_CURVE_WITH_KNOTS ( 'NONE', 3,
 ( #7749, #2494, #8701, #9439, #10451, #1641, #4277, #5305 ),
 .UNSPECIFIED., .F., .F.,
 ( 4, 2, 2, 4 ),
 ( 0.000000000000000000, 0.0002427981594783396751, 0.0004855963189566793502, 0.0009711926379133573994 ),
 .UNSPECIFIED. ) ;
#6658 = DIRECTION ( 'NONE',  ( 0.000000000000000000, -0.000000000000000000, -1.000000000000000000 ) ) ;
#6659 = AXIS2_PLACEMENT_3D ( 'NONE', #532, #8462, #7557 ) ;
#6660 = STYLED_ITEM ( 'NONE', ( #8852 ), #8513 ) ;
#6661 = CARTESIAN_POINT ( 'NONE',  ( -20.68287334970658620, 13.54999999999999893, -20.68287334970643698 ) ) ;
#6662 = FACE_OUTER_BOUND ( 'NONE', #9686, .T. ) ;
#6663 =( NAMED_UNIT ( * ) PLANE_ANGLE_UNIT ( ) SI_UNIT ( $, .RADIAN. ) );
#6664 = DIRECTION ( 'NONE',  ( -0.000000000000000000, 1.000000000000000000, -0.000000000000000000 ) ) ;
#6665 = VERTEX_POINT ( 'NONE', #4407 ) ;
#6666 = FILL_AREA_STYLE_COLOUR ( '', #1935 ) ;
#6667 = EDGE_CURVE ( 'NONE', #541, #2453, #3144, .T. ) ;
#6668 = FILL_AREA_STYLE ('',( #558 ) ) ;
#6669 = ORIENTED_EDGE ( 'NONE', *, *, #754, .T. ) ;
#6670 = ORIENTED_EDGE ( 'NONE', *, *, #654, .T. ) ;
#6671 = CARTESIAN_POINT ( 'NONE',  ( -12.34772702080037377, 6.309836766224354854, -5.108237577175435362 ) ) ;
#6672 = LINE ( 'NONE', #10111, #177 ) ;
#6673 = ORIENTED_EDGE ( 'NONE', *, *, #907, .F. ) ;
#6674 = VECTOR ( 'NONE', #5987, 1000.000000000000000 ) ;
#6675 = DIRECTION ( 'NONE',  ( -0.000000000000000000, 1.000000000000000000, -0.000000000000000000 ) ) ;
#6676 = FACE_OUTER_BOUND ( 'NONE', #9996, .T. ) ;
#6677 = ORIENTED_EDGE ( 'NONE', *, *, #3121, .T. ) ;
#6678 = EDGE_CURVE ( 'NONE', #4195, #5231, #3107, .T. ) ;
#6679 = DIRECTION ( 'NONE',  ( -0.000000000000000000, -1.000000000000000000, -0.000000000000000000 ) ) ;
#6680 = DIRECTION ( 'NONE',  ( 0.000000000000000000, -1.000000000000000000, 0.000000000000000000 ) ) ;
#6681 = DIRECTION ( 'NONE',  ( -0.000000000000000000, 1.000000000000000000, -0.000000000000000000 ) ) ;
#6682 = CARTESIAN_POINT ( 'NONE',  ( 1.749999999999998446, 6.131962964354677581, -13.07506233753266400 ) ) ;
#6683 = PRESENTATION_STYLE_ASSIGNMENT (( #583 ) ) ;
#6684 = DIRECTION ( 'NONE',  ( 0.8660254037844384856, 0.000000000000000000, -0.5000000000000001110 ) ) ;
#6685 = DIRECTION ( 'NONE',  ( -0.000000000000000000, -1.000000000000000000, -0.000000000000000000 ) ) ;
#6686 = DIRECTION ( 'NONE',  ( 0.000000000000000000, 0.000000000000000000, 1.000000000000000000 ) ) ;
#6687 = DIRECTION ( 'NONE',  ( -0.000000000000000000, 1.000000000000000000, -0.000000000000000000 ) ) ;
#6688 = AXIS2_PLACEMENT_3D ( 'NONE', #8432, #628, #8314 ) ;
#6689 = PRESENTATION_LAYER_ASSIGNMENT (  '', '', ( #2493 ) ) ;
#6690 = CARTESIAN_POINT ( 'NONE',  ( -21.92031021678301883, 13.54999999999999893, 21.92031021678292646 ) ) ;
#6691 = VERTEX_POINT ( 'NONE', #4351 ) ;
#6692 = EDGE_CURVE ( 'NONE', #10336, #5960, #7395, .T. ) ;
#6693 = CARTESIAN_POINT ( 'NONE',  ( -7.766550857632493532, 1.499999999999668265, -2.463294286165515601 ) ) ;
#6694 = EDGE_CURVE ( 'NONE', #7952, #10758, #3757, .T. ) ;
#6695 = B_SPLINE_CURVE_WITH_KNOTS ( 'NONE', 3,
 ( #3575, #958, #155, #2602 ),
 .UNSPECIFIED., .F., .F.,
 ( 4, 4 ),
 ( 0.01085163898397464854, 0.01796298218115483653 ),
 .UNSPECIFIED. ) ;
#6696 = CARTESIAN_POINT ( 'NONE',  ( -8.714423085854669182, 10.45964560473159111, -11.59382354335181020 ) ) ;
#6697 = COLOUR_RGB ( '',0.1529411764705882470, 0.4901960784313725283, 1.000000000000000000 ) ;
#6698 =( GEOMETRIC_REPRESENTATION_CONTEXT ( 3 ) GLOBAL_UNCERTAINTY_ASSIGNED_CONTEXT ( ( #4237 ) ) GLOBAL_UNIT_ASSIGNED_CONTEXT ( ( #9243, #6000, #8398 ) ) REPRESENTATION_CONTEXT ( 'NONE', 'WORKASPACE' ) );
#6699 = SURFACE_STYLE_USAGE ( .BOTH. , #4768 ) ;
#6700 = CARTESIAN_POINT ( 'NONE',  ( 22.98097038856274921, 13.44999999999999929, -22.98097038856284158 ) ) ;
#6701 = CARTESIAN_POINT ( 'NONE',  ( 9.583710668087404017, 10.64307090431698555, 20.09947380216722834 ) ) ;
#6702 = CARTESIAN_POINT ( 'NONE',  ( 5.795074182089442694, 0.000000000000000000, 6.537362917009559737 ) ) ;
#6703 = ORIENTED_EDGE ( 'NONE', *, *, #5924, .F. ) ;
#6704 = AXIS2_PLACEMENT_3D ( 'NONE', #993, #2064, #5562 ) ;
#6705 = ADVANCED_FACE ( 'NONE', ( #7308 ), #2879, .F. ) ;
#6707 = VERTEX_POINT ( 'NONE', #8941 ) ;
#6706 = PRODUCT_DEFINITION_SHAPE ( 'NONE', 'NONE',  #224 ) ;
#6708 = B_SPLINE_CURVE_WITH_KNOTS ( 'NONE', 3,
 ( #9727, #1077, #9831, #8998, #7304, #11189 ),
 .UNSPECIFIED., .F., .F.,
 ( 4, 2, 4 ),
 ( 7.188121401956411267E-17, 0.0002346920004465547079, 0.0004693840008930375333 ),
 .UNSPECIFIED. ) ;
#6709 = EDGE_LOOP ( 'NONE', ( #7488, #5246, #5461, #3259 ) ) ;
#6710 = COLOUR_RGB ( '',0.1529411764705882470, 0.4901960784313725283, 1.000000000000000000 ) ;
#6711 = VERTEX_POINT ( 'NONE', #6219 ) ;
#6712 = ORIENTED_EDGE ( 'NONE', *, *, #10286, .T. ) ;
#6713 = CARTESIAN_POINT ( 'NONE',  ( -11.40209684663321354, 13.54999999999999893, 11.40209684663316914 ) ) ;
#6714 = MECHANICAL_DESIGN_GEOMETRIC_PRESENTATION_REPRESENTATION (  '', ( #6898 ), #3228 ) ;
#6715 = LINE ( 'NONE', #11128, #10950 ) ;
#6716 = CARTESIAN_POINT ( 'NONE',  ( 18.37780823672227726, -18.21991441758264685, -12.63115847475055986 ) ) ;
#6717 = CARTESIAN_POINT ( 'NONE',  ( 0.000000000000000000, 10.49999999999999822, 0.000000000000000000 ) ) ;
#6718 = PRESENTATION_STYLE_ASSIGNMENT (( #10846 ) ) ;
#6719 = DIRECTION ( 'NONE',  ( 0.000000000000000000, 0.000000000000000000, -1.000000000000000000 ) ) ;
#6720 = UNCERTAINTY_MEASURE_WITH_UNIT (LENGTH_MEASURE( 1.000000000000000082E-05 ), #870, 'distance_accuracy_value', 'NONE');
#6721 = VERTEX_POINT ( 'NONE', #2104 ) ;
#6722 =( NAMED_UNIT ( * ) PLANE_ANGLE_UNIT ( ) SI_UNIT ( $, .RADIAN. ) );
#6723 = CARTESIAN_POINT ( 'NONE',  ( 8.877596942701915239, 10.49999999999999822, 11.87644895387783528 ) ) ;
#6724 = EDGE_CURVE ( 'NONE', #1020, #1165, #10747, .T. ) ;
#6725 = TOROIDAL_SURFACE ( 'NONE', #4358, 8.736131791852239203, 0.5000000000000000000 ) ;
#6726 = CARTESIAN_POINT ( 'NONE',  ( 6.016550857632742222, 1.499999999999999556, 5.494383199411024599 ) ) ;
#6727 = ORIENTED_EDGE ( 'NONE', *, *, #2960, .F. ) ;
#6728 =( NAMED_UNIT ( * ) PLANE_ANGLE_UNIT ( ) SI_UNIT ( $, .RADIAN. ) );
#6729 = VERTEX_POINT ( 'NONE', #10911 ) ;
#6730 = DIRECTION ( 'NONE',  ( -0.000000000000000000, 1.000000000000000000, -0.000000000000000000 ) ) ;
#6731 = CARTESIAN_POINT ( 'NONE',  ( -1.750000000000001332, 6.199600861750017344, -13.12171311125111828 ) ) ;
#6732 = UNCERTAINTY_MEASURE_WITH_UNIT (LENGTH_MEASURE( 1.000000000000000082E-05 ), #4326, 'distance_accuracy_value', 'NONE');
#6733 = DIRECTION ( 'NONE',  ( 0.5000000000000004441, 0.000000000000000000, 0.8660254037844384856 ) ) ;
#6734 = UNCERTAINTY_MEASURE_WITH_UNIT (LENGTH_MEASURE( 1.000000000000000082E-05 ), #1757, 'distance_accuracy_value', 'NONE');
#6735 = LINE ( 'NONE', #7642, #5517 ) ;
#6736 =( NAMED_UNIT ( * ) SI_UNIT ( $, .STERADIAN. ) SOLID_ANGLE_UNIT ( ) );
#6737 = EDGE_LOOP ( 'NONE', ( #6320, #8820, #5814, #7249, #951, #11005 ) ) ;
#6738 = FILL_AREA_STYLE_COLOUR ( '', #3606 ) ;
#6739 = VERTEX_POINT ( 'NONE', #392 ) ;
#6740 = B_SPLINE_CURVE_WITH_KNOTS ( 'NONE', 3,
 ( #4686, #166, #228, #3646 ),
 .UNSPECIFIED., .F., .F.,
 ( 4, 4 ),
 ( 0.0005292810400260029554, 0.01094890517302429117 ),
 .UNSPECIFIED. ) ;
#6741 = CARTESIAN_POINT ( 'NONE',  ( 0.000000000000000000, -13.15000000000000213, 0.000000000000000000 ) ) ;
#6742 = LINE ( 'NONE', #2296, #9945 ) ;
#6743 = DIRECTION ( 'NONE',  ( -0.000000000000000000, -1.000000000000000000, -0.000000000000000000 ) ) ;
#6744 = CIRCLE ( 'NONE', #2880, 0.2500000000000002220 ) ;
#6745 = FILL_AREA_STYLE_COLOUR ( '', #5143 ) ;
#6746 = EDGE_CURVE ( 'NONE', #6302, #4653, #2070, .T. ) ;
#6747 = ORIENTED_EDGE ( 'NONE', *, *, #5115, .T. ) ;
#6748 = DIRECTION ( 'NONE',  ( -0.000000000000000000, 1.000000000000000000, -0.000000000000000000 ) ) ;
#6749 = LINE ( 'NONE', #10188, #1133 ) ;
#6750 = CIRCLE ( 'NONE', #1639, 22.00000000000000000 ) ;
#6751 = DIRECTION ( 'NONE',  ( 0.000000000000000000, 0.000000000000000000, -1.000000000000000000 ) ) ;
#6752 = DIRECTION ( 'NONE',  ( -0.5000000000000009992, 0.000000000000000000, 0.8660254037844381525 ) ) ;
#6753 = B_SPLINE_CURVE_WITH_KNOTS ( 'NONE', 3,
 ( #2297, #2616, #1723, #1768, #8665, #856, #9676, #1025 ),
 .UNSPECIFIED., .F., .F.,
 ( 4, 2, 2, 4 ),
 ( 0.000000000000000000, 0.0002427981594783676475, 0.0004855963189567352950, 0.0009711926379134753606 ),
 .UNSPECIFIED. ) ;
#6754 = ORIENTED_EDGE ( 'NONE', *, *, #3731, .T. ) ;
#6755 = PLANE ( 'NONE',  #3016 ) ;
#6756 = CIRCLE ( 'NONE', #10359, 22.30000000000000071 ) ;
#6757 = EDGE_CURVE ( 'NONE', #5764, #6426, #10750, .T. ) ;
#6758 = FACE_OUTER_BOUND ( 'NONE', #1725, .T. ) ;
#6759 = AXIS2_PLACEMENT_3D ( 'NONE', #10139, #8403, #10826 ) ;
#6760 = CARTESIAN_POINT ( 'NONE',  ( 0.000000000000000000, 12.79999999999999893, 0.000000000000000000 ) ) ;
#6761 = CARTESIAN_POINT ( 'NONE',  ( -1.749999999999994449, 10.80000000000000071, 22.23122803625566846 ) ) ;
#6762 = DIRECTION ( 'NONE',  ( 0.000000000000000000, 0.000000000000000000, -1.000000000000000000 ) ) ;
#6763 = PRESENTATION_LAYER_ASSIGNMENT (  '', '', ( #3833 ) ) ;
#6764 = ORIENTED_EDGE ( 'NONE', *, *, #2691, .F. ) ;
#6765 = TOROIDAL_SURFACE ( 'NONE', #10185, 22.00000000000000000, 0.2999999999999999889 ) ;
#6766 = ORIENTED_EDGE ( 'NONE', *, *, #2418, .T. ) ;
#6767 = DIRECTION ( 'NONE',  ( -0.8660254037844384856, 0.000000000000000000, -0.5000000000000002220 ) ) ;
#6768 = SURFACE_STYLE_USAGE ( .BOTH. , #5855 ) ;
#6769 = DIRECTION ( 'NONE',  ( -0.000000000000000000, -1.000000000000000000, -0.000000000000000000 ) ) ;
#6770 = CIRCLE ( 'NONE', #934, 8.736131791852239203 ) ;
#6771 = ORIENTED_EDGE ( 'NONE', *, *, #5981, .F. ) ;
#6772 = EDGE_LOOP ( 'NONE', ( #4595, #8264, #9590, #5319, #1538, #8687, #6317, #8713, #7954, #456, #10713 ) ) ;
#6773 =( GEOMETRIC_REPRESENTATION_CONTEXT ( 3 ) GLOBAL_UNCERTAINTY_ASSIGNED_CONTEXT ( ( #8988 ) ) GLOBAL_UNIT_ASSIGNED_CONTEXT ( ( #8626, #4302, #6062 ) ) REPRESENTATION_CONTEXT ( 'NONE', 'WORKASPACE' ) );
#6774 = CARTESIAN_POINT ( 'NONE',  ( -20.50609665440995144, 13.44999999999999929, -20.50609665440979867 ) ) ;
#6775 = CARTESIAN_POINT ( 'NONE',  ( 0.000000000000000000, 10.49999999999999822, 0.000000000000000000 ) ) ;
#6776 = EDGE_CURVE ( 'NONE', #424, #10877, #2161, .T. ) ;
#6777 = ADVANCED_FACE ( 'NONE', ( #788, #7173 ), #4286, .T. ) ;
#6778 = DIRECTION ( 'NONE',  ( 0.000000000000000000, 0.000000000000000000, 1.000000000000000000 ) ) ;
#6779 = FILL_AREA_STYLE_COLOUR ( '', #9542 ) ;
#6780 = CARTESIAN_POINT ( 'NONE',  ( -1.750000000000001110, 2.163027311058100643, -10.33467461825912892 ) ) ;
#6781 = LINE ( 'NONE', #4975, #7140 ) ;
#6782 = ORIENTED_EDGE ( 'NONE', *, *, #9262, .T. ) ;
#6783 = DIRECTION ( 'NONE',  ( 0.000000000000000000, 0.000000000000000000, -1.000000000000000000 ) ) ;
#6784 = VECTOR ( 'NONE', #3675, 1000.000000000000000 ) ;
#6785 = CIRCLE ( 'NONE', #752, 0.2500000000000002220 ) ;
#6786 = CARTESIAN_POINT ( 'NONE',  ( 7.766550857632823046, -18.21991441758264685, 2.463294286165514269 ) ) ;
#6787 = MECHANICAL_DESIGN_GEOMETRIC_PRESENTATION_REPRESENTATION (  '', ( #760 ), #3858 ) ;
#6788 = CARTESIAN_POINT ( 'NONE',  ( 18.37780823672225594, 0.000000000000000000, 12.63115847475059716 ) ) ;
#6789 = ORIENTED_EDGE ( 'NONE', *, *, #2559, .F. ) ;
#6790 = DIRECTION ( 'NONE',  ( 0.000000000000000000, 0.000000000000000000, 1.000000000000000000 ) ) ;
#6791 = CARTESIAN_POINT ( 'NONE',  ( -21.74353352148641250, -13.25000000000000178, -21.74353352148625618 ) ) ;
#6792 = CARTESIAN_POINT ( 'NONE',  ( 1.750000000000001998, 6.499999999999999112, 13.86093484102088702 ) ) ;
#6793 = EDGE_CURVE ( 'NONE', #9086, #7625, #8951, .T. ) ;
#6794 = AXIS2_PLACEMENT_3D ( 'NONE', #8675, #7038, #7890 ) ;
#6795 = MECHANICAL_DESIGN_GEOMETRIC_PRESENTATION_REPRESENTATION (  '', ( #2389 ), #8776 ) ;
#6796 = ORIENTED_EDGE ( 'NONE', *, *, #9185, .F. ) ;
#6797 = ORIENTED_EDGE ( 'NONE', *, *, #1550, .F. ) ;
#6798 = B_SPLINE_CURVE_WITH_KNOTS ( 'NONE', 3,
 ( #9009, #1994, #1212, #5491, #8107, #5663 ),
 .UNSPECIFIED., .F., .F.,
 ( 4, 2, 4 ),
 ( 0.000000000000000000, 0.0002346920004465184143, 0.0004693840008930368285 ),
 .UNSPECIFIED. ) ;
#6799 = FILL_AREA_STYLE_COLOUR ( '', #2420 ) ;
#6800 = CARTESIAN_POINT ( 'NONE',  ( -7.957677485576110321, 0.000000000000000000, -1.749999999999731548 ) ) ;
#6801 = DIRECTION ( 'NONE',  ( 0.000000000000000000, 0.000000000000000000, -1.000000000000000000 ) ) ;
#6802 =( LENGTH_UNIT ( ) NAMED_UNIT ( * ) SI_UNIT ( .MILLI., .METRE. ) );
#6803 = CARTESIAN_POINT ( 'NONE',  ( 0.000000000000000000, 13.54999999999999893, -30.50000000000000000 ) ) ;
#6804 = VERTEX_POINT ( 'NONE', #8071 ) ;
#6805 = COLOUR_RGB ( '',0.1529411764705882470, 0.4901960784313725283, 1.000000000000000000 ) ;
#6806 = LINE ( 'NONE', #10247, #6458 ) ;
#6807 = CARTESIAN_POINT ( 'NONE',  ( 13.09837267093405444, 10.30006695603316835, 5.541623045346118381 ) ) ;
#6808 = VERTEX_POINT ( 'NONE', #5681 ) ;
#6809 = DIRECTION ( 'NONE',  ( -0.000000000000000000, -1.000000000000000000, -0.000000000000000000 ) ) ;
#6810 = VECTOR ( 'NONE', #7402, 1000.000000000000000 ) ;
#6811 = CARTESIAN_POINT ( 'NONE',  ( 0.000000000000000000, 10.80000000000000071, 0.000000000000000000 ) ) ;
#6812 = VECTOR ( 'NONE', #172, 1000.000000000000000 ) ;
#6813 = ADVANCED_FACE ( 'NONE', ( #3020 ), #6522, .T. ) ;
#6814 = B_SPLINE_CURVE_WITH_KNOTS ( 'NONE', 3,
 ( #6761, #2364, #9306, #10312, #2311, #657 ),
 .UNSPECIFIED., .F., .F.,
 ( 4, 2, 4 ),
 ( 0.000000000000000000, 0.0002346920004465203658, 0.0004693840008930407317 ),
 .UNSPECIFIED. ) ;
#6815 = AXIS2_PLACEMENT_3D ( 'NONE', #8971, #4027, #2965 ) ;
#6816 = FACE_OUTER_BOUND ( 'NONE', #7441, .T. ) ;
#6817 = PRESENTATION_LAYER_ASSIGNMENT (  '', '', ( #10213 ) ) ;
#6818 = CARTESIAN_POINT ( 'NONE',  ( 2.914659381970700786E-15, -12.50000000000000000, 23.80000000000000071 ) ) ;
#6819 =( LENGTH_UNIT ( ) NAMED_UNIT ( * ) SI_UNIT ( .MILLI., .METRE. ) );
#6820 =( NAMED_UNIT ( * ) SI_UNIT ( $, .STERADIAN. ) SOLID_ANGLE_UNIT ( ) );
#6821 = CARTESIAN_POINT ( 'NONE',  ( 22.98097038856286645, 13.54999999999999893, 22.98097038856271723 ) ) ;
#6822 = ORIENTED_EDGE ( 'NONE', *, *, #8914, .T. ) ;
#6823 = ORIENTED_EDGE ( 'NONE', *, *, #4392, .F. ) ;
#6824 = LINE ( 'NONE', #6880, #11171 ) ;
#6825 =( NAMED_UNIT ( * ) PLANE_ANGLE_UNIT ( ) SI_UNIT ( $, .RADIAN. ) );
#6826 = ADVANCED_FACE ( 'NONE', ( #9250 ), #5846, .F. ) ;
#6827 = SURFACE_STYLE_FILL_AREA ( #5233 ) ;
#6828 =( GEOMETRIC_REPRESENTATION_CONTEXT ( 3 ) GLOBAL_UNCERTAINTY_ASSIGNED_CONTEXT ( ( #3167 ) ) GLOBAL_UNIT_ASSIGNED_CONTEXT ( ( #5054, #5946, #6217 ) ) REPRESENTATION_CONTEXT ( 'NONE', 'WORKASPACE' ) );
#6829 = VERTEX_POINT ( 'NONE', #906 ) ;
#6830 = ORIENTED_EDGE ( 'NONE', *, *, #8005, .F. ) ;
#6831 = ORIENTED_EDGE ( 'NONE', *, *, #9329, .T. ) ;
#6832 =( NAMED_UNIT ( * ) SI_UNIT ( $, .STERADIAN. ) SOLID_ANGLE_UNIT ( ) );
#6833 = DIRECTION ( 'NONE',  ( 0.000000000000000000, -1.000000000000000000, 0.000000000000000000 ) ) ;
#6834 =( LENGTH_UNIT ( ) NAMED_UNIT ( * ) SI_UNIT ( .MILLI., .METRE. ) );
#6835 = DIRECTION ( 'NONE',  ( 0.000000000000000000, -1.000000000000000000, 0.000000000000000000 ) ) ;
#6836 = DIRECTION ( 'NONE',  ( -0.000000000000000000, -1.000000000000000000, -0.000000000000000000 ) ) ;
#6837 = COLOUR_RGB ( '',0.1529411764705882470, 0.4901960784313725283, 1.000000000000000000 ) ;
#6838 = DIRECTION ( 'NONE',  ( 0.000000000000000000, 0.000000000000000000, -1.000000000000000000 ) ) ;
#6839 = UNCERTAINTY_MEASURE_WITH_UNIT (LENGTH_MEASURE( 1.000000000000000082E-05 ), #9260, 'distance_accuracy_value', 'NONE');
#6840 = ORIENTED_EDGE ( 'NONE', *, *, #4651, .F. ) ;
#6841 = SURFACE_STYLE_USAGE ( .BOTH. , #1699 ) ;
#6842 = ADVANCED_FACE ( 'NONE', ( #5212 ), #5097, .T. ) ;
#6843 = ADVANCED_FACE ( 'NONE', ( #39 ), #729, .F. ) ;
#6844 = SURFACE_STYLE_FILL_AREA ( #782 ) ;
#6845 = CIRCLE ( 'NONE', #3170, 28.99999999999999645 ) ;
#6846 = PRESENTATION_LAYER_ASSIGNMENT (  '', '', ( #8832 ) ) ;
#6847 = ORIENTED_EDGE ( 'NONE', *, *, #1263, .T. ) ;
#6848 = DIRECTION ( 'NONE',  ( 0.000000000000000000, 0.000000000000000000, -1.000000000000000000 ) ) ;
#6849 =( LENGTH_UNIT ( ) NAMED_UNIT ( * ) SI_UNIT ( .MILLI., .METRE. ) );
#6850 = CARTESIAN_POINT ( 'NONE',  ( 0.000000000000000000, 10.06432619796670380, 0.000000000000000000 ) ) ;
#6851 = UNCERTAINTY_MEASURE_WITH_UNIT (LENGTH_MEASURE( 1.000000000000000082E-05 ), #8679, 'distance_accuracy_value', 'NONE');
#6852 = STYLED_ITEM ( 'NONE', ( #2895 ), #4843 ) ;
#6853 = CIRCLE ( 'NONE', #285, 22.30000000000000071 ) ;
#6854 =( NAMED_UNIT ( * ) PLANE_ANGLE_UNIT ( ) SI_UNIT ( $, .RADIAN. ) );
#6855 =( NAMED_UNIT ( * ) SI_UNIT ( $, .STERADIAN. ) SOLID_ANGLE_UNIT ( ) );
#6856 = VERTEX_POINT ( 'NONE', #7129 ) ;
#6857 = FACE_OUTER_BOUND ( 'NONE', #7200, .T. ) ;
#6858 = ADVANCED_FACE ( 'NONE', ( #9769 ), #1189, .F. ) ;
#6859 = ADVANCED_FACE ( 'NONE', ( #5530 ), #1253, .F. ) ;
#6860 = ORIENTED_EDGE ( 'NONE', *, *, #6241, .T. ) ;
#6861 = DIRECTION ( 'NONE',  ( 0.000000000000000000, 0.000000000000000000, -1.000000000000000000 ) ) ;
#6862 = MECHANICAL_DESIGN_GEOMETRIC_PRESENTATION_REPRESENTATION (  '', ( #8845 ), #5765 ) ;
#6863 = DIRECTION ( 'NONE',  ( -8.881784197001252323E-16, 0.000000000000000000, -1.000000000000000000 ) ) ;
#6864 = DIRECTION ( 'NONE',  ( -0.000000000000000000, 1.000000000000000000, -0.000000000000000000 ) ) ;
#6865 = LINE ( 'NONE', #1770, #7903 ) ;
#6866 = ORIENTED_EDGE ( 'NONE', *, *, #492, .T. ) ;
#6867 = SURFACE_STYLE_USAGE ( .BOTH. , #11098 ) ;
#6868 =( NAMED_UNIT ( * ) SI_UNIT ( $, .STERADIAN. ) SOLID_ANGLE_UNIT ( ) );
#6869 = ORIENTED_EDGE ( 'NONE', *, *, #6468, .F. ) ;
#6870 = CARTESIAN_POINT ( 'NONE',  ( -22.23122803625525634, 10.80000000000000071, -1.749999999999727329 ) ) ;
#6871 = AXIS2_PLACEMENT_3D ( 'NONE', #4044, #10050, #6783 ) ;
#6872 = CARTESIAN_POINT ( 'NONE',  ( 12.48068809453285866, 10.49999999999999822, 18.11718589315088934 ) ) ;
#6873 = EDGE_CURVE ( 'NONE', #10841, #7774, #9939, .T. ) ;
#6874 = STYLED_ITEM ( 'NONE', ( #11136 ), #9346 ) ;
#6875 = SURFACE_STYLE_USAGE ( .BOTH. , #3250 ) ;
#6876 = CARTESIAN_POINT ( 'NONE',  ( 9.528195446262301971, 10.53248139031239816, 20.00331861737269890 ) ) ;
#6877 = DIRECTION ( 'NONE',  ( -0.4999999999999890088, -0.000000000000000000, -0.8660254037844449249 ) ) ;
#6878 = ORIENTED_EDGE ( 'NONE', *, *, #1539, .F. ) ;
#6879 = ORIENTED_EDGE ( 'NONE', *, *, #8821, .F. ) ;
#6880 = CARTESIAN_POINT ( 'NONE',  ( 20.85965004500310371, -13.25000000000000178, -20.85965004500319964 ) ) ;
#6881 = PRESENTATION_LAYER_ASSIGNMENT (  '', '', ( #7961 ) ) ;
#6882 =( NAMED_UNIT ( * ) SI_UNIT ( $, .STERADIAN. ) SOLID_ANGLE_UNIT ( ) );
#6883 = AXIS2_PLACEMENT_3D ( 'NONE', #175, #2675, #7149 ) ;
#6884 = VERTEX_POINT ( 'NONE', #4533 ) ;
#6885 = ORIENTED_EDGE ( 'NONE', *, *, #7946, .F. ) ;
#6886 = ORIENTED_EDGE ( 'NONE', *, *, #1045, .F. ) ;
#6887 = CIRCLE ( 'NONE', #6323, 13.97097042681812873 ) ;
#6888 = FACE_OUTER_BOUND ( 'NONE', #4780, .T. ) ;
#6889 = CARTESIAN_POINT ( 'NONE',  ( 18.37780823672224884, 10.72064156802581181, 12.63115847475059539 ) ) ;
#6890 =( GEOMETRIC_REPRESENTATION_CONTEXT ( 3 ) GLOBAL_UNCERTAINTY_ASSIGNED_CONTEXT ( ( #1496 ) ) GLOBAL_UNIT_ASSIGNED_CONTEXT ( ( #6180, #7674, #6882 ) ) REPRESENTATION_CONTEXT ( 'NONE', 'WORKASPACE' ) );
#6891 = EDGE_CURVE ( 'NONE', #2409, #9774, #10542, .T. ) ;
#6892 = CARTESIAN_POINT ( 'NONE',  ( 18.37780823672225594, 10.49999999999999822, 12.63115847475059716 ) ) ;
#6893 = CARTESIAN_POINT ( 'NONE',  ( 0.000000000000000000, 13.54999999999999893, 0.000000000000000000 ) ) ;
#6894 = VERTEX_POINT ( 'NONE', #10366 ) ;
#6895 = SURFACE_STYLE_FILL_AREA ( #8646 ) ;
#6896 = VECTOR ( 'NONE', #9689, 1000.000000000000000 ) ;
#6897 = FACE_OUTER_BOUND ( 'NONE', #4662, .T. ) ;
#6898 = STYLED_ITEM ( 'NONE', ( #7941 ), #10770 ) ;
#6899 = CARTESIAN_POINT ( 'NONE',  ( 2.730962362098597669E-15, 6.499999999999999112, -22.30000000000000071 ) ) ;
#6900 =( GEOMETRIC_REPRESENTATION_CONTEXT ( 3 ) GLOBAL_UNCERTAINTY_ASSIGNED_CONTEXT ( ( #1726 ) ) GLOBAL_UNIT_ASSIGNED_CONTEXT ( ( #4679, #10731, #1073 ) ) REPRESENTATION_CONTEXT ( 'NONE', 'WORKASPACE' ) );
#6901 = ORIENTED_EDGE ( 'NONE', *, *, #5590, .F. ) ;
#6902 = CARTESIAN_POINT ( 'NONE',  ( 0.000000000000000000, 0.000000000000000000, 0.000000000000000000 ) ) ;
#6903 = ADVANCED_FACE ( 'NONE', ( #3363 ), #4420, .F. ) ;
#6904 = CARTESIAN_POINT ( 'NONE',  ( 5.877906161864252077, -1.436905798769933312E-16, -6.680832114471043859 ) ) ;
#6905 = ADVANCED_FACE ( 'NONE', ( #5612 ), #2196, .T. ) ;
#6906 = CIRCLE ( 'NONE', #150, 0.2500000000000002220 ) ;
#6907 = ORIENTED_EDGE ( 'NONE', *, *, #5590, .T. ) ;
#6908 = DIRECTION ( 'NONE',  ( -0.000000000000000000, 1.000000000000000000, -0.000000000000000000 ) ) ;
#6909 = ORIENTED_EDGE ( 'NONE', *, *, #4043, .F. ) ;
#6910 = DIRECTION ( 'NONE',  ( 0.000000000000000000, 0.000000000000000000, -1.000000000000000000 ) ) ;
#6911 = FILL_AREA_STYLE ('',( #3405 ) ) ;
#6912 = DIRECTION ( 'NONE',  ( 0.000000000000000000, -1.000000000000000000, 0.000000000000000000 ) ) ;
#6913 = CARTESIAN_POINT ( 'NONE',  ( -1.749999999999996669, 6.500000000000000000, 13.69663108658935968 ) ) ;
#6914 = ADVANCED_FACE ( 'NONE', ( #7596 ), #1559, .F. ) ;
#6915 = DIRECTION ( 'NONE',  ( 0.000000000000000000, 0.000000000000000000, -1.000000000000000000 ) ) ;
#6916 = VERTEX_POINT ( 'NONE', #1759 ) ;
#6917 = EDGE_CURVE ( 'NONE', #3853, #5301, #10369, .T. ) ;
#6918 = STYLED_ITEM ( 'NONE', ( #7879 ), #346 ) ;
#6919 = DIRECTION ( 'NONE',  ( 0.000000000000000000, 0.000000000000000000, 1.000000000000000000 ) ) ;
#6920 =( NAMED_UNIT ( * ) SI_UNIT ( $, .STERADIAN. ) SOLID_ANGLE_UNIT ( ) );
#6921 = EDGE_LOOP ( 'NONE', ( #2928, #6375, #5351, #10533, #4254 ) ) ;
#6922 = CARTESIAN_POINT ( 'NONE',  ( -8.430832114471048300, 0.000000000000000000, 2.846817248618716878 ) ) ;
#6923 = CARTESIAN_POINT ( 'NONE',  ( -20.12780823672202857, -18.21991441758264685, -9.600069561504790627 ) ) ;
#6924 = CARTESIAN_POINT ( 'NONE',  ( 10.33467461825905964, 2.163027311058096647, -1.750000000000409894 ) ) ;
#6925 = CIRCLE ( 'NONE', #1987, 8.147829831584077809 ) ;
#6926 = CIRCLE ( 'NONE', #7834, 22.00000000000000000 ) ;
#6927 = FACE_OUTER_BOUND ( 'NONE', #822, .T. ) ;
#6928 = EDGE_CURVE ( 'NONE', #3846, #4911, #8882, .T. ) ;
#6929 = SURFACE_SIDE_STYLE ('',( #4363 ) ) ;
#6930 = MECHANICAL_DESIGN_GEOMETRIC_PRESENTATION_REPRESENTATION (  '', ( #8740 ), #9637 ) ;
#6931 = ORIENTED_EDGE ( 'NONE', *, *, #4537, .T. ) ;
#6932 = ORIENTED_EDGE ( 'NONE', *, *, #2691, .T. ) ;
#6933 = MECHANICAL_DESIGN_GEOMETRIC_PRESENTATION_REPRESENTATION (  '', ( #11270 ), #9285 ) ;
#6934 = FILL_AREA_STYLE_COLOUR ( '', #6495 ) ;
#6935 = ORIENTED_EDGE ( 'NONE', *, *, #3010, .T. ) ;
#6936 = VERTEX_POINT ( 'NONE', #2658 ) ;
#6937 = DIRECTION ( 'NONE',  ( 0.000000000000000000, 0.000000000000000000, 1.000000000000000000 ) ) ;
#6938 = CARTESIAN_POINT ( 'NONE',  ( -12.15793606078348787, 6.064326197966797949, -4.998661715319930643 ) ) ;
#6939 = DIRECTION ( 'NONE',  ( -0.000000000000000000, 1.000000000000000000, -0.000000000000000000 ) ) ;
#6940 = DIRECTION ( 'NONE',  ( -0.000000000000000000, 1.000000000000000000, -0.000000000000000000 ) ) ;
#6941 =( GEOMETRIC_REPRESENTATION_CONTEXT ( 3 ) GLOBAL_UNCERTAINTY_ASSIGNED_CONTEXT ( ( #2269 ) ) GLOBAL_UNIT_ASSIGNED_CONTEXT ( ( #4611, #2346, #10716 ) ) REPRESENTATION_CONTEXT ( 'NONE', 'WORKASPACE' ) );
#6942 = LINE ( 'NONE', #11184, #7504 ) ;
#6943 = DIRECTION ( 'NONE',  ( 0.000000000000000000, 0.000000000000000000, 1.000000000000000000 ) ) ;
#6944 =( NAMED_UNIT ( * ) PLANE_ANGLE_UNIT ( ) SI_UNIT ( $, .RADIAN. ) );
#6945 = EDGE_LOOP ( 'NONE', ( #10165, #11158, #10706, #6764 ) ) ;
#6946 = FILL_AREA_STYLE_COLOUR ( '', #6392 ) ;
#6947 = SURFACE_STYLE_USAGE ( .BOTH. , #3441 ) ;
#6948 = LINE ( 'NONE', #10393, #10653 ) ;
#6949 = EDGE_CURVE ( 'NONE', #4741, #4640, #5312, .T. ) ;
#6950 = CARTESIAN_POINT ( 'NONE',  ( 1.750000000000005995, 6.499999999999999112, 22.23122803625566846 ) ) ;
#6951 = VERTEX_POINT ( 'NONE', #7699 ) ;
#6952 = CARTESIAN_POINT ( 'NONE',  ( 1.750000000000001998, 0.2178369010166489872, 8.979978445623139294 ) ) ;
#6953 = PRESENTATION_STYLE_ASSIGNMENT (( #2709 ) ) ;
#6954 = AXIS2_PLACEMENT_3D ( 'NONE', #10727, #1250, #7127 ) ;
#6955 = DIRECTION ( 'NONE',  ( 0.000000000000000000, -1.000000000000000000, 0.000000000000000000 ) ) ;
#6956 = UNCERTAINTY_MEASURE_WITH_UNIT (LENGTH_MEASURE( 1.000000000000000082E-05 ), #8072, 'distance_accuracy_value', 'NONE');
#6957 = AXIS2_PLACEMENT_3D ( 'NONE', #9322, #3267, #4858 ) ;
#6958 = AXIS2_PLACEMENT_3D ( 'NONE', #4844, #8297, #7505 ) ;
#6959 = FACE_BOUND ( 'NONE', #173, .T. ) ;
#6960 = ORIENTED_EDGE ( 'NONE', *, *, #9811, .F. ) ;
#6961 = SURFACE_STYLE_USAGE ( .BOTH. , #11261 ) ;
#6962 = VECTOR ( 'NONE', #2540, 1000.000000000000000 ) ;
#6963 = VERTEX_POINT ( 'NONE', #3340 ) ;
#6964 = EDGE_CURVE ( 'NONE', #10041, #11268, #6578, .T. ) ;
#6965 =( NAMED_UNIT ( * ) PLANE_ANGLE_UNIT ( ) SI_UNIT ( $, .RADIAN. ) );
#6966 =( NAMED_UNIT ( * ) PLANE_ANGLE_UNIT ( ) SI_UNIT ( $, .RADIAN. ) );
#6967 = DIRECTION ( 'NONE',  ( 0.000000000000000000, 0.000000000000000000, 1.000000000000000000 ) ) ;
#6968 = DIRECTION ( 'NONE',  ( 0.000000000000000000, 0.000000000000000000, -1.000000000000000000 ) ) ;
#6969 = FILL_AREA_STYLE_COLOUR ( '', #2789 ) ;
#6970 = ORIENTED_EDGE ( 'NONE', *, *, #9668, .F. ) ;
#6971 = AXIS2_PLACEMENT_3D ( 'NONE', #5847, #5741, #2185 ) ;
#6972 = B_SPLINE_CURVE_WITH_KNOTS ( 'NONE', 3,
 ( #4919, #10218, #3328, #552 ),
 .UNSPECIFIED., .F., .F.,
 ( 4, 4 ),
 ( 0.0002657290228356835697, 0.007377075875908817998 ),
 .UNSPECIFIED. ) ;
#6973 = FACE_BOUND ( 'NONE', #6235, .T. ) ;
#6974 = CARTESIAN_POINT ( 'NONE',  ( 0.000000000000000000, 6.499999999999999112, 0.000000000000000000 ) ) ;
#6975 = CYLINDRICAL_SURFACE ( 'NONE', #5190, 28.99999999999999645 ) ;
#6976 =( GEOMETRIC_REPRESENTATION_CONTEXT ( 3 ) GLOBAL_UNCERTAINTY_ASSIGNED_CONTEXT ( ( #10219 ) ) GLOBAL_UNIT_ASSIGNED_CONTEXT ( ( #8491, #5936, #3285 ) ) REPRESENTATION_CONTEXT ( 'NONE', 'WORKASPACE' ) );
#6977 = ORIENTED_EDGE ( 'NONE', *, *, #635, .T. ) ;
#6978 = DIRECTION ( 'NONE',  ( -0.000000000000000000, 1.000000000000000000, -0.000000000000000000 ) ) ;
#6979 = CARTESIAN_POINT ( 'NONE',  ( -1.749999999999996891, 6.064326197966698473, 13.02841234388530189 ) ) ;
#6980 = EDGE_CURVE ( 'NONE', #8600, #1427, #5673, .T. ) ;
#6981 = ADVANCED_FACE ( 'NONE', ( #8753 ), #6084, .T. ) ;
#6982 = TOROIDAL_SURFACE ( 'NONE', #963, 22.00000000000000000, 0.2999999999999999889 ) ;
#6983 = CARTESIAN_POINT ( 'NONE',  ( 11.15616799762228517, 10.06432619796679617, 8.461742538715599338 ) ) ;
#6984 =( LENGTH_UNIT ( ) NAMED_UNIT ( * ) SI_UNIT ( .MILLI., .METRE. ) );
#6985 = MECHANICAL_DESIGN_GEOMETRIC_PRESENTATION_REPRESENTATION (  '', ( #5188 ), #4261 ) ;
#6986 = CARTESIAN_POINT ( 'NONE',  ( 20.85965004500321740, -13.15000000000000213, 20.85965004500308595 ) ) ;
#6987 = CARTESIAN_POINT ( 'NONE',  ( 0.000000000000000000, 10.06432619796670380, 0.000000000000000000 ) ) ;
#6988 =( GEOMETRIC_REPRESENTATION_CONTEXT ( 3 ) GLOBAL_UNCERTAINTY_ASSIGNED_CONTEXT ( ( #2605 ) ) GLOBAL_UNIT_ASSIGNED_CONTEXT ( ( #2423, #1521, #2312 ) ) REPRESENTATION_CONTEXT ( 'NONE', 'WORKASPACE' ) );
#6989 = EDGE_LOOP ( 'NONE', ( #368, #133, #4948, #8285 ) ) ;
#6990 = EDGE_LOOP ( 'NONE', ( #2156, #1737, #6266, #6103 ) ) ;
#6991 = VECTOR ( 'NONE', #8120, 1000.000000000000000 ) ;
#6992 = DIRECTION ( 'NONE',  ( 0.000000000000000000, 0.000000000000000000, 1.000000000000000000 ) ) ;
#6993 = EDGE_CURVE ( 'NONE', #1869, #8299, #9472, .T. ) ;
#6994 = EDGE_CURVE ( 'NONE', #6427, #7386, #10194, .T. ) ;
#6995 = ORIENTED_EDGE ( 'NONE', *, *, #4042, .T. ) ;
#6996 = VECTOR ( 'NONE', #6939, 1000.000000000000000 ) ;
#6997 = COLOUR_RGB ( '',0.1529411764705882470, 0.4901960784313725283, 1.000000000000000000 ) ;
#6998 = ORIENTED_EDGE ( 'NONE', *, *, #8276, .F. ) ;
#6999 = DIRECTION ( 'NONE',  ( 0.000000000000000000, 0.000000000000000000, -1.000000000000000000 ) ) ;
#7000 = CARTESIAN_POINT ( 'NONE',  ( 8.796336894975819831, 10.49017815798892173, -11.73570242259074625 ) ) ;
#7001 = SURFACE_STYLE_FILL_AREA ( #9599 ) ;
#7002 = CARTESIAN_POINT ( 'NONE',  ( -22.62741699796956851, 13.44999999999999929, 22.62741699796947259 ) ) ;
#7003 = ORIENTED_EDGE ( 'NONE', *, *, #5482, .F. ) ;
#7004 = PLANE ( 'NONE',  #6216 ) ;
#7005 = CARTESIAN_POINT ( 'NONE',  ( 0.000000000000000000, -13.15000000000000213, 0.000000000000000000 ) ) ;
#7006 = DIRECTION ( 'NONE',  ( 0.000000000000000000, 0.000000000000000000, -1.000000000000000000 ) ) ;
#7007 = CARTESIAN_POINT ( 'NONE',  ( -12.87892169252490326, 6.499999999999999112, 5.414922963887680574 ) ) ;
#7008 = DIRECTION ( 'NONE',  ( -1.000000000000000000, 0.000000000000000000, 2.126847186466136648E-16 ) ) ;
#7009 = EDGE_LOOP ( 'NONE', ( #4030, #8518, #3817, #9056 ) ) ;
#7010 = SURFACE_STYLE_FILL_AREA ( #6201 ) ;
#7011 = CIRCLE ( 'NONE', #5383, 33.50000000000000000 ) ;
#7012 = DIRECTION ( 'NONE',  ( 0.000000000000000000, -1.000000000000000000, 0.000000000000000000 ) ) ;
#7013 = DIRECTION ( 'NONE',  ( 0.000000000000000000, 0.000000000000000000, 1.000000000000000000 ) ) ;
#7014 = DIRECTION ( 'NONE',  ( 0.000000000000000000, 0.000000000000000000, -1.000000000000000000 ) ) ;
#7015 = CARTESIAN_POINT ( 'NONE',  ( 0.000000000000000000, 1.499999999999999556, 0.000000000000000000 ) ) ;
#7016 = ADVANCED_FACE ( 'NONE', ( #4492 ), #2646, .F. ) ;
#7017 =( NAMED_UNIT ( * ) PLANE_ANGLE_UNIT ( ) SI_UNIT ( $, .RADIAN. ) );
#7018 = ORIENTED_EDGE ( 'NONE', *, *, #3319, .T. ) ;
#7019 = DIRECTION ( 'NONE',  ( 0.000000000000000000, 0.000000000000000000, -1.000000000000000000 ) ) ;
#7020 = CIRCLE ( 'NONE', #6110, 0.3000000000000016542 ) ;
#7021 = ORIENTED_EDGE ( 'NONE', *, *, #8903, .F. ) ;
#7022 = PRESENTATION_STYLE_ASSIGNMENT (( #4229 ) ) ;
#7023 = DIRECTION ( 'NONE',  ( 0.000000000000000000, 0.000000000000000000, 1.000000000000000000 ) ) ;
#7024 = CARTESIAN_POINT ( 'NONE',  ( 11.12892169252490859, 6.499999999999999112, 8.446011877133203782 ) ) ;
#7025 = CARTESIAN_POINT ( 'NONE',  ( -6.005533679434249983, 0.2178369010166495978, -6.901889459346409517 ) ) ;
#7026 = PRESENTATION_STYLE_ASSIGNMENT (( #8666 ) ) ;
#7027 = VERTEX_POINT ( 'NONE', #830 ) ;
#7028 = CARTESIAN_POINT ( 'NONE',  ( 9.449599181287338112, 10.49999999999999822, -19.86718589315089289 ) ) ;
#7029 = AXIS2_PLACEMENT_3D ( 'NONE', #11211, #10521, #9626 ) ;
#7030 = EDGE_CURVE ( 'NONE', #5018, #2609, #10446, .T. ) ;
#7031 = DIRECTION ( 'NONE',  ( 0.000000000000000000, 0.000000000000000000, 1.000000000000000000 ) ) ;
#7032 = LINE ( 'NONE', #1729, #4088 ) ;
#7033 = ORIENTED_EDGE ( 'NONE', *, *, #7327, .F. ) ;
#7034 = LINE ( 'NONE', #4414, #5613 ) ;
#7035 =( LENGTH_UNIT ( ) NAMED_UNIT ( * ) SI_UNIT ( .MILLI., .METRE. ) );
#7036 = DIRECTION ( 'NONE',  ( 0.000000000000000000, 0.000000000000000000, -1.000000000000000000 ) ) ;
#7037 = CIRCLE ( 'NONE', #9021, 0.2500000000000002220 ) ;
#7038 = DIRECTION ( 'NONE',  ( -0.000000000000000000, -1.000000000000000000, -0.000000000000000000 ) ) ;
#7039 = FACE_OUTER_BOUND ( 'NONE', #2205, .T. ) ;
#7040 = FACE_OUTER_BOUND ( 'NONE', #2441, .T. ) ;
#7041 = EDGE_CURVE ( 'NONE', #6691, #6075, #8572, .T. ) ;
#7042 = EDGE_CURVE ( 'NONE', #8467, #7887, #5761, .T. ) ;
#7043 = SURFACE_SIDE_STYLE ('',( #1953 ) ) ;
#7044 = CARTESIAN_POINT ( 'NONE',  ( -13.89239616418563905, 10.06432619796670025, -1.749999999999729772 ) ) ;
#7045 = ORIENTED_EDGE ( 'NONE', *, *, #10853, .F. ) ;
#7046 = EDGE_LOOP ( 'NONE', ( #5746, #5337, #2429, #4148 ) ) ;
#7047 =( NAMED_UNIT ( * ) SI_UNIT ( $, .STERADIAN. ) SOLID_ANGLE_UNIT ( ) );
#7048 = DIRECTION ( 'NONE',  ( -0.000000000000000000, 1.000000000000000000, -0.000000000000000000 ) ) ;
#7049 = ORIENTED_EDGE ( 'NONE', *, *, #908, .F. ) ;
#7050 = VECTOR ( 'NONE', #8431, 1000.000000000000114 ) ;
#7051 = EDGE_LOOP ( 'NONE', ( #5158, #7074, #2875, #9645 ) ) ;
#7052 = FILL_AREA_STYLE_COLOUR ( '', #3248 ) ;
#7053 = LINE ( 'NONE', #5295, #10959 ) ;
#7054 = PRESENTATION_STYLE_ASSIGNMENT (( #6298 ) ) ;
#7055 = CARTESIAN_POINT ( 'NONE',  ( -21.56675682618974577, 13.54999999999999893, 21.56675682618965340 ) ) ;
#7056 =( LENGTH_UNIT ( ) NAMED_UNIT ( * ) SI_UNIT ( .MILLI., .METRE. ) );
#7057 = EDGE_CURVE ( 'NONE', #3664, #8370, #8039, .T. ) ;
#7058 = CARTESIAN_POINT ( 'NONE',  ( 0.000000000000000000, 0.000000000000000000, 9.000000000000000000 ) ) ;
#7059 = ORIENTED_EDGE ( 'NONE', *, *, #8077, .F. ) ;
#7060 = PLANE ( 'NONE',  #9634 ) ;
#7061 = PRESENTATION_LAYER_ASSIGNMENT (  '', '', ( #1225 ) ) ;
#7062 = SURFACE_SIDE_STYLE ('',( #4383 ) ) ;
#7063 = ORIENTED_EDGE ( 'NONE', *, *, #10867, .T. ) ;
#7064 =( NAMED_UNIT ( * ) SI_UNIT ( $, .STERADIAN. ) SOLID_ANGLE_UNIT ( ) );
#7065 = EDGE_LOOP ( 'NONE', ( #3244, #4969, #3713, #6591 ) ) ;
#7066 = COLOUR_RGB ( '',0.1529411764705882470, 0.4901960784313725283, 1.000000000000000000 ) ;
#7067 = PRESENTATION_STYLE_ASSIGNMENT (( #3514 ) ) ;
#7068 = CIRCLE ( 'NONE', #123, 13.14541852518598830 ) ;
#7069 = SURFACE_SIDE_STYLE ('',( #2657 ) ) ;
#7070 = DIRECTION ( 'NONE',  ( 0.000000000000000000, 0.000000000000000000, -1.000000000000000000 ) ) ;
#7071 = UNCERTAINTY_MEASURE_WITH_UNIT (LENGTH_MEASURE( 1.000000000000000082E-05 ), #2655, 'distance_accuracy_value', 'NONE');
#7072 = EDGE_CURVE ( 'NONE', #10791, #7369, #8813, .T. ) ;
#7073 = CIRCLE ( 'NONE', #3033, 22.30000000000000071 ) ;
#7074 = ORIENTED_EDGE ( 'NONE', *, *, #7685, .F. ) ;
#7075 = CIRCLE ( 'NONE', #2144, 14.00218451466337477 ) ;
#7076 = CARTESIAN_POINT ( 'NONE',  ( -12.63115847475059361, 0.000000000000000000, 18.37780823672225594 ) ) ;
#7077 = VERTEX_POINT ( 'NONE', #6138 ) ;
#7078 = AXIS2_PLACEMENT_3D ( 'NONE', #6384, #1153, #5555 ) ;
#7079 = CARTESIAN_POINT ( 'NONE',  ( 18.37780823672225594, -18.21991441758264685, 12.63115847475059716 ) ) ;
#7080 = CARTESIAN_POINT ( 'NONE',  ( -22.80419369326623524, 13.54999999999999893, -22.80419369326607537 ) ) ;
#7081 = SURFACE_STYLE_FILL_AREA ( #1186 ) ;
#7082 = ORIENTED_EDGE ( 'NONE', *, *, #1460, .F. ) ;
#7083 = DIRECTION ( 'NONE',  ( 0.000000000000000000, 0.000000000000000000, 1.000000000000000000 ) ) ;
#7084 = VERTEX_POINT ( 'NONE', #4440 ) ;
#7085 = CARTESIAN_POINT ( 'NONE',  ( 0.000000000000000000, 13.44999999999999929, -29.50000000000000000 ) ) ;
#7086 = DIRECTION ( 'NONE',  ( -0.000000000000000000, 1.000000000000000000, -0.000000000000000000 ) ) ;
#7087 = CARTESIAN_POINT ( 'NONE',  ( 0.000000000000000000, 12.44999999999999929, 0.000000000000000000 ) ) ;
#7088 = PRESENTATION_LAYER_ASSIGNMENT (  '', '', ( #5283 ) ) ;
#7089 = EDGE_CURVE ( 'NONE', #4079, #2194, #9396, .T. ) ;
#7090 =( NAMED_UNIT ( * ) PLANE_ANGLE_UNIT ( ) SI_UNIT ( $, .RADIAN. ) );
#7091 = PRESENTATION_STYLE_ASSIGNMENT (( #10697 ) ) ;
#7092 = CARTESIAN_POINT ( 'NONE',  ( 0.000000000000000000, 10.49999999999999822, 0.000000000000000000 ) ) ;
#7093 = FILL_AREA_STYLE_COLOUR ( '', #4250 ) ;
#7094 = ORIENTED_EDGE ( 'NONE', *, *, #8640, .T. ) ;
#7095 = VERTEX_POINT ( 'NONE', #4379 ) ;
#7096 = FILL_AREA_STYLE ('',( #4429 ) ) ;
#7097 = CARTESIAN_POINT ( 'NONE',  ( -20.68287334970658620, -13.15000000000000213, -20.68287334970643698 ) ) ;
#7098 = TOROIDAL_SURFACE ( 'NONE', #10335, 13.97097042681812873, 1.000000000000000000 ) ;
#7099 = CARTESIAN_POINT ( 'NONE',  ( 0.000000000000000000, 1.499999999999999556, 0.000000000000000000 ) ) ;
#7100 = ORIENTED_EDGE ( 'NONE', *, *, #6193, .F. ) ;
#7101 = COLOUR_RGB ( '',0.1529411764705882470, 0.4901960784313725283, 1.000000000000000000 ) ;
#7102 = EDGE_CURVE ( 'NONE', #8416, #5498, #5478, .T. ) ;
#7103 = DIRECTION ( 'NONE',  ( -0.000000000000000000, 1.000000000000000000, -0.000000000000000000 ) ) ;
#7104 = CARTESIAN_POINT ( 'NONE',  ( 4.041334437186266200E-15, 13.44999999999999929, 32.50000000000000000 ) ) ;
#7105 = DIRECTION ( 'NONE',  ( 0.000000000000000000, -1.000000000000000000, 0.000000000000000000 ) ) ;
#7106 = MECHANICAL_DESIGN_GEOMETRIC_PRESENTATION_REPRESENTATION (  '', ( #4943 ), #8558 ) ;
#7107 = CYLINDRICAL_SURFACE ( 'NONE', #4459, 28.99999999999999645 ) ;
#7108 = DIRECTION ( 'NONE',  ( 0.000000000000000000, 0.000000000000000000, 1.000000000000000000 ) ) ;
#7109 = DIRECTION ( 'NONE',  ( -0.000000000000000000, -1.000000000000000000, -0.000000000000000000 ) ) ;
#7110 = CARTESIAN_POINT ( 'NONE',  ( 0.000000000000000000, 12.44999999999999929, -32.50000000000000000 ) ) ;
#7111 = ORIENTED_EDGE ( 'NONE', *, *, #9995, .F. ) ;
#7112 = DIRECTION ( 'NONE',  ( 0.000000000000000000, 1.000000000000000000, 0.000000000000000000 ) ) ;
#7113 = COLOUR_RGB ( '',0.1529411764705882470, 0.4901960784313725283, 1.000000000000000000 ) ;
#7114 = DIRECTION ( 'NONE',  ( -0.000000000000000000, -1.000000000000000000, -0.000000000000000000 ) ) ;
#7115 = DIRECTION ( 'NONE',  ( 0.000000000000000000, 0.000000000000000000, -1.000000000000000000 ) ) ;
#7116 = STYLED_ITEM ( 'NONE', ( #8249 ), #1093 ) ;
#7117 = VERTEX_POINT ( 'NONE', #11185 ) ;
#7118 = CARTESIAN_POINT ( 'NONE',  ( 0.000000000000000000, 10.80000000000000071, -22.00000000000000000 ) ) ;
#7119 = ADVANCED_FACE ( 'NONE', ( #6022 ), #9490, .F. ) ;
#7120 = EDGE_CURVE ( 'NONE', #2323, #1482, #2809, .T. ) ;
#7121 = DIRECTION ( 'NONE',  ( 0.000000000000000000, 0.000000000000000000, 1.000000000000000000 ) ) ;
#7122 = CARTESIAN_POINT ( 'NONE',  ( 0.000000000000000000, -13.15000000000000213, 0.000000000000000000 ) ) ;
#7123 = ORIENTED_EDGE ( 'NONE', *, *, #7751, .F. ) ;
#7124 = TOROIDAL_SURFACE ( 'NONE', #5477, 14.82773641629552053, 1.000000000000000000 ) ;
#7125 = CARTESIAN_POINT ( 'NONE',  ( -20.68287334970658620, -13.25000000000000178, -20.68287334970643698 ) ) ;
#7126 =( NAMED_UNIT ( * ) SI_UNIT ( $, .STERADIAN. ) SOLID_ANGLE_UNIT ( ) );
#7127 = DIRECTION ( 'NONE',  ( 0.000000000000000000, 0.000000000000000000, 1.000000000000000000 ) ) ;
#7128 = ORIENTED_EDGE ( 'NONE', *, *, #7205, .T. ) ;
#7129 = CARTESIAN_POINT ( 'NONE',  ( 3.184081677783118585E-15, -13.15000000000000213, 26.00000000000000355 ) ) ;
#7130 = SURFACE_STYLE_USAGE ( .BOTH. , #5589 ) ;
#7131 = EDGE_LOOP ( 'NONE', ( #3670, #1067, #114, #612 ) ) ;
#7132 = FILL_AREA_STYLE_COLOUR ( '', #7972 ) ;
#7133 = ORIENTED_EDGE ( 'NONE', *, *, #3060, .F. ) ;
#7134 = EDGE_CURVE ( 'NONE', #8958, #4172, #4416, .T. ) ;
#7135 = STYLED_ITEM ( 'NONE', ( #7091 ), #1385 ) ;
#7136 = ORIENTED_EDGE ( 'NONE', *, *, #3908, .F. ) ;
#7137 =( LENGTH_UNIT ( ) NAMED_UNIT ( * ) SI_UNIT ( .MILLI., .METRE. ) );
#7138 =( LENGTH_UNIT ( ) NAMED_UNIT ( * ) SI_UNIT ( .MILLI., .METRE. ) );
#7139 = DIRECTION ( 'NONE',  ( 0.000000000000000000, 0.000000000000000000, -1.000000000000000000 ) ) ;
#7140 = VECTOR ( 'NONE', #1480, 1000.000000000000000 ) ;
#7141 = STYLED_ITEM ( 'NONE', ( #2262 ), #6179 ) ;
#7142 = ORIENTED_EDGE ( 'NONE', *, *, #5197, .F. ) ;
#7143 = DIRECTION ( 'NONE',  ( -0.000000000000000000, 1.000000000000000000, -0.000000000000000000 ) ) ;
#7144 = FILL_AREA_STYLE_COLOUR ( '', #4562 ) ;
#7145 = DIRECTION ( 'NONE',  ( 3.552713678800500929E-15, 0.000000000000000000, 1.000000000000000000 ) ) ;
#7146 = CARTESIAN_POINT ( 'NONE',  ( 8.461742538715574469, 10.06432619796669847, 11.15616799762221945 ) ) ;
#7147 = VECTOR ( 'NONE', #5645, 1000.000000000000000 ) ;
#7148 = ORIENTED_EDGE ( 'NONE', *, *, #9861, .T. ) ;
#7149 = DIRECTION ( 'NONE',  ( 0.000000000000000000, 0.000000000000000000, -1.000000000000000000 ) ) ;
#7150 = CARTESIAN_POINT ( 'NONE',  ( 18.37780823672224884, 6.499999999999999112, 12.63115847475059361 ) ) ;
#7151 = AXIS2_PLACEMENT_3D ( 'NONE', #7612, #7725, #4089 ) ;
#7152 = DIRECTION ( 'NONE',  ( 0.000000000000000000, 0.000000000000000000, -1.000000000000000000 ) ) ;
#7153 = MECHANICAL_DESIGN_GEOMETRIC_PRESENTATION_REPRESENTATION (  '', ( #1503 ), #7509 ) ;
#7154 = SURFACE_STYLE_FILL_AREA ( #4529 ) ;
#7155 = FACE_OUTER_BOUND ( 'NONE', #10837, .T. ) ;
#7156 = CIRCLE ( 'NONE', #8599, 13.97097042681812873 ) ;
#7157 = AXIS2_PLACEMENT_3D ( 'NONE', #10973, #2452, #4061 ) ;
#7158 = B_SPLINE_CURVE_WITH_KNOTS ( 'NONE', 3,
 ( #6385, #3062, #3826, #1215, #6504, #3771, #2056, #9596 ),
 .UNSPECIFIED., .F., .F.,
 ( 4, 2, 2, 4 ),
 ( 1.734723475976807094E-18, 0.0002429715048039803298, 0.0004859430096079589249, 0.0009718860192159148141 ),
 .UNSPECIFIED. ) ;
#7159 = FILL_AREA_STYLE ('',( #1903 ) ) ;
#7160 = EDGE_LOOP ( 'NONE', ( #7278, #2939 ) ) ;
#7161 = EDGE_CURVE ( 'NONE', #1482, #875, #10737, .T. ) ;
#7162 = COLOUR_RGB ( '',0.1529411764705882470, 0.4901960784313725283, 1.000000000000000000 ) ;
#7163 = ORIENTED_EDGE ( 'NONE', *, *, #4446, .T. ) ;
#7164 = AXIS2_PLACEMENT_3D ( 'NONE', #6627, #8328, #687 ) ;
#7165 = CARTESIAN_POINT ( 'NONE',  ( 7.766550857632748439, -18.21991441758264685, -2.463294286165474745 ) ) ;
#7166 = PRESENTATION_LAYER_ASSIGNMENT (  '', '', ( #775 ) ) ;
#7167 = APPLICATION_CONTEXT ( 'automotive_design' ) ;
#7168 = ORIENTED_EDGE ( 'NONE', *, *, #10678, .T. ) ;
#7169 = DIRECTION ( 'NONE',  ( -0.000000000000000000, -1.000000000000000000, -0.000000000000000000 ) ) ;
#7170 = DIRECTION ( 'NONE',  ( 0.000000000000000000, -1.000000000000000000, 0.000000000000000000 ) ) ;
#7171 = FACE_BOUND ( 'NONE', #10054, .T. ) ;
#7172 = AXIS2_PLACEMENT_3D ( 'NONE', #3310, #7566, #9363 ) ;
#7173 = FACE_OUTER_BOUND ( 'NONE', #10158, .T. ) ;
#7174 = FACE_OUTER_BOUND ( 'NONE', #1299, .T. ) ;
#7175 = FACE_OUTER_BOUND ( 'NONE', #10105, .T. ) ;
#7176 = DIRECTION ( 'NONE',  ( -0.000000000000000000, 1.000000000000000000, -0.000000000000000000 ) ) ;
#7177 = CIRCLE ( 'NONE', #9342, 1.000000000000000888 ) ;
#7178 = ORIENTED_EDGE ( 'NONE', *, *, #4060, .T. ) ;
#7179 = EDGE_CURVE ( 'NONE', #2609, #327, #8769, .T. ) ;
#7180 = PLANE ( 'NONE',  #7414 ) ;
#7181 = DIRECTION ( 'NONE',  ( -1.000000000000000000, -0.000000000000000000, -0.000000000000000000 ) ) ;
#7182 = SURFACE_SIDE_STYLE ('',( #4554 ) ) ;
#7183 = CARTESIAN_POINT ( 'NONE',  ( 22.80419369326621393, -13.15000000000000213, -22.80419369326610379 ) ) ;
#7184 = VECTOR ( 'NONE', #4593, 1000.000000000000000 ) ;
#7185 = ORIENTED_EDGE ( 'NONE', *, *, #4169, .F. ) ;
#7186 = CARTESIAN_POINT ( 'NONE',  ( -9.491329577035861220, 4.345517802399459839, 3.459095744105428416 ) ) ;
#7187 = LINE ( 'NONE', #6309, #3665 ) ;
#7188 = ORIENTED_EDGE ( 'NONE', *, *, #4189, .T. ) ;
#7189 = CARTESIAN_POINT ( 'NONE',  ( 12.73807339523277271, 6.490181703155803561, 5.333604161531154908 ) ) ;
#7190 = DIRECTION ( 'NONE',  ( -0.000000000000000000, -1.000000000000000000, -0.000000000000000000 ) ) ;
#7191 = DIRECTION ( 'NONE',  ( 1.000000000000000000, 0.000000000000000000, -3.342188435875357696E-16 ) ) ;
#7192 = COLOUR_RGB ( '',0.1529411764705882470, 0.4901960784313725283, 1.000000000000000000 ) ;
#7193 = UNCERTAINTY_MEASURE_WITH_UNIT (LENGTH_MEASURE( 1.000000000000000082E-05 ), #5640, 'distance_accuracy_value', 'NONE');
#7194 = EDGE_CURVE ( 'NONE', #3008, #6143, #4594, .T. ) ;
#7195 = EDGE_CURVE ( 'NONE', #9674, #8829, #9482, .T. ) ;
#7196 = PRESENTATION_STYLE_ASSIGNMENT (( #5416 ) ) ;
#7197 = CARTESIAN_POINT ( 'NONE',  ( -5.958178137043125489, 0.08184250052690848765, 6.819867253904782878 ) ) ;
#7198 = EDGE_LOOP ( 'NONE', ( #2699, #5076, #734, #10578 ) ) ;
#7199 = AXIS2_PLACEMENT_3D ( 'NONE', #6717, #3151, #7742 ) ;
#7200 = EDGE_LOOP ( 'NONE', ( #4293, #8075, #5024, #1553 ) ) ;
#7201 = DIRECTION ( 'NONE',  ( -0.000000000000000000, -1.000000000000000000, -0.000000000000000000 ) ) ;
#7202 = ORIENTED_EDGE ( 'NONE', *, *, #6149, .F. ) ;
#7203 = DIRECTION ( 'NONE',  ( 0.000000000000000000, 0.000000000000000000, 1.000000000000000000 ) ) ;
#7204 = AXIS2_PLACEMENT_3D ( 'NONE', #2652, #6144, #4385 ) ;
#7205 = EDGE_CURVE ( 'NONE', #6739, #3918, #10922, .T. ) ;
#7206 = CARTESIAN_POINT ( 'NONE',  ( -2.974444766188691691, 0.2178369010166501252, -8.651889459346373101 ) ) ;
#7207 = EDGE_CURVE ( 'NONE', #7117, #9988, #8970, .T. ) ;
#7208 =( LENGTH_UNIT ( ) NAMED_UNIT ( * ) SI_UNIT ( .MILLI., .METRE. ) );
#7209 = DIRECTION ( 'NONE',  ( -0.000000000000000000, 1.000000000000000000, -0.000000000000000000 ) ) ;
#7210 = EDGE_LOOP ( 'NONE', ( #8435, #2587 ) ) ;
#7211 = DIRECTION ( 'NONE',  ( -0.000000000000000000, 1.000000000000000000, -0.000000000000000000 ) ) ;
#7212 = PRESENTATION_STYLE_ASSIGNMENT (( #9062 ) ) ;
#7213 = COLOUR_RGB ( '',0.1529411764705882470, 0.4901960784313725283, 1.000000000000000000 ) ;
#7214 = DIRECTION ( 'NONE',  ( 0.000000000000000000, 0.000000000000000000, 1.000000000000000000 ) ) ;
#7215 = CARTESIAN_POINT ( 'NONE',  ( -5.765247981730099447, 10.49017815798892173, -13.48570242259082796 ) ) ;
#7216 = CARTESIAN_POINT ( 'NONE',  ( 20.85965004500310371, 13.54999999999999893, -20.85965004500319964 ) ) ;
#7217 = ADVANCED_FACE ( 'NONE', ( #7175 ), #2731, .T. ) ;
#7218 = CARTESIAN_POINT ( 'NONE',  ( 11.87644895387784238, 10.49999999999999822, 8.877596942701906357 ) ) ;
#7219 = ORIENTED_EDGE ( 'NONE', *, *, #7826, .T. ) ;
#7220 = MECHANICAL_DESIGN_GEOMETRIC_PRESENTATION_REPRESENTATION (  '', ( #825 ), #10814 ) ;
#7221 = AXIS2_PLACEMENT_3D ( 'NONE', #10698, #9124, #7273 ) ;
#7222 = ORIENTED_EDGE ( 'NONE', *, *, #9172, .F. ) ;
#7223 = ORIENTED_EDGE ( 'NONE', *, *, #11201, .F. ) ;
#7224 = CARTESIAN_POINT ( 'NONE',  ( -8.571168381673924586, 10.30978705923620709, 11.34569911728715930 ) ) ;
#7225 = COLOUR_RGB ( '',0.1529411764705882470, 0.4901960784313725283, 1.000000000000000000 ) ;
#7226 = CARTESIAN_POINT ( 'NONE',  ( -13.86093484102085505, 6.499999999999999112, 1.750000000000270228 ) ) ;
#7227 = DIRECTION ( 'NONE',  ( -0.000000000000000000, 1.000000000000000000, -0.000000000000000000 ) ) ;
#7228 = DIRECTION ( 'NONE',  ( -0.000000000000000000, 1.000000000000000000, -0.000000000000000000 ) ) ;
#7229 = DIRECTION ( 'NONE',  ( -0.000000000000000000, 1.000000000000000000, -0.000000000000000000 ) ) ;
#7230 = ORIENTED_EDGE ( 'NONE', *, *, #4422, .T. ) ;
#7231 = CARTESIAN_POINT ( 'NONE',  ( 0.000000000000000000, 10.80000000000000071, 0.000000000000000000 ) ) ;
#7232 = CARTESIAN_POINT ( 'NONE',  ( 2.974444766188807154, 0.2178369010166506803, 8.651889459346334021 ) ) ;
#7233 = PRESENTATION_LAYER_ASSIGNMENT (  '', '', ( #3372 ) ) ;
#7234 =( NAMED_UNIT ( * ) PLANE_ANGLE_UNIT ( ) SI_UNIT ( $, .RADIAN. ) );
#7235 = ORIENTED_EDGE ( 'NONE', *, *, #8290, .T. ) ;
#7236 = ADVANCED_FACE ( 'NONE', ( #3733 ), #2910, .T. ) ;
#7237 = DIRECTION ( 'NONE',  ( -1.000000000000000000, 0.000000000000000000, 1.823011874113831202E-16 ) ) ;
#7238 = DIRECTION ( 'NONE',  ( -0.000000000000000000, -1.000000000000000000, -0.000000000000000000 ) ) ;
#7239 = VECTOR ( 'NONE', #3697, 1000.000000000000114 ) ;
#7240 = FACE_OUTER_BOUND ( 'NONE', #9386, .T. ) ;
#7241 = CIRCLE ( 'NONE', #484, 22.30000000000000071 ) ;
#7242 = PRESENTATION_STYLE_ASSIGNMENT (( #5222 ) ) ;
#7243 = FILL_AREA_STYLE_COLOUR ( '', #2480 ) ;
#7244 = CARTESIAN_POINT ( 'NONE',  ( -5.877906161864244083, 0.000000000000000000, 6.680832114471050076 ) ) ;
#7245 = VERTEX_POINT ( 'NONE', #2076 ) ;
#7246 = STYLED_ITEM ( 'NONE', ( #7731 ), #10420 ) ;
#7247 = CARTESIAN_POINT ( 'NONE',  ( 0.000000000000000000, -12.50000000000000000, 0.000000000000000000 ) ) ;
#7248 = MECHANICAL_DESIGN_GEOMETRIC_PRESENTATION_REPRESENTATION (  '', ( #9938 ), #1594 ) ;
#7249 = ORIENTED_EDGE ( 'NONE', *, *, #2766, .T. ) ;
#7250 = EDGE_CURVE ( 'NONE', #6534, #7952, #9114, .T. ) ;
#7251 = EDGE_CURVE ( 'NONE', #9959, #1679, #8938, .T. ) ;
#7252 = CARTESIAN_POINT ( 'NONE',  ( -22.23122803625679822, 10.72063721833215588, 1.750000000000273115 ) ) ;
#7253 = CARTESIAN_POINT ( 'NONE',  ( -8.404934949515640241, 6.500000000000001776, -11.05777436687279724 ) ) ;
#7254 = CONICAL_SURFACE ( 'NONE', #4908, 9.000000000000000000, 0.5996168419455644161 ) ;
#7255 = ORIENTED_EDGE ( 'NONE', *, *, #3395, .F. ) ;
#7256 = CARTESIAN_POINT ( 'NONE',  ( 6.819870509278839421, 0.08184789799993615056, -5.958180016534195822 ) ) ;
#7257 = AXIS2_PLACEMENT_3D ( 'NONE', #8224, #5841, #10876 ) ;
#7258 = SURFACE_STYLE_USAGE ( .BOTH. , #7995 ) ;
#7259 = CIRCLE ( 'NONE', #9051, 22.30000000000000071 ) ;
#7260 = SURFACE_STYLE_USAGE ( .BOTH. , #2164 ) ;
#7261 = DIRECTION ( 'NONE',  ( -0.000000000000000000, 1.000000000000000000, -0.000000000000000000 ) ) ;
#7262 = SURFACE_SIDE_STYLE ('',( #4693 ) ) ;
#7263 = ORIENTED_EDGE ( 'NONE', *, *, #5252, .T. ) ;
#7264 = PRESENTATION_STYLE_ASSIGNMENT (( #8104 ) ) ;
#7265 = FACE_OUTER_BOUND ( 'NONE', #4021, .T. ) ;
#7266 = MECHANICAL_DESIGN_GEOMETRIC_PRESENTATION_REPRESENTATION (  '', ( #7802 ), #9242 ) ;
#7267 = SURFACE_STYLE_USAGE ( .BOTH. , #10939 ) ;
#7268 = AXIS2_PLACEMENT_3D ( 'NONE', #8331, #2055, #5493 ) ;
#7269 = ADVANCED_FACE ( 'NONE', ( #624 ), #5872, .T. ) ;
#7270 = EDGE_CURVE ( 'NONE', #899, #5999, #6781, .T. ) ;
#7271 = DIRECTION ( 'NONE',  ( -0.000000000000000000, 1.000000000000000000, -0.000000000000000000 ) ) ;
#7272 = DIRECTION ( 'NONE',  ( 0.000000000000000000, 0.000000000000000000, 1.000000000000000000 ) ) ;
#7273 = DIRECTION ( 'NONE',  ( 0.000000000000000000, 0.000000000000000000, -1.000000000000000000 ) ) ;
#7274 = ORIENTED_EDGE ( 'NONE', *, *, #6307, .F. ) ;
#7275 = AXIS2_PLACEMENT_3D ( 'NONE', #4871, #10681, #6321 ) ;
#7276 = VERTEX_POINT ( 'NONE', #5806 ) ;
#7277 = B_SPLINE_CURVE_WITH_KNOTS ( 'NONE', 3,
 ( #6151, #2499, #9445, #1815, #5148, #11195, #3390, #5311 ),
 .UNSPECIFIED., .F., .F.,
 ( 4, 2, 2, 4 ),
 ( 0.000000000000000000, 0.0002429683717504882304, 0.0004859367435009764608, 0.0009718734870019546564 ),
 .UNSPECIFIED. ) ;
#7278 = ORIENTED_EDGE ( 'NONE', *, *, #2469, .T. ) ;
#7279 = EDGE_CURVE ( 'NONE', #8485, #469, #6972, .T. ) ;
#7280 = CARTESIAN_POINT ( 'NONE',  ( -7.957677485576279075, 1.499999999999751532, 1.750000000000301537 ) ) ;
#7281 = CARTESIAN_POINT ( 'NONE',  ( 0.000000000000000000, 9.499999999999998224, 0.000000000000000000 ) ) ;
#7282 = CARTESIAN_POINT ( 'NONE',  ( 0.000000000000000000, 0.000000000000000000, 0.000000000000000000 ) ) ;
#7283 = CYLINDRICAL_SURFACE ( 'NONE', #6073, 8.147829831584077809 ) ;
#7284 = VECTOR ( 'NONE', #7271, 1000.000000000000000 ) ;
#7285 = ORIENTED_EDGE ( 'NONE', *, *, #4265, .F. ) ;
#7286 = LINE ( 'NONE', #2081, #2022 ) ;
#7287 = ORIENTED_EDGE ( 'NONE', *, *, #1501, .T. ) ;
#7288 = DIRECTION ( 'NONE',  ( 0.000000000000000000, -1.000000000000000000, 0.000000000000000000 ) ) ;
#7289 = COLOUR_RGB ( '',0.1529411764705882470, 0.4901960784313725283, 1.000000000000000000 ) ;
#7290 = ORIENTED_EDGE ( 'NONE', *, *, #7964, .F. ) ;
#7291 = DIRECTION ( 'NONE',  ( -0.000000000000000000, 1.000000000000000000, -0.000000000000000000 ) ) ;
#7292 = DIRECTION ( 'NONE',  ( 0.000000000000000000, 0.000000000000000000, 1.000000000000000000 ) ) ;
#7293 = CARTESIAN_POINT ( 'NONE',  ( 0.000000000000000000, 1.499999999999999556, 0.000000000000000000 ) ) ;
#7294 = COLOUR_RGB ( '',0.1529411764705882470, 0.4901960784313725283, 1.000000000000000000 ) ;
#7295 = CARTESIAN_POINT ( 'NONE',  ( 22.80419369326623524, 13.44999999999999929, 22.55419369326607892 ) ) ;
#7296 = UNCERTAINTY_MEASURE_WITH_UNIT (LENGTH_MEASURE( 1.000000000000000082E-05 ), #7056, 'distance_accuracy_value', 'NONE');
#7297 = ORIENTED_EDGE ( 'NONE', *, *, #8778, .T. ) ;
#7298 =( LENGTH_UNIT ( ) NAMED_UNIT ( * ) SI_UNIT ( .MILLI., .METRE. ) );
#7299 = STYLED_ITEM ( 'NONE', ( #6135 ), #1144 ) ;
#7300 = ADVANCED_FACE ( 'NONE', ( #5701 ), #1502, .F. ) ;
#7301 = ORIENTED_EDGE ( 'NONE', *, *, #10026, .F. ) ;
#7302 = TOROIDAL_SURFACE ( 'NONE', #6558, 13.97097042681812873, 1.000000000000000000 ) ;
#7303 = ORIENTED_EDGE ( 'NONE', *, *, #8576, .F. ) ;
#7304 = CARTESIAN_POINT ( 'NONE',  ( -22.00963872648456388, 10.49999999999844924, -1.749999999999727551 ) ) ;
#7305 =( LENGTH_UNIT ( ) NAMED_UNIT ( * ) SI_UNIT ( .MILLI., .METRE. ) );
#7306 = CARTESIAN_POINT ( 'NONE',  ( 6.682887933280798443, 2.163045022804032325, -8.075101441731291629 ) ) ;
#7307 = ORIENTED_EDGE ( 'NONE', *, *, #7532, .F. ) ;
#7308 = FACE_OUTER_BOUND ( 'NONE', #10611, .T. ) ;
#7309 = DIRECTION ( 'NONE',  ( -0.000000000000000000, -1.000000000000000000, -0.000000000000000000 ) ) ;
#7310 = LINE ( 'NONE', #4806, #6296 ) ;
#7311 = PRESENTATION_STYLE_ASSIGNMENT (( #10806 ) ) ;
#7312 = ORIENTED_EDGE ( 'NONE', *, *, #5678, .T. ) ;
#7313 = EDGE_CURVE ( 'NONE', #7837, #4262, #4119, .T. ) ;
#7314 = PLANE ( 'NONE',  #9989 ) ;
#7315 = CARTESIAN_POINT ( 'NONE',  ( 3.651799020035277898, 2.163045022804063855, -9.825101441731314722 ) ) ;
#7316 = TOROIDAL_SURFACE ( 'NONE', #566, 8.736131791852239203, 0.5000000000000000000 ) ;
#7317 = CARTESIAN_POINT ( 'NONE',  ( -9.528195446262035517, 10.53248139031239816, -20.00331861737281969 ) ) ;
#7318 = AXIS2_PLACEMENT_3D ( 'NONE', #5128, #2593, #6943 ) ;
#7319 = CARTESIAN_POINT ( 'NONE',  ( 6.016550857632742222, 0.000000000000000000, 5.494383199411024599 ) ) ;
#7320 = AXIS2_PLACEMENT_3D ( 'NONE', #152, #8874, #7121 ) ;
#7321 = LINE ( 'NONE', #463, #9450 ) ;
#7322 = FILL_AREA_STYLE ('',( #3721 ) ) ;
#7323 = AXIS2_PLACEMENT_3D ( 'NONE', #10547, #199, #4773 ) ;
#7324 = ORIENTED_EDGE ( 'NONE', *, *, #5366, .F. ) ;
#7325 = DIRECTION ( 'NONE',  ( 7.105427357601001859E-15, 0.000000000000000000, -1.000000000000000000 ) ) ;
#7326 = COLOUR_RGB ( '',0.1529411764705882470, 0.4901960784313725283, 1.000000000000000000 ) ;
#7327 = EDGE_CURVE ( 'NONE', #6218, #10433, #7648, .T. ) ;
#7328 = EDGE_CURVE ( 'NONE', #11274, #1125, #2575, .T. ) ;
#7329 =( LENGTH_UNIT ( ) NAMED_UNIT ( * ) SI_UNIT ( .MILLI., .METRE. ) );
#7330 =( NAMED_UNIT ( * ) PLANE_ANGLE_UNIT ( ) SI_UNIT ( $, .RADIAN. ) );
#7331 = ORIENTED_EDGE ( 'NONE', *, *, #7205, .F. ) ;
#7332 = ORIENTED_EDGE ( 'NONE', *, *, #10607, .T. ) ;
#7333 = FACE_OUTER_BOUND ( 'NONE', #575, .T. ) ;
#7334 = DIRECTION ( 'NONE',  ( 0.000000000000000000, 0.000000000000000000, -1.000000000000000000 ) ) ;
#7335 = FILL_AREA_STYLE ('',( #3844 ) ) ;
#7336 = MECHANICAL_DESIGN_GEOMETRIC_PRESENTATION_REPRESENTATION (  '', ( #1693 ), #9679 ) ;
#7337 = CARTESIAN_POINT ( 'NONE',  ( -20.68287334970658620, -13.25000000000000178, -20.43287334970643698 ) ) ;
#7338 =( GEOMETRIC_REPRESENTATION_CONTEXT ( 3 ) GLOBAL_UNCERTAINTY_ASSIGNED_CONTEXT ( ( #7758 ) ) GLOBAL_UNIT_ASSIGNED_CONTEXT ( ( #5827, #9349, #7429 ) ) REPRESENTATION_CONTEXT ( 'NONE', 'WORKASPACE' ) );
#7339 = VERTEX_POINT ( 'NONE', #3960 ) ;
#7340 = ADVANCED_FACE ( 'NONE', ( #2066 ), #1036, .F. ) ;
#7341 = VERTEX_POINT ( 'NONE', #6117 ) ;
#7342 = EDGE_CURVE ( 'NONE', #3086, #3425, #2413, .T. ) ;
#7343 = SURFACE_SIDE_STYLE ('',( #4612 ) ) ;
#7344 = ORIENTED_EDGE ( 'NONE', *, *, #10719, .F. ) ;
#7345 = CIRCLE ( 'NONE', #3492, 30.99999999999999645 ) ;
#7346 = MECHANICAL_DESIGN_GEOMETRIC_PRESENTATION_REPRESENTATION (  '', ( #4625 ), #5180 ) ;
#7347 = ORIENTED_EDGE ( 'NONE', *, *, #2068, .T. ) ;
#7348 = CARTESIAN_POINT ( 'NONE',  ( 22.80419369326621393, 13.54999999999999893, -22.80419369326610379 ) ) ;
#7349 = DIRECTION ( 'NONE',  ( 0.000000000000000000, 0.000000000000000000, 1.000000000000000000 ) ) ;
#7350 = DIRECTION ( 'NONE',  ( -0.000000000000000000, 1.000000000000000000, -0.000000000000000000 ) ) ;
#7351 = STYLED_ITEM ( 'NONE', ( #2284 ), #8092 ) ;
#7352 = LINE ( 'NONE', #1311, #4280 ) ;
#7353 = DIRECTION ( 'NONE',  ( 0.000000000000000000, 0.000000000000000000, 1.000000000000000000 ) ) ;
#7354 = EDGE_LOOP ( 'NONE', ( #7899, #3978, #3312, #5648, #5898, #6528, #4680, #3357, #3233, #2996, #3374 ) ) ;
#7355 = SURFACE_STYLE_FILL_AREA ( #3985 ) ;
#7356 = AXIS2_PLACEMENT_3D ( 'NONE', #3653, #10416, #10522 ) ;
#7357 = DIRECTION ( 'NONE',  ( 0.000000000000000000, 0.000000000000000000, 1.000000000000000000 ) ) ;
#7358 = CIRCLE ( 'NONE', #8803, 0.2500000000000002220 ) ;
#7359 = ORIENTED_EDGE ( 'NONE', *, *, #5039, .T. ) ;
#7360 = DIRECTION ( 'NONE',  ( 0.000000000000000000, 0.000000000000000000, -1.000000000000000000 ) ) ;
#7361 = ORIENTED_EDGE ( 'NONE', *, *, #10633, .F. ) ;
#7362 = CYLINDRICAL_SURFACE ( 'NONE', #9429, 0.2500000000000002220 ) ;
#7363 = CARTESIAN_POINT ( 'NONE',  ( 10.40793606078350919, 6.064326197966798837, -8.029750628565428983 ) ) ;
#7364 = AXIS2_PLACEMENT_3D ( 'NONE', #1754, #3690, #1709 ) ;
#7365 = ORIENTED_EDGE ( 'NONE', *, *, #6378, .F. ) ;
#7366 = CARTESIAN_POINT ( 'NONE',  ( -18.25331861737256034, 10.53248139031239816, -12.55928435950803390 ) ) ;
#7367 = PRESENTATION_STYLE_ASSIGNMENT (( #3815 ) ) ;
#7368 = DIRECTION ( 'NONE',  ( 0.000000000000000000, 0.000000000000000000, -1.000000000000000000 ) ) ;
#7369 = VERTEX_POINT ( 'NONE', #10591 ) ;
#7370 = B_SPLINE_CURVE_WITH_KNOTS ( 'NONE', 3,
 ( #9293, #10929, #8459, #742 ),
 .UNSPECIFIED., .F., .F.,
 ( 4, 4 ),
 ( 0.0002657290228356840034, 0.007377075875908817998 ),
 .UNSPECIFIED. ) ;
#7371 =( NAMED_UNIT ( * ) PLANE_ANGLE_UNIT ( ) SI_UNIT ( $, .RADIAN. ) );
#7372 = FILL_AREA_STYLE ('',( #5606 ) ) ;
#7373 = CARTESIAN_POINT ( 'NONE',  ( 13.93897860555250467, 10.13193726329756572, -1.750000000000410783 ) ) ;
#7374 = AXIS2_PLACEMENT_3D ( 'NONE', #8779, #974, #10845 ) ;
#7375 = CARTESIAN_POINT ( 'NONE',  ( 9.949287626662851380, 4.345528125468216096, -1.750000000000409894 ) ) ;
#7376 =( LENGTH_UNIT ( ) NAMED_UNIT ( * ) SI_UNIT ( .MILLI., .METRE. ) );
#7377 = FILL_AREA_STYLE_COLOUR ( '', #5492 ) ;
#7378 = ADVANCED_FACE ( 'NONE', ( #3541 ), #6045, .F. ) ;
#7379 = AXIS2_PLACEMENT_3D ( 'NONE', #4797, #3049, #3928 ) ;
#7380 = DIRECTION ( 'NONE',  ( -0.000000000000000000, -1.000000000000000000, -0.000000000000000000 ) ) ;
#7381 =( NAMED_UNIT ( * ) SI_UNIT ( $, .STERADIAN. ) SOLID_ANGLE_UNIT ( ) );
#7382 = CARTESIAN_POINT ( 'NONE',  ( 0.000000000000000000, -4.000000000000000000, 0.000000000000000000 ) ) ;
#7383 = ORIENTED_EDGE ( 'NONE', *, *, #10163, .F. ) ;
#7384 = PLANE ( 'NONE',  #4122 ) ;
#7385 = DIRECTION ( 'NONE',  ( 0.000000000000000000, 0.000000000000000000, -1.000000000000000000 ) ) ;
#7386 = VERTEX_POINT ( 'NONE', #10590 ) ;
#7387 = ORIENTED_EDGE ( 'NONE', *, *, #3123, .T. ) ;
#7388 = ADVANCED_FACE ( 'NONE', ( #1 ), #7889, .T. ) ;
#7389 = EDGE_CURVE ( 'NONE', #517, #9755, #1101, .T. ) ;
#7390 = CARTESIAN_POINT ( 'NONE',  ( -14.40396405925247336, 10.45155730935269567, -1.749999999999729550 ) ) ;
#7391 =( NAMED_UNIT ( * ) PLANE_ANGLE_UNIT ( ) SI_UNIT ( $, .RADIAN. ) );
#7392 = VERTEX_POINT ( 'NONE', #6333 ) ;
#7393 = EDGE_LOOP ( 'NONE', ( #712, #8887, #12, #3321 ) ) ;
#7394 = FACE_OUTER_BOUND ( 'NONE', #9326, .T. ) ;
#7395 = B_SPLINE_CURVE_WITH_KNOTS ( 'NONE', 3,
 ( #7028, #2619, #7824, #10472, #2669, #1027 ),
 .UNSPECIFIED., .F., .F.,
 ( 4, 2, 4 ),
 ( 0.000000000000000000, 0.0002346925379797245659, 0.0004693850759594491318 ),
 .UNSPECIFIED. ) ;
#7396 = ORIENTED_EDGE ( 'NONE', *, *, #7665, .T. ) ;
#7397 =( GEOMETRIC_REPRESENTATION_CONTEXT ( 3 ) GLOBAL_UNCERTAINTY_ASSIGNED_CONTEXT ( ( #9323 ) ) GLOBAL_UNIT_ASSIGNED_CONTEXT ( ( #5047, #8492, #1389 ) ) REPRESENTATION_CONTEXT ( 'NONE', 'WORKASPACE' ) );
#7398 = EDGE_LOOP ( 'NONE', ( #33, #3447, #11113, #3297, #5863 ) ) ;
#7399 = ORIENTED_EDGE ( 'NONE', *, *, #5197, .T. ) ;
#7400 = CARTESIAN_POINT ( 'NONE',  ( -6.537362917009499341, 0.000000000000000000, -5.795074182089517301 ) ) ;
#7401 = EDGE_CURVE ( 'NONE', #2738, #8296, #590, .T. ) ;
#7402 = DIRECTION ( 'NONE',  ( -0.000000000000000000, -1.000000000000000000, -0.000000000000000000 ) ) ;
#7403 =( NAMED_UNIT ( * ) SI_UNIT ( $, .STERADIAN. ) SOLID_ANGLE_UNIT ( ) );
#7404 = PRESENTATION_STYLE_ASSIGNMENT (( #7932 ) ) ;
#7405 = DIRECTION ( 'NONE',  ( 1.000000000000000000, 0.000000000000000000, -1.224646799147353207E-16 ) ) ;
#7406 = UNCERTAINTY_MEASURE_WITH_UNIT (LENGTH_MEASURE( 1.000000000000000082E-05 ), #534, 'distance_accuracy_value', 'NONE');
#7407 = VERTEX_POINT ( 'NONE', #9900 ) ;
#7408 =( GEOMETRIC_REPRESENTATION_CONTEXT ( 3 ) GLOBAL_UNCERTAINTY_ASSIGNED_CONTEXT ( ( #889 ) ) GLOBAL_UNIT_ASSIGNED_CONTEXT ( ( #3987, #4979, #1541 ) ) REPRESENTATION_CONTEXT ( 'NONE', 'WORKASPACE' ) );
#7409 = PRESENTATION_STYLE_ASSIGNMENT (( #2442 ) ) ;
#7410 = ORIENTED_EDGE ( 'NONE', *, *, #8995, .F. ) ;
#7411 = FACE_OUTER_BOUND ( 'NONE', #4052, .T. ) ;
#7412 = ORIENTED_EDGE ( 'NONE', *, *, #1836, .T. ) ;
#7413 = AXIS2_PLACEMENT_3D ( 'NONE', #8481, #9987, #8368 ) ;
#7414 = AXIS2_PLACEMENT_3D ( 'NONE', #1513, #1617, #8624 ) ;
#7415 = ADVANCED_FACE ( 'NONE', ( #9788 ), #6587, .F. ) ;
#7416 = SURFACE_STYLE_FILL_AREA ( #4726 ) ;
#7417 = DIRECTION ( 'NONE',  ( 0.000000000000000000, -1.000000000000000000, 0.000000000000000000 ) ) ;
#7418 = CARTESIAN_POINT ( 'NONE',  ( 1.750000000000003775, 6.451575245584118434, 13.54055653721067287 ) ) ;
#7419 = EDGE_CURVE ( 'NONE', #7077, #4329, #10998, .T. ) ;
#7420 = EDGE_LOOP ( 'NONE', ( #7687, #4263, #2925, #335 ) ) ;
#7421 = DIRECTION ( 'NONE',  ( -0.000000000000000000, 1.000000000000000000, -0.000000000000000000 ) ) ;
#7422 = SURFACE_SIDE_STYLE ('',( #9222 ) ) ;
#7423 = DIRECTION ( 'NONE',  ( 0.000000000000000000, -1.000000000000000000, 0.000000000000000000 ) ) ;
#7424 = ORIENTED_EDGE ( 'NONE', *, *, #6484, .F. ) ;
#7425 = AXIS2_PLACEMENT_3D ( 'NONE', #7183, #4778, #6466 ) ;
#7426 = CARTESIAN_POINT ( 'NONE',  ( -6.000000000000001776, -0.2000000000000000944, -3.464101615137754386 ) ) ;
#7427 = CARTESIAN_POINT ( 'NONE',  ( -18.11718589315088579, 10.49999999999999822, 12.48068809453286043 ) ) ;
#7428 = COLOUR_RGB ( '',0.1529411764705882470, 0.4901960784313725283, 1.000000000000000000 ) ;
#7429 =( NAMED_UNIT ( * ) SI_UNIT ( $, .STERADIAN. ) SOLID_ANGLE_UNIT ( ) );
#7430 = CARTESIAN_POINT ( 'NONE',  ( 20.50609665440994789, -13.25000000000000178, 20.50609665440980578 ) ) ;
#7431 = FILL_AREA_STYLE_COLOUR ( '', #9244 ) ;
#7432 = CARTESIAN_POINT ( 'NONE',  ( 6.005533679434344130, 0.2178369010166510411, -6.901889459346329581 ) ) ;
#7433 =( GEOMETRIC_REPRESENTATION_CONTEXT ( 3 ) GLOBAL_UNCERTAINTY_ASSIGNED_CONTEXT ( ( #5043 ) ) GLOBAL_UNIT_ASSIGNED_CONTEXT ( ( #9958, #4830, #9187 ) ) REPRESENTATION_CONTEXT ( 'NONE', 'WORKASPACE' ) );
#7434 = VECTOR ( 'NONE', #7871, 1000.000000000000000 ) ;
#7435 = CARTESIAN_POINT ( 'NONE',  ( 0.000000000000000000, 13.54999999999999893, -30.99999999999999645 ) ) ;
#7436 = FILL_AREA_STYLE_COLOUR ( '', #11146 ) ;
#7437 = ORIENTED_EDGE ( 'NONE', *, *, #1971, .F. ) ;
#7438 = CARTESIAN_POINT ( 'NONE',  ( 22.98097038856275276, 13.54999999999999893, -22.98097038856284513 ) ) ;
#7439 = DIRECTION ( 'NONE',  ( -0.8660254037844380415, 0.000000000000000000, -0.5000000000000009992 ) ) ;
#7440 = EDGE_CURVE ( 'NONE', #8299, #1869, #218, .T. ) ;
#7441 = EDGE_LOOP ( 'NONE', ( #4877, #7644, #68, #4682 ) ) ;
#7442 = ORIENTED_EDGE ( 'NONE', *, *, #6891, .T. ) ;
#7443 = COLOUR_RGB ( '',0.1529411764705882470, 0.4901960784313725283, 1.000000000000000000 ) ;
#7444 = DIRECTION ( 'NONE',  ( 0.000000000000000000, -1.000000000000000000, 0.000000000000000000 ) ) ;
#7445 = AXIS2_PLACEMENT_3D ( 'NONE', #6791, #10283, #10907 ) ;
#7446 = CARTESIAN_POINT ( 'NONE',  ( 18.34938848451923477, 10.64289375798497339, -12.61475032316583089 ) ) ;
#7447 = ORIENTED_EDGE ( 'NONE', *, *, #3489, .T. ) ;
#7448 = ORIENTED_EDGE ( 'NONE', *, *, #8226, .T. ) ;
#7449 = EDGE_CURVE ( 'NONE', #9499, #2270, #8230, .T. ) ;
#7450 = CARTESIAN_POINT ( 'NONE',  ( 0.000000000000000000, 0.000000000000000000, 0.000000000000000000 ) ) ;
#7451 = ORIENTED_EDGE ( 'NONE', *, *, #1902, .T. ) ;
#7452 = AXIS2_PLACEMENT_3D ( 'NONE', #3452, #7013, #10339 ) ;
#7453 = VERTEX_POINT ( 'NONE', #5740 ) ;
#7454 = CARTESIAN_POINT ( 'NONE',  ( 0.000000000000000000, 12.79999999999999893, 0.000000000000000000 ) ) ;
#7455 = MECHANICAL_DESIGN_GEOMETRIC_PRESENTATION_REPRESENTATION (  '', ( #6918 ), #10696 ) ;
#7456 = CARTESIAN_POINT ( 'NONE',  ( 0.000000000000000000, 10.49999999999999822, 0.000000000000000000 ) ) ;
#7457 = CARTESIAN_POINT ( 'NONE',  ( -13.34382354335171073, 10.45964560473159288, -5.683334172609278312 ) ) ;
#7458 = EDGE_LOOP ( 'NONE', ( #7263, #7476, #7365, #2067, #7033, #8339, #2815, #724, #11064, #9427, #10207 ) ) ;
#7459 = DIRECTION ( 'NONE',  ( 0.000000000000000000, 0.000000000000000000, -1.000000000000000000 ) ) ;
#7460 = EDGE_CURVE ( 'NONE', #4028, #5069, #7873, .T. ) ;
#7461 = B_SPLINE_CURVE_WITH_KNOTS ( 'NONE', 3,
 ( #1782, #2795, #180, #6284 ),
 .UNSPECIFIED., .F., .F.,
 ( 4, 4 ),
 ( 0.0005292810400260020880, 0.01094890517302444036 ),
 .UNSPECIFIED. ) ;
#7462 = EDGE_CURVE ( 'NONE', #5382, #3639, #7697, .T. ) ;
#7463 = ORIENTED_EDGE ( 'NONE', *, *, #1724, .T. ) ;
#7464 = DIRECTION ( 'NONE',  ( -0.000000000000000000, 1.000000000000000000, -0.000000000000000000 ) ) ;
#7465 = PLANE ( 'NONE',  #9667 ) ;
#7466 = VERTEX_POINT ( 'NONE', #10199 ) ;
#7467 = DIRECTION ( 'NONE',  ( -0.000000000000000000, 1.000000000000000000, -0.000000000000000000 ) ) ;
#7468 = CARTESIAN_POINT ( 'NONE',  ( -1.750000000000000888, 4.345528125468050007, -9.949287626662805195 ) ) ;
#7469 = ORIENTED_EDGE ( 'NONE', *, *, #10353, .T. ) ;
#7470 = FILL_AREA_STYLE_COLOUR ( '', #966 ) ;
#7471 = SURFACE_STYLE_FILL_AREA ( #638 ) ;
#7472 = ORIENTED_EDGE ( 'NONE', *, *, #1732, .T. ) ;
#7473 = AXIS2_PLACEMENT_3D ( 'NONE', #7097, #9949, #6382 ) ;
#7474 = CARTESIAN_POINT ( 'NONE',  ( -22.98097038856284513, 13.54999999999999893, 22.98097038856274921 ) ) ;
#7475 = DIRECTION ( 'NONE',  ( 0.000000000000000000, 0.000000000000000000, 1.000000000000000000 ) ) ;
#7476 = ORIENTED_EDGE ( 'NONE', *, *, #3395, .T. ) ;
#7477 = EDGE_CURVE ( 'NONE', #8474, #11194, #10018, .T. ) ;
#7478 = PRODUCT_RELATED_PRODUCT_CATEGORY ( 'part', '', ( #4253 ) ) ;
#7479 = AXIS2_PLACEMENT_3D ( 'NONE', #2962, #7495, #6453 ) ;
#7480 = CARTESIAN_POINT ( 'NONE',  ( 1.749999999999998224, 6.459664993593750459, -13.53434881735831752 ) ) ;
#7481 = SURFACE_STYLE_FILL_AREA ( #7652 ) ;
#7482 = CARTESIAN_POINT ( 'NONE',  ( 14.30000000000000071, 10.49999999999999822, 0.000000000000000000 ) ) ;
#7483 = CARTESIAN_POINT ( 'NONE',  ( 20.68287334970656843, -13.15000000000000213, -20.68287334970646185 ) ) ;
#7484 = CARTESIAN_POINT ( 'NONE',  ( -1.749999999999998002, -18.21991441758264685, 7.957677485576517995 ) ) ;
#7485 = DIRECTION ( 'NONE',  ( 0.000000000000000000, 1.000000000000000000, 0.000000000000000000 ) ) ;
#7486 = DIRECTION ( 'NONE',  ( 0.000000000000000000, -1.000000000000000000, 0.000000000000000000 ) ) ;
#7487 = COLOUR_RGB ( '',0.1529411764705882470, 0.4901960784313725283, 1.000000000000000000 ) ;
#7488 = ORIENTED_EDGE ( 'NONE', *, *, #7765, .T. ) ;
#7489 = DIRECTION ( 'NONE',  ( 2.582600154994595188E-16, 0.000000000000000000, 1.000000000000000000 ) ) ;
#7490 = DIRECTION ( 'NONE',  ( -0.000000000000000000, 1.000000000000000000, -0.000000000000000000 ) ) ;
#7491 = AXIS2_PLACEMENT_3D ( 'NONE', #8272, #4400, #7023 ) ;
#7492 = CYLINDRICAL_SURFACE ( 'NONE', #8877, 0.2499999999999967526 ) ;
#7493 = CARTESIAN_POINT ( 'NONE',  ( 0.000000000000000000, -13.25000000000000178, 0.000000000000000000 ) ) ;
#7494 = MECHANICAL_DESIGN_GEOMETRIC_PRESENTATION_REPRESENTATION (  '', ( #7135 ), #6032 ) ;
#7495 = DIRECTION ( 'NONE',  ( -0.000000000000000000, 1.000000000000000000, -0.000000000000000000 ) ) ;
#7496 = CARTESIAN_POINT ( 'NONE',  ( 0.000000000000000000, 13.54999999999999893, -30.99999999999999645 ) ) ;
#7497 = PRESENTATION_LAYER_ASSIGNMENT (  '', '', ( #5161 ) ) ;
#7498 = EDGE_CURVE ( 'NONE', #7977, #3664, #1675, .T. ) ;
#7499 = FILL_AREA_STYLE_COLOUR ( '', #1508 ) ;
#7500 = LINE ( 'NONE', #538, #2779 ) ;
#7501 = SURFACE_SIDE_STYLE ('',( #2529 ) ) ;
#7502 = EDGE_LOOP ( 'NONE', ( #1390, #2562, #6771, #11173 ) ) ;
#7503 = EDGE_LOOP ( 'NONE', ( #10475, #2257, #10243, #4735 ) ) ;
#7504 = VECTOR ( 'NONE', #9432, 1000.000000000000000 ) ;
#7505 = DIRECTION ( 'NONE',  ( 0.000000000000000000, 0.000000000000000000, -1.000000000000000000 ) ) ;
#7506 = CARTESIAN_POINT ( 'NONE',  ( -6.000000000000001776, -0.2000000000000000944, 3.464101615137755275 ) ) ;
#7507 = VECTOR ( 'NONE', #1727, 1000.000000000000000 ) ;
#7508 = VERTEX_POINT ( 'NONE', #703 ) ;
#7509 =( GEOMETRIC_REPRESENTATION_CONTEXT ( 3 ) GLOBAL_UNCERTAINTY_ASSIGNED_CONTEXT ( ( #4204 ) ) GLOBAL_UNIT_ASSIGNED_CONTEXT ( ( #3501, #3272, #10714 ) ) REPRESENTATION_CONTEXT ( 'NONE', 'WORKASPACE' ) );
#7510 = ORIENTED_EDGE ( 'NONE', *, *, #7477, .F. ) ;
#7511 = SURFACE_STYLE_FILL_AREA ( #4912 ) ;
#7512 = DIRECTION ( 'NONE',  ( -0.000000000000000000, 1.000000000000000000, -0.000000000000000000 ) ) ;
#7513 = FILL_AREA_STYLE ('',( #4855 ) ) ;
#7514 = AXIS2_PLACEMENT_3D ( 'NONE', #1996, #1276, #3824 ) ;
#7515 = EDGE_CURVE ( 'NONE', #7407, #2530, #3308, .T. ) ;
#7516 = DIRECTION ( 'NONE',  ( -0.000000000000000000, 1.000000000000000000, -0.000000000000000000 ) ) ;
#7517 = UNCERTAINTY_MEASURE_WITH_UNIT (LENGTH_MEASURE( 1.000000000000000082E-05 ), #6510, 'distance_accuracy_value', 'NONE');
#7518 = CIRCLE ( 'NONE', #10401, 32.00000000000000000 ) ;
#7519 = ORIENTED_EDGE ( 'NONE', *, *, #7685, .T. ) ;
#7520 = DIRECTION ( 'NONE',  ( -0.000000000000000000, 1.000000000000000000, 0.000000000000000000 ) ) ;
#7521 = CARTESIAN_POINT ( 'NONE',  ( 18.37780823672227726, 10.49999999999999822, -12.63115847475055986 ) ) ;
#7522 =( NAMED_UNIT ( * ) SI_UNIT ( $, .STERADIAN. ) SOLID_ANGLE_UNIT ( ) );
#7523 = CIRCLE ( 'NONE', #7883, 0.2499999999999967526 ) ;
#7524 = ORIENTED_EDGE ( 'NONE', *, *, #4308, .F. ) ;
#7525 = LINE ( 'NONE', #5090, #4103 ) ;
#7526 = CARTESIAN_POINT ( 'NONE',  ( 0.000000000000000000, 10.80000000000000071, 0.000000000000000000 ) ) ;
#7527 = ORIENTED_EDGE ( 'NONE', *, *, #9799, .T. ) ;
#7528 = DIRECTION ( 'NONE',  ( -1.224646799147349509E-16, 0.000000000000000000, -1.000000000000000000 ) ) ;
#7529 = DIRECTION ( 'NONE',  ( 0.000000000000000000, -1.000000000000000000, 0.000000000000000000 ) ) ;
#7530 = EDGE_CURVE ( 'NONE', #8370, #6187, #6594, .T. ) ;
#7531 = VERTEX_POINT ( 'NONE', #7496 ) ;
#7532 = EDGE_CURVE ( 'NONE', #7736, #6233, #2921, .T. ) ;
#7533 = UNCERTAINTY_MEASURE_WITH_UNIT (LENGTH_MEASURE( 1.000000000000000082E-05 ), #8721, 'distance_accuracy_value', 'NONE');
#7534 = CONICAL_SURFACE ( 'NONE', #1522, 9.000000000000000000, 0.5996168419455644161 ) ;
#7535 = UNCERTAINTY_MEASURE_WITH_UNIT (LENGTH_MEASURE( 1.000000000000000082E-05 ), #6565, 'distance_accuracy_value', 'NONE');
#7536 = LINE ( 'NONE', #5768, #8603 ) ;
#7537 = AXIS2_PLACEMENT_3D ( 'NONE', #2811, #950, #6301 ) ;
#7538 = ORIENTED_EDGE ( 'NONE', *, *, #3177, .T. ) ;
#7539 = DIRECTION ( 'NONE',  ( 0.000000000000000000, 0.000000000000000000, 1.000000000000000000 ) ) ;
#7540 = CARTESIAN_POINT ( 'NONE',  ( 0.000000000000000000, 0.000000000000000000, 0.000000000000000000 ) ) ;
#7541 = AXIS2_PLACEMENT_3D ( 'NONE', #8016, #947, #4435 ) ;
#7542 = AXIS2_PLACEMENT_3D ( 'NONE', #410, #3894, #4649 ) ;
#7543 = DIRECTION ( 'NONE',  ( 0.8660254037844329345, 0.000000000000000000, 0.5000000000000098810 ) ) ;
#7544 = CARTESIAN_POINT ( 'NONE',  ( 5.541623045346138809, 10.30006695603317191, -13.09837267093404733 ) ) ;
#7545 = CARTESIAN_POINT ( 'NONE',  ( -5.683334172609278312, 10.45964560473159288, 13.34382354335170895 ) ) ;
#7546 = PRESENTATION_STYLE_ASSIGNMENT (( #3661 ) ) ;
#7547 = CARTESIAN_POINT ( 'NONE',  ( 3.184081677783118585E-15, 12.79999999999999893, -26.00000000000000355 ) ) ;
#7548 = EDGE_CURVE ( 'NONE', #649, #10133, #9249, .T. ) ;
#7549 = FILL_AREA_STYLE ('',( #4011 ) ) ;
#7550 = UNCERTAINTY_MEASURE_WITH_UNIT (LENGTH_MEASURE( 1.000000000000000082E-05 ), #8480, 'distance_accuracy_value', 'NONE');
#7551 = CIRCLE ( 'NONE', #2796, 0.2499999999999967526 ) ;
#7552 = FILL_AREA_STYLE ('',( #10191 ) ) ;
#7553 = VERTEX_POINT ( 'NONE', #3197 ) ;
#7554 = CARTESIAN_POINT ( 'NONE',  ( -19.93590994956048235, 10.49999999999999467, -9.489277033755046276 ) ) ;
#7555 = CARTESIAN_POINT ( 'NONE',  ( -22.98097038856284513, -13.25000000000000178, 22.98097038856274921 ) ) ;
#7556 = DIRECTION ( 'NONE',  ( 0.000000000000000000, 0.000000000000000000, 1.000000000000000000 ) ) ;
#7557 = DIRECTION ( 'NONE',  ( 1.000000000000000000, 0.000000000000000000, -2.126847186466136648E-16 ) ) ;
#7558 =( GEOMETRIC_REPRESENTATION_CONTEXT ( 3 ) GLOBAL_UNCERTAINTY_ASSIGNED_CONTEXT ( ( #2503 ) ) GLOBAL_UNIT_ASSIGNED_CONTEXT ( ( #5919, #6663, #4917 ) ) REPRESENTATION_CONTEXT ( 'NONE', 'WORKASPACE' ) );
#7559 =( NAMED_UNIT ( * ) PLANE_ANGLE_UNIT ( ) SI_UNIT ( $, .RADIAN. ) );
#7560 = DIRECTION ( 'NONE',  ( 0.000000000000000000, 0.000000000000000000, 1.000000000000000000 ) ) ;
#7561 = CARTESIAN_POINT ( 'NONE',  ( 7.766550857632823046, 0.000000000000000000, 2.463294286165514269 ) ) ;
#7562 = EDGE_CURVE ( 'NONE', #4723, #10830, #1041, .T. ) ;
#7563 = CARTESIAN_POINT ( 'NONE',  ( 20.68287334970656843, -13.25000000000000178, -20.68287334970646185 ) ) ;
#7564 = SURFACE_SIDE_STYLE ('',( #537 ) ) ;
#7565 = CARTESIAN_POINT ( 'NONE',  ( 1.750000000000005995, 10.49999999999999822, 21.93028727582017012 ) ) ;
#7566 = DIRECTION ( 'NONE',  ( -0.000000000000000000, 1.000000000000000000, -0.000000000000000000 ) ) ;
#7567 = VERTEX_POINT ( 'NONE', #5729 ) ;
#7568 = PRESENTATION_LAYER_ASSIGNMENT (  '', '', ( #2277 ) ) ;
#7569 = VERTEX_POINT ( 'NONE', #11044 ) ;
#7570 = DIRECTION ( 'NONE',  ( -0.000000000000000000, 1.000000000000000000, -0.000000000000000000 ) ) ;
#7571 = EDGE_LOOP ( 'NONE', ( #442, #9568, #913, #4464 ) ) ;
#7572 = EDGE_LOOP ( 'NONE', ( #1264, #2558, #4096, #4034 ) ) ;
#7573 =( GEOMETRIC_REPRESENTATION_CONTEXT ( 3 ) GLOBAL_UNCERTAINTY_ASSIGNED_CONTEXT ( ( #7517 ) ) GLOBAL_UNIT_ASSIGNED_CONTEXT ( ( #6510, #8277, #7381 ) ) REPRESENTATION_CONTEXT ( 'NONE', 'WORKASPACE' ) );
#7574 = CARTESIAN_POINT ( 'NONE',  ( 0.000000000000000000, 10.06432619796670025, 0.000000000000000000 ) ) ;
#7575 = CARTESIAN_POINT ( 'NONE',  ( 0.000000000000000000, 12.79999999999999893, 23.30000000000000071 ) ) ;
#7576 = VERTEX_POINT ( 'NONE', #3240 ) ;
#7577 = CARTESIAN_POINT ( 'NONE',  ( 21.93028727582013460, 10.49999999999999822, -1.750000000000412559 ) ) ;
#7578 = PRESENTATION_STYLE_ASSIGNMENT (( #721 ) ) ;
#7579 = CIRCLE ( 'NONE', #6290, 2.250000000000000000 ) ;
#7580 = EDGE_CURVE ( 'NONE', #7576, #5996, #6749, .T. ) ;
#7581 = FILL_AREA_STYLE_COLOUR ( '', #6837 ) ;
#7582 = VERTEX_POINT ( 'NONE', #8427 ) ;
#7583 = DIRECTION ( 'NONE',  ( -0.000000000000000000, 1.000000000000000000, -0.000000000000000000 ) ) ;
#7584 =( NAMED_UNIT ( * ) PLANE_ANGLE_UNIT ( ) SI_UNIT ( $, .RADIAN. ) );
#7585 = DIRECTION ( 'NONE',  ( -0.000000000000000000, -1.000000000000000000, -0.000000000000000000 ) ) ;
#7586 = AXIS2_PLACEMENT_3D ( 'NONE', #6556, #10233, #4222 ) ;
#7587 = FACE_OUTER_BOUND ( 'NONE', #8373, .T. ) ;
#7588 =( LENGTH_UNIT ( ) NAMED_UNIT ( * ) SI_UNIT ( .MILLI., .METRE. ) );
#7589 = ORIENTED_EDGE ( 'NONE', *, *, #2703, .T. ) ;
#7590 = CARTESIAN_POINT ( 'NONE',  ( -5.494383199411023710, 0.000000000000000000, 6.016550857632742222 ) ) ;
#7591 = CARTESIAN_POINT ( 'NONE',  ( 1.750000000000005995, 10.49999999999999822, 22.23122803625566846 ) ) ;
#7592 = EDGE_CURVE ( 'NONE', #5382, #2209, #3481, .T. ) ;
#7593 = MECHANICAL_DESIGN_GEOMETRIC_PRESENTATION_REPRESENTATION (  '', ( #7777 ), #5953 ) ;
#7594 = DIRECTION ( 'NONE',  ( -0.000000000000000000, -1.000000000000000000, -0.000000000000000000 ) ) ;
#7595 = SURFACE_SIDE_STYLE ('',( #4126 ) ) ;
#7596 = FACE_OUTER_BOUND ( 'NONE', #2087, .T. ) ;
#7597 = CARTESIAN_POINT ( 'NONE',  ( -2.974444766188798273, 0.2178369010166496533, 8.651889459346335798 ) ) ;
#7598 = VERTEX_POINT ( 'NONE', #3414 ) ;
#7599 = PRESENTATION_LAYER_ASSIGNMENT (  '', '', ( #4513 ) ) ;
#7600 = CARTESIAN_POINT ( 'NONE',  ( 0.000000000000000000, 10.49999999999999822, 0.000000000000000000 ) ) ;
#7601 = COLOUR_RGB ( '',0.1529411764705882470, 0.4901960784313725283, 1.000000000000000000 ) ;
#7602 =( NAMED_UNIT ( * ) SI_UNIT ( $, .STERADIAN. ) SOLID_ANGLE_UNIT ( ) );
#7603 = ORIENTED_EDGE ( 'NONE', *, *, #7592, .F. ) ;
#7604 = CYLINDRICAL_SURFACE ( 'NONE', #3180, 0.2500000000000002220 ) ;
#7605 = EDGE_CURVE ( 'NONE', #6355, #7027, #5329, .T. ) ;
#7606 = ADVANCED_FACE ( 'NONE', ( #10473, #6973, #8724, #922, #7884, #6220 ), #52, .F. ) ;
#7607 = CARTESIAN_POINT ( 'NONE',  ( -8.877596942701758920, 10.49999999999999822, -11.87644895387795074 ) ) ;
#7608 = VERTEX_POINT ( 'NONE', #1830 ) ;
#7609 = AXIS2_PLACEMENT_3D ( 'NONE', #3479, #9791, #5338 ) ;
#7610 = PRESENTATION_LAYER_ASSIGNMENT (  '', '', ( #10847 ) ) ;
#7611 = FILL_AREA_STYLE ('',( #1784 ) ) ;
#7612 = CARTESIAN_POINT ( 'NONE',  ( 0.000000000000000000, -17.49999999999999645, 0.000000000000000000 ) ) ;
#7613 = AXIS2_PLACEMENT_3D ( 'NONE', #118, #3603, #10525 ) ;
#7614 = CARTESIAN_POINT ( 'NONE',  ( 0.000000000000000000, 0.5000000000000000000, 0.000000000000000000 ) ) ;
#7615 = DIRECTION ( 'NONE',  ( -1.000000000000000000, 0.000000000000000000, 1.823011874113831202E-16 ) ) ;
#7616 = ORIENTED_EDGE ( 'NONE', *, *, #5678, .F. ) ;
#7617 = PRESENTATION_LAYER_ASSIGNMENT (  '', '', ( #11043 ) ) ;
#7618 = ORIENTED_EDGE ( 'NONE', *, *, #543, .F. ) ;
#7619 = DIRECTION ( 'NONE',  ( -0.000000000000000000, 1.000000000000000000, -0.000000000000000000 ) ) ;
#7620 = ADVANCED_FACE ( 'NONE', ( #977 ), #4997, .T. ) ;
#7621 = EDGE_CURVE ( 'NONE', #4798, #8178, #2190, .T. ) ;
#7622 = EDGE_LOOP ( 'NONE', ( #9397, #10560, #10258, #8562 ) ) ;
#7623 = PRESENTATION_LAYER_ASSIGNMENT (  '', '', ( #7802 ) ) ;
#7624 = ORIENTED_EDGE ( 'NONE', *, *, #3434, .T. ) ;
#7625 = VERTEX_POINT ( 'NONE', #3598 ) ;
#7626 = CARTESIAN_POINT ( 'NONE',  ( 2.763985268843907939, 0.000000000000000000, 8.287362917009561514 ) ) ;
#7627 = AXIS2_PLACEMENT_3D ( 'NONE', #8999, #5596, #2158 ) ;
#7628 = LINE ( 'NONE', #5966, #613 ) ;
#7629 = FILL_AREA_STYLE ('',( #669 ) ) ;
#7630 = FACE_OUTER_BOUND ( 'NONE', #7950, .T. ) ;
#7631 = CARTESIAN_POINT ( 'NONE',  ( 21.74353352148660079, -13.25000000000000178, 21.74353352148607144 ) ) ;
#7632 = UNCERTAINTY_MEASURE_WITH_UNIT (LENGTH_MEASURE( 1.000000000000000082E-05 ), #2504, 'distance_accuracy_value', 'NONE');
#7633 = ORIENTED_EDGE ( 'NONE', *, *, #206, .F. ) ;
#7634 = CARTESIAN_POINT ( 'NONE',  ( 0.000000000000000000, -4.000000000000000000, 0.000000000000000000 ) ) ;
#7635 =( LENGTH_UNIT ( ) NAMED_UNIT ( * ) SI_UNIT ( .MILLI., .METRE. ) );
#7636 = SURFACE_SIDE_STYLE ('',( #8598 ) ) ;
#7637 = EDGE_LOOP ( 'NONE', ( #6010, #9481, #10874, #10471 ) ) ;
#7638 = CARTESIAN_POINT ( 'NONE',  ( 21.74353352148639118, -13.25000000000000178, -21.49353352148628460 ) ) ;
#7639 = CYLINDRICAL_SURFACE ( 'NONE', #6551, 30.99999999999999645 ) ;
#7640 = UNCERTAINTY_MEASURE_WITH_UNIT (LENGTH_MEASURE( 1.000000000000000082E-05 ), #9275, 'distance_accuracy_value', 'NONE');
#7641 = EDGE_CURVE ( 'NONE', #4110, #5996, #701, .T. ) ;
#7642 = CARTESIAN_POINT ( 'NONE',  ( -22.62741699796960404, 13.54999999999999893, -22.62741699796943351 ) ) ;
#7643 = CARTESIAN_POINT ( 'NONE',  ( -20.12780823672224173, -18.21991441758264685, 9.600069561505080173 ) ) ;
#7644 = ORIENTED_EDGE ( 'NONE', *, *, #6694, .F. ) ;
#7645 = AXIS2_PLACEMENT_3D ( 'NONE', #2462, #2351, #9351 ) ;
#7646 = FILL_AREA_STYLE ('',( #8451 ) ) ;
#7647 = SURFACE_STYLE_FILL_AREA ( #683 ) ;
#7648 = LINE ( 'NONE', #10235, #28 ) ;
#7649 = ORIENTED_EDGE ( 'NONE', *, *, #10537, .F. ) ;
#7650 = CARTESIAN_POINT ( 'NONE',  ( 1.749999999999999556, 6.499999999999999112, -13.86093484102088702 ) ) ;
#7651 =( NAMED_UNIT ( * ) SI_UNIT ( $, .STERADIAN. ) SOLID_ANGLE_UNIT ( ) );
#7652 = FILL_AREA_STYLE ('',( #1505 ) ) ;
#7653 = CIRCLE ( 'NONE', #6360, 13.14541852518598830 ) ;
#7654 = ORIENTED_EDGE ( 'NONE', *, *, #8386, .T. ) ;
#7655 = EDGE_CURVE ( 'NONE', #2987, #6233, #1268, .T. ) ;
#7656 = DIRECTION ( 'NONE',  ( -0.000000000000000000, 1.000000000000000000, -0.000000000000000000 ) ) ;
#7657 = DIRECTION ( 'NONE',  ( 0.000000000000000000, 0.000000000000000000, 1.000000000000000000 ) ) ;
#7658 = VERTEX_POINT ( 'NONE', #4744 ) ;
#7659 = FILL_AREA_STYLE ('',( #5171 ) ) ;
#7660 =( GEOMETRIC_REPRESENTATION_CONTEXT ( 3 ) GLOBAL_UNCERTAINTY_ASSIGNED_CONTEXT ( ( #4218 ) ) GLOBAL_UNIT_ASSIGNED_CONTEXT ( ( #6537, #8305, #494 ) ) REPRESENTATION_CONTEXT ( 'NONE', 'WORKASPACE' ) );
#7661 = MECHANICAL_DESIGN_GEOMETRIC_PRESENTATION_REPRESENTATION (  '', ( #10715 ), #9460 ) ;
#7662 = MECHANICAL_DESIGN_GEOMETRIC_PRESENTATION_REPRESENTATION (  '', ( #3085 ), #9646 ) ;
#7663 = DIRECTION ( 'NONE',  ( 0.000000000000000000, 0.000000000000000000, 1.000000000000000000 ) ) ;
#7664 = ADVANCED_FACE ( 'NONE', ( #2046 ), #8428, .F. ) ;
#7665 = EDGE_CURVE ( 'NONE', #9509, #5345, #3487, .T. ) ;
#7666 = DIRECTION ( 'NONE',  ( -0.000000000000000000, 1.000000000000000000, -0.000000000000000000 ) ) ;
#7667 = CARTESIAN_POINT ( 'NONE',  ( 2.914659381970700786E-15, -12.50000000000000000, 23.80000000000000071 ) ) ;
#7668 = AXIS2_PLACEMENT_3D ( 'NONE', #7482, #5053, #7809 ) ;
#7669 = ORIENTED_EDGE ( 'NONE', *, *, #9619, .F. ) ;
#7670 =( LENGTH_UNIT ( ) NAMED_UNIT ( * ) SI_UNIT ( .MILLI., .METRE. ) );
#7671 = ORIENTED_EDGE ( 'NONE', *, *, #10208, .F. ) ;
#7672 = DIRECTION ( 'NONE',  ( 0.000000000000000000, 0.000000000000000000, 1.000000000000000000 ) ) ;
#7673 = CARTESIAN_POINT ( 'NONE',  ( 21.56675682618977419, -13.25000000000000178, 21.56675682618962142 ) ) ;
#7674 =( NAMED_UNIT ( * ) PLANE_ANGLE_UNIT ( ) SI_UNIT ( $, .RADIAN. ) );
#7675 = MECHANICAL_DESIGN_GEOMETRIC_PRESENTATION_REPRESENTATION (  '', ( #8757 ), #9479 ) ;
#7676 = VERTEX_POINT ( 'NONE', #1148 ) ;
#7677 = ORIENTED_EDGE ( 'NONE', *, *, #5028, .F. ) ;
#7678 = AXIS2_PLACEMENT_3D ( 'NONE', #10659, #7109, #6242 ) ;
#7679 = DIRECTION ( 'NONE',  ( 0.000000000000000000, 0.000000000000000000, -1.000000000000000000 ) ) ;
#7680 = PRESENTATION_STYLE_ASSIGNMENT (( #766 ) ) ;
#7681 = CIRCLE ( 'NONE', #2733, 1.000000000000000888 ) ;
#7682 = SURFACE_STYLE_USAGE ( .BOTH. , #617 ) ;
#7683 = SURFACE_STYLE_FILL_AREA ( #5296 ) ;
#7684 =( NAMED_UNIT ( * ) PLANE_ANGLE_UNIT ( ) SI_UNIT ( $, .RADIAN. ) );
#7685 = EDGE_CURVE ( 'NONE', #881, #8478, #6237, .T. ) ;
#7686 = EDGE_CURVE ( 'NONE', #1403, #5301, #7536, .T. ) ;
#7687 = ORIENTED_EDGE ( 'NONE', *, *, #3368, .T. ) ;
#7688 = DIRECTION ( 'NONE',  ( -0.000000000000000000, -1.000000000000000000, -0.000000000000000000 ) ) ;
#7689 = AXIS2_PLACEMENT_3D ( 'NONE', #4899, #536, #5905 ) ;
#7690 = CIRCLE ( 'NONE', #6037, 8.147829831584077809 ) ;
#7691 = DIRECTION ( 'NONE',  ( -0.000000000000000000, 1.000000000000000000, -0.000000000000000000 ) ) ;
#7692 =( NAMED_UNIT ( * ) PLANE_ANGLE_UNIT ( ) SI_UNIT ( $, .RADIAN. ) );
#7693 =( GEOMETRIC_REPRESENTATION_CONTEXT ( 3 ) GLOBAL_UNCERTAINTY_ASSIGNED_CONTEXT ( ( #8883 ) ) GLOBAL_UNIT_ASSIGNED_CONTEXT ( ( #6438, #242, #3769 ) ) REPRESENTATION_CONTEXT ( 'NONE', 'WORKASPACE' ) );
#7694 = ORIENTED_EDGE ( 'NONE', *, *, #3134, .T. ) ;
#7695 = CARTESIAN_POINT ( 'NONE',  ( -12.87892169252491392, 6.499999999999999112, -5.414922963887680574 ) ) ;
#7696 = DIRECTION ( 'NONE',  ( 0.000000000000000000, 0.000000000000000000, -1.000000000000000000 ) ) ;
#7697 = CIRCLE ( 'NONE', #953, 32.50000000000000000 ) ;
#7698 = MECHANICAL_DESIGN_GEOMETRIC_PRESENTATION_REPRESENTATION (  '', ( #3833 ), #1512 ) ;
#7699 = CARTESIAN_POINT ( 'NONE',  ( -18.11718589315088579, 10.49999999999999822, 12.48068809453286043 ) ) ;
#7700 = EDGE_CURVE ( 'NONE', #3939, #631, #4067, .T. ) ;
#7701 = CIRCLE ( 'NONE', #4244, 22.00000000000000000 ) ;
#7702 = AXIS2_PLACEMENT_3D ( 'NONE', #11038, #8497, #1557 ) ;
#7703 = ORIENTED_EDGE ( 'NONE', *, *, #5653, .F. ) ;
#7704 = SURFACE_STYLE_USAGE ( .BOTH. , #1554 ) ;
#7705 = MECHANICAL_DESIGN_GEOMETRIC_PRESENTATION_REPRESENTATION (  '', ( #3680 ), #10025 ) ;
#7706 = EDGE_LOOP ( 'NONE', ( #8630, #7771, #200, #2258 ) ) ;
#7707 = DIRECTION ( 'NONE',  ( -0.000000000000000000, 1.000000000000000000, -0.000000000000000000 ) ) ;
#7708 = CARTESIAN_POINT ( 'NONE',  ( -5.764414267111782841, 10.49999999999999822, 13.48425838651253628 ) ) ;
#7709 = CARTESIAN_POINT ( 'NONE',  ( -6.005533679434249983, 0.2178369010166495978, -6.901889459346409517 ) ) ;
#7710 = ORIENTED_EDGE ( 'NONE', *, *, #4502, .T. ) ;
#7711 = CARTESIAN_POINT ( 'NONE',  ( 0.000000000000000000, 6.064326197966698473, 0.000000000000000000 ) ) ;
#7712 = AXIS2_PLACEMENT_3D ( 'NONE', #8547, #9205, #6790 ) ;
#7713 = LINE ( 'NONE', #171, #8659 ) ;
#7714 = ORIENTED_EDGE ( 'NONE', *, *, #8446, .F. ) ;
#7715 = DIRECTION ( 'NONE',  ( -0.000000000000000000, -1.000000000000000000, -0.000000000000000000 ) ) ;
#7716 = VECTOR ( 'NONE', #998, 1000.000000000000000 ) ;
#7717 = FACE_OUTER_BOUND ( 'NONE', #9956, .T. ) ;
#7718 = AXIS2_PLACEMENT_3D ( 'NONE', #9294, #7486, #5003 ) ;
#7719 = AXIS2_PLACEMENT_3D ( 'NONE', #7110, #2745, #6243 ) ;
#7720 = DIRECTION ( 'NONE',  ( -0.5000000000000009992, 0.000000000000000000, 0.8660254037844380415 ) ) ;
#7721 = ADVANCED_FACE ( 'NONE', ( #9392 ), #1497, .F. ) ;
#7722 = CIRCLE ( 'NONE', #10236, 26.00000000000000355 ) ;
#7723 = DIRECTION ( 'NONE',  ( -0.000000000000000000, -1.000000000000000000, -0.000000000000000000 ) ) ;
#7724 = AXIS2_PLACEMENT_3D ( 'NONE', #268, #3919, #8925 ) ;
#7725 = DIRECTION ( 'NONE',  ( -0.000000000000000000, 1.000000000000000000, -0.000000000000000000 ) ) ;
#7726 =( NAMED_UNIT ( * ) PLANE_ANGLE_UNIT ( ) SI_UNIT ( $, .RADIAN. ) );
#7727 = DIRECTION ( 'NONE',  ( -0.5000000000000003331, 0.000000000000000000, -0.8660254037844383745 ) ) ;
#7728 = ORIENTED_EDGE ( 'NONE', *, *, #7991, .F. ) ;
#7729 = ORIENTED_EDGE ( 'NONE', *, *, #4075, .F. ) ;
#7730 = CARTESIAN_POINT ( 'NONE',  ( -4.998661715319728138, 6.064326197966698473, -12.15793606078349676 ) ) ;
#7731 = PRESENTATION_STYLE_ASSIGNMENT (( #10376 ) ) ;
#7732 = AXIS2_PLACEMENT_3D ( 'NONE', #7456, #3859, #10895 ) ;
#7733 = ORIENTED_EDGE ( 'NONE', *, *, #3945, .F. ) ;
#7734 = ADVANCED_FACE ( 'NONE', ( #3172 ), #4167, .F. ) ;
#7735 = EDGE_CURVE ( 'NONE', #2818, #1862, #6735, .T. ) ;
#7736 = VERTEX_POINT ( 'NONE', #8324 ) ;
#7737 = CARTESIAN_POINT ( 'NONE',  ( 1.750000000000003331, 6.064326197966514620, 13.02841234388517577 ) ) ;
#7738 = CARTESIAN_POINT ( 'NONE',  ( -21.92031021678305081, 13.44999999999999929, -21.92031021678288383 ) ) ;
#7739 = CARTESIAN_POINT ( 'NONE',  ( 0.000000000000000000, -12.50000000000000000, 0.000000000000000000 ) ) ;
#7740 = DIRECTION ( 'NONE',  ( -0.000000000000000000, 1.000000000000000000, -0.000000000000000000 ) ) ;
#7741 = CARTESIAN_POINT ( 'NONE',  ( -13.02841234388533742, 6.064326197966697585, -1.749999999999729994 ) ) ;
#7742 = DIRECTION ( 'NONE',  ( 0.000000000000000000, 0.000000000000000000, -1.000000000000000000 ) ) ;
#7743 = DIRECTION ( 'NONE',  ( 0.000000000000000000, -1.000000000000000000, 0.000000000000000000 ) ) ;
#7744 = CIRCLE ( 'NONE', #3160, 22.30000000000000071 ) ;
#7745 = CARTESIAN_POINT ( 'NONE',  ( -6.901889459346263855, 0.2178369010166486264, -6.005533679434416960 ) ) ;
#7746 = UNCERTAINTY_MEASURE_WITH_UNIT (LENGTH_MEASURE( 1.000000000000000082E-05 ), #777, 'distance_accuracy_value', 'NONE');
#7747 = ORIENTED_EDGE ( 'NONE', *, *, #1667, .T. ) ;
#7748 =( NAMED_UNIT ( * ) PLANE_ANGLE_UNIT ( ) SI_UNIT ( $, .RADIAN. ) );
#7749 = CARTESIAN_POINT ( 'NONE',  ( 5.846508029456381372, 10.49999999999999822, 13.62644895387783706 ) ) ;
#7750 = CARTESIAN_POINT ( 'NONE',  ( -19.86718589315089289, 10.49999999999999822, 9.449599181287331007 ) ) ;
#7751 = EDGE_CURVE ( 'NONE', #9774, #2818, #7518, .T. ) ;
#7752 = EDGE_CURVE ( 'NONE', #732, #1679, #10116, .T. ) ;
#7753 = PRESENTATION_STYLE_ASSIGNMENT (( #783 ) ) ;
#7754 = ORIENTED_EDGE ( 'NONE', *, *, #6056, .F. ) ;
#7755 = DIRECTION ( 'NONE',  ( -0.000000000000000000, -1.000000000000000000, -0.000000000000000000 ) ) ;
#7756 = DIRECTION ( 'NONE',  ( -0.000000000000000000, 1.000000000000000000, -0.000000000000000000 ) ) ;
#7757 = DIRECTION ( 'NONE',  ( 0.000000000000000000, -0.000000000000000000, -1.000000000000000000 ) ) ;
#7758 = UNCERTAINTY_MEASURE_WITH_UNIT (LENGTH_MEASURE( 1.000000000000000082E-05 ), #5827, 'distance_accuracy_value', 'NONE');
#7759 = AXIS2_PLACEMENT_3D ( 'NONE', #4295, #7772, #7083 ) ;
#7760 = LINE ( 'NONE', #11147, #6674 ) ;
#7761 = VERTEX_POINT ( 'NONE', #1388 ) ;
#7762 = CARTESIAN_POINT ( 'NONE',  ( 0.000000000000000000, 10.49999999999999822, 0.000000000000000000 ) ) ;
#7763 = CARTESIAN_POINT ( 'NONE',  ( -20.85965004500322806, 13.54999999999999893, -20.85965004500307174 ) ) ;
#7764 = ORIENTED_EDGE ( 'NONE', *, *, #3758, .F. ) ;
#7765 = EDGE_CURVE ( 'NONE', #5889, #10677, #599, .T. ) ;
#7766 = CARTESIAN_POINT ( 'NONE',  ( 20.85965004500321740, -13.25000000000000178, 20.85965004500308595 ) ) ;
#7767 = VECTOR ( 'NONE', #4745, 1000.000000000000000 ) ;
#7768 = DIRECTION ( 'NONE',  ( -0.000000000000000000, 1.000000000000000000, -0.000000000000000000 ) ) ;
#7769 = CARTESIAN_POINT ( 'NONE',  ( -1.749999999999996891, 6.300111172951810445, 13.25064077106042681 ) ) ;
#7770 = CARTESIAN_POINT ( 'NONE',  ( -10.44833614036833858, 6.131962964354677581, -8.053075625389222836 ) ) ;
#7771 = ORIENTED_EDGE ( 'NONE', *, *, #8430, .T. ) ;
#7772 = DIRECTION ( 'NONE',  ( -0.000000000000000000, 1.000000000000000000, -0.000000000000000000 ) ) ;
#7773 = DIRECTION ( 'NONE',  ( -0.000000000000000000, -1.000000000000000000, -0.000000000000000000 ) ) ;
#7774 = VERTEX_POINT ( 'NONE', #8448 ) ;
#7775 = CARTESIAN_POINT ( 'NONE',  ( 0.000000000000000000, 0.000000000000000000, 0.000000000000000000 ) ) ;
#7776 = SURFACE_SIDE_STYLE ('',( #5783 ) ) ;
#7777 = STYLED_ITEM ( 'NONE', ( #7196 ), #9213 ) ;
#7778 = DIRECTION ( 'NONE',  ( -0.000000000000000000, 1.000000000000000000, -0.000000000000000000 ) ) ;
#7779 = COLOUR_RGB ( '',0.1529411764705882470, 0.4901960784313725283, 1.000000000000000000 ) ;
#7780 = MECHANICAL_DESIGN_GEOMETRIC_PRESENTATION_REPRESENTATION (  '', ( #6874 ), #10109 ) ;
#7781 = FACE_OUTER_BOUND ( 'NONE', #6272, .T. ) ;
#7782 = DIRECTION ( 'NONE',  ( -0.8660254037844464792, -0.000000000000000000, -0.4999999999999863998 ) ) ;
#7783 = ORIENTED_EDGE ( 'NONE', *, *, #6107, .F. ) ;
#7784 = ADVANCED_FACE ( 'NONE', ( #8380 ), #573, .T. ) ;
#7785 = ORIENTED_EDGE ( 'NONE', *, *, #6336, .T. ) ;
#7786 = CARTESIAN_POINT ( 'NONE',  ( 0.000000000000000000, 5.499999999999999112, 0.000000000000000000 ) ) ;
#7787 = AXIS2_PLACEMENT_3D ( 'NONE', #6304, #1120, #10554 ) ;
#7788 =( GEOMETRIC_REPRESENTATION_CONTEXT ( 3 ) GLOBAL_UNCERTAINTY_ASSIGNED_CONTEXT ( ( #112 ) ) GLOBAL_UNIT_ASSIGNED_CONTEXT ( ( #3765, #9950, #2049 ) ) REPRESENTATION_CONTEXT ( 'NONE', 'WORKASPACE' ) );
#7789 = ORIENTED_EDGE ( 'NONE', *, *, #9918, .T. ) ;
#7790 = ORIENTED_EDGE ( 'NONE', *, *, #7861, .F. ) ;
#7791 = CARTESIAN_POINT ( 'NONE',  ( -22.23122803625564359, 10.80000000000000071, 1.750000000000303091 ) ) ;
#7792 = PRESENTATION_LAYER_ASSIGNMENT (  '', '', ( #137 ) ) ;
#7793 = FILL_AREA_STYLE_COLOUR ( '', #6015 ) ;
#7794 = CYLINDRICAL_SURFACE ( 'NONE', #6436, 29.50000000000000000 ) ;
#7795 = AXIS2_PLACEMENT_3D ( 'NONE', #10318, #3486, #11118 ) ;
#7796 = CARTESIAN_POINT ( 'NONE',  ( 8.678778600285381728, 10.42229184219406690, -11.53208548333575756 ) ) ;
#7797 = MECHANICAL_DESIGN_GEOMETRIC_PRESENTATION_REPRESENTATION (  '', ( #2680 ), #4161 ) ;
#7798 = DIRECTION ( 'NONE',  ( -0.000000000000000000, -1.000000000000000000, -0.000000000000000000 ) ) ;
#7799 = ORIENTED_EDGE ( 'NONE', *, *, #8627, .F. ) ;
#7800 = ADVANCED_FACE ( 'NONE', ( #515 ), #3999, .F. ) ;
#7801 = DIRECTION ( 'NONE',  ( 0.000000000000000000, -1.000000000000000000, 0.000000000000000000 ) ) ;
#7802 = STYLED_ITEM ( 'NONE', ( #5567 ), #5176 ) ;
#7803 = PRESENTATION_STYLE_ASSIGNMENT (( #4499 ) ) ;
#7804 = CYLINDRICAL_SURFACE ( 'NONE', #1193, 28.99999999999999645 ) ;
#7805 =( LENGTH_UNIT ( ) NAMED_UNIT ( * ) SI_UNIT ( .MILLI., .METRE. ) );
#7806 = VERTEX_POINT ( 'NONE', #5679 ) ;
#7807 = CARTESIAN_POINT ( 'NONE',  ( 8.404934949515784126, 6.500000000000000000, 11.05777436687268356 ) ) ;
#7808 = DIRECTION ( 'NONE',  ( -0.000000000000000000, 1.000000000000000000, -0.000000000000000000 ) ) ;
#7809 = DIRECTION ( 'NONE',  ( 0.000000000000000000, -0.000000000000000000, -1.000000000000000000 ) ) ;
#7810 = CARTESIAN_POINT ( 'NONE',  ( 1.749999999999998224, 10.50000000000000000, -14.64200948008686787 ) ) ;
#7811 = AXIS2_PLACEMENT_3D ( 'NONE', #2448, #10059, #2393 ) ;
#7812 = EDGE_CURVE ( 'NONE', #2968, #3912, #8913, .T. ) ;
#7813 = EDGE_CURVE ( 'NONE', #9499, #9974, #8171, .T. ) ;
#7814 = DIRECTION ( 'NONE',  ( -0.000000000000000000, -1.000000000000000000, -0.000000000000000000 ) ) ;
#7815 = ORIENTED_EDGE ( 'NONE', *, *, #1822, .F. ) ;
#7816 = SURFACE_STYLE_FILL_AREA ( #9569 ) ;
#7817 = B_SPLINE_CURVE_WITH_KNOTS ( 'NONE', 3,
 ( #7931, #6215, #3591, #7769, #11206, #3407, #6913, #11264 ),
 .UNSPECIFIED., .F., .F.,
 ( 4, 2, 2, 4 ),
 ( 8.673617379884035472E-19, 0.0002429683717504909951, 0.0004859367435009811229, 0.0009718734870019568248 ),
 .UNSPECIFIED. ) ;
#7818 = ORIENTED_EDGE ( 'NONE', *, *, #10839, .F. ) ;
#7819 = DIRECTION ( 'NONE',  ( -0.000000000000000000, 1.000000000000000000, -0.000000000000000000 ) ) ;
#7820 = DIRECTION ( 'NONE',  ( 0.000000000000000000, 0.000000000000000000, 1.000000000000000000 ) ) ;
#7821 = LINE ( 'NONE', #2511, #8361 ) ;
#7822 =( NAMED_UNIT ( * ) SI_UNIT ( $, .STERADIAN. ) SOLID_ANGLE_UNIT ( ) );
#7823 = ORIENTED_EDGE ( 'NONE', *, *, #5876, .F. ) ;
#7824 = CARTESIAN_POINT ( 'NONE',  ( 9.528092368119589040, 10.53235529095875833, -20.00314008079234895 ) ) ;
#7825 = ADVANCED_FACE ( 'NONE', ( #257 ), #5703, .T. ) ;
#7826 = EDGE_CURVE ( 'NONE', #8667, #10848, #9685, .T. ) ;
#7827 = DIRECTION ( 'NONE',  ( 0.000000000000000000, -1.000000000000000000, 0.000000000000000000 ) ) ;
#7828 = CARTESIAN_POINT ( 'NONE',  ( 0.000000000000000000, -13.25000000000000178, 0.000000000000000000 ) ) ;
#7829 = ORIENTED_EDGE ( 'NONE', *, *, #3593, .F. ) ;
#7830 = CYLINDRICAL_SURFACE ( 'NONE', #5959, 30.99999999999999645 ) ;
#7831 = CARTESIAN_POINT ( 'NONE',  ( 0.000000000000000000, 10.80000000000000071, 0.000000000000000000 ) ) ;
#7832 = CIRCLE ( 'NONE', #539, 8.736131791852239203 ) ;
#7833 = SURFACE_STYLE_FILL_AREA ( #4589 ) ;
#7834 = AXIS2_PLACEMENT_3D ( 'NONE', #9076, #5625, #9246 ) ;
#7835 = DIRECTION ( 'NONE',  ( 0.000000000000000000, 0.000000000000000000, -1.000000000000000000 ) ) ;
#7836 = AXIS2_PLACEMENT_3D ( 'NONE', #6602, #9927, #4036 ) ;
#7837 = VERTEX_POINT ( 'NONE', #6605 ) ;
#7838 = ORIENTED_EDGE ( 'NONE', *, *, #6571, .F. ) ;
#7839 = CARTESIAN_POINT ( 'NONE',  ( 1.750000000000001998, 0.08184789799993444359, 8.885271119822883534 ) ) ;
#7840 = VERTEX_POINT ( 'NONE', #9113 ) ;
#7841 = COLOUR_RGB ( '',0.1529411764705882470, 0.4901960784313725283, 1.000000000000000000 ) ;
#7842 = ORIENTED_EDGE ( 'NONE', *, *, #997, .T. ) ;
#7843 = DIRECTION ( 'NONE',  ( 1.000000000000000000, 0.000000000000000000, -2.582600154994595188E-16 ) ) ;
#7844 = EDGE_CURVE ( 'NONE', #4350, #10758, #1880, .T. ) ;
#7845 = SURFACE_STYLE_FILL_AREA ( #4487 ) ;
#7846 = CARTESIAN_POINT ( 'NONE',  ( 0.000000000000000000, 6.499999999999999112, 0.000000000000000000 ) ) ;
#7847 =( GEOMETRIC_REPRESENTATION_CONTEXT ( 3 ) GLOBAL_UNCERTAINTY_ASSIGNED_CONTEXT ( ( #1585 ) ) GLOBAL_UNIT_ASSIGNED_CONTEXT ( ( #3343, #10289, #641 ) ) REPRESENTATION_CONTEXT ( 'NONE', 'WORKASPACE' ) );
#7848 = CARTESIAN_POINT ( 'NONE',  ( -21.74353352148638407, 13.44999999999999929, 21.74353352148629170 ) ) ;
#7849 = FILL_AREA_STYLE_COLOUR ( '', #10912 ) ;
#7850 = DIRECTION ( 'NONE',  ( -2.886435467346900389E-16, -0.000000000000000000, -1.000000000000000000 ) ) ;
#7851 = EDGE_LOOP ( 'NONE', ( #9371, #4985, #805, #9525 ) ) ;
#7852 = SURFACE_SIDE_STYLE ('',( #1803 ) ) ;
#7853 = DIRECTION ( 'NONE',  ( -1.953992523340275511E-14, 0.000000000000000000, -1.000000000000000000 ) ) ;
#7854 = MECHANICAL_DESIGN_GEOMETRIC_PRESENTATION_REPRESENTATION (  '', ( #4966 ), #6583 ) ;
#7855 = FACE_OUTER_BOUND ( 'NONE', #5595, .T. ) ;
#7856 = CARTESIAN_POINT ( 'NONE',  ( 22.80419369326623524, -13.25000000000000178, 22.80419369326607537 ) ) ;
#7857 = CARTESIAN_POINT ( 'NONE',  ( 0.000000000000000000, 13.54999999999999893, 0.000000000000000000 ) ) ;
#7858 = DIRECTION ( 'NONE',  ( 0.000000000000000000, 0.000000000000000000, 1.000000000000000000 ) ) ;
#7859 = CARTESIAN_POINT ( 'NONE',  ( -22.80419369326642709, -13.25000000000000178, 22.80419369326633827 ) ) ;
#7860 = ORIENTED_EDGE ( 'NONE', *, *, #4422, .F. ) ;
#7861 = EDGE_CURVE ( 'NONE', #8934, #8365, #3, .T. ) ;
#7862 = CARTESIAN_POINT ( 'NONE',  ( 2.463294286165494729, -18.21991441758264685, 7.766550857632738669 ) ) ;
#7863 = CARTESIAN_POINT ( 'NONE',  ( -6.490184657350848596, 4.345517802399426976, -7.741329577035926945 ) ) ;
#7864 = CARTESIAN_POINT ( 'NONE',  ( 0.000000000000000000, 6.499999999999999112, 13.97097042681812873 ) ) ;
#7865 = STYLED_ITEM ( 'NONE', ( #10671 ), #1680 ) ;
#7866 = DIRECTION ( 'NONE',  ( -0.000000000000000000, 1.000000000000000000, -0.000000000000000000 ) ) ;
#7867 = UNCERTAINTY_MEASURE_WITH_UNIT (LENGTH_MEASURE( 1.000000000000000082E-05 ), #9154, 'distance_accuracy_value', 'NONE');
#7868 = MECHANICAL_DESIGN_GEOMETRIC_PRESENTATION_REPRESENTATION (  '', ( #1671 ), #2569 ) ;
#7869 =( LENGTH_UNIT ( ) NAMED_UNIT ( * ) SI_UNIT ( .MILLI., .METRE. ) );
#7870 = ORIENTED_EDGE ( 'NONE', *, *, #1210, .T. ) ;
#7871 = DIRECTION ( 'NONE',  ( -0.000000000000000000, -1.000000000000000000, -0.000000000000000000 ) ) ;
#7872 = ORIENTED_EDGE ( 'NONE', *, *, #1210, .F. ) ;
#7873 = CIRCLE ( 'NONE', #3671, 0.2500000000000002220 ) ;
#7874 = PRESENTATION_STYLE_ASSIGNMENT (( #4345 ) ) ;
#7875 = STYLED_ITEM ( 'NONE', ( #2254 ), #6826 ) ;
#7876 = EDGE_CURVE ( 'NONE', #6310, #10775, #5952, .T. ) ;
#7877 = EDGE_CURVE ( 'NONE', #8592, #4144, #4109, .T. ) ;
#7878 = DIRECTION ( 'NONE',  ( 0.000000000000000000, 0.000000000000000000, -1.000000000000000000 ) ) ;
#7879 = PRESENTATION_STYLE_ASSIGNMENT (( #10297 ) ) ;
#7880 = DIRECTION ( 'NONE',  ( 0.000000000000000000, 0.000000000000000000, -1.000000000000000000 ) ) ;
#7881 = ORIENTED_EDGE ( 'NONE', *, *, #3318, .F. ) ;
#7882 = CARTESIAN_POINT ( 'NONE',  ( -14.55991744746907202, 10.49999999999999467, 1.750000000000269784 ) ) ;
#7883 = AXIS2_PLACEMENT_3D ( 'NONE', #7930, #4291, #8663 ) ;
#7884 = FACE_BOUND ( 'NONE', #1368, .T. ) ;
#7885 = CARTESIAN_POINT ( 'NONE',  ( 9.449625380560799925, 7.204220786794475195, -7.476469699371556032 ) ) ;
#7886 = STYLED_ITEM ( 'NONE', ( #4770 ), #7825 ) ;
#7887 = VERTEX_POINT ( 'NONE', #3759 ) ;
#7888 = PRESENTATION_STYLE_ASSIGNMENT (( #4415 ) ) ;
#7889 = CYLINDRICAL_SURFACE ( 'NONE', #751, 32.50000000000000000 ) ;
#7890 = DIRECTION ( 'NONE',  ( 0.000000000000000000, 0.000000000000000000, -1.000000000000000000 ) ) ;
#7891 = AXIS2_PLACEMENT_3D ( 'NONE', #11058, #6008, #7615 ) ;
#7892 = EDGE_CURVE ( 'NONE', #10822, #10830, #4807, .T. ) ;
#7893 = COLOUR_RGB ( '',0.1529411764705882470, 0.4901960784313725283, 1.000000000000000000 ) ;
#7894 = SURFACE_STYLE_USAGE ( .BOTH. , #6118 ) ;
#7895 = CIRCLE ( 'NONE', #2430, 30.99999999999999645 ) ;
#7896 = SURFACE_STYLE_USAGE ( .BOTH. , #7043 ) ;
#7897 = PLANE ( 'NONE',  #8617 ) ;
#7898 = ORIENTED_EDGE ( 'NONE', *, *, #5991, .T. ) ;
#7899 = ORIENTED_EDGE ( 'NONE', *, *, #10080, .T. ) ;
#7900 = STYLED_ITEM ( 'NONE', ( #812 ), #8356 ) ;
#7901 = FACE_OUTER_BOUND ( 'NONE', #1878, .T. ) ;
#7902 = VERTEX_POINT ( 'NONE', #3814 ) ;
#7903 = VECTOR ( 'NONE', #4349, 1000.000000000000000 ) ;
#7904 = EDGE_CURVE ( 'NONE', #9086, #6951, #9836, .T. ) ;
#7905 = CONICAL_SURFACE ( 'NONE', #8235, 9.000000000000000000, 0.5996168419455644161 ) ;
#7906 = DIRECTION ( 'NONE',  ( -0.000000000000000000, 1.000000000000000000, -0.000000000000000000 ) ) ;
#7907 = DIRECTION ( 'NONE',  ( 0.000000000000000000, 0.000000000000000000, -1.000000000000000000 ) ) ;
#7908 = LINE ( 'NONE', #948, #8816 ) ;
#7909 = CARTESIAN_POINT ( 'NONE',  ( -6.680823489631227297, -5.396706861944697398E-17, 5.877901182310661277 ) ) ;
#7910 = CARTESIAN_POINT ( 'NONE',  ( -8.053075625389094938, 6.131962964354679357, 10.44833614036843628 ) ) ;
#7911 = CYLINDRICAL_SURFACE ( 'NONE', #10046, 31.00000000000000000 ) ;
#7912 = EDGE_LOOP ( 'NONE', ( #10655, #4162, #5224, #2062, #9882, #9746, #2661, #10348, #89, #1761, #9032, #1234, #2636, #8876, #10739, #5217, #965, #6595, #4671, #8680, #3975, #3201, #1031, #7624, #9868 ) ) ;
#7913 = DIRECTION ( 'NONE',  ( 0.000000000000000000, -1.000000000000000000, 0.000000000000000000 ) ) ;
#7914 = AXIS2_PLACEMENT_3D ( 'NONE', #5804, #5027, #3326 ) ;
#7915 = FACE_OUTER_BOUND ( 'NONE', #8835, .T. ) ;
#7916 = DIRECTION ( 'NONE',  ( 0.000000000000000000, 0.000000000000000000, -1.000000000000000000 ) ) ;
#7917 = CARTESIAN_POINT ( 'NONE',  ( -7.766550857632739557, 1.499999999999999556, 2.463294286165495617 ) ) ;
#7918 = SURFACE_STYLE_FILL_AREA ( #4328 ) ;
#7919 = ORIENTED_EDGE ( 'NONE', *, *, #3537, .F. ) ;
#7920 =( NAMED_UNIT ( * ) SI_UNIT ( $, .STERADIAN. ) SOLID_ANGLE_UNIT ( ) );
#7921 =( GEOMETRIC_REPRESENTATION_CONTEXT ( 3 ) GLOBAL_UNCERTAINTY_ASSIGNED_CONTEXT ( ( #8442 ) ) GLOBAL_UNIT_ASSIGNED_CONTEXT ( ( #1644, #7692, #4160 ) ) REPRESENTATION_CONTEXT ( 'NONE', 'WORKASPACE' ) );
#7922 = SURFACE_STYLE_USAGE ( .BOTH. , #6546 ) ;
#7923 = CARTESIAN_POINT ( 'NONE',  ( 0.000000000000000000, 10.06432619796670025, 0.000000000000000000 ) ) ;
#7924 = DIRECTION ( 'NONE',  ( -1.000000000000000000, 0.000000000000000000, 0.000000000000000000 ) ) ;
#7925 = ORIENTED_EDGE ( 'NONE', *, *, #9725, .F. ) ;
#7926 = ADVANCED_FACE ( 'NONE', ( #286 ), #5546, .T. ) ;
#7927 = DIRECTION ( 'NONE',  ( -0.000000000000000000, -1.000000000000000000, -0.000000000000000000 ) ) ;
#7928 = MECHANICAL_DESIGN_GEOMETRIC_PRESENTATION_REPRESENTATION (  '', ( #6660 ), #83 ) ;
#7929 = ORIENTED_EDGE ( 'NONE', *, *, #1282, .F. ) ;
#7930 = CARTESIAN_POINT ( 'NONE',  ( 22.80419369326623524, 13.44999999999999929, 22.80419369326607537 ) ) ;
#7931 = CARTESIAN_POINT ( 'NONE',  ( -1.749999999999996891, 6.064326197966698473, 13.02841234388530189 ) ) ;
#7932 = SURFACE_STYLE_USAGE ( .BOTH. , #4856 ) ;
#7933 = ORIENTED_EDGE ( 'NONE', *, *, #5992, .F. ) ;
#7934 = AXIS2_PLACEMENT_3D ( 'NONE', #3471, #5168, #7145 ) ;
#7935 = CARTESIAN_POINT ( 'NONE',  ( -8.651889459346332245, 0.2178369010166504027, 2.974444766188808931 ) ) ;
#7936 = PLANE ( 'NONE',  #1161 ) ;
#7937 = EDGE_LOOP ( 'NONE', ( #10002, #6030, #6077, #167 ) ) ;
#7938 = EDGE_CURVE ( 'NONE', #391, #6212, #3877, .T. ) ;
#7939 = CARTESIAN_POINT ( 'NONE',  ( 12.63115847475060960, 6.499999999999999112, 18.37780823672224173 ) ) ;
#7940 = CIRCLE ( 'NONE', #656, 0.2499999999999967526 ) ;
#7941 = PRESENTATION_STYLE_ASSIGNMENT (( #10479 ) ) ;
#7942 =( NAMED_UNIT ( * ) SI_UNIT ( $, .STERADIAN. ) SOLID_ANGLE_UNIT ( ) );
#7943 = AXIS2_PLACEMENT_3D ( 'NONE', #10287, #8770, #5155 ) ;
#7944 = CARTESIAN_POINT ( 'NONE',  ( 22.62741699796957917, -13.15000000000000213, -22.62741699796946193 ) ) ;
#7945 = ORIENTED_EDGE ( 'NONE', *, *, #9465, .F. ) ;
#7946 = EDGE_CURVE ( 'NONE', #8485, #10822, #1632, .T. ) ;
#7947 = EDGE_CURVE ( 'NONE', #4866, #6711, #279, .T. ) ;
#7948 = ORIENTED_EDGE ( 'NONE', *, *, #578, .F. ) ;
#7949 = FILL_AREA_STYLE ('',( #4652 ) ) ;
#7950 = EDGE_LOOP ( 'NONE', ( #956, #7307, #4306, #8198 ) ) ;
#7951 = B_SPLINE_CURVE_WITH_KNOTS ( 'NONE', 3,
 ( #5652, #9219, #7468, #3164 ),
 .UNSPECIFIED., .F., .F.,
 ( 4, 4 ),
 ( 0.01388705713035107668, 0.02430667705227500600 ),
 .UNSPECIFIED. ) ;
#7952 = VERTEX_POINT ( 'NONE', #1028 ) ;
#7953 = MECHANICAL_DESIGN_GEOMETRIC_PRESENTATION_REPRESENTATION (  '', ( #1587 ), #2492 ) ;
#7954 = ORIENTED_EDGE ( 'NONE', *, *, #622, .F. ) ;
#7955 = CARTESIAN_POINT ( 'NONE',  ( 20.50609665440994789, 13.44999999999999929, 20.50609665440980578 ) ) ;
#7956 = SURFACE_STYLE_USAGE ( .BOTH. , #6183 ) ;
#7957 = SURFACE_SIDE_STYLE ('',( #1965 ) ) ;
#7958 = DIRECTION ( 'NONE',  ( 7.105427357601001859E-15, 0.000000000000000000, 1.000000000000000000 ) ) ;
#7959 =( NAMED_UNIT ( * ) SI_UNIT ( $, .STERADIAN. ) SOLID_ANGLE_UNIT ( ) );
#7960 = ORIENTED_EDGE ( 'NONE', *, *, #4357, .T. ) ;
#7961 = STYLED_ITEM ( 'NONE', ( #3792 ), #10237 ) ;
#7962 = TOROIDAL_SURFACE ( 'NONE', #2845, 13.97097042681812873, 1.000000000000000000 ) ;
#7963 = DIRECTION ( 'NONE',  ( 0.000000000000000000, 0.000000000000000000, -1.000000000000000000 ) ) ;
#7964 = EDGE_CURVE ( 'NONE', #5265, #5889, #5068, .T. ) ;
#7965 = FILL_AREA_STYLE ('',( #3569 ) ) ;
#7966 = ORIENTED_EDGE ( 'NONE', *, *, #5303, .F. ) ;
#7967 = DIRECTION ( 'NONE',  ( -0.000000000000000000, 1.000000000000000000, -0.000000000000000000 ) ) ;
#7968 = CYLINDRICAL_SURFACE ( 'NONE', #4642, 0.2500000000000002220 ) ;
#7969 = ORIENTED_EDGE ( 'NONE', *, *, #2516, .T. ) ;
#7970 = PRESENTATION_LAYER_ASSIGNMENT (  '', '', ( #10127 ) ) ;
#7971 = DIRECTION ( 'NONE',  ( -0.000000000000000000, 1.000000000000000000, -0.000000000000000000 ) ) ;
#7972 = COLOUR_RGB ( '',0.1529411764705882470, 0.4901960784313725283, 1.000000000000000000 ) ;
#7973 = SHAPE_DEFINITION_REPRESENTATION ( #6706, #10962 ) ;
#7974 = CARTESIAN_POINT ( 'NONE',  ( 1.750000000000003553, 10.13193726329756750, 13.93897860555255974 ) ) ;
#7975 = CARTESIAN_POINT ( 'NONE',  ( 12.61475032316587885, 10.64289375798497517, 18.34938848451919924 ) ) ;
#7976 = UNCERTAINTY_MEASURE_WITH_UNIT (LENGTH_MEASURE( 1.000000000000000082E-05 ), #1246, 'distance_accuracy_value', 'NONE');
#7977 = VERTEX_POINT ( 'NONE', #10686 ) ;
#7978 = COLOUR_RGB ( '',0.1529411764705882470, 0.4901960784313725283, 1.000000000000000000 ) ;
#7979 =( LENGTH_UNIT ( ) NAMED_UNIT ( * ) SI_UNIT ( .MILLI., .METRE. ) );
#7980 = ORIENTED_EDGE ( 'NONE', *, *, #4121, .T. ) ;
#7981 = CIRCLE ( 'NONE', #4913, 22.00000000000000000 ) ;
#7982 =( LENGTH_UNIT ( ) NAMED_UNIT ( * ) SI_UNIT ( .MILLI., .METRE. ) );
#7983 =( GEOMETRIC_REPRESENTATION_CONTEXT ( 3 ) GLOBAL_UNCERTAINTY_ASSIGNED_CONTEXT ( ( #9574 ) ) GLOBAL_UNIT_ASSIGNED_CONTEXT ( ( #10794, #6480, #4107 ) ) REPRESENTATION_CONTEXT ( 'NONE', 'WORKASPACE' ) );
#7984 = ORIENTED_EDGE ( 'NONE', *, *, #5482, .T. ) ;
#7985 = ORIENTED_EDGE ( 'NONE', *, *, #4472, .T. ) ;
#7986 = VECTOR ( 'NONE', #2113, 1000.000000000000000 ) ;
#7987 = FILL_AREA_STYLE ('',( #1023 ) ) ;
#7988 = CARTESIAN_POINT ( 'NONE',  ( 10.65954583850728632, 6.347063136999496535, 8.175017601465022210 ) ) ;
#7989 = CARTESIAN_POINT ( 'NONE',  ( -9.825101441731298735, 2.163045022804065631, -3.651799020035320975 ) ) ;
#7990 = CIRCLE ( 'NONE', #10683, 1.000000000000000888 ) ;
#7991 = EDGE_CURVE ( 'NONE', #11232, #763, #3650, .T. ) ;
#7992 = VERTEX_POINT ( 'NONE', #6274 ) ;
#7993 = CARTESIAN_POINT ( 'NONE',  ( -1.750000000000001776, 6.490181703155798232, -13.69829723630780016 ) ) ;
#7994 = CARTESIAN_POINT ( 'NONE',  ( -18.34947380216708623, 10.64307090431698555, -12.61479958133313950 ) ) ;
#7995 = SURFACE_SIDE_STYLE ('',( #4689 ) ) ;
#7996 = LINE ( 'NONE', #1662, #92 ) ;
#7997 = LINE ( 'NONE', #6169, #6812 ) ;
#7998 = ORIENTED_EDGE ( 'NONE', *, *, #2783, .F. ) ;
#7999 = CIRCLE ( 'NONE', #5111, 28.99999999999999645 ) ;
#8000 = FACE_OUTER_BOUND ( 'NONE', #1561, .T. ) ;
#8001 = FACE_OUTER_BOUND ( 'NONE', #7420, .T. ) ;
#8002 = CARTESIAN_POINT ( 'NONE',  ( -20.68287334970658620, -13.15000000000000213, -20.43287334970643698 ) ) ;
#8003 = DIRECTION ( 'NONE',  ( -0.000000000000000000, -1.000000000000000000, -0.000000000000000000 ) ) ;
#8004 = PRESENTATION_STYLE_ASSIGNMENT (( #4644 ) ) ;
#8005 = EDGE_CURVE ( 'NONE', #85, #4432, #8437, .T. ) ;
#8006 = DIRECTION ( 'NONE',  ( 0.000000000000000000, 0.000000000000000000, -1.000000000000000000 ) ) ;
#8007 = DIRECTION ( 'NONE',  ( 0.000000000000000000, 0.000000000000000000, 1.000000000000000000 ) ) ;
#8008 = ORIENTED_EDGE ( 'NONE', *, *, #1580, .F. ) ;
#8009 = EDGE_LOOP ( 'NONE', ( #1162, #3796, #615, #4733 ) ) ;
#8010 = MECHANICAL_DESIGN_GEOMETRIC_PRESENTATION_REPRESENTATION (  '', ( #5289 ), #1279 ) ;
#8011 = CARTESIAN_POINT ( 'NONE',  ( -5.494383199411023710, 1.499999999999996225, 6.016550857632742222 ) ) ;
#8012 = ORIENTED_EDGE ( 'NONE', *, *, #125, .F. ) ;
#8013 = AXIS2_PLACEMENT_3D ( 'NONE', #8351, #10371, #6068 ) ;
#8014 = EDGE_CURVE ( 'NONE', #9274, #6721, #2595, .T. ) ;
#8015 = EDGE_CURVE ( 'NONE', #2279, #10313, #1352, .T. ) ;
#8016 = CARTESIAN_POINT ( 'NONE',  ( 20.68287334970656843, 13.44999999999999929, -20.68287334970646185 ) ) ;
#8017 = CARTESIAN_POINT ( 'NONE',  ( -20.12780823672224173, 10.80000000000000071, 9.600069561505080173 ) ) ;
#8018 = CIRCLE ( 'NONE', #1821, 0.2500000000000002220 ) ;
#8019 = CARTESIAN_POINT ( 'NONE',  ( 12.63115847475060960, 10.49999999999999822, 18.37780823672224173 ) ) ;
#8020 = CARTESIAN_POINT ( 'NONE',  ( 1.750000000000001554, 6.499999999999999112, 2.809717050977942943E-15 ) ) ;
#8021 = CARTESIAN_POINT ( 'NONE',  ( 0.000000000000000000, -13.15000000000000213, 0.000000000000000000 ) ) ;
#8022 = ORIENTED_EDGE ( 'NONE', *, *, #2444, .T. ) ;
#8023 = CARTESIAN_POINT ( 'NONE',  ( 1.749999999999997113, 10.53248139031239816, -22.08747980577011916 ) ) ;
#8024 = B_SPLINE_CURVE_WITH_KNOTS ( 'NONE', 3,
 ( #6196, #151, #9660, #1064, #2701, #1870, #5363, #7007 ),
 .UNSPECIFIED., .F., .F.,
 ( 4, 2, 2, 4 ),
 ( 8.673617379884034509E-19, 0.0002429683717504891520, 0.0004859367435009774366, 0.0009718734870019529216 ),
 .UNSPECIFIED. ) ;
#8025 = CIRCLE ( 'NONE', #1293, 22.30000000000000071 ) ;
#8026 = FILL_AREA_STYLE ('',( #4556 ) ) ;
#8027 =( NAMED_UNIT ( * ) SI_UNIT ( $, .STERADIAN. ) SOLID_ANGLE_UNIT ( ) );
#8028 = VERTEX_POINT ( 'NONE', #2934 ) ;
#8029 =( GEOMETRIC_REPRESENTATION_CONTEXT ( 3 ) GLOBAL_UNCERTAINTY_ASSIGNED_CONTEXT ( ( #217 ) ) GLOBAL_UNIT_ASSIGNED_CONTEXT ( ( #3940, #5552, #1208 ) ) REPRESENTATION_CONTEXT ( 'NONE', 'WORKASPACE' ) );
#8030 = B_SPLINE_CURVE_WITH_KNOTS ( 'NONE', 3,
 ( #8725, #7885, #10360, #8622 ),
 .UNSPECIFIED., .F., .F.,
 ( 4, 4 ),
 ( 0.0005292810400260026301, 0.01094890517302444036 ),
 .UNSPECIFIED. ) ;
#8031 = CARTESIAN_POINT ( 'NONE',  ( 5.999999999999997335, -0.2000000000000000944, 3.464101615137759715 ) ) ;
#8032 = EDGE_CURVE ( 'NONE', #8028, #9075, #10595, .T. ) ;
#8033 = CARTESIAN_POINT ( 'NONE',  ( 6.682887933280806436, 2.163045022804062079, 8.075101441731314722 ) ) ;
#8034 = FILL_AREA_STYLE ('',( #6475 ) ) ;
#8035 = EDGE_CURVE ( 'NONE', #6963, #10651, #4246, .T. ) ;
#8036 = CARTESIAN_POINT ( 'NONE',  ( -9.583661409920328111, 10.64289375798497517, 20.09938848451920990 ) ) ;
#8037 = PRESENTATION_LAYER_ASSIGNMENT (  '', '', ( #1104 ) ) ;
#8038 = DIRECTION ( 'NONE',  ( 0.000000000000000000, 0.000000000000000000, 1.000000000000000000 ) ) ;
#8039 = CIRCLE ( 'NONE', #3087, 28.99999999999999645 ) ;
#8040 = AXIS2_PLACEMENT_3D ( 'NONE', #10332, #778, #833 ) ;
#8041 = FILL_AREA_STYLE_COLOUR ( '', #9216 ) ;
#8042 = ORIENTED_EDGE ( 'NONE', *, *, #4522, .F. ) ;
#8043 = PRESENTATION_LAYER_ASSIGNMENT (  '', '', ( #8757 ) ) ;
#8044 = CARTESIAN_POINT ( 'NONE',  ( 0.000000000000000000, 6.064326197966700249, 0.000000000000000000 ) ) ;
#8045 = ORIENTED_EDGE ( 'NONE', *, *, #3177, .F. ) ;
#8046 = CARTESIAN_POINT ( 'NONE',  ( 8.029750628565428983, 6.064326197966698473, -10.40793606078342570 ) ) ;
#8047 = ADVANCED_FACE ( 'NONE', ( #8099 ), #8962, .F. ) ;
#8048 = AXIS2_PLACEMENT_3D ( 'NONE', #9705, #1912, #4717 ) ;
#8049 = CIRCLE ( 'NONE', #5336, 32.50000000000000000 ) ;
#8050 = ORIENTED_EDGE ( 'NONE', *, *, #3110, .T. ) ;
#8051 = CARTESIAN_POINT ( 'NONE',  ( 0.000000000000000000, 1.499999999999999556, 0.000000000000000000 ) ) ;
#8052 = CARTESIAN_POINT ( 'NONE',  ( 0.000000000000000000, 9.499999999999998224, 0.000000000000000000 ) ) ;
#8053 = LINE ( 'NONE', #3711, #10096 ) ;
#8054 = CARTESIAN_POINT ( 'NONE',  ( 0.000000000000000000, -13.25000000000000178, 0.000000000000000000 ) ) ;
#8055 =( GEOMETRIC_REPRESENTATION_CONTEXT ( 3 ) GLOBAL_UNCERTAINTY_ASSIGNED_CONTEXT ( ( #568 ) ) GLOBAL_UNIT_ASSIGNED_CONTEXT ( ( #2645, #9597, #3327 ) ) REPRESENTATION_CONTEXT ( 'NONE', 'WORKASPACE' ) );
#8056 = ORIENTED_EDGE ( 'NONE', *, *, #10853, .T. ) ;
#8057 =( LENGTH_UNIT ( ) NAMED_UNIT ( * ) SI_UNIT ( .MILLI., .METRE. ) );
#8058 = AXIS2_PLACEMENT_3D ( 'NONE', #2471, #5955, #4024 ) ;
#8059 = AXIS2_PLACEMENT_3D ( 'NONE', #1116, #7913, #4495 ) ;
#8060 = DIRECTION ( 'NONE',  ( -0.8660254037844389297, 0.000000000000000000, -0.4999999999999995559 ) ) ;
#8061 = AXIS2_PLACEMENT_3D ( 'NONE', #10710, #5458, #142 ) ;
#8062 = PLANE ( 'NONE',  #11172 ) ;
#8063 = CARTESIAN_POINT ( 'NONE',  ( 0.000000000000000000, 10.80000000000000071, 0.000000000000000000 ) ) ;
#8064 = ORIENTED_EDGE ( 'NONE', *, *, #2427, .T. ) ;
#8065 = EDGE_CURVE ( 'NONE', #4576, #6951, #9511, .T. ) ;
#8066 = EDGE_LOOP ( 'NONE', ( #2386, #5396, #363, #1955, #975, #4398 ) ) ;
#8067 = ORIENTED_EDGE ( 'NONE', *, *, #4827, .T. ) ;
#8068 = CARTESIAN_POINT ( 'NONE',  ( -8.836549196666197759, 10.49999999999999822, 11.80535217220782052 ) ) ;
#8069 =( NAMED_UNIT ( * ) PLANE_ANGLE_UNIT ( ) SI_UNIT ( $, .RADIAN. ) );
#8070 = CIRCLE ( 'NONE', #8968, 29.50000000000000000 ) ;
#8071 = CARTESIAN_POINT ( 'NONE',  ( -21.56675682618977419, 13.54999999999999893, -21.56675682618961787 ) ) ;
#8072 =( LENGTH_UNIT ( ) NAMED_UNIT ( * ) SI_UNIT ( .MILLI., .METRE. ) );
#8073 = DIRECTION ( 'NONE',  ( 0.000000000000000000, 0.000000000000000000, 1.000000000000000000 ) ) ;
#8074 = VECTOR ( 'NONE', #423, 1000.000000000000000 ) ;
#8075 = ORIENTED_EDGE ( 'NONE', *, *, #6040, .T. ) ;
#8076 = DIRECTION ( 'NONE',  ( -0.000000000000000000, 1.000000000000000000, -0.000000000000000000 ) ) ;
#8077 = EDGE_CURVE ( 'NONE', #1776, #5129, #453, .T. ) ;
#8078 = CARTESIAN_POINT ( 'NONE',  ( -6.005533679434334360, 0.2178369010166495701, 6.901889459346337574 ) ) ;
#8079 = EDGE_CURVE ( 'NONE', #1872, #10952, #570, .T. ) ;
#8080 = CIRCLE ( 'NONE', #9337, 8.147829831584077809 ) ;
#8081 = MECHANICAL_DESIGN_GEOMETRIC_PRESENTATION_REPRESENTATION (  '', ( #1715 ), #4814 ) ;
#8082 = CARTESIAN_POINT ( 'NONE',  ( 0.000000000000000000, -4.000000000000000000, 8.000000000000000000 ) ) ;
#8083 = VERTEX_POINT ( 'NONE', #4058 ) ;
#8084 = CARTESIAN_POINT ( 'NONE',  ( -11.15616799762221945, 10.06432619796669847, 8.461742538715576245 ) ) ;
#8085 = CARTESIAN_POINT ( 'NONE',  ( -20.50609665440991947, 13.54999999999999893, 20.50609665440983420 ) ) ;
#8086 = AXIS2_PLACEMENT_3D ( 'NONE', #7122, #10559, #898 ) ;
#8087 = B_SPLINE_CURVE_WITH_KNOTS ( 'NONE', 3,
 ( #3379, #8643, #10269, #6083 ),
 .UNSPECIFIED., .F., .F.,
 ( 4, 4 ),
 ( 6.234162491791650496E-19, 0.0004899835000143444239 ),
 .UNSPECIFIED. ) ;
#8088 = UNCERTAINTY_MEASURE_WITH_UNIT (LENGTH_MEASURE( 1.000000000000000082E-05 ), #8418, 'distance_accuracy_value', 'NONE');
#8089 = SURFACE_STYLE_FILL_AREA ( #1315 ) ;
#8090 = ADVANCED_FACE ( 'NONE', ( #4931 ), #9691, .T. ) ;
#8091 = LINE ( 'NONE', #2094, #7239 ) ;
#8092 = ADVANCED_FACE ( 'NONE', ( #1384 ), #6552, .F. ) ;
#8093 = EDGE_LOOP ( 'NONE', ( #1017, #9071, #7948, #1326 ) ) ;
#8094 = ORIENTED_EDGE ( 'NONE', *, *, #4308, .T. ) ;
#8095 = CARTESIAN_POINT ( 'NONE',  ( -9.449625380560732424, 7.204220786794540032, -7.476469699371708799 ) ) ;
#8096 = CARTESIAN_POINT ( 'NONE',  ( -22.62741699796956851, -13.25000000000000178, 22.62741699796947259 ) ) ;
#8097 = DIRECTION ( 'NONE',  ( -0.000000000000000000, 1.000000000000000000, -0.000000000000000000 ) ) ;
#8098 = ORIENTED_EDGE ( 'NONE', *, *, #8928, .T. ) ;
#8099 = FACE_OUTER_BOUND ( 'NONE', #10202, .T. ) ;
#8100 = AXIS2_PLACEMENT_3D ( 'NONE', #10056, #4681, #5593 ) ;
#8101 = CYLINDRICAL_SURFACE ( 'NONE', #5051, 8.147829831584077809 ) ;
#8102 = CARTESIAN_POINT ( 'NONE',  ( 8.559059450933261814, 0.000000000000000000, -1.750000000000409672 ) ) ;
#8103 = ORIENTED_EDGE ( 'NONE', *, *, #3963, .F. ) ;
#8104 = SURFACE_STYLE_USAGE ( .BOTH. , #3818 ) ;
#8105 = EDGE_CURVE ( 'NONE', #267, #7840, #416, .T. ) ;
#8106 = ADVANCED_FACE ( 'NONE', ( #4441 ), #8865, .F. ) ;
#8107 = CARTESIAN_POINT ( 'NONE',  ( 19.93590626525342202, 10.49999999999844924, -9.489274906619463934 ) ) ;
#8108 =( LENGTH_UNIT ( ) NAMED_UNIT ( * ) SI_UNIT ( .MILLI., .METRE. ) );
#8109 =( LENGTH_UNIT ( ) NAMED_UNIT ( * ) SI_UNIT ( .MILLI., .METRE. ) );
#8110 = DIRECTION ( 'NONE',  ( 0.000000000000000000, 0.000000000000000000, 1.000000000000000000 ) ) ;
#8111 = ORIENTED_EDGE ( 'NONE', *, *, #4914, .T. ) ;
#8112 = COLOUR_RGB ( '',0.1529411764705882470, 0.4901960784313725283, 1.000000000000000000 ) ;
#8113 = CIRCLE ( 'NONE', #826, 8.147829831584077809 ) ;
#8114 =( NAMED_UNIT ( * ) SI_UNIT ( $, .STERADIAN. ) SOLID_ANGLE_UNIT ( ) );
#8115 = EDGE_LOOP ( 'NONE', ( #8522, #5357, #8315, #8239 ) ) ;
#8116 = VECTOR ( 'NONE', #7814, 1000.000000000000000 ) ;
#8117 = FILL_AREA_STYLE_COLOUR ( '', #556 ) ;
#8118 = EDGE_CURVE ( 'NONE', #6218, #6156, #8621, .T. ) ;
#8119 = FILL_AREA_STYLE_COLOUR ( '', #389 ) ;
#8120 = DIRECTION ( 'NONE',  ( -0.000000000000000000, -1.000000000000000000, -0.000000000000000000 ) ) ;
#8121 = ORIENTED_EDGE ( 'NONE', *, *, #2841, .F. ) ;
#8122 = CARTESIAN_POINT ( 'NONE',  ( 5.494383199411029928, 0.000000000000000000, 6.016550857632738669 ) ) ;
#8123 = CARTESIAN_POINT ( 'NONE',  ( 8.430823489631231737, 2.736132921938848150E-17, 2.846812269065118528 ) ) ;
#8124 = ORIENTED_EDGE ( 'NONE', *, *, #6452, .F. ) ;
#8125 = FACE_OUTER_BOUND ( 'NONE', #6526, .T. ) ;
#8126 = ORIENTED_EDGE ( 'NONE', *, *, #791, .F. ) ;
#8127 = CARTESIAN_POINT ( 'NONE',  ( -11.40746206435833265, 10.34702362053678115, 8.606827235791424613 ) ) ;
#8128 = DIRECTION ( 'NONE',  ( -0.000000000000000000, 1.000000000000000000, -0.000000000000000000 ) ) ;
#8129 = CARTESIAN_POINT ( 'NONE',  ( 1.750000000000003553, 10.06432619796670025, 13.89239616418560352 ) ) ;
#8130 = DIRECTION ( 'NONE',  ( -1.367258905585373894E-16, -0.000000000000000000, -1.000000000000000000 ) ) ;
#8131 = COLOUR_RGB ( '',1.000000000000000000, 1.000000000000000000, 1.000000000000000000 ) ;
#8132 = ADVANCED_FACE ( 'NONE', ( #890 ), #7911, .T. ) ;
#8133 = CARTESIAN_POINT ( 'NONE',  ( -9.600069561505057081, 10.80000000000000071, 20.12780823672225239 ) ) ;
#8134 = AXIS2_PLACEMENT_3D ( 'NONE', #3128, #3072, #10021 ) ;
#8135 = ORIENTED_EDGE ( 'NONE', *, *, #3383, .T. ) ;
#8136 = CARTESIAN_POINT ( 'NONE',  ( 0.000000000000000000, -12.50000000000000000, 0.000000000000000000 ) ) ;
#8137 = DIRECTION ( 'NONE',  ( 0.000000000000000000, 0.000000000000000000, 1.000000000000000000 ) ) ;
#8138 = ORIENTED_EDGE ( 'NONE', *, *, #2000, .T. ) ;
#8139 = AXIS2_PLACEMENT_3D ( 'NONE', #7857, #88, #1868 ) ;
#8140 = DIRECTION ( 'NONE',  ( 0.000000000000000000, -1.000000000000000000, 0.000000000000000000 ) ) ;
#8141 = CIRCLE ( 'NONE', #6883, 0.2500000000000002220 ) ;
#8142 = ORIENTED_EDGE ( 'NONE', *, *, #9682, .T. ) ;
#8143 = CARTESIAN_POINT ( 'NONE',  ( -1.749999999999997780, 0.000000000000000000, 8.559059450933345303 ) ) ;
#8144 = CARTESIAN_POINT ( 'NONE',  ( 0.000000000000000000, 6.064326197966700249, 0.000000000000000000 ) ) ;
#8145 =( GEOMETRIC_REPRESENTATION_CONTEXT ( 3 ) GLOBAL_UNCERTAINTY_ASSIGNED_CONTEXT ( ( #1132 ) ) GLOBAL_UNIT_ASSIGNED_CONTEXT ( ( #3539, #5226, #1777 ) ) REPRESENTATION_CONTEXT ( 'NONE', 'WORKASPACE' ) );
#8146 = EDGE_CURVE ( 'NONE', #3615, #3677, #7177, .T. ) ;
#8147 = ORIENTED_EDGE ( 'NONE', *, *, #3696, .T. ) ;
#8148 = EDGE_CURVE ( 'NONE', #881, #10680, #4380, .T. ) ;
#8149 = CARTESIAN_POINT ( 'NONE',  ( -21.74353352148641250, -13.25000000000000178, -21.74353352148625618 ) ) ;
#8150 = CIRCLE ( 'NONE', #131, 8.147829831584077809 ) ;
#8151 = AXIS2_PLACEMENT_3D ( 'NONE', #10290, #6680, #4170 ) ;
#8152 = CARTESIAN_POINT ( 'NONE',  ( -1.750000000000002887, 10.49999999999999645, -22.00964298075584935 ) ) ;
#8153 = CARTESIAN_POINT ( 'NONE',  ( 0.000000000000000000, -13.15000000000000213, 31.00000000000000000 ) ) ;
#8154 = VERTEX_POINT ( 'NONE', #25 ) ;
#8155 = DIRECTION ( 'NONE',  ( -0.000000000000000000, -1.000000000000000000, -0.000000000000000000 ) ) ;
#8156 = TOROIDAL_SURFACE ( 'NONE', #3986, 32.50000000000000000, 1.000000000000000000 ) ;
#8157 =( NAMED_UNIT ( * ) SI_UNIT ( $, .STERADIAN. ) SOLID_ANGLE_UNIT ( ) );
#8158 = DIRECTION ( 'NONE',  ( 0.000000000000000000, -1.000000000000000000, 0.000000000000000000 ) ) ;
#8159 = EDGE_CURVE ( 'NONE', #10677, #10057, #1056, .T. ) ;
#8160 = DIRECTION ( 'NONE',  ( -0.000000000000000000, 1.000000000000000000, -0.000000000000000000 ) ) ;
#8161 = CYLINDRICAL_SURFACE ( 'NONE', #1736, 0.2500000000000002220 ) ;
#8162 =( NAMED_UNIT ( * ) PLANE_ANGLE_UNIT ( ) SI_UNIT ( $, .RADIAN. ) );
#8163 = ORIENTED_EDGE ( 'NONE', *, *, #5807, .T. ) ;
#8164 = CARTESIAN_POINT ( 'NONE',  ( -20.12780823672231634, 10.80000000000000071, -9.600069561504927407 ) ) ;
#8165 = COLOUR_RGB ( '',0.1529411764705882470, 0.4901960784313725283, 1.000000000000000000 ) ;
#8166 = FACE_OUTER_BOUND ( 'NONE', #4775, .T. ) ;
#8167 = ORIENTED_EDGE ( 'NONE', *, *, #9655, .T. ) ;
#8168 = CLOSED_SHELL ( 'NONE', ( #8551, #1129, #346, #1335, #10273, #5859, #9235, #9186, #1407, #5176, #2608, #3777, #7415, #1280, #7217, #5064, #9935, #7269, #4408, #6905, #8090, #7825, #10338, #9834, #1385, #10237, #2353, #2163, #853, #6903, #3463, #2151, #6271, #4843, #4950, #9199, #5720, #10406, #2458, #4124, #5040, #1321, #5495, #9566, #6914, #2379, #3632, #7300, #1265, #3478, #5933, #6358, #8513, #9213, #7378, #4996, #6190, #9391, #1194, #2961, #6859, #8106, #10143, #2715, #6540, #7800, #2931, #1093, #9132, #1680, #969, #7119, #10788, #10770, #2273, #9785, #3158, #2502, #4691, #5844, #1062, #2976, #6179, #1249, #6843, #9104, #4841, #10490, #9346, #2512, #10623, #8240, #2781, #10420, #4809, #8092, #2227, #8752, #5154, #223, #10790, #1887, #5790, #2500, #10196, #7620, #9522, #1144, #4029, #6013, #9328, #6119, #7784, #9552, #4588, #6629, #7664, #4884, #8047, #3079, #4180, #4678, #4981, #10996, #5449, #3253, #6058, #6777, #9247, #10083, #4738, #11035, #1524, #6643, #9997, #8356, #1948, #10917, #7236, #10114, #4004, #1127, #5890, #2798, #6826, #10838, #10692, #8594, #9118, #9669, #10055, #2248, #3568, #287, #5721, #2830, #9813, #4484, #5791, #9158, #5378, #5542 ) ) ;
#8169 = ORIENTED_EDGE ( 'NONE', *, *, #10070, .T. ) ;
#8170 = FACE_BOUND ( 'NONE', #2732, .T. ) ;
#8171 = LINE ( 'NONE', #3019, #6409 ) ;
#8172 =( NAMED_UNIT ( * ) SI_UNIT ( $, .STERADIAN. ) SOLID_ANGLE_UNIT ( ) );
#8173 = FACE_OUTER_BOUND ( 'NONE', #7051, .T. ) ;
#8174 = VERTEX_POINT ( 'NONE', #7002 ) ;
#8175 = ORIENTED_EDGE ( 'NONE', *, *, #9414, .T. ) ;
#8176 = CARTESIAN_POINT ( 'NONE',  ( -8.029750628565322401, 6.064326197966799725, -10.40793606078359623 ) ) ;
#8177 = DIRECTION ( 'NONE',  ( 0.000000000000000000, -1.000000000000000000, 0.000000000000000000 ) ) ;
#8178 = VERTEX_POINT ( 'NONE', #9600 ) ;
#8179 = SURFACE_STYLE_USAGE ( .BOTH. , #1180 ) ;
#8180 = AXIS2_PLACEMENT_3D ( 'NONE', #1143, #10632, #6373 ) ;
#8181 = EDGE_LOOP ( 'NONE', ( #11049, #9908 ) ) ;
#8182 = CARTESIAN_POINT ( 'NONE',  ( -11.24311863960184787, 10.19249530351371469, 8.511943515268727722 ) ) ;
#8183 = CARTESIAN_POINT ( 'NONE',  ( 5.999999999999997335, -4.000000000000000000, -3.464101615137753498 ) ) ;
#8184 = CARTESIAN_POINT ( 'NONE',  ( 0.000000000000000000, 13.54999999999999893, 0.000000000000000000 ) ) ;
#8185 = CARTESIAN_POINT ( 'NONE',  ( -5.494383199411023710, -18.21991441758264685, 6.016550857632742222 ) ) ;
#8186 = CARTESIAN_POINT ( 'NONE',  ( 0.000000000000000000, -10.99999999999999289, 0.000000000000000000 ) ) ;
#8187 = UNCERTAINTY_MEASURE_WITH_UNIT (LENGTH_MEASURE( 1.000000000000000082E-05 ), #9751, 'distance_accuracy_value', 'NONE');
#8188 = EDGE_LOOP ( 'NONE', ( #5621, #11140, #2479, #11162 ) ) ;
#8189 = CYLINDRICAL_SURFACE ( 'NONE', #11020, 26.00000000000000355 ) ;
#8190 = STYLED_ITEM ( 'NONE', ( #3494 ), #1129 ) ;
#8191 = DIRECTION ( 'NONE',  ( -0.000000000000000000, -1.000000000000000000, -0.000000000000000000 ) ) ;
#8192 = PRESENTATION_STYLE_ASSIGNMENT (( #8933 ) ) ;
#8193 = ORIENTED_EDGE ( 'NONE', *, *, #111, .F. ) ;
#8194 = EDGE_CURVE ( 'NONE', #9459, #5587, #8257, .T. ) ;
#8195 = B_SPLINE_CURVE_WITH_KNOTS ( 'NONE', 3,
 ( #8739, #3424, #6175, #7044 ),
 .UNSPECIFIED., .F., .F.,
 ( 4, 4 ),
 ( 0.01661598937564719158, 0.02708069842683854742 ),
 .UNSPECIFIED. ) ;
#8196 = VERTEX_POINT ( 'NONE', #145 ) ;
#8197 = CARTESIAN_POINT ( 'NONE',  ( 0.000000000000000000, 0.000000000000000000, 0.000000000000000000 ) ) ;
#8198 = ORIENTED_EDGE ( 'NONE', *, *, #2832, .F. ) ;
#8199 = CARTESIAN_POINT ( 'NONE',  ( -1.750000000000001332, 6.064326197966516396, -13.02841234388517755 ) ) ;
#8200 = AXIS2_PLACEMENT_3D ( 'NONE', #4176, #9121, #1507 ) ;
#8201 = DIRECTION ( 'NONE',  ( 0.000000000000000000, -1.000000000000000000, 0.000000000000000000 ) ) ;
#8202 = COLOUR_RGB ( '',0.1529411764705882470, 0.4901960784313725283, 1.000000000000000000 ) ;
#8203 = UNCERTAINTY_MEASURE_WITH_UNIT (LENGTH_MEASURE( 1.000000000000000082E-05 ), #1807, 'distance_accuracy_value', 'NONE');
#8204 = DIRECTION ( 'NONE',  ( 0.000000000000000000, -1.000000000000000000, 0.000000000000000000 ) ) ;
#8205 = SURFACE_SIDE_STYLE ('',( #4581 ) ) ;
#8206 = CARTESIAN_POINT ( 'NONE',  ( 4.998661715319889787, 6.064326197966698473, 12.15793606078343103 ) ) ;
#8207 = EDGE_LOOP ( 'NONE', ( #1708, #8242, #9775, #9049 ) ) ;
#8208 = CARTESIAN_POINT ( 'NONE',  ( -13.53434881735836015, 6.459664993593752236, -1.749999999999730438 ) ) ;
#8209 = VECTOR ( 'NONE', #6443, 1000.000000000000000 ) ;
#8210 = SURFACE_SIDE_STYLE ('',( #10811 ) ) ;
#8211 = EDGE_CURVE ( 'NONE', #9886, #5181, #2438, .T. ) ;
#8212 = EDGE_CURVE ( 'NONE', #3053, #10919, #1914, .T. ) ;
#8213 = PRESENTATION_LAYER_ASSIGNMENT (  '', '', ( #10730 ) ) ;
#8214 = CARTESIAN_POINT ( 'NONE',  ( -9.600069561505057081, -18.21991441758264685, 20.12780823672225239 ) ) ;
#8215 = CARTESIAN_POINT ( 'NONE',  ( 6.537362917009582830, 0.000000000000000000, -5.795074182089426706 ) ) ;
#8216 = SURFACE_SIDE_STYLE ('',( #3947 ) ) ;
#8217 = CARTESIAN_POINT ( 'NONE',  ( -2.763985268843901277, 0.000000000000000000, 8.287362917009566843 ) ) ;
#8218 = DIRECTION ( 'NONE',  ( -0.000000000000000000, -1.000000000000000000, -0.000000000000000000 ) ) ;
#8219 = CARTESIAN_POINT ( 'NONE',  ( 0.000000000000000000, 13.54999999999999893, 0.000000000000000000 ) ) ;
#8220 = DIRECTION ( 'NONE',  ( -1.367258905585373894E-16, 0.000000000000000000, -1.000000000000000000 ) ) ;
#8221 = ORIENTED_EDGE ( 'NONE', *, *, #5316, .T. ) ;
#8222 = TOROIDAL_SURFACE ( 'NONE', #10567, 32.50000000000000000, 1.000000000000000000 ) ;
#8223 = CARTESIAN_POINT ( 'NONE',  ( 21.74353352148639118, -13.15000000000000213, -21.74353352148628460 ) ) ;
#8224 = CARTESIAN_POINT ( 'NONE',  ( -11.40209684663321354, -13.25000000000000178, 11.40209684663316914 ) ) ;
#8225 = ORIENTED_EDGE ( 'NONE', *, *, #3383, .F. ) ;
#8226 = EDGE_CURVE ( 'NONE', #3425, #1455, #3891, .T. ) ;
#8227 = COLOUR_RGB ( '',0.1529411764705882470, 0.4901960784313725283, 1.000000000000000000 ) ;
#8228 = EDGE_LOOP ( 'NONE', ( #9382, #8322, #6109, #7331 ) ) ;
#8229 = FILL_AREA_STYLE_COLOUR ( '', #7113 ) ;
#8230 = CIRCLE ( 'NONE', #8595, 8.147829831584077809 ) ;
#8231 = COLOUR_RGB ( '',0.1529411764705882470, 0.4901960784313725283, 1.000000000000000000 ) ;
#8232 =( LENGTH_UNIT ( ) NAMED_UNIT ( * ) SI_UNIT ( .MILLI., .METRE. ) );
#8233 = CARTESIAN_POINT ( 'NONE',  ( 18.25314008079238448, 10.53235529095875300, -12.55918128136506340 ) ) ;
#8234 = DIRECTION ( 'NONE',  ( 0.000000000000000000, 0.000000000000000000, 1.000000000000000000 ) ) ;
#8235 = AXIS2_PLACEMENT_3D ( 'NONE', #5276, #9839, #2937 ) ;
#8236 = CARTESIAN_POINT ( 'NONE',  ( 4.059455543376978781, 6.499999999999999112, 10.53118325219633178 ) ) ;
#8237 = CIRCLE ( 'NONE', #7164, 13.14541852518598830 ) ;
#8238 = ORIENTED_EDGE ( 'NONE', *, *, #2304, .T. ) ;
#8239 = ORIENTED_EDGE ( 'NONE', *, *, #9738, .T. ) ;
#8240 = ADVANCED_FACE ( 'NONE', ( #2077 ), #7283, .T. ) ;
#8241 = VERTEX_POINT ( 'NONE', #8349 ) ;
#8242 = ORIENTED_EDGE ( 'NONE', *, *, #10302, .F. ) ;
#8243 = AXIS2_PLACEMENT_3D ( 'NONE', #11003, #5066, #7727 ) ;
#8244 = FILL_AREA_STYLE_COLOUR ( '', #10914 ) ;
#8245 = ORIENTED_EDGE ( 'NONE', *, *, #3537, .T. ) ;
#8246 =( NAMED_UNIT ( * ) PLANE_ANGLE_UNIT ( ) SI_UNIT ( $, .RADIAN. ) );
#8247 = DIRECTION ( 'NONE',  ( 0.000000000000000000, 0.000000000000000000, -1.000000000000000000 ) ) ;
#8248 = CARTESIAN_POINT ( 'NONE',  ( 0.000000000000000000, 1.499999999999999556, 0.000000000000000000 ) ) ;
#8249 = PRESENTATION_STYLE_ASSIGNMENT (( #4787 ) ) ;
#8250 = PRESENTATION_LAYER_ASSIGNMENT (  '', '', ( #4074 ) ) ;
#8251 = LINE ( 'NONE', #9153, #3152 ) ;
#8252 = CARTESIAN_POINT ( 'NONE',  ( 2.463294286165494729, 0.000000000000000000, 7.766550857632738669 ) ) ;
#8253 = EDGE_LOOP ( 'NONE', ( #10849, #261, #4687, #3140 ) ) ;
#8254 = MECHANICAL_DESIGN_GEOMETRIC_PRESENTATION_REPRESENTATION (  '', ( #5531 ), #8967 ) ;
#8255 = CARTESIAN_POINT ( 'NONE',  ( -8.651889459346332245, 0.2178369010166504027, 2.974444766188808931 ) ) ;
#8256 = CARTESIAN_POINT ( 'NONE',  ( 6.819867253904784654, 0.08184250052691059707, 5.958178137043128153 ) ) ;
#8257 = CIRCLE ( 'NONE', #10772, 32.00000000000000000 ) ;
#8258 = ORIENTED_EDGE ( 'NONE', *, *, #425, .T. ) ;
#8259 = ORIENTED_EDGE ( 'NONE', *, *, #9582, .F. ) ;
#8260 = CIRCLE ( 'NONE', #5011, 0.2500000000000002220 ) ;
#8261 = DIRECTION ( 'NONE',  ( 0.000000000000000000, 0.000000000000000000, -1.000000000000000000 ) ) ;
#8262 = DIRECTION ( 'NONE',  ( 0.8660254037844388186, -0.000000000000000000, 0.4999999999999997224 ) ) ;
#8263 = STYLED_ITEM ( 'NONE', ( #7311 ), #2976 ) ;
#8264 = ORIENTED_EDGE ( 'NONE', *, *, #9440, .T. ) ;
#8265 = CARTESIAN_POINT ( 'NONE',  ( -12.61475032316564082, 10.64289375798497517, -18.34938848451937332 ) ) ;
#8266 = EDGE_CURVE ( 'NONE', #9141, #8934, #3510, .T. ) ;
#8267 = DIRECTION ( 'NONE',  ( -0.8660254037844382635, 0.000000000000000000, 0.5000000000000005551 ) ) ;
#8268 = ORIENTED_EDGE ( 'NONE', *, *, #6133, .F. ) ;
#8269 = DIRECTION ( 'NONE',  ( 0.000000000000000000, -1.000000000000000000, 0.000000000000000000 ) ) ;
#8270 = CARTESIAN_POINT ( 'NONE',  ( -18.34938848451919924, 10.64289375798497161, 12.61475032316588241 ) ) ;
#8271 = STYLED_ITEM ( 'NONE', ( #7404 ), #4124 ) ;
#8272 = CARTESIAN_POINT ( 'NONE',  ( 0.000000000000000000, 10.49999999999999822, 0.000000000000000000 ) ) ;
#8273 = SURFACE_STYLE_USAGE ( .BOTH. , #8216 ) ;
#8274 =( NAMED_UNIT ( * ) SI_UNIT ( $, .STERADIAN. ) SOLID_ANGLE_UNIT ( ) );
#8275 = LINE ( 'NONE', #4821, #8209 ) ;
#8276 = EDGE_CURVE ( 'NONE', #1790, #4712, #8447, .T. ) ;
#8277 =( NAMED_UNIT ( * ) PLANE_ANGLE_UNIT ( ) SI_UNIT ( $, .RADIAN. ) );
#8278 = PLANE ( 'NONE',  #8799 ) ;
#8279 = EDGE_LOOP ( 'NONE', ( #3802, #6252, #10585, #9544 ) ) ;
#8280 = CARTESIAN_POINT ( 'NONE',  ( -6.005533679434249983, 0.2178369010166495978, -6.901889459346409517 ) ) ;
#8281 = FILL_AREA_STYLE_COLOUR ( '', #5580 ) ;
#8282 = DIRECTION ( 'NONE',  ( 0.000000000000000000, 0.000000000000000000, 1.000000000000000000 ) ) ;
#8283 = ORIENTED_EDGE ( 'NONE', *, *, #8446, .T. ) ;
#8284 = MECHANICAL_DESIGN_GEOMETRIC_PRESENTATION_REPRESENTATION (  '', ( #2635 ), #9012 ) ;
#8285 = ORIENTED_EDGE ( 'NONE', *, *, #821, .F. ) ;
#8286 = SURFACE_SIDE_STYLE ('',( #4834 ) ) ;
#8287 =( NAMED_UNIT ( * ) SI_UNIT ( $, .STERADIAN. ) SOLID_ANGLE_UNIT ( ) );
#8288 = SURFACE_STYLE_FILL_AREA ( #2074 ) ;
#8289 = DIRECTION ( 'NONE',  ( 0.000000000000000000, 0.000000000000000000, 1.000000000000000000 ) ) ;
#8290 = EDGE_CURVE ( 'NONE', #3961, #8474, #7500, .T. ) ;
#8291 = CARTESIAN_POINT ( 'NONE',  ( -13.02841234388514202, 6.064326197966518173, 1.750000000000270006 ) ) ;
#8292 = AXIS2_PLACEMENT_3D ( 'NONE', #9524, #10582, #1029 ) ;
#8293 = EDGE_CURVE ( 'NONE', #327, #7569, #10712, .T. ) ;
#8294 = CARTESIAN_POINT ( 'NONE',  ( 19.86718589315090000, 10.49999999999999822, 9.449599181287309690 ) ) ;
#8295 = ORIENTED_EDGE ( 'NONE', *, *, #9478, .T. ) ;
#8296 = VERTEX_POINT ( 'NONE', #7337 ) ;
#8297 = DIRECTION ( 'NONE',  ( -0.000000000000000000, 1.000000000000000000, -0.000000000000000000 ) ) ;
#8298 = FACE_OUTER_BOUND ( 'NONE', #5853, .T. ) ;
#8299 = VERTEX_POINT ( 'NONE', #478 ) ;
#8300 = STYLED_ITEM ( 'NONE', ( #1599 ), #9132 ) ;
#8301 = ORIENTED_EDGE ( 'NONE', *, *, #7042, .T. ) ;
#8302 = ORIENTED_EDGE ( 'NONE', *, *, #5964, .T. ) ;
#8303 =( NAMED_UNIT ( * ) PLANE_ANGLE_UNIT ( ) SI_UNIT ( $, .RADIAN. ) );
#8304 = CARTESIAN_POINT ( 'NONE',  ( -8.559059450933400370, 0.000000000000000000, -1.749999999999731326 ) ) ;
#8305 =( NAMED_UNIT ( * ) PLANE_ANGLE_UNIT ( ) SI_UNIT ( $, .RADIAN. ) );
#8306 = DIRECTION ( 'NONE',  ( 0.000000000000000000, 0.000000000000000000, -1.000000000000000000 ) ) ;
#8307 = CARTESIAN_POINT ( 'NONE',  ( -13.09837267093405444, 10.30006695603317013, -5.541623045346122822 ) ) ;
#8308 = FILL_AREA_STYLE_COLOUR ( '', #747 ) ;
#8309 = UNCERTAINTY_MEASURE_WITH_UNIT (LENGTH_MEASURE( 1.000000000000000082E-05 ), #5430, 'distance_accuracy_value', 'NONE');
#8310 = EDGE_CURVE ( 'NONE', #9595, #9367, #6425, .T. ) ;
#8311 = ORIENTED_EDGE ( 'NONE', *, *, #8856, .F. ) ;
#8312 = COLOUR_RGB ( '',0.1529411764705882470, 0.4901960784313725283, 1.000000000000000000 ) ;
#8313 = DIRECTION ( 'NONE',  ( 0.000000000000000000, -1.000000000000000000, 0.000000000000000000 ) ) ;
#8314 = DIRECTION ( 'NONE',  ( 0.000000000000000000, 0.000000000000000000, -1.000000000000000000 ) ) ;
#8315 = ORIENTED_EDGE ( 'NONE', *, *, #3207, .F. ) ;
#8316 = DIRECTION ( 'NONE',  ( 0.000000000000000000, 1.000000000000000000, 0.000000000000000000 ) ) ;
#8317 = FACE_OUTER_BOUND ( 'NONE', #6481, .T. ) ;
#8318 = EDGE_LOOP ( 'NONE', ( #6176, #2135, #3565, #8301, #1604, #2459, #5523, #5385, #3649, #10192, #7729 ) ) ;
#8319 = CIRCLE ( 'NONE', #6688, 30.50000000000000000 ) ;
#8320 = CONICAL_SURFACE ( 'NONE', #5415, 14.30000000000000071, 0.5996168419455644161 ) ;
#8321 = DIRECTION ( 'NONE',  ( 0.000000000000000000, 0.000000000000000000, -1.000000000000000000 ) ) ;
#8322 = ORIENTED_EDGE ( 'NONE', *, *, #559, .F. ) ;
#8323 = B_SPLINE_CURVE_WITH_KNOTS ( 'NONE', 3,
 ( #8206, #289, #10688, #9733, #1941, #395, #3881, #5432 ),
 .UNSPECIFIED., .F., .F.,
 ( 4, 2, 2, 4 ),
 ( 0.000000000000000000, 0.0002429683717504898025, 0.0004859367435009796050, 0.0009718734870019563911 ),
 .UNSPECIFIED. ) ;
#8324 = CARTESIAN_POINT ( 'NONE',  ( 18.37780823672227726, 10.80000000000000071, -12.63115847475055986 ) ) ;
#8325 = VERTEX_POINT ( 'NONE', #3845 ) ;
#8326 = STYLED_ITEM ( 'NONE', ( #366 ), #10273 ) ;
#8327 = MECHANICAL_DESIGN_GEOMETRIC_PRESENTATION_REPRESENTATION (  '', ( #10847 ), #6698 ) ;
#8328 = DIRECTION ( 'NONE',  ( 0.000000000000000000, -1.000000000000000000, 0.000000000000000000 ) ) ;
#8329 = ADVANCED_FACE ( 'NONE', ( #6405 ), #9866, .T. ) ;
#8330 = AXIS2_PLACEMENT_3D ( 'NONE', #6713, #5025, #1418 ) ;
#8331 = CARTESIAN_POINT ( 'NONE',  ( 0.000000000000000000, -18.21991441758264685, 0.000000000000000000 ) ) ;
#8332 = FACE_OUTER_BOUND ( 'NONE', #9617, .T. ) ;
#8333 = CARTESIAN_POINT ( 'NONE',  ( -21.74353352148641250, -13.15000000000000213, -21.49353352148625618 ) ) ;
#8334 = CIRCLE ( 'NONE', #2146, 32.50000000000000000 ) ;
#8335 = FACE_OUTER_BOUND ( 'NONE', #5650, .T. ) ;
#8336 = UNCERTAINTY_MEASURE_WITH_UNIT (LENGTH_MEASURE( 1.000000000000000082E-05 ), #7869, 'distance_accuracy_value', 'NONE');
#8337 = PRESENTATION_STYLE_ASSIGNMENT (( #6867 ) ) ;
#8338 = CARTESIAN_POINT ( 'NONE',  ( -19.86718589315095329, 10.49999999999999822, -9.449599181287203109 ) ) ;
#8339 = ORIENTED_EDGE ( 'NONE', *, *, #1901, .T. ) ;
#8340 = STYLED_ITEM ( 'NONE', ( #3717 ), #5378 ) ;
#8341 = CARTESIAN_POINT ( 'NONE',  ( 2.927091103288684160, 0.08184789799993381909, -8.569870509278821658 ) ) ;
#8342 = FILL_AREA_STYLE ('',( #8281 ) ) ;
#8343 = TOROIDAL_SURFACE ( 'NONE', #7413, 8.736131791852239203, 0.5000000000000000000 ) ;
#8344 = ADVANCED_FACE ( 'NONE', ( #4718 ), #9966, .T. ) ;
#8345 = PLANE ( 'NONE',  #6759 ) ;
#8346 = DIRECTION ( 'NONE',  ( 0.000000000000000000, 0.000000000000000000, -1.000000000000000000 ) ) ;
#8347 = COLOUR_RGB ( '',0.1529411764705882470, 0.4901960784313725283, 1.000000000000000000 ) ;
#8348 = FILL_AREA_STYLE ('',( #5682 ) ) ;
#8349 = CARTESIAN_POINT ( 'NONE',  ( 21.56675682618975642, -13.25000000000000178, -21.56675682618964274 ) ) ;
#8350 = VERTEX_POINT ( 'NONE', #6589 ) ;
#8351 = CARTESIAN_POINT ( 'NONE',  ( 0.000000000000000000, -12.50000000000000000, 0.000000000000000000 ) ) ;
#8352 = ORIENTED_EDGE ( 'NONE', *, *, #10209, .T. ) ;
#8353 = CARTESIAN_POINT ( 'NONE',  ( -21.92031021678305081, 13.54999999999999893, -21.92031021678288383 ) ) ;
#8354 = CARTESIAN_POINT ( 'NONE',  ( 9.449599181287338112, 10.49999999999999822, -19.86718589315089289 ) ) ;
#8355 = ORIENTED_EDGE ( 'NONE', *, *, #60, .T. ) ;
#8356 = ADVANCED_FACE ( 'NONE', ( #8173 ), #4084, .T. ) ;
#8357 = EDGE_CURVE ( 'NONE', #875, #480, #2246, .T. ) ;
#8358 = ORIENTED_EDGE ( 'NONE', *, *, #1681, .F. ) ;
#8359 = ORIENTED_EDGE ( 'NONE', *, *, #5211, .F. ) ;
#8360 = DIRECTION ( 'NONE',  ( -0.000000000000000000, 1.000000000000000000, -0.000000000000000000 ) ) ;
#8361 = VECTOR ( 'NONE', #6864, 1000.000000000000000 ) ;
#8362 = LINE ( 'NONE', #2485, #10426 ) ;
#8363 = CARTESIAN_POINT ( 'NONE',  ( -13.48425838651253628, 10.49999999999999645, -5.764414267111778400 ) ) ;
#8364 = DIRECTION ( 'NONE',  ( 0.000000000000000000, -1.000000000000000000, 0.000000000000000000 ) ) ;
#8365 = VERTEX_POINT ( 'NONE', #705 ) ;
#8366 = CARTESIAN_POINT ( 'NONE',  ( 22.30000000000000071, 6.499999999999999112, 0.000000000000000000 ) ) ;
#8367 = DIRECTION ( 'NONE',  ( -0.000000000000000000, 1.000000000000000000, -0.000000000000000000 ) ) ;
#8368 = DIRECTION ( 'NONE',  ( 0.000000000000000000, 0.000000000000000000, 1.000000000000000000 ) ) ;
#8369 = VECTOR ( 'NONE', #7191, 1000.000000000000000 ) ;
#8370 = VERTEX_POINT ( 'NONE', #1677 ) ;
#8371 = CARTESIAN_POINT ( 'NONE',  ( 0.000000000000000000, 5.499999999999999112, 0.000000000000000000 ) ) ;
#8372 = EDGE_CURVE ( 'NONE', #4904, #9802, #6622, .T. ) ;
#8373 = EDGE_LOOP ( 'NONE', ( #2100, #4518, #1851, #3883, #3209 ) ) ;
#8374 = STYLED_ITEM ( 'NONE', ( #1939 ), #5720 ) ;
#8375 = CARTESIAN_POINT ( 'NONE',  ( 20.68287334970658264, -13.25000000000000178, 20.68287334970643698 ) ) ;
#8376 = LINE ( 'NONE', #9167, #9088 ) ;
#8377 = VERTEX_POINT ( 'NONE', #8465 ) ;
#8378 = PRESENTATION_LAYER_ASSIGNMENT (  '', '', ( #7116 ) ) ;
#8379 = SURFACE_STYLE_USAGE ( .BOTH. , #7422 ) ;
#8380 = FACE_OUTER_BOUND ( 'NONE', #1961, .T. ) ;
#8381 = FILL_AREA_STYLE_COLOUR ( '', #9202 ) ;
#8382 = ORIENTED_EDGE ( 'NONE', *, *, #10517, .F. ) ;
#8383 = COLOUR_RGB ( '',0.1529411764705882470, 0.4901960784313725283, 1.000000000000000000 ) ;
#8384 = CARTESIAN_POINT ( 'NONE',  ( 1.750000000000005995, 10.80000000000000071, 22.23122803625566846 ) ) ;
#8385 = CARTESIAN_POINT ( 'NONE',  ( -18.37780823672224173, 0.000000000000000000, 12.63115847475061315 ) ) ;
#8386 = EDGE_CURVE ( 'NONE', #10680, #1776, #4819, .T. ) ;
#8387 =( GEOMETRIC_REPRESENTATION_CONTEXT ( 3 ) GLOBAL_UNCERTAINTY_ASSIGNED_CONTEXT ( ( #4336 ) ) GLOBAL_UNIT_ASSIGNED_CONTEXT ( ( #6984, #3364, #6120 ) ) REPRESENTATION_CONTEXT ( 'NONE', 'WORKASPACE' ) );
#8388 = CARTESIAN_POINT ( 'NONE',  ( -18.37780823672210317, -18.21991441758264685, -12.63115847475081388 ) ) ;
#8389 = DIRECTION ( 'NONE',  ( 0.000000000000000000, 0.000000000000000000, 1.000000000000000000 ) ) ;
#8390 = DIRECTION ( 'NONE',  ( 0.000000000000000000, 0.000000000000000000, 1.000000000000000000 ) ) ;
#8391 = AXIS2_PLACEMENT_3D ( 'NONE', #6246, #5406, #10497 ) ;
#8392 = DIRECTION ( 'NONE',  ( -0.000000000000000000, -1.000000000000000000, -0.000000000000000000 ) ) ;
#8393 = DIRECTION ( 'NONE',  ( 0.000000000000000000, 0.000000000000000000, -1.000000000000000000 ) ) ;
#8394 = DIRECTION ( 'NONE',  ( 0.000000000000000000, 0.000000000000000000, 1.000000000000000000 ) ) ;
#8395 = DIRECTION ( 'NONE',  ( 0.000000000000000000, 0.000000000000000000, 1.000000000000000000 ) ) ;
#8396 = AXIS2_PLACEMENT_3D ( 'NONE', #10926, #6687, #6508 ) ;
#8397 = VERTEX_POINT ( 'NONE', #7565 ) ;
#8398 =( NAMED_UNIT ( * ) SI_UNIT ( $, .STERADIAN. ) SOLID_ANGLE_UNIT ( ) );
#8399 = FACE_OUTER_BOUND ( 'NONE', #9960, .T. ) ;
#8400 = PLANE ( 'NONE',  #1957 ) ;
#8401 =( LENGTH_UNIT ( ) NAMED_UNIT ( * ) SI_UNIT ( .MILLI., .METRE. ) );
#8402 = AXIS2_PLACEMENT_3D ( 'NONE', #3860, #3694, #7353 ) ;
#8403 = DIRECTION ( 'NONE',  ( -1.000000000000000000, 0.000000000000000000, 1.367258905585373894E-16 ) ) ;
#8404 = DIRECTION ( 'NONE',  ( -0.000000000000000000, -1.000000000000000000, -0.000000000000000000 ) ) ;
#8405 = STYLED_ITEM ( 'NONE', ( #10259 ), #6540 ) ;
#8406 = DIRECTION ( 'NONE',  ( 0.000000000000000000, 0.000000000000000000, 1.000000000000000000 ) ) ;
#8407 = CARTESIAN_POINT ( 'NONE',  ( 3.459095744105427528, 4.345517802399454510, 9.491329577035861220 ) ) ;
#8408 = DIRECTION ( 'NONE',  ( -0.000000000000000000, -1.000000000000000000, -0.000000000000000000 ) ) ;
#8409 = ORIENTED_EDGE ( 'NONE', *, *, #9714, .F. ) ;
#8410 = EDGE_CURVE ( 'NONE', #5122, #10734, #9376, .T. ) ;
#8411 = EDGE_LOOP ( 'NONE', ( #5127, #802, #9171, #3257, #3034, #253, #6043, #4194, #7230, #2773, #8637, #9443 ) ) ;
#8412 = FILL_AREA_STYLE_COLOUR ( '', #3389 ) ;
#8413 =( GEOMETRIC_REPRESENTATION_CONTEXT ( 3 ) GLOBAL_UNCERTAINTY_ASSIGNED_CONTEXT ( ( #11133 ) ) GLOBAL_UNIT_ASSIGNED_CONTEXT ( ( #5118, #9191, #10140 ) ) REPRESENTATION_CONTEXT ( 'NONE', 'WORKASPACE' ) );
#8414 = EDGE_LOOP ( 'NONE', ( #1260, #6140, #9695, #55 ) ) ;
#8415 = AXIS2_PLACEMENT_3D ( 'NONE', #4771, #10827, #2859 ) ;
#8416 = VERTEX_POINT ( 'NONE', #3254 ) ;
#8417 = VERTEX_POINT ( 'NONE', #10940 ) ;
#8418 =( LENGTH_UNIT ( ) NAMED_UNIT ( * ) SI_UNIT ( .MILLI., .METRE. ) );
#8419 = DIRECTION ( 'NONE',  ( -0.000000000000000000, 1.000000000000000000, -0.000000000000000000 ) ) ;
#8420 = DIRECTION ( 'NONE',  ( -0.000000000000000000, 1.000000000000000000, -0.000000000000000000 ) ) ;
#8421 = CARTESIAN_POINT ( 'NONE',  ( 4.998661715319930643, 6.064326197966797949, -12.15793606078348787 ) ) ;
#8422 = PRESENTATION_LAYER_ASSIGNMENT (  '', '', ( #10215 ) ) ;
#8423 = CARTESIAN_POINT ( 'NONE',  ( 13.31894628968457006, 6.347063136999497424, 1.749999999999589662 ) ) ;
#8424 = LINE ( 'NONE', #2203, #4225 ) ;
#8425 = SURFACE_SIDE_STYLE ('',( #3982 ) ) ;
#8426 = UNCERTAINTY_MEASURE_WITH_UNIT (LENGTH_MEASURE( 1.000000000000000082E-05 ), #7588, 'distance_accuracy_value', 'NONE');
#8427 = CARTESIAN_POINT ( 'NONE',  ( 20.50609665440993012, 13.44999999999999929, -20.50609665440982354 ) ) ;
#8428 = TOROIDAL_SURFACE ( 'NONE', #1518, 22.00000000000000000, 0.2999999999999999889 ) ;
#8429 = ORIENTED_EDGE ( 'NONE', *, *, #425, .F. ) ;
#8430 = EDGE_CURVE ( 'NONE', #10729, #8904, #1705, .T. ) ;
#8431 = DIRECTION ( 'NONE',  ( 0.8660254037844397068, -0.000000000000000000, -0.4999999999999980571 ) ) ;
#8432 = CARTESIAN_POINT ( 'NONE',  ( 0.000000000000000000, -13.25000000000000178, 0.000000000000000000 ) ) ;
#8433 = CIRCLE ( 'NONE', #9330, 22.30000000000000071 ) ;
#8434 = VECTOR ( 'NONE', #9289, 1000.000000000000000 ) ;
#8435 = ORIENTED_EDGE ( 'NONE', *, *, #2086, .T. ) ;
#8436 = FILL_AREA_STYLE ('',( #11024 ) ) ;
#8437 = CIRCLE ( 'NONE', #4257, 9.148907742668312082 ) ;
#8438 = ORIENTED_EDGE ( 'NONE', *, *, #8499, .T. ) ;
#8439 = DIRECTION ( 'NONE',  ( 0.000000000000000000, 0.000000000000000000, 1.000000000000000000 ) ) ;
#8440 = CARTESIAN_POINT ( 'NONE',  ( 22.80419369326621393, -13.15000000000000213, -22.80419369326610379 ) ) ;
#8441 = AXIS2_PLACEMENT_3D ( 'NONE', #5133, #7512, #6778 ) ;
#8442 = UNCERTAINTY_MEASURE_WITH_UNIT (LENGTH_MEASURE( 1.000000000000000082E-05 ), #1644, 'distance_accuracy_value', 'NONE');
#8443 =( LENGTH_UNIT ( ) NAMED_UNIT ( * ) SI_UNIT ( .MILLI., .METRE. ) );
#8444 = EDGE_CURVE ( 'NONE', #5869, #2279, #4448, .T. ) ;
#8445 = UNCERTAINTY_MEASURE_WITH_UNIT (LENGTH_MEASURE( 1.000000000000000082E-05 ), #7305, 'distance_accuracy_value', 'NONE');
#8446 = EDGE_CURVE ( 'NONE', #5301, #1753, #3247, .T. ) ;
#8447 = B_SPLINE_CURVE_WITH_KNOTS ( 'NONE', 3,
 ( #8294, #2016, #4661, #10882, #3022, #2861 ),
 .UNSPECIFIED., .F., .F.,
 ( 4, 2, 4 ),
 ( 0.000000000000000000, 0.0002346925379797267885, 0.0004693850759594535771 ),
 .UNSPECIFIED. ) ;
#8448 = CARTESIAN_POINT ( 'NONE',  ( 14.72410497215833303, 10.49999999999999822, 1.749999999999589217 ) ) ;
#8449 = AXIS2_PLACEMENT_3D ( 'NONE', #5956, #2473, #9417 ) ;
#8450 = ORIENTED_EDGE ( 'NONE', *, *, #11107, .T. ) ;
#8451 = FILL_AREA_STYLE_COLOUR ( '', #2 ) ;
#8452 = DIRECTION ( 'NONE',  ( 0.8660254037844382635, 0.000000000000000000, -0.5000000000000005551 ) ) ;
#8453 = CIRCLE ( 'NONE', #10961, 22.00000000000000000 ) ;
#8454 = SURFACE_STYLE_USAGE ( .BOTH. , #4816 ) ;
#8455 = B_SPLINE_CURVE_WITH_KNOTS ( 'NONE', 3,
 ( #9741, #8900, #7215, #6340, #9352, #3183, #3005, #9236 ),
 .UNSPECIFIED., .F., .F.,
 ( 4, 2, 2, 4 ),
 ( 0.000000000000000000, 0.0002427981594783393498, 0.0004855963189566786997, 0.0009711926379133587004 ),
 .UNSPECIFIED. ) ;
#8456 = FILL_AREA_STYLE ('',( #4998 ) ) ;
#8457 = ORIENTED_EDGE ( 'NONE', *, *, #5607, .T. ) ;
#8458 = EDGE_CURVE ( 'NONE', #5365, #7392, #6814, .T. ) ;
#8459 = CARTESIAN_POINT ( 'NONE',  ( -4.325731013513948398, 4.112992312804661488, 10.99238589528258281 ) ) ;
#8460 = ORIENTED_EDGE ( 'NONE', *, *, #8715, .F. ) ;
#8461 = SURFACE_SIDE_STYLE ('',( #5061 ) ) ;
#8462 = DIRECTION ( 'NONE',  ( 2.126847186466136648E-16, 0.000000000000000000, 1.000000000000000000 ) ) ;
#8463 = VECTOR ( 'NONE', #4212, 1000.000000000000000 ) ;
#8464 = SURFACE_STYLE_USAGE ( .BOTH. , #476 ) ;
#8465 = CARTESIAN_POINT ( 'NONE',  ( 12.87892169252491747, 6.499999999999999112, -5.414922963887647711 ) ) ;
#8466 = DIRECTION ( 'NONE',  ( 0.000000000000000000, -1.000000000000000000, 0.000000000000000000 ) ) ;
#8467 = VERTEX_POINT ( 'NONE', #604 ) ;
#8468 = STYLED_ITEM ( 'NONE', ( #5204 ), #4678 ) ;
#8469 = COLOUR_RGB ( '',0.1529411764705882470, 0.4901960784313725283, 1.000000000000000000 ) ;
#8470 = EDGE_LOOP ( 'NONE', ( #135, #8521, #3113, #5760 ) ) ;
#8471 = CARTESIAN_POINT ( 'NONE',  ( 0.000000000000000000, -13.25000000000000178, 0.000000000000000000 ) ) ;
#8472 = ORIENTED_EDGE ( 'NONE', *, *, #1700, .T. ) ;
#8473 = ORIENTED_EDGE ( 'NONE', *, *, #2176, .F. ) ;
#8474 = VERTEX_POINT ( 'NONE', #2422 ) ;
#8475 = EDGE_CURVE ( 'NONE', #4576, #7625, #5119, .T. ) ;
#8476 = CARTESIAN_POINT ( 'NONE',  ( 0.000000000000000000, -13.25000000000000178, 0.000000000000000000 ) ) ;
#8477 = CARTESIAN_POINT ( 'NONE',  ( 0.000000000000000000, -13.25000000000000178, 31.00000000000000000 ) ) ;
#8478 = VERTEX_POINT ( 'NONE', #9362 ) ;
#8479 = B_SPLINE_CURVE_WITH_KNOTS ( 'NONE', 3,
 ( #2791, #1274, #6279, #2942, #5608, #8208, #1947, #3767 ),
 .UNSPECIFIED., .F., .F.,
 ( 4, 2, 2, 4 ),
 ( 8.673617379884035472E-19, 0.0002429683717504886641, 0.0004859367435009764608, 0.0009718734870019579090 ),
 .UNSPECIFIED. ) ;
#8480 =( LENGTH_UNIT ( ) NAMED_UNIT ( * ) SI_UNIT ( .MILLI., .METRE. ) );
#8481 = CARTESIAN_POINT ( 'NONE',  ( 0.000000000000000000, 0.5000000000000000000, 0.000000000000000000 ) ) ;
#8482 = STYLED_ITEM ( 'NONE', ( #233 ), #9104 ) ;
#8483 = DIRECTION ( 'NONE',  ( -0.000000000000000000, 1.000000000000000000, -0.000000000000000000 ) ) ;
#8484 = FILL_AREA_STYLE_COLOUR ( '', #7294 ) ;
#8485 = VERTEX_POINT ( 'NONE', #3198 ) ;
#8486 = EDGE_CURVE ( 'NONE', #5273, #1037, #5725, .T. ) ;
#8487 = DIRECTION ( 'NONE',  ( 0.000000000000000000, 0.000000000000000000, 1.000000000000000000 ) ) ;
#8488 = CARTESIAN_POINT ( 'NONE',  ( 14.11124785010230909, 10.30978705923616090, 1.749999999999589884 ) ) ;
#8489 =( NAMED_UNIT ( * ) PLANE_ANGLE_UNIT ( ) SI_UNIT ( $, .RADIAN. ) );
#8490 = FILL_AREA_STYLE_COLOUR ( '', #10034 ) ;
#8491 =( LENGTH_UNIT ( ) NAMED_UNIT ( * ) SI_UNIT ( .MILLI., .METRE. ) );
#8492 =( NAMED_UNIT ( * ) PLANE_ANGLE_UNIT ( ) SI_UNIT ( $, .RADIAN. ) );
#8493 = ORIENTED_EDGE ( 'NONE', *, *, #10012, .F. ) ;
#8494 = VERTEX_POINT ( 'NONE', #11168 ) ;
#8495 =( GEOMETRIC_REPRESENTATION_CONTEXT ( 3 ) GLOBAL_UNCERTAINTY_ASSIGNED_CONTEXT ( ( #4579 ) ) GLOBAL_UNIT_ASSIGNED_CONTEXT ( ( #8698, #2650, #9602 ) ) REPRESENTATION_CONTEXT ( 'NONE', 'WORKASPACE' ) );
#8496 =( NAMED_UNIT ( * ) SI_UNIT ( $, .STERADIAN. ) SOLID_ANGLE_UNIT ( ) );
#8497 = DIRECTION ( 'NONE',  ( -0.000000000000000000, 1.000000000000000000, 0.000000000000000000 ) ) ;
#8498 = EDGE_CURVE ( 'NONE', #7569, #4653, #6065, .T. ) ;
#8499 = EDGE_CURVE ( 'NONE', #7407, #3751, #11223, .T. ) ;
#8500 = SURFACE_STYLE_FILL_AREA ( #8615 ) ;
#8501 = CARTESIAN_POINT ( 'NONE',  ( 0.000000000000000000, 0.2178369010166492092, 0.000000000000000000 ) ) ;
#8502 = DIRECTION ( 'NONE',  ( 0.000000000000000000, 0.000000000000000000, 1.000000000000000000 ) ) ;
#8503 = ORIENTED_EDGE ( 'NONE', *, *, #9172, .T. ) ;
#8504 = VECTOR ( 'NONE', #5463, 1000.000000000000000 ) ;
#8505 = DIRECTION ( 'NONE',  ( -0.000000000000000000, 1.000000000000000000, -0.000000000000000000 ) ) ;
#8506 = CARTESIAN_POINT ( 'NONE',  ( 12.90616799762222655, 10.06432619796669847, 5.430653625470030832 ) ) ;
#8507 = VERTEX_POINT ( 'NONE', #6986 ) ;
#8508 = DIRECTION ( 'NONE',  ( 0.000000000000000000, 0.000000000000000000, -1.000000000000000000 ) ) ;
#8509 = CARTESIAN_POINT ( 'NONE',  ( 0.000000000000000000, 6.064326197966698473, 0.000000000000000000 ) ) ;
#8510 = PRESENTATION_LAYER_ASSIGNMENT (  '', '', ( #504 ) ) ;
#8511 = AXIS2_PLACEMENT_3D ( 'NONE', #9464, #1668, #5838 ) ;
#8512 = EDGE_CURVE ( 'NONE', #6804, #5751, #7358, .T. ) ;
#8513 = ADVANCED_FACE ( 'NONE', ( #7781 ), #2465, .F. ) ;
#8514 = SURFACE_STYLE_FILL_AREA ( #868 ) ;
#8515 = DIRECTION ( 'NONE',  ( 0.000000000000000000, -1.000000000000000000, 0.000000000000000000 ) ) ;
#8516 = TOROIDAL_SURFACE ( 'NONE', #1051, 22.00000000000000000, 0.2999999999999999889 ) ;
#8517 = DIRECTION ( 'NONE',  ( 0.000000000000000000, 0.000000000000000000, 1.000000000000000000 ) ) ;
#8518 = ORIENTED_EDGE ( 'NONE', *, *, #1949, .T. ) ;
#8519 = AXIS2_PLACEMENT_3D ( 'NONE', #10240, #2350, #2510 ) ;
#8520 =( GEOMETRIC_REPRESENTATION_CONTEXT ( 3 ) GLOBAL_UNCERTAINTY_ASSIGNED_CONTEXT ( ( #11271 ) ) GLOBAL_UNIT_ASSIGNED_CONTEXT ( ( #457, #2455, #6624 ) ) REPRESENTATION_CONTEXT ( 'NONE', 'WORKASPACE' ) );
#8521 = ORIENTED_EDGE ( 'NONE', *, *, #4405, .T. ) ;
#8522 = ORIENTED_EDGE ( 'NONE', *, *, #2894, .T. ) ;
#8523 = AXIS2_PLACEMENT_3D ( 'NONE', #2483, #10323, #5132 ) ;
#8524 = EDGE_CURVE ( 'NONE', #4033, #5764, #10993, .T. ) ;
#8525 = ORIENTED_EDGE ( 'NONE', *, *, #3546, .T. ) ;
#8526 = ORIENTED_EDGE ( 'NONE', *, *, #9772, .F. ) ;
#8527 = DIRECTION ( 'NONE',  ( -2.582600154994595188E-16, 0.000000000000000000, -1.000000000000000000 ) ) ;
#8528 = STYLED_ITEM ( 'NONE', ( #4573 ), #10996 ) ;
#8529 = CARTESIAN_POINT ( 'NONE',  ( 22.62741699796960404, -13.25000000000000178, 22.62741699796943706 ) ) ;
#8530 = FACE_OUTER_BOUND ( 'NONE', #7131, .T. ) ;
#8531 = DIRECTION ( 'NONE',  ( 0.000000000000000000, 0.000000000000000000, 1.000000000000000000 ) ) ;
#8532 = CARTESIAN_POINT ( 'NONE',  ( 13.12895560341130974, 6.192532590100034540, 1.749999999999589662 ) ) ;
#8533 = DIRECTION ( 'NONE',  ( 0.000000000000000000, 0.000000000000000000, 1.000000000000000000 ) ) ;
#8534 = SURFACE_STYLE_FILL_AREA ( #5083 ) ;
#8535 = UNCERTAINTY_MEASURE_WITH_UNIT (LENGTH_MEASURE( 1.000000000000000082E-05 ), #2169, 'distance_accuracy_value', 'NONE');
#8536 = ORIENTED_EDGE ( 'NONE', *, *, #9465, .T. ) ;
#8537 = PRESENTATION_STYLE_ASSIGNMENT (( #4273 ) ) ;
#8538 = SURFACE_STYLE_FILL_AREA ( #3989 ) ;
#8539 = DIRECTION ( 'NONE',  ( -0.000000000000000000, 1.000000000000000000, -0.000000000000000000 ) ) ;
#8540 = DIRECTION ( 'NONE',  ( 1.065814103640150279E-14, 0.000000000000000000, 1.000000000000000000 ) ) ;
#8541 = ORIENTED_EDGE ( 'NONE', *, *, #61, .F. ) ;
#8542 = CARTESIAN_POINT ( 'NONE',  ( -5.430653625470028167, 10.06432619796669847, 12.90616799762222833 ) ) ;
#8543 =( NAMED_UNIT ( * ) PLANE_ANGLE_UNIT ( ) SI_UNIT ( $, .RADIAN. ) );
#8544 = UNCERTAINTY_MEASURE_WITH_UNIT (LENGTH_MEASURE( 1.000000000000000082E-05 ), #2231, 'distance_accuracy_value', 'NONE');
#8545 = CARTESIAN_POINT ( 'NONE',  ( 22.80419369326623524, 13.54999999999999893, 22.80419369326607537 ) ) ;
#8546 = B_SPLINE_CURVE_WITH_KNOTS ( 'NONE', 3,
 ( #584, #4070, #9400, #7544, #10982, #5107, #8556, #3181 ),
 .UNSPECIFIED., .F., .F.,
 ( 4, 2, 2, 4 ),
 ( 1.939479807224432123E-18, 0.0002427953948744205107, 0.0004855907897488390699, 0.0009711815794976738029 ),
 .UNSPECIFIED. ) ;
#8547 = CARTESIAN_POINT ( 'NONE',  ( 21.74353352148660079, -13.15000000000000213, 21.74353352148607144 ) ) ;
#8548 = CARTESIAN_POINT ( 'NONE',  ( 13.89239616418565504, 10.06432619796669847, 1.749999999999589440 ) ) ;
#8549 = VERTEX_POINT ( 'NONE', #6174 ) ;
#8550 = STYLED_ITEM ( 'NONE', ( #2843 ), #223 ) ;
#8551 = ADVANCED_FACE ( 'NONE', ( #2632 ), #278, .F. ) ;
#8552 = DIRECTION ( 'NONE',  ( 0.000000000000000000, 0.000000000000000000, 1.000000000000000000 ) ) ;
#8553 = EDGE_LOOP ( 'NONE', ( #2414, #1377, #10840, #281 ) ) ;
#8554 =( GEOMETRIC_REPRESENTATION_CONTEXT ( 3 ) GLOBAL_UNCERTAINTY_ASSIGNED_CONTEXT ( ( #7406 ) ) GLOBAL_UNIT_ASSIGNED_CONTEXT ( ( #534, #7559, #3965 ) ) REPRESENTATION_CONTEXT ( 'NONE', 'WORKASPACE' ) );
#8555 = DIRECTION ( 'NONE',  ( 0.000000000000000000, -1.000000000000000000, 0.000000000000000000 ) ) ;
#8556 = CARTESIAN_POINT ( 'NONE',  ( 5.764414267111800605, 10.49999999999999467, -13.48425838651252207 ) ) ;
#8557 = DIRECTION ( 'NONE',  ( 0.000000000000000000, -1.000000000000000000, 0.000000000000000000 ) ) ;
#8558 =( GEOMETRIC_REPRESENTATION_CONTEXT ( 3 ) GLOBAL_UNCERTAINTY_ASSIGNED_CONTEXT ( ( #10565 ) ) GLOBAL_UNIT_ASSIGNED_CONTEXT ( ( #6849, #8543, #6202 ) ) REPRESENTATION_CONTEXT ( 'NONE', 'WORKASPACE' ) );
#8559 = EDGE_LOOP ( 'NONE', ( #6598, #4057, #10019, #7235 ) ) ;
#8560 = VECTOR ( 'NONE', #10436, 1000.000000000000000 ) ;
#8561 = DIRECTION ( 'NONE',  ( -0.000000000000000000, 1.000000000000000000, -0.000000000000000000 ) ) ;
#8562 = ORIENTED_EDGE ( 'NONE', *, *, #9934, .F. ) ;
#8563 = ADVANCED_FACE ( 'NONE', ( #184 ), #8161, .T. ) ;
#8564 = DIRECTION ( 'NONE',  ( 0.000000000000000000, -1.000000000000000000, 0.000000000000000000 ) ) ;
#8565 = EDGE_CURVE ( 'NONE', #5017, #8474, #10257, .T. ) ;
#8566 = DIRECTION ( 'NONE',  ( -0.000000000000000000, 1.000000000000000000, 0.000000000000000000 ) ) ;
#8567 = DIRECTION ( 'NONE',  ( -0.000000000000000000, 1.000000000000000000, -0.000000000000000000 ) ) ;
#8568 = AXIS2_PLACEMENT_3D ( 'NONE', #7786, #3370, #9642 ) ;
#8569 = B_SPLINE_CURVE_WITH_KNOTS ( 'NONE', 3,
 ( #1863, #8341, #2749, #2018 ),
 .UNSPECIFIED., .F., .F.,
 ( 4, 4 ),
 ( 1.897353801849632760E-19, 0.0004899835000143467007 ),
 .UNSPECIFIED. ) ;
#8570 = SURFACE_STYLE_FILL_AREA ( #1410 ) ;
#8571 = CARTESIAN_POINT ( 'NONE',  ( 2.755455298081544285E-16, 1.500000000000000000, -2.250000000000000000 ) ) ;
#8572 = CIRCLE ( 'NONE', #5862, 8.147829831584077809 ) ;
#8573 = ORIENTED_EDGE ( 'NONE', *, *, #10678, .F. ) ;
#8574 = STYLED_ITEM ( 'NONE', ( #6303 ), #6058 ) ;
#8575 = EDGE_CURVE ( 'NONE', #967, #5718, #455, .T. ) ;
#8576 = EDGE_CURVE ( 'NONE', #3917, #4214, #5388, .T. ) ;
#8577 = ORIENTED_EDGE ( 'NONE', *, *, #11269, .T. ) ;
#8578 = CARTESIAN_POINT ( 'NONE',  ( -5.414922963887669916, 6.499999999999999112, 12.87892169252491215 ) ) ;
#8579 = CARTESIAN_POINT ( 'NONE',  ( 10.48873689551490784, 6.199600861750094616, -8.076401012248346944 ) ) ;
#8580 = VECTOR ( 'NONE', #8218, 1000.000000000000000 ) ;
#8581 = ORIENTED_EDGE ( 'NONE', *, *, #10570, .T. ) ;
#8582 = ORIENTED_EDGE ( 'NONE', *, *, #9389, .F. ) ;
#8583 = STYLED_ITEM ( 'NONE', ( #3096 ), #7300 ) ;
#8584 = FACE_OUTER_BOUND ( 'NONE', #526, .T. ) ;
#8585 = FILL_AREA_STYLE ('',( #2588 ) ) ;
#8586 = COLOUR_RGB ( '',0.1529411764705882470, 0.4901960784313725283, 1.000000000000000000 ) ;
#8587 = B_SPLINE_CURVE_WITH_KNOTS ( 'NONE', 3,
 ( #8826, #8033, #5310, #3577 ),
 .UNSPECIFIED., .F., .F.,
 ( 4, 4 ),
 ( 0.0002657290228356844913, 0.007377075875908815396 ),
 .UNSPECIFIED. ) ;
#8588 = CARTESIAN_POINT ( 'NONE',  ( 0.000000000000000000, 10.06432619796670025, -14.00218451466337655 ) ) ;
#8589 =( NAMED_UNIT ( * ) PLANE_ANGLE_UNIT ( ) SI_UNIT ( $, .RADIAN. ) );
#8590 = DIRECTION ( 'NONE',  ( 0.000000000000000000, -1.000000000000000000, 0.000000000000000000 ) ) ;
#8591 = CARTESIAN_POINT ( 'NONE',  ( 0.000000000000000000, 12.79999999999999893, 0.000000000000000000 ) ) ;
#8592 = VERTEX_POINT ( 'NONE', #467 ) ;
#8593 = FACE_OUTER_BOUND ( 'NONE', #10966, .T. ) ;
#8594 = ADVANCED_FACE ( 'NONE', ( #10872 ), #8062, .F. ) ;
#8595 = AXIS2_PLACEMENT_3D ( 'NONE', #6647, #5065, #7663 ) ;
#8596 = DIRECTION ( 'NONE',  ( -0.5000000000000008882, 0.000000000000000000, 0.8660254037844381525 ) ) ;
#8597 =( NAMED_UNIT ( * ) SI_UNIT ( $, .STERADIAN. ) SOLID_ANGLE_UNIT ( ) );
#8598 = SURFACE_STYLE_FILL_AREA ( #8436 ) ;
#8599 = AXIS2_PLACEMENT_3D ( 'NONE', #5298, #3562, #949 ) ;
#8600 = VERTEX_POINT ( 'NONE', #2002 ) ;
#8601 = DIRECTION ( 'NONE',  ( 0.000000000000000000, -1.000000000000000000, 0.000000000000000000 ) ) ;
#8602 = DIRECTION ( 'NONE',  ( 0.000000000000000000, 0.000000000000000000, 1.000000000000000000 ) ) ;
#8603 = VECTOR ( 'NONE', #10001, 1000.000000000000000 ) ;
#8604 = CARTESIAN_POINT ( 'NONE',  ( 0.000000000000000000, 10.80000000000000071, 0.000000000000000000 ) ) ;
#8605 = LINE ( 'NONE', #10402, #2737 ) ;
#8606 = DIRECTION ( 'NONE',  ( -0.000000000000000000, -1.000000000000000000, -0.000000000000000000 ) ) ;
#8607 = AXIS2_PLACEMENT_3D ( 'NONE', #5367, #842, #8824 ) ;
#8608 =( NAMED_UNIT ( * ) SI_UNIT ( $, .STERADIAN. ) SOLID_ANGLE_UNIT ( ) );
#8609 = COLOUR_RGB ( '',0.1529411764705882470, 0.4901960784313725283, 1.000000000000000000 ) ;
#8610 = VERTEX_POINT ( 'NONE', #3068 ) ;
#8611 = SURFACE_SIDE_STYLE ('',( #3641 ) ) ;
#8612 = ORIENTED_EDGE ( 'NONE', *, *, #1448, .F. ) ;
#8613 = SURFACE_STYLE_FILL_AREA ( #5105 ) ;
#8614 = SURFACE_SIDE_STYLE ('',( #799 ) ) ;
#8615 = FILL_AREA_STYLE ('',( #4941 ) ) ;
#8616 = CARTESIAN_POINT ( 'NONE',  ( -2.463294286165389479, 1.500000000000003109, -7.766550857632773308 ) ) ;
#8617 = AXIS2_PLACEMENT_3D ( 'NONE', #2178, #6573, #8220 ) ;
#8618 = EDGE_CURVE ( 'NONE', #11089, #1357, #9188, .T. ) ;
#8619 = ORIENTED_EDGE ( 'NONE', *, *, #4728, .T. ) ;
#8620 = CARTESIAN_POINT ( 'NONE',  ( -13.89239616418556977, 10.06432619796669847, 1.750000000000270228 ) ) ;
#8621 = CIRCLE ( 'NONE', #620, 22.30000000000000071 ) ;
#8622 = CARTESIAN_POINT ( 'NONE',  ( 6.016550857632754656, 1.500000000000001332, -5.494383199411012164 ) ) ;
#8623 = ORIENTED_EDGE ( 'NONE', *, *, #4751, .T. ) ;
#8624 = DIRECTION ( 'NONE',  ( 0.000000000000000000, -0.000000000000000000, 1.000000000000000000 ) ) ;
#8625 = VECTOR ( 'NONE', #9821, 1000.000000000000000 ) ;
#8626 =( LENGTH_UNIT ( ) NAMED_UNIT ( * ) SI_UNIT ( .MILLI., .METRE. ) );
#8627 = EDGE_CURVE ( 'NONE', #7567, #10729, #10043, .T. ) ;
#8628 = AXIS2_PLACEMENT_3D ( 'NONE', #2589, #6080, #9546 ) ;
#8629 = CARTESIAN_POINT ( 'NONE',  ( 5.430653625470072576, 10.06432619796679440, 12.90616799762227807 ) ) ;
#8630 = ORIENTED_EDGE ( 'NONE', *, *, #10093, .T. ) ;
#8631 = ORIENTED_EDGE ( 'NONE', *, *, #8276, .T. ) ;
#8632 = LINE ( 'NONE', #9800, #10082 ) ;
#8633 = DIRECTION ( 'NONE',  ( -0.000000000000000000, 1.000000000000000000, -0.000000000000000000 ) ) ;
#8634 = CARTESIAN_POINT ( 'NONE',  ( 10.85146594260400832, 6.451575245584153073, -8.285822725228134900 ) ) ;
#8635 = VECTOR ( 'NONE', #376, 1000.000000000000000 ) ;
#8636 = B_SPLINE_CURVE_WITH_KNOTS ( 'NONE', 3,
 ( #5163, #7989, #1885, #10516 ),
 .UNSPECIFIED., .F., .F.,
 ( 4, 4 ),
 ( 0.0002657290228356831902, 0.007377075875908810192 ),
 .UNSPECIFIED. ) ;
#8637 = ORIENTED_EDGE ( 'NONE', *, *, #4343, .T. ) ;
#8638 = ORIENTED_EDGE ( 'NONE', *, *, #10633, .T. ) ;
#8639 = ORIENTED_EDGE ( 'NONE', *, *, #6152, .T. ) ;
#8640 = EDGE_CURVE ( 'NONE', #2580, #3513, #7579, .T. ) ;
#8641 = ADVANCED_FACE ( 'NONE', ( #298 ), #3778, .T. ) ;
#8642 = CARTESIAN_POINT ( 'NONE',  ( 18.18590626525340781, 10.49999999999844924, 12.52036381986503955 ) ) ;
#8643 = CARTESIAN_POINT ( 'NONE',  ( -8.885271119822830244, 0.08184789799993519299, 1.750000000000268896 ) ) ;
#8644 = DIRECTION ( 'NONE',  ( 0.000000000000000000, 0.000000000000000000, 1.000000000000000000 ) ) ;
#8645 = ORIENTED_EDGE ( 'NONE', *, *, #3334, .F. ) ;
#8646 = FILL_AREA_STYLE ('',( #86 ) ) ;
#8647 = FILL_AREA_STYLE_COLOUR ( '', #364 ) ;
#8648 = FILL_AREA_STYLE ('',( #5203 ) ) ;
#8649 = MECHANICAL_DESIGN_GEOMETRIC_PRESENTATION_REPRESENTATION (  '', ( #10445 ), #4294 ) ;
#8650 = CARTESIAN_POINT ( 'NONE',  ( -11.23685175411934978, 10.19954933640123151, -8.508325327248600800 ) ) ;
#8651 = ORIENTED_EDGE ( 'NONE', *, *, #8794, .T. ) ;
#8652 = CARTESIAN_POINT ( 'NONE',  ( 12.34772702080037909, 6.309836766224357518, 5.108237577175420263 ) ) ;
#8653 = EDGE_CURVE ( 'NONE', #1103, #4110, #6388, .T. ) ;
#8654 = FILL_AREA_STYLE_COLOUR ( '', #10156 ) ;
#8655 = CARTESIAN_POINT ( 'NONE',  ( 22.80419369326621393, -13.25000000000000178, -22.80419369326610379 ) ) ;
#8656 = EDGE_CURVE ( 'NONE', #9802, #5087, #2295, .T. ) ;
#8657 = CARTESIAN_POINT ( 'NONE',  ( 0.000000000000000000, -13.15000000000000213, 0.000000000000000000 ) ) ;
#8658 = UNCERTAINTY_MEASURE_WITH_UNIT (LENGTH_MEASURE( 1.000000000000000082E-05 ), #933, 'distance_accuracy_value', 'NONE');
#8659 = VECTOR ( 'NONE', #3652, 1000.000000000000000 ) ;
#8660 = FILL_AREA_STYLE_COLOUR ( '', #7225 ) ;
#8661 = ORIENTED_EDGE ( 'NONE', *, *, #7532, .T. ) ;
#8662 = FILL_AREA_STYLE_COLOUR ( '', #1245 ) ;
#8663 = DIRECTION ( 'NONE',  ( 0.000000000000000000, 0.000000000000000000, -1.000000000000000000 ) ) ;
#8664 = VECTOR ( 'NONE', #1892, 1000.000000000000000 ) ;
#8665 = CARTESIAN_POINT ( 'NONE',  ( -1.749999999999996891, 10.42229184219404914, 14.32646828732515942 ) ) ;
#8666 = SURFACE_STYLE_USAGE ( .BOTH. , #1612 ) ;
#8667 = VERTEX_POINT ( 'NONE', #3242 ) ;
#8668 = DIRECTION ( 'NONE',  ( 0.000000000000000000, 0.000000000000000000, -1.000000000000000000 ) ) ;
#8669 = DIRECTION ( 'NONE',  ( 0.000000000000000000, -1.000000000000000000, 0.000000000000000000 ) ) ;
#8670 = DIRECTION ( 'NONE',  ( -0.000000000000000000, 1.000000000000000000, -0.000000000000000000 ) ) ;
#8671 = VERTEX_POINT ( 'NONE', #9240 ) ;
#8672 = CARTESIAN_POINT ( 'NONE',  ( -4.998661715319911103, 6.064326197966798837, 12.15793606078349320 ) ) ;
#8673 = CONICAL_SURFACE ( 'NONE', #4138, 14.30000000000000071, 0.5996168419455644161 ) ;
#8674 = ADVANCED_FACE ( 'NONE', ( #1396 ), #588, .T. ) ;
#8675 = CARTESIAN_POINT ( 'NONE',  ( 0.000000000000000000, 13.54999999999999893, 0.000000000000000000 ) ) ;
#8676 = DIRECTION ( 'NONE',  ( -0.000000000000000000, 1.000000000000000000, -0.000000000000000000 ) ) ;
#8677 = CIRCLE ( 'NONE', #10108, 0.2500000000000002220 ) ;
#8678 = AXIS2_PLACEMENT_3D ( 'NONE', #2242, #8817, #1061 ) ;
#8679 =( LENGTH_UNIT ( ) NAMED_UNIT ( * ) SI_UNIT ( .MILLI., .METRE. ) );
#8680 = ORIENTED_EDGE ( 'NONE', *, *, #9619, .T. ) ;
#8681 = B_SPLINE_CURVE_WITH_KNOTS ( 'NONE', 3,
 ( #445, #7244, #7197, #10676 ),
 .UNSPECIFIED., .F., .F.,
 ( 4, 4 ),
 ( 3.169319308283273135E-18, 0.0004900010714873853472 ),
 .UNSPECIFIED. ) ;
#8682 = VERTEX_POINT ( 'NONE', #6690 ) ;
#8683 = FILL_AREA_STYLE_COLOUR ( '', #4115 ) ;
#8684 = EDGE_CURVE ( 'NONE', #6445, #8325, #3185, .T. ) ;
#8685 = CARTESIAN_POINT ( 'NONE',  ( 10.59772702080040041, 6.309836766224355742, -8.139326490420938143 ) ) ;
#8686 = VECTOR ( 'NONE', #5225, 1000.000000000000000 ) ;
#8687 = ORIENTED_EDGE ( 'NONE', *, *, #10915, .T. ) ;
#8688 = VERTEX_POINT ( 'NONE', #5002 ) ;
#8689 = ORIENTED_EDGE ( 'NONE', *, *, #7904, .T. ) ;
#8690 = LINE ( 'NONE', #8810, #1362 ) ;
#8691 = DIRECTION ( 'NONE',  ( -0.000000000000000000, 1.000000000000000000, -0.000000000000000000 ) ) ;
#8692 = AXIS2_PLACEMENT_3D ( 'NONE', #3074, #9073, #6580 ) ;
#8693 = CARTESIAN_POINT ( 'NONE',  ( 0.000000000000000000, 0.5000000000000000000, 0.000000000000000000 ) ) ;
#8694 = CONICAL_SURFACE ( 'NONE', #3223, 9.000000000000000000, 0.5996168419455644161 ) ;
#8695 = CARTESIAN_POINT ( 'NONE',  ( 0.000000000000000000, 1.499999999999999556, 0.000000000000000000 ) ) ;
#8696 = DIRECTION ( 'NONE',  ( -0.000000000000000000, 1.000000000000000000, -0.000000000000000000 ) ) ;
#8697 = ORIENTED_EDGE ( 'NONE', *, *, #4752, .F. ) ;
#8698 =( LENGTH_UNIT ( ) NAMED_UNIT ( * ) SI_UNIT ( .MILLI., .METRE. ) );
#8699 = AXIS2_PLACEMENT_3D ( 'NONE', #136, #7169, #2010 ) ;
#8700 = EDGE_CURVE ( 'NONE', #5345, #4240, #10453, .T. ) ;
#8701 = CARTESIAN_POINT ( 'NONE',  ( 5.765247981730278859, 10.49017815798891995, 13.48570242259075336 ) ) ;
#8702 = EDGE_CURVE ( 'NONE', #1578, #1862, #5571, .T. ) ;
#8703 = SURFACE_STYLE_FILL_AREA ( #10280 ) ;
#8704 = DIRECTION ( 'NONE',  ( 0.000000000000000000, 0.000000000000000000, 1.000000000000000000 ) ) ;
#8705 = ORIENTED_EDGE ( 'NONE', *, *, #8893, .F. ) ;
#8706 = B_SPLINE_CURVE_WITH_KNOTS ( 'NONE', 3,
 ( #804, #2622, #3599, #1728, #924, #2722 ),
 .UNSPECIFIED., .F., .F.,
 ( 4, 2, 4 ),
 ( 0.000000000000000000, 0.0002346920004465212603, 0.0004693840008930425206 ),
 .UNSPECIFIED. ) ;
#8707 = CARTESIAN_POINT ( 'NONE',  ( 8.139326490420964788, 6.309836766224354854, 10.59772702080037199 ) ) ;
#8708 = PRESENTATION_STYLE_ASSIGNMENT (( #7922 ) ) ;
#8709 = CARTESIAN_POINT ( 'NONE',  ( 1.749999999999997113, 10.49999999999999822, -22.23122803625566846 ) ) ;
#8710 = FACE_OUTER_BOUND ( 'NONE', #2048, .T. ) ;
#8711 = CIRCLE ( 'NONE', #5986, 0.2499999999999967526 ) ;
#8712 = SURFACE_STYLE_FILL_AREA ( #5261 ) ;
#8713 = ORIENTED_EDGE ( 'NONE', *, *, #6692, .T. ) ;
#8714 = CYLINDRICAL_SURFACE ( 'NONE', #506, 0.2500000000000002220 ) ;
#8715 = EDGE_CURVE ( 'NONE', #8478, #7608, #10462, .T. ) ;
#8716 = ORIENTED_EDGE ( 'NONE', *, *, #3992, .F. ) ;
#8717 =( LENGTH_UNIT ( ) NAMED_UNIT ( * ) SI_UNIT ( .MILLI., .METRE. ) );
#8718 = FACE_OUTER_BOUND ( 'NONE', #1523, .T. ) ;
#8719 = CARTESIAN_POINT ( 'NONE',  ( 10.84608989951218128, 6.459664993593748683, 8.282718865301921696 ) ) ;
#8720 = CARTESIAN_POINT ( 'NONE',  ( -8.029750628565322401, 6.064326197966799725, -10.40793606078359623 ) ) ;
#8721 =( LENGTH_UNIT ( ) NAMED_UNIT ( * ) SI_UNIT ( .MILLI., .METRE. ) );
#8722 = ORIENTED_EDGE ( 'NONE', *, *, #529, .F. ) ;
#8723 = CIRCLE ( 'NONE', #531, 8.147829831584163074 ) ;
#8724 = FACE_BOUND ( 'NONE', #5489, .T. ) ;
#8725 = CARTESIAN_POINT ( 'NONE',  ( 11.15616799762224254, 10.06432619796669847, -8.461742538715544271 ) ) ;
#8726 = SURFACE_STYLE_USAGE ( .BOTH. , #4353 ) ;
#8727 = ORIENTED_EDGE ( 'NONE', *, *, #3252, .F. ) ;
#8728 = CARTESIAN_POINT ( 'NONE',  ( 0.000000000000000000, -18.21991441758264685, 0.000000000000000000 ) ) ;
#8729 = CARTESIAN_POINT ( 'NONE',  ( 0.000000000000000000, 13.44999999999999929, 0.000000000000000000 ) ) ;
#8730 = DIRECTION ( 'NONE',  ( -0.000000000000000000, 1.000000000000000000, -0.000000000000000000 ) ) ;
#8731 = EDGE_CURVE ( 'NONE', #1849, #4747, #4177, .T. ) ;
#8732 = VECTOR ( 'NONE', #6270, 1000.000000000000000 ) ;
#8733 = CARTESIAN_POINT ( 'NONE',  ( 0.000000000000000000, -13.15000000000000213, 0.000000000000000000 ) ) ;
#8734 = MECHANICAL_DESIGN_GEOMETRIC_PRESENTATION_REPRESENTATION (  '', ( #174 ), #720 ) ;
#8735 =( NAMED_UNIT ( * ) PLANE_ANGLE_UNIT ( ) SI_UNIT ( $, .RADIAN. ) );
#8736 = DIRECTION ( 'NONE',  ( -0.000000000000000000, -1.000000000000000000, -0.000000000000000000 ) ) ;
#8737 =( NAMED_UNIT ( * ) PLANE_ANGLE_UNIT ( ) SI_UNIT ( $, .RADIAN. ) );
#8738 = CARTESIAN_POINT ( 'NONE',  ( 4.998661715319889787, 6.064326197966698473, 12.15793606078343103 ) ) ;
#8739 = CARTESIAN_POINT ( 'NONE',  ( -7.957677485576110321, 1.499999999999331646, -1.749999999999731548 ) ) ;
#8740 = STYLED_ITEM ( 'NONE', ( #4508 ), #969 ) ;
#8741 = ORIENTED_EDGE ( 'NONE', *, *, #8293, .F. ) ;
#8742 = ORIENTED_EDGE ( 'NONE', *, *, #3820, .F. ) ;
#8743 = CIRCLE ( 'NONE', #10536, 22.30000000000000071 ) ;
#8744 = DIRECTION ( 'NONE',  ( 0.000000000000000000, 0.000000000000000000, -1.000000000000000000 ) ) ;
#8745 = ORIENTED_EDGE ( 'NONE', *, *, #8902, .T. ) ;
#8746 = DIRECTION ( 'NONE',  ( 0.000000000000000000, 0.000000000000000000, 1.000000000000000000 ) ) ;
#8747 = DIRECTION ( 'NONE',  ( 0.000000000000000000, -1.000000000000000000, 0.000000000000000000 ) ) ;
#8748 = DIRECTION ( 'NONE',  ( -0.000000000000000000, -1.000000000000000000, -0.000000000000000000 ) ) ;
#8749 = VECTOR ( 'NONE', #10740, 1000.000000000000000 ) ;
#8750 = CARTESIAN_POINT ( 'NONE',  ( 0.000000000000000000, -13.25000000000000178, 0.000000000000000000 ) ) ;
#8751 = AXIS2_PLACEMENT_3D ( 'NONE', #9110, #8269, #10177 ) ;
#8752 = ADVANCED_FACE ( 'NONE', ( #3300 ), #10132, .T. ) ;
#8753 = FACE_OUTER_BOUND ( 'NONE', #1735, .T. ) ;
#8754 = DIRECTION ( 'NONE',  ( 0.000000000000000000, 0.000000000000000000, -1.000000000000000000 ) ) ;
#8755 = ORIENTED_EDGE ( 'NONE', *, *, #1448, .T. ) ;
#8756 = DIRECTION ( 'NONE',  ( -0.000000000000000000, 1.000000000000000000, -0.000000000000000000 ) ) ;
#8757 = STYLED_ITEM ( 'NONE', ( #4590 ), #1407 ) ;
#8758 = B_SPLINE_CURVE_WITH_KNOTS ( 'NONE', 3,
 ( #4895, #4085, #9961, #3902 ),
 .UNSPECIFIED., .F., .F.,
 ( 4, 4 ),
 ( 0.0005294582654890437386, 0.007640805118562059121 ),
 .UNSPECIFIED. ) ;
#8759 = AXIS2_PLACEMENT_3D ( 'NONE', #8591, #4319, #8644 ) ;
#8760 = VERTEX_POINT ( 'NONE', #4887 ) ;
#8761 = CIRCLE ( 'NONE', #10008, 14.00218451466337477 ) ;
#8762 = ORIENTED_EDGE ( 'NONE', *, *, #9749, .T. ) ;
#8763 = CARTESIAN_POINT ( 'NONE',  ( 12.87892169252491037, 6.499999999999999112, 5.414922963887669916 ) ) ;
#8764 = DIRECTION ( 'NONE',  ( -0.000000000000000000, 1.000000000000000000, -0.000000000000000000 ) ) ;
#8765 = STYLED_ITEM ( 'NONE', ( #11239 ), #1948 ) ;
#8766 = EDGE_CURVE ( 'NONE', #1820, #1037, #8113, .T. ) ;
#8767 = DIRECTION ( 'NONE',  ( -0.000000000000000000, 1.000000000000000000, -0.000000000000000000 ) ) ;
#8768 = UNCERTAINTY_MEASURE_WITH_UNIT (LENGTH_MEASURE( 1.000000000000000082E-05 ), #7376, 'distance_accuracy_value', 'NONE');
#8769 = CIRCLE ( 'NONE', #3291, 13.97097042681812873 ) ;
#8770 = DIRECTION ( 'NONE',  ( 0.000000000000000000, 1.000000000000000000, 0.000000000000000000 ) ) ;
#8771 = ORIENTED_EDGE ( 'NONE', *, *, #7812, .T. ) ;
#8772 =( NAMED_UNIT ( * ) PLANE_ANGLE_UNIT ( ) SI_UNIT ( $, .RADIAN. ) );
#8773 = ORIENTED_EDGE ( 'NONE', *, *, #3207, .T. ) ;
#8774 = AXIS2_PLACEMENT_3D ( 'NONE', #240, #1091, #2943 ) ;
#8775 = DIRECTION ( 'NONE',  ( 0.000000000000000000, -0.000000000000000000, -1.000000000000000000 ) ) ;
#8776 =( GEOMETRIC_REPRESENTATION_CONTEXT ( 3 ) GLOBAL_UNCERTAINTY_ASSIGNED_CONTEXT ( ( #3983 ) ) GLOBAL_UNIT_ASSIGNED_CONTEXT ( ( #9666, #160, #1978 ) ) REPRESENTATION_CONTEXT ( 'NONE', 'WORKASPACE' ) );
#8777 = CARTESIAN_POINT ( 'NONE',  ( 15.85000000000004761, 6.499999999999999112, -11.17172770881923505 ) ) ;
#8778 = EDGE_CURVE ( 'NONE', #1021, #6557, #7370, .T. ) ;
#8779 = CARTESIAN_POINT ( 'NONE',  ( 0.000000000000000000, -12.50000000000000000, 0.000000000000000000 ) ) ;
#8780 = VERTEX_POINT ( 'NONE', #5057 ) ;
#8781 = EDGE_CURVE ( 'NONE', #5291, #2334, #1008, .T. ) ;
#8782 = PRESENTATION_LAYER_ASSIGNMENT (  '', '', ( #3332 ) ) ;
#8783 = AXIS2_PLACEMENT_3D ( 'NONE', #4940, #5050, #4881 ) ;
#8784 = DIRECTION ( 'NONE',  ( 0.000000000000000000, -0.000000000000000000, -1.000000000000000000 ) ) ;
#8785 = FACE_OUTER_BOUND ( 'NONE', #9364, .T. ) ;
#8786 = DIRECTION ( 'NONE',  ( 0.000000000000000000, 0.000000000000000000, 1.000000000000000000 ) ) ;
#8787 = VECTOR ( 'NONE', #1598, 1000.000000000000000 ) ;
#8788 = EDGE_LOOP ( 'NONE', ( #9519, #2957, #4907, #9271 ) ) ;
#8789 = VECTOR ( 'NONE', #5412, 1000.000000000000000 ) ;
#8790 = AXIS2_PLACEMENT_3D ( 'NONE', #1954, #990, #871 ) ;
#8791 = ORIENTED_EDGE ( 'NONE', *, *, #1681, .T. ) ;
#8792 = DIRECTION ( 'NONE',  ( 0.000000000000000000, 0.000000000000000000, -1.000000000000000000 ) ) ;
#8793 =( GEOMETRIC_REPRESENTATION_CONTEXT ( 3 ) GLOBAL_UNCERTAINTY_ASSIGNED_CONTEXT ( ( #553 ) ) GLOBAL_UNIT_ASSIGNED_CONTEXT ( ( #8443, #6944, #7959 ) ) REPRESENTATION_CONTEXT ( 'NONE', 'WORKASPACE' ) );
#8794 = EDGE_CURVE ( 'NONE', #5181, #8958, #6806, .T. ) ;
#8795 =( LENGTH_UNIT ( ) NAMED_UNIT ( * ) SI_UNIT ( .MILLI., .METRE. ) );
#8796 = EDGE_CURVE ( 'NONE', #3187, #7077, #7713, .T. ) ;
#8797 = AXIS2_PLACEMENT_3D ( 'NONE', #10214, #6833, #1581 ) ;
#8798 = CARTESIAN_POINT ( 'NONE',  ( 15.85000000000043663, 6.499999999999999112, 11.17172770881890642 ) ) ;
#8799 = AXIS2_PLACEMENT_3D ( 'NONE', #5950, #10987, #7657 ) ;
#8800 = ORIENTED_EDGE ( 'NONE', *, *, #9749, .F. ) ;
#8801 = VERTEX_POINT ( 'NONE', #5384 ) ;
#8802 = CARTESIAN_POINT ( 'NONE',  ( 1.749999999999998224, 10.06432619796670025, -13.89239616418560352 ) ) ;
#8803 = AXIS2_PLACEMENT_3D ( 'NONE', #66, #9535, #2799 ) ;
#8804 = CARTESIAN_POINT ( 'NONE',  ( 20.50609665440993012, 13.54999999999999893, -20.50609665440982354 ) ) ;
#8805 = ORIENTED_EDGE ( 'NONE', *, *, #7030, .F. ) ;
#8806 = ORIENTED_EDGE ( 'NONE', *, *, #5591, .T. ) ;
#8807 = VECTOR ( 'NONE', #2173, 1000.000000000000000 ) ;
#8808 = PRESENTATION_LAYER_ASSIGNMENT (  '', '', ( #8263 ) ) ;
#8809 = DIRECTION ( 'NONE',  ( 0.000000000000000000, 0.000000000000000000, 1.000000000000000000 ) ) ;
#8810 = CARTESIAN_POINT ( 'NONE',  ( 7.957677485576783560, -18.21991441758264685, 1.749999999999590328 ) ) ;
#8811 =( NAMED_UNIT ( * ) SI_UNIT ( $, .STERADIAN. ) SOLID_ANGLE_UNIT ( ) );
#8812 = CARTESIAN_POINT ( 'NONE',  ( 0.000000000000000000, 0.000000000000000000, 0.000000000000000000 ) ) ;
#8813 = LINE ( 'NONE', #2541, #2901 ) ;
#8814 =( NAMED_UNIT ( * ) SI_UNIT ( $, .STERADIAN. ) SOLID_ANGLE_UNIT ( ) );
#8815 = ORIENTED_EDGE ( 'NONE', *, *, #2734, .F. ) ;
#8816 = VECTOR ( 'NONE', #9488, 1000.000000000000000 ) ;
#8817 = DIRECTION ( 'NONE',  ( -0.000000000000000000, 1.000000000000000000, -0.000000000000000000 ) ) ;
#8818 = PRESENTATION_STYLE_ASSIGNMENT (( #1806 ) ) ;
#8819 = SURFACE_SIDE_STYLE ('',( #3570 ) ) ;
#8820 = ORIENTED_EDGE ( 'NONE', *, *, #7161, .T. ) ;
#8821 = EDGE_CURVE ( 'NONE', #7453, #10791, #3926, .T. ) ;
#8822 = LINE ( 'NONE', #1809, #4474 ) ;
#8823 = VERTEX_POINT ( 'NONE', #4410 ) ;
#8824 = DIRECTION ( 'NONE',  ( 0.000000000000000000, 0.000000000000000000, -1.000000000000000000 ) ) ;
#8825 = CIRCLE ( 'NONE', #4465, 22.30000000000000071 ) ;
#8826 = CARTESIAN_POINT ( 'NONE',  ( 6.005533679434341465, 0.2178369010166498476, 6.901889459346330469 ) ) ;
#8827 = DIRECTION ( 'NONE',  ( 0.000000000000000000, -1.000000000000000000, 0.000000000000000000 ) ) ;
#8828 = ORIENTED_EDGE ( 'NONE', *, *, #9862, .T. ) ;
#8829 = VERTEX_POINT ( 'NONE', #5223 ) ;
#8830 = CARTESIAN_POINT ( 'NONE',  ( 0.000000000000000000, 0.000000000000000000, 0.000000000000000000 ) ) ;
#8831 = AXIS2_PLACEMENT_3D ( 'NONE', #10423, #8567, #5280 ) ;
#8832 = STYLED_ITEM ( 'NONE', ( #5343 ), #8551 ) ;
#8833 = ORIENTED_EDGE ( 'NONE', *, *, #1791, .T. ) ;
#8834 = ADVANCED_FACE ( 'NONE', ( #10474 ), #5331, .F. ) ;
#8835 = EDGE_LOOP ( 'NONE', ( #154, #7527, #9905, #7649 ) ) ;
#8836 = DIRECTION ( 'NONE',  ( -0.000000000000000000, 1.000000000000000000, -0.000000000000000000 ) ) ;
#8837 = ORIENTED_EDGE ( 'NONE', *, *, #7605, .T. ) ;
#8838 = AXIS2_PLACEMENT_3D ( 'NONE', #1344, #9014, #1218 ) ;
#8839 = DIRECTION ( 'NONE',  ( 0.000000000000000000, 0.000000000000000000, -1.000000000000000000 ) ) ;
#8840 = DIRECTION ( 'NONE',  ( 0.000000000000000000, 0.000000000000000000, -1.000000000000000000 ) ) ;
#8841 = ORIENTED_EDGE ( 'NONE', *, *, #8486, .T. ) ;
#8842 = DIRECTION ( 'NONE',  ( 0.000000000000000000, 0.000000000000000000, -1.000000000000000000 ) ) ;
#8843 = DIRECTION ( 'NONE',  ( -0.000000000000000000, -1.000000000000000000, -0.000000000000000000 ) ) ;
#8844 = ADVANCED_FACE ( 'NONE', ( #8785 ), #6112, .T. ) ;
#8845 = STYLED_ITEM ( 'NONE', ( #4116 ), #9158 ) ;
#8846 = EDGE_CURVE ( 'NONE', #5837, #3615, #9730, .T. ) ;
#8847 = ORIENTED_EDGE ( 'NONE', *, *, #2702, .F. ) ;
#8848 = CARTESIAN_POINT ( 'NONE',  ( 8.877596942701915239, 10.49999999999999822, 11.87644895387783528 ) ) ;
#8849 = FILL_AREA_STYLE ('',( #6231 ) ) ;
#8850 = CARTESIAN_POINT ( 'NONE',  ( 0.000000000000000000, 0.5000000000000000000, 0.000000000000000000 ) ) ;
#8851 = AXIS2_PLACEMENT_3D ( 'NONE', #10222, #10960, #3925 ) ;
#8852 = PRESENTATION_STYLE_ASSIGNMENT (( #4477 ) ) ;
#8853 = ORIENTED_EDGE ( 'NONE', *, *, #10352, .F. ) ;
#8854 = ORIENTED_EDGE ( 'NONE', *, *, #11060, .T. ) ;
#8855 = DIRECTION ( 'NONE',  ( 0.000000000000000000, 0.000000000000000000, 1.000000000000000000 ) ) ;
#8856 = EDGE_CURVE ( 'NONE', #4329, #3689, #7996, .T. ) ;
#8857 = EDGE_CURVE ( 'NONE', #4911, #4288, #652, .T. ) ;
#8858 = ORIENTED_EDGE ( 'NONE', *, *, #968, .F. ) ;
#8859 = AXIS2_PLACEMENT_3D ( 'NONE', #8974, #7114, #265 ) ;
#8860 = ORIENTED_EDGE ( 'NONE', *, *, #2377, .F. ) ;
#8861 = CARTESIAN_POINT ( 'NONE',  ( -8.796336894975803844, 10.49017815798892350, 11.73570242259076224 ) ) ;
#8862 = PRESENTATION_STYLE_ASSIGNMENT (( #7956 ) ) ;
#8863 = CARTESIAN_POINT ( 'NONE',  ( 1.749999999999998224, 10.06432619796670025, -13.89239616418560352 ) ) ;
#8864 = SURFACE_STYLE_USAGE ( .BOTH. , #7957 ) ;
#8865 = PLANE ( 'NONE',  #7537 ) ;
#8866 = EDGE_LOOP ( 'NONE', ( #10033, #4570, #4846, #1942 ) ) ;
#8867 = CARTESIAN_POINT ( 'NONE',  ( -12.63115847475059184, 10.72064156802580825, 18.37780823672225239 ) ) ;
#8868 = MECHANICAL_DESIGN_GEOMETRIC_PRESENTATION_REPRESENTATION (  '', ( #7961 ), #9227 ) ;
#8869 = CARTESIAN_POINT ( 'NONE',  ( 1.749999999999998890, 0.2178369010166498754, -8.979978445623139294 ) ) ;
#8870 = SURFACE_STYLE_USAGE ( .BOTH. , #7343 ) ;
#8871 = EDGE_CURVE ( 'NONE', #7386, #2289, #550, .T. ) ;
#8872 = ORIENTED_EDGE ( 'NONE', *, *, #8148, .F. ) ;
#8873 = DIRECTION ( 'NONE',  ( 0.000000000000000000, 0.000000000000000000, -1.000000000000000000 ) ) ;
#8874 = DIRECTION ( 'NONE',  ( 0.000000000000000000, 1.000000000000000000, 0.000000000000000000 ) ) ;
#8875 = CARTESIAN_POINT ( 'NONE',  ( -11.80535217220771571, 10.49999999999999467, -8.836549196666339867 ) ) ;
#8876 = ORIENTED_EDGE ( 'NONE', *, *, #985, .T. ) ;
#8877 = AXIS2_PLACEMENT_3D ( 'NONE', #4762, #10933, #7385 ) ;
#8878 = CARTESIAN_POINT ( 'NONE',  ( 8.076401012248375366, 6.199600861750094616, 10.48873689551488297 ) ) ;
#8879 = AXIS2_PLACEMENT_3D ( 'NONE', #519, #9395, #7475 ) ;
#8880 = CARTESIAN_POINT ( 'NONE',  ( 0.000000000000000000, 10.80000000000000071, 0.000000000000000000 ) ) ;
#8881 = CARTESIAN_POINT ( 'NONE',  ( 1.750000000000001998, 1.500000000000001332, 7.957677485576517995 ) ) ;
#8882 = B_SPLINE_CURVE_WITH_KNOTS ( 'NONE', 3,
 ( #727, #9613, #1816, #2450 ),
 .UNSPECIFIED., .F., .F.,
 ( 4, 4 ),
 ( 0.000000000000000000, 0.0004899835000143424723 ),
 .UNSPECIFIED. ) ;
#8883 = UNCERTAINTY_MEASURE_WITH_UNIT (LENGTH_MEASURE( 1.000000000000000082E-05 ), #6438, 'distance_accuracy_value', 'NONE');
#8884 = FILL_AREA_STYLE ('',( #2923 ) ) ;
#8885 = CARTESIAN_POINT ( 'NONE',  ( 6.537362917009565066, 0.000000000000000000, 5.795074182089437365 ) ) ;
#8886 = ORIENTED_EDGE ( 'NONE', *, *, #4446, .F. ) ;
#8887 = ORIENTED_EDGE ( 'NONE', *, *, #4098, .F. ) ;
#8888 = CARTESIAN_POINT ( 'NONE',  ( 0.000000000000000000, -13.15000000000000213, 0.000000000000000000 ) ) ;
#8889 = CARTESIAN_POINT ( 'NONE',  ( -8.247040845439300938, 6.422318986420135545, -10.78429375639700183 ) ) ;
#8890 = CIRCLE ( 'NONE', #697, 0.2500000000000002220 ) ;
#8891 = ORIENTED_EDGE ( 'NONE', *, *, #9798, .F. ) ;
#8892 = CARTESIAN_POINT ( 'NONE',  ( -20.68287334970656133, 13.44999999999999929, 20.68287334970646896 ) ) ;
#8893 = EDGE_CURVE ( 'NONE', #4240, #9553, #1568, .T. ) ;
#8894 = FACE_OUTER_BOUND ( 'NONE', #7637, .T. ) ;
#8895 = CARTESIAN_POINT ( 'NONE',  ( -21.56675682618977419, -13.25000000000000178, -21.56675682618961787 ) ) ;
#8896 = VERTEX_POINT ( 'NONE', #7935 ) ;
#8897 = CARTESIAN_POINT ( 'NONE',  ( 1.750000000000003553, 10.06432619796670025, 13.89239616418560352 ) ) ;
#8898 = PRESENTATION_STYLE_ASSIGNMENT (( #7267 ) ) ;
#8899 = PRESENTATION_LAYER_ASSIGNMENT (  '', '', ( #8550 ) ) ;
#8900 = CARTESIAN_POINT ( 'NONE',  ( -5.805460283420498691, 10.49999999999999645, -13.55535217220789157 ) ) ;
#8901 = CARTESIAN_POINT ( 'NONE',  ( 0.000000000000000000, 13.44999999999999929, 0.000000000000000000 ) ) ;
#8902 = EDGE_CURVE ( 'NONE', #8801, #6075, #8030, .T. ) ;
#8903 = EDGE_CURVE ( 'NONE', #5018, #7569, #6853, .T. ) ;
#8904 = VERTEX_POINT ( 'NONE', #53 ) ;
#8905 = CIRCLE ( 'NONE', #3640, 0.2499999999999967526 ) ;
#8906 = FACE_OUTER_BOUND ( 'NONE', #250, .T. ) ;
#8907 = ORIENTED_EDGE ( 'NONE', *, *, #6757, .T. ) ;
#8908 = ORIENTED_EDGE ( 'NONE', *, *, #5317, .F. ) ;
#8909 = ORIENTED_EDGE ( 'NONE', *, *, #3852, .F. ) ;
#8910 = CARTESIAN_POINT ( 'NONE',  ( 0.000000000000000000, 1.499999999999999556, 0.000000000000000000 ) ) ;
#8911 = CARTESIAN_POINT ( 'NONE',  ( 8.147829831584077809, 1.500000000000000000, 0.000000000000000000 ) ) ;
#8912 = AXIS2_PLACEMENT_3D ( 'NONE', #4151, #8360, #5867 ) ;
#8913 = LINE ( 'NONE', #4714, #2762 ) ;
#8914 = EDGE_CURVE ( 'NONE', #3032, #9169, #2095, .T. ) ;
#8915 = CARTESIAN_POINT ( 'NONE',  ( 0.000000000000000000, 6.499999999999999112, 0.000000000000000000 ) ) ;
#8916 = EDGE_CURVE ( 'NONE', #10390, #1849, #8706, .T. ) ;
#8917 = ORIENTED_EDGE ( 'NONE', *, *, #6273, .F. ) ;
#8918 =( GEOMETRIC_REPRESENTATION_CONTEXT ( 3 ) GLOBAL_UNCERTAINTY_ASSIGNED_CONTEXT ( ( #5031 ) ) GLOBAL_UNIT_ASSIGNED_CONTEXT ( ( #7137, #108, #5993 ) ) REPRESENTATION_CONTEXT ( 'NONE', 'WORKASPACE' ) );
#8919 = LINE ( 'NONE', #4017, #1765 ) ;
#8920 = MECHANICAL_DESIGN_GEOMETRIC_PRESENTATION_REPRESENTATION (  '', ( #2553 ), #8387 ) ;
#8921 = ORIENTED_EDGE ( 'NONE', *, *, #6928, .F. ) ;
#8922 =( NAMED_UNIT ( * ) SI_UNIT ( $, .STERADIAN. ) SOLID_ANGLE_UNIT ( ) );
#8923 = ORIENTED_EDGE ( 'NONE', *, *, #7449, .F. ) ;
#8924 = AXIS2_PLACEMENT_3D ( 'NONE', #5576, #9029, #5465 ) ;
#8925 = DIRECTION ( 'NONE',  ( 0.000000000000000000, 0.000000000000000000, -1.000000000000000000 ) ) ;
#8926 = CARTESIAN_POINT ( 'NONE',  ( 1.749999999999997113, 0.000000000000000000, -22.23122803625566846 ) ) ;
#8927 = CARTESIAN_POINT ( 'NONE',  ( -9.449599181287306138, 10.49999999999999822, 19.86718589315090355 ) ) ;
#8928 = EDGE_CURVE ( 'NONE', #5022, #8760, #3361, .T. ) ;
#8929 = AXIS2_PLACEMENT_3D ( 'NONE', #8901, #10481, #3776 ) ;
#8930 = DIRECTION ( 'NONE',  ( -0.000000000000000000, 1.000000000000000000, -0.000000000000000000 ) ) ;
#8931 = CARTESIAN_POINT ( 'NONE',  ( 22.30000000000000071, 6.499999999999999112, 0.000000000000000000 ) ) ;
#8932 = AXIS2_PLACEMENT_3D ( 'NONE', #6191, #9554, #87 ) ;
#8933 = SURFACE_STYLE_USAGE ( .BOTH. , #2924 ) ;
#8934 = VERTEX_POINT ( 'NONE', #6221 ) ;
#8935 = ORIENTED_EDGE ( 'NONE', *, *, #6964, .T. ) ;
#8936 = SURFACE_SIDE_STYLE ('',( #6428 ) ) ;
#8937 = CARTESIAN_POINT ( 'NONE',  ( 0.000000000000000000, 13.54999999999999893, 0.000000000000000000 ) ) ;
#8938 = CIRCLE ( 'NONE', #9304, 14.82773641629552053 ) ;
#8939 = COLOUR_RGB ( '',0.1529411764705882470, 0.4901960784313725283, 1.000000000000000000 ) ;
#8940 = ORIENTED_EDGE ( 'NONE', *, *, #6004, .F. ) ;
#8941 = CARTESIAN_POINT ( 'NONE',  ( -10.40793606078348610, 6.064326197966795284, 8.029750628565459181 ) ) ;
#8942 = CARTESIAN_POINT ( 'NONE',  ( 0.000000000000000000, 0.2178369010166492092, 0.000000000000000000 ) ) ;
#8943 = DIRECTION ( 'NONE',  ( 0.000000000000000000, 0.000000000000000000, -1.000000000000000000 ) ) ;
#8944 = LINE ( 'NONE', #2108, #1016 ) ;
#8945 = DIRECTION ( 'NONE',  ( 0.5000000000000008882, 0.000000000000000000, -0.8660254037844381525 ) ) ;
#8946 = CIRCLE ( 'NONE', #749, 0.2500000000000002220 ) ;
#8947 = EDGE_LOOP ( 'NONE', ( #5637, #5452, #4146, #5752 ) ) ;
#8948 = FILL_AREA_STYLE_COLOUR ( '', #6148 ) ;
#8949 = CARTESIAN_POINT ( 'NONE',  ( 13.62644895387784238, 10.49999999999999822, 5.846508029456369826 ) ) ;
#8950 = AXIS2_PLACEMENT_3D ( 'NONE', #9681, #9625, #8784 ) ;
#8951 = CIRCLE ( 'NONE', #8415, 14.82773641629552053 ) ;
#8952 = EDGE_CURVE ( 'NONE', #4259, #7407, #2651, .T. ) ;
#8953 = SURFACE_SIDE_STYLE ('',( #9845 ) ) ;
#8954 = CARTESIAN_POINT ( 'NONE',  ( 8.651889459346335798, 0.2178369010166496533, 2.974444766188799161 ) ) ;
#8955 = VECTOR ( 'NONE', #9252, 1000.000000000000000 ) ;
#8956 = PRESENTATION_LAYER_ASSIGNMENT (  '', '', ( #3680 ) ) ;
#8957 = CARTESIAN_POINT ( 'NONE',  ( 1.749999999999998002, 6.499999999999999112, 5.931624885397880774E-15 ) ) ;
#8958 = VERTEX_POINT ( 'NONE', #9683 ) ;
#8959 = PRESENTATION_LAYER_ASSIGNMENT (  '', '', ( #2591 ) ) ;
#8960 = LINE ( 'NONE', #7165, #6505 ) ;
#8961 = VERTEX_POINT ( 'NONE', #2563 ) ;
#8962 = TOROIDAL_SURFACE ( 'NONE', #9333, 22.00000000000000000, 0.2999999999999999889 ) ;
#8963 = ORIENTED_EDGE ( 'NONE', *, *, #10900, .F. ) ;
#8964 = EDGE_CURVE ( 'NONE', #1125, #2103, #6053, .T. ) ;
#8965 = CARTESIAN_POINT ( 'NONE',  ( -7.356819926759461836, 4.112992312804594874, 9.242385895282547281 ) ) ;
#8966 = CARTESIAN_POINT ( 'NONE',  ( -13.89239616418556977, 10.06432619796669847, 1.750000000000270228 ) ) ;
#8967 =( GEOMETRIC_REPRESENTATION_CONTEXT ( 3 ) GLOBAL_UNCERTAINTY_ASSIGNED_CONTEXT ( ( #7976 ) ) GLOBAL_UNIT_ASSIGNED_CONTEXT ( ( #1246, #10843, #4854 ) ) REPRESENTATION_CONTEXT ( 'NONE', 'WORKASPACE' ) );
#8968 = AXIS2_PLACEMENT_3D ( 'NONE', #5179, #8466, #5016 ) ;
#8969 = DIRECTION ( 'NONE',  ( -0.000000000000000000, 1.000000000000000000, -0.000000000000000000 ) ) ;
#8970 = LINE ( 'NONE', #8020, #6784 ) ;
#8971 = CARTESIAN_POINT ( 'NONE',  ( 0.000000000000000000, 10.06432619796669670, 0.000000000000000000 ) ) ;
#8972 = AXIS2_PLACEMENT_3D ( 'NONE', #5572, #1233, #6459 ) ;
#8973 = ORIENTED_EDGE ( 'NONE', *, *, #7327, .T. ) ;
#8974 = CARTESIAN_POINT ( 'NONE',  ( 20.68287334970656843, 13.54999999999999893, -20.68287334970646185 ) ) ;
#8975 = CARTESIAN_POINT ( 'NONE',  ( -2.463294286165389479, 0.000000000000000000, -7.766550857632773308 ) ) ;
#8976 = AXIS2_PLACEMENT_3D ( 'NONE', #1798, #8748, #4316 ) ;
#8977 = AXIS2_PLACEMENT_3D ( 'NONE', #2564, #9627, #6054 ) ;
#8978 = ORIENTED_EDGE ( 'NONE', *, *, #5198, .T. ) ;
#8979 = EDGE_CURVE ( 'NONE', #2409, #473, #10862, .T. ) ;
#8980 = EDGE_CURVE ( 'NONE', #10791, #1417, #7940, .T. ) ;
#8981 = B_SPLINE_CURVE_WITH_KNOTS ( 'NONE', 3,
 ( #4489, #6889, #5242, #10326, #8642, #1746 ),
 .UNSPECIFIED., .F., .F.,
 ( 4, 2, 4 ),
 ( 1.734723475976807094E-18, 0.0002346920004465195798, 0.0004693840008930374248 ),
 .UNSPECIFIED. ) ;
#8982 = ORIENTED_EDGE ( 'NONE', *, *, #413, .F. ) ;
#8983 = CARTESIAN_POINT ( 'NONE',  ( -11.34837267093405089, 10.30006695603317013, 8.572711958591666459 ) ) ;
#8984 =( NAMED_UNIT ( * ) SI_UNIT ( $, .STERADIAN. ) SOLID_ANGLE_UNIT ( ) );
#8985 = DIRECTION ( 'NONE',  ( 0.000000000000000000, 0.000000000000000000, 1.000000000000000000 ) ) ;
#8986 = CARTESIAN_POINT ( 'NONE',  ( -9.489277033755151081, 10.49999999999999467, 19.93590994956043261 ) ) ;
#8987 = PRESENTATION_LAYER_ASSIGNMENT (  '', '', ( #10977 ) ) ;
#8988 = UNCERTAINTY_MEASURE_WITH_UNIT (LENGTH_MEASURE( 1.000000000000000082E-05 ), #8626, 'distance_accuracy_value', 'NONE');
#8989 = ORIENTED_EDGE ( 'NONE', *, *, #9329, .F. ) ;
#8990 = DIRECTION ( 'NONE',  ( -0.000000000000000000, 1.000000000000000000, -0.000000000000000000 ) ) ;
#8991 = VERTEX_POINT ( 'NONE', #8153 ) ;
#8992 = DIRECTION ( 'NONE',  ( 0.000000000000000000, 0.000000000000000000, 1.000000000000000000 ) ) ;
#8993 = VECTOR ( 'NONE', #5875, 1000.000000000000114 ) ;
#8994 = ADVANCED_FACE ( 'NONE', ( #1205 ), #5549, .F. ) ;
#8995 = EDGE_CURVE ( 'NONE', #7840, #3855, #7037, .T. ) ;
#8996 = DIRECTION ( 'NONE',  ( -0.000000000000000000, 1.000000000000000000, -0.000000000000000000 ) ) ;
#8997 = ORIENTED_EDGE ( 'NONE', *, *, #6757, .F. ) ;
#8998 = CARTESIAN_POINT ( 'NONE',  ( -22.08747980577011560, 10.53248139031238750, -1.749999999999726885 ) ) ;
#8999 = CARTESIAN_POINT ( 'NONE',  ( 0.000000000000000000, 10.49999999999999822, 0.000000000000000000 ) ) ;
#9000 = CARTESIAN_POINT ( 'NONE',  ( 22.62741699796957917, 13.44999999999999929, -22.62741699796946193 ) ) ;
#9001 = EDGE_LOOP ( 'NONE', ( #329, #7998, #2368, #6421 ) ) ;
#9002 = CARTESIAN_POINT ( 'NONE',  ( 8.175017601465032868, 6.347063136999493871, -10.65954583850727033 ) ) ;
#9003 = UNCERTAINTY_MEASURE_WITH_UNIT (LENGTH_MEASURE( 1.000000000000000082E-05 ), #5856, 'distance_accuracy_value', 'NONE');
#9004 = CIRCLE ( 'NONE', #5921, 0.2500000000000002220 ) ;
#9005 = CARTESIAN_POINT ( 'NONE',  ( -4.998661715319728138, 6.064326197966698473, -12.15793606078349676 ) ) ;
#9006 = CARTESIAN_POINT ( 'NONE',  ( -21.74353352148641250, -13.15000000000000213, -21.74353352148625618 ) ) ;
#9007 = VERTEX_POINT ( 'NONE', #4692 ) ;
#9008 = CARTESIAN_POINT ( 'NONE',  ( -18.25314008079233830, 10.53235529095875478, 12.55918128136510958 ) ) ;
#9009 = CARTESIAN_POINT ( 'NONE',  ( 20.12780823672226660, 10.80000000000000071, -9.600069561505019777 ) ) ;
#9010 = SURFACE_STYLE_USAGE ( .BOTH. , #403 ) ;
#9011 =( LENGTH_UNIT ( ) NAMED_UNIT ( * ) SI_UNIT ( .MILLI., .METRE. ) );
#9012 =( GEOMETRIC_REPRESENTATION_CONTEXT ( 3 ) GLOBAL_UNCERTAINTY_ASSIGNED_CONTEXT ( ( #9338 ) ) GLOBAL_UNIT_ASSIGNED_CONTEXT ( ( #5521, #7234, #10667 ) ) REPRESENTATION_CONTEXT ( 'NONE', 'WORKASPACE' ) );
#9013 =( NAMED_UNIT ( * ) PLANE_ANGLE_UNIT ( ) SI_UNIT ( $, .RADIAN. ) );
#9014 = DIRECTION ( 'NONE',  ( -0.000000000000000000, -1.000000000000000000, -0.000000000000000000 ) ) ;
#9015 = DIRECTION ( 'NONE',  ( 0.000000000000000000, 0.000000000000000000, -1.000000000000000000 ) ) ;
#9016 = VERTEX_POINT ( 'NONE', #2882 ) ;
#9017 = EDGE_CURVE ( 'NONE', #512, #6856, #1401, .T. ) ;
#9018 = DIRECTION ( 'NONE',  ( 2.886435467346900389E-16, 0.000000000000000000, 1.000000000000000000 ) ) ;
#9019 = ORIENTED_EDGE ( 'NONE', *, *, #7342, .T. ) ;
#9020 = ORIENTED_EDGE ( 'NONE', *, *, #3681, .T. ) ;
#9021 = AXIS2_PLACEMENT_3D ( 'NONE', #9006, #1328, #3938 ) ;
#9022 = CARTESIAN_POINT ( 'NONE',  ( 0.000000000000000000, -13.15000000000000213, 0.000000000000000000 ) ) ;
#9023 = CARTESIAN_POINT ( 'NONE',  ( 0.000000000000000000, 6.499999999999999112, 0.000000000000000000 ) ) ;
#9024 = ORIENTED_EDGE ( 'NONE', *, *, #8266, .F. ) ;
#9025 = EDGE_CURVE ( 'NONE', #4712, #1141, #1751, .T. ) ;
#9026 = EDGE_LOOP ( 'NONE', ( #1015, #1413, #387, #384, #2865, #415 ) ) ;
#9027 = DIRECTION ( 'NONE',  ( 1.000000000000000000, -0.000000000000000000, -2.126847186466136402E-16 ) ) ;
#9028 = DIRECTION ( 'NONE',  ( 0.000000000000000000, -1.000000000000000000, 0.000000000000000000 ) ) ;
#9029 = DIRECTION ( 'NONE',  ( 0.000000000000000000, -1.000000000000000000, 0.000000000000000000 ) ) ;
#9030 = EDGE_LOOP ( 'NONE', ( #5566, #9147 ) ) ;
#9031 = FILL_AREA_STYLE_COLOUR ( '', #6450 ) ;
#9032 = ORIENTED_EDGE ( 'NONE', *, *, #1044, .T. ) ;
#9033 = CYLINDRICAL_SURFACE ( 'NONE', #9138, 0.2500000000000002220 ) ;
#9034 = LINE ( 'NONE', #3799, #6810 ) ;
#9035 = DIRECTION ( 'NONE',  ( -1.367258905585373894E-16, -0.000000000000000000, -1.000000000000000000 ) ) ;
#9036 = DIRECTION ( 'NONE',  ( 0.000000000000000000, 0.000000000000000000, -1.000000000000000000 ) ) ;
#9037 = CARTESIAN_POINT ( 'NONE',  ( 0.000000000000000000, -17.49999999999999645, 2.250000000000000000 ) ) ;
#9038 = MECHANICAL_DESIGN_GEOMETRIC_PRESENTATION_REPRESENTATION (  '', ( #3766 ), #1035 ) ;
#9039 = ORIENTED_EDGE ( 'NONE', *, *, #674, .F. ) ;
#9040 = EDGE_CURVE ( 'NONE', #3367, #7992, #7310, .T. ) ;
#9041 = EDGE_CURVE ( 'NONE', #7977, #6894, #2936, .T. ) ;
#9042 = SURFACE_STYLE_USAGE ( .BOTH. , #276 ) ;
#9043 = ORIENTED_EDGE ( 'NONE', *, *, #4181, .F. ) ;
#9044 = AXIS2_PLACEMENT_3D ( 'NONE', #863, #3538, #10477 ) ;
#9045 = ORIENTED_EDGE ( 'NONE', *, *, #7328, .T. ) ;
#9046 = CARTESIAN_POINT ( 'NONE',  ( -21.56675682618974577, -13.25000000000000178, 21.56675682618965340 ) ) ;
#9047 = LINE ( 'NONE', #1261, #3813 ) ;
#9048 = CIRCLE ( 'NONE', #4157, 2.250000000000000000 ) ;
#9049 = ORIENTED_EDGE ( 'NONE', *, *, #9197, .F. ) ;
#9050 = CARTESIAN_POINT ( 'NONE',  ( 6.680823489631243284, 3.604701913269556327E-18, -5.877901182310640849 ) ) ;
#9051 = AXIS2_PLACEMENT_3D ( 'NONE', #5215, #9826, #4569 ) ;
#9052 = EDGE_CURVE ( 'NONE', #3918, #10661, #8053, .T. ) ;
#9053 = CARTESIAN_POINT ( 'NONE',  ( -1.750000000000002887, 10.53235529095875833, -22.08727364948467198 ) ) ;
#9054 = DIRECTION ( 'NONE',  ( 0.000000000000000000, 0.000000000000000000, -1.000000000000000000 ) ) ;
#9055 =( NAMED_UNIT ( * ) SI_UNIT ( $, .STERADIAN. ) SOLID_ANGLE_UNIT ( ) );
#9056 = ORIENTED_EDGE ( 'NONE', *, *, #9608, .F. ) ;
#9057 = FILL_AREA_STYLE_COLOUR ( '', #4754 ) ;
#9058 = FACE_OUTER_BOUND ( 'NONE', #8207, .T. ) ;
#9059 = DIRECTION ( 'NONE',  ( 0.000000000000000000, 0.000000000000000000, 1.000000000000000000 ) ) ;
#9060 = FILL_AREA_STYLE_COLOUR ( '', #5159 ) ;
#9061 = AXIS2_PLACEMENT_3D ( 'NONE', #3728, #5398, #10656 ) ;
#9062 = SURFACE_STYLE_USAGE ( .BOTH. , #5610 ) ;
#9063 = VECTOR ( 'NONE', #2876, 1000.000000000000114 ) ;
#9064 = CARTESIAN_POINT ( 'NONE',  ( -6.000000000000001776, -4.000000000000000000, 3.464101615137755275 ) ) ;
#9065 = DIRECTION ( 'NONE',  ( 0.4999999999999995559, 0.000000000000000000, -0.8660254037844389297 ) ) ;
#9066 = CARTESIAN_POINT ( 'NONE',  ( 0.000000000000000000, 0.000000000000000000, 0.000000000000000000 ) ) ;
#9067 = CARTESIAN_POINT ( 'NONE',  ( 0.000000000000000000, 9.499999999999998224, 0.000000000000000000 ) ) ;
#9068 = EDGE_CURVE ( 'NONE', #6114, #6856, #5488, .T. ) ;
#9069 = CARTESIAN_POINT ( 'NONE',  ( -20.68287334970658620, -13.15000000000000213, -20.68287334970643698 ) ) ;
#9070 = CARTESIAN_POINT ( 'NONE',  ( 21.56675682618975642, -13.25000000000000178, -21.56675682618964274 ) ) ;
#9071 = ORIENTED_EDGE ( 'NONE', *, *, #2015, .F. ) ;
#9072 =( NAMED_UNIT ( * ) PLANE_ANGLE_UNIT ( ) SI_UNIT ( $, .RADIAN. ) );
#9073 = DIRECTION ( 'NONE',  ( 0.000000000000000000, -1.000000000000000000, 0.000000000000000000 ) ) ;
#9074 = EDGE_LOOP ( 'NONE', ( #10797, #1730, #7969, #2700 ) ) ;
#9075 = VERTEX_POINT ( 'NONE', #5658 ) ;
#9076 = CARTESIAN_POINT ( 'NONE',  ( 0.000000000000000000, 10.49999999999999822, 0.000000000000000000 ) ) ;
#9077 = FACE_BOUND ( 'NONE', #1026, .T. ) ;
#9078 = PRESENTATION_STYLE_ASSIGNMENT (( #11000 ) ) ;
#9079 = DIRECTION ( 'NONE',  ( 0.000000000000000000, 0.000000000000000000, 1.000000000000000000 ) ) ;
#9080 = AXIS2_PLACEMENT_3D ( 'NONE', #8501, #689, #4883 ) ;
#9081 = VERTEX_POINT ( 'NONE', #9894 ) ;
#9082 = ORIENTED_EDGE ( 'NONE', *, *, #4323, .F. ) ;
#9083 = CARTESIAN_POINT ( 'NONE',  ( 8.287362917009566843, 0.000000000000000000, 2.763985268843902166 ) ) ;
#9084 = DIRECTION ( 'NONE',  ( -0.000000000000000000, 1.000000000000000000, 0.000000000000000000 ) ) ;
#9085 = CARTESIAN_POINT ( 'NONE',  ( 21.93028727582019854, 10.49999999999999822, 1.749999999999587885 ) ) ;
#9086 = VERTEX_POINT ( 'NONE', #3762 ) ;
#9087 = ORIENTED_EDGE ( 'NONE', *, *, #6993, .F. ) ;
#9088 = VECTOR ( 'NONE', #8262, 1000.000000000000114 ) ;
#9089 = ORIENTED_EDGE ( 'NONE', *, *, #474, .T. ) ;
#9090 = EDGE_CURVE ( 'NONE', #5231, #4214, #8944, .T. ) ;
#9091 = CYLINDRICAL_SURFACE ( 'NONE', #6260, 8.147829831584163074 ) ;
#9092 = DIRECTION ( 'NONE',  ( -0.000000000000000000, 1.000000000000000000, 0.000000000000000000 ) ) ;
#9093 = DIRECTION ( 'NONE',  ( 1.367258905585373894E-16, 0.000000000000000000, 1.000000000000000000 ) ) ;
#9094 = MECHANICAL_DESIGN_GEOMETRIC_PRESENTATION_REPRESENTATION (  '', ( #4012 ), #8554 ) ;
#9095 = SURFACE_STYLE_FILL_AREA ( #9664 ) ;
#9096 = UNCERTAINTY_MEASURE_WITH_UNIT (LENGTH_MEASURE( 1.000000000000000082E-05 ), #1461, 'distance_accuracy_value', 'NONE');
#9097 = ORIENTED_EDGE ( 'NONE', *, *, #9404, .T. ) ;
#9098 = CIRCLE ( 'NONE', #361, 8.147829831584077809 ) ;
#9099 = ORIENTED_EDGE ( 'NONE', *, *, #791, .T. ) ;
#9100 = AXIS2_PLACEMENT_3D ( 'NONE', #130, #5771, #1272 ) ;
#9101 = DIRECTION ( 'NONE',  ( 0.000000000000000000, -1.000000000000000000, 0.000000000000000000 ) ) ;
#9102 = CARTESIAN_POINT ( 'NONE',  ( 6.005533679434341465, 0.2178369010166498476, 6.901889459346330469 ) ) ;
#9103 = ORIENTED_EDGE ( 'NONE', *, *, #8226, .F. ) ;
#9104 = ADVANCED_FACE ( 'NONE', ( #8894 ), #8101, .T. ) ;
#9105 = DIRECTION ( 'NONE',  ( 0.000000000000000000, 0.000000000000000000, -1.000000000000000000 ) ) ;
#9106 =( GEOMETRIC_REPRESENTATION_CONTEXT ( 3 ) GLOBAL_UNCERTAINTY_ASSIGNED_CONTEXT ( ( #5260 ) ) GLOBAL_UNIT_ASSIGNED_CONTEXT ( ( #8232, #9135, #4954 ) ) REPRESENTATION_CONTEXT ( 'NONE', 'WORKASPACE' ) );
#9107 = ORIENTED_EDGE ( 'NONE', *, *, #838, .T. ) ;
#9108 = COLOUR_RGB ( '',0.1529411764705882470, 0.4901960784313725283, 1.000000000000000000 ) ;
#9109 = ORIENTED_EDGE ( 'NONE', *, *, #854, .T. ) ;
#9110 = CARTESIAN_POINT ( 'NONE',  ( 0.000000000000000000, -13.15000000000000213, 0.000000000000000000 ) ) ;
#9111 = CARTESIAN_POINT ( 'NONE',  ( -22.98097038856284513, 13.54999999999999893, 22.98097038856274921 ) ) ;
#9112 = VECTOR ( 'NONE', #1451, 999.9999999999998863 ) ;
#9113 = CARTESIAN_POINT ( 'NONE',  ( -21.56675682618977419, -13.15000000000000213, -21.56675682618961787 ) ) ;
#9114 = CIRCLE ( 'NONE', #10380, 0.2500000000000002220 ) ;
#9115 = CARTESIAN_POINT ( 'NONE',  ( 0.000000000000000000, 5.499999999999999112, 0.000000000000000000 ) ) ;
#9116 = VECTOR ( 'NONE', #5072, 1000.000000000000000 ) ;
#9117 = EDGE_CURVE ( 'NONE', #4782, #2634, #11191, .T. ) ;
#9118 = ADVANCED_FACE ( 'NONE', ( #6676 ), #1214, .F. ) ;
#9119 = LINE ( 'NONE', #9064, #6164 ) ;
#9120 = DIRECTION ( 'NONE',  ( 0.000000000000000000, 0.000000000000000000, -1.000000000000000000 ) ) ;
#9121 = DIRECTION ( 'NONE',  ( -0.000000000000000000, 1.000000000000000000, -0.000000000000000000 ) ) ;
#9122 = CARTESIAN_POINT ( 'NONE',  ( -8.559059450933292013, 0.000000000000000000, 1.750000000000268452 ) ) ;
#9123 = AXIS2_PLACEMENT_3D ( 'NONE', #8186, #4789, #3747 ) ;
#9124 = DIRECTION ( 'NONE',  ( -0.000000000000000000, -1.000000000000000000, -0.000000000000000000 ) ) ;
#9125 =( NAMED_UNIT ( * ) SI_UNIT ( $, .STERADIAN. ) SOLID_ANGLE_UNIT ( ) );
#9126 = VECTOR ( 'NONE', #8404, 1000.000000000000000 ) ;
#9127 = VERTEX_POINT ( 'NONE', #639 ) ;
#9128 = CIRCLE ( 'NONE', #2570, 9.148907742668312082 ) ;
#9129 = CARTESIAN_POINT ( 'NONE',  ( 6.016550857632742222, -18.21991441758264685, 5.494383199411024599 ) ) ;
#9130 = VERTEX_POINT ( 'NONE', #5883 ) ;
#9131 = PRESENTATION_LAYER_ASSIGNMENT (  '', '', ( #5698 ) ) ;
#9132 = ADVANCED_FACE ( 'NONE', ( #2288 ), #3111, .F. ) ;
#9133 = SURFACE_STYLE_USAGE ( .BOTH. , #8286 ) ;
#9134 = MECHANICAL_DESIGN_GEOMETRIC_PRESENTATION_REPRESENTATION (  '', ( #11134 ), #6976 ) ;
#9135 =( NAMED_UNIT ( * ) PLANE_ANGLE_UNIT ( ) SI_UNIT ( $, .RADIAN. ) );
#9136 = CARTESIAN_POINT ( 'NONE',  ( 21.74353352148639118, -13.25000000000000178, -21.74353352148628460 ) ) ;
#9137 = SURFACE_STYLE_USAGE ( .BOTH. , #6457 ) ;
#9138 = AXIS2_PLACEMENT_3D ( 'NONE', #7348, #9820, #5524 ) ;
#9139 = DIRECTION ( 'NONE',  ( -0.000000000000000000, -1.000000000000000000, -0.000000000000000000 ) ) ;
#9140 = STYLED_ITEM ( 'NONE', ( #7212 ), #2273 ) ;
#9141 = VERTEX_POINT ( 'NONE', #8548 ) ;
#9142 = ORIENTED_EDGE ( 'NONE', *, *, #10302, .T. ) ;
#9143 = AXIS2_PLACEMENT_3D ( 'NONE', #8052, #6432, #2107 ) ;
#9144 = DIRECTION ( 'NONE',  ( -0.5000000000000004441, -0.000000000000000000, -0.8660254037844384856 ) ) ;
#9145 = FILL_AREA_STYLE ('',( #3030 ) ) ;
#9146 = LINE ( 'NONE', #7506, #6141 ) ;
#9147 = ORIENTED_EDGE ( 'NONE', *, *, #5028, .T. ) ;
#9148 = ORIENTED_EDGE ( 'NONE', *, *, #10014, .F. ) ;
#9149 = VECTOR ( 'NONE', #2730, 1000.000000000000000 ) ;
#9150 = VERTEX_POINT ( 'NONE', #5769 ) ;
#9151 = CARTESIAN_POINT ( 'NONE',  ( 14.55991744746905603, 10.49999999999999467, -1.750000000000410338 ) ) ;
#9152 = SURFACE_SIDE_STYLE ('',( #2265 ) ) ;
#9153 = CARTESIAN_POINT ( 'NONE',  ( 1.750000000000005995, -18.21991441758264685, 22.23122803625566846 ) ) ;
#9154 =( LENGTH_UNIT ( ) NAMED_UNIT ( * ) SI_UNIT ( .MILLI., .METRE. ) );
#9155 = DIRECTION ( 'NONE',  ( 0.000000000000000000, -1.000000000000000000, 0.000000000000000000 ) ) ;
#9156 = ORIENTED_EDGE ( 'NONE', *, *, #5735, .F. ) ;
#9157 = MECHANICAL_DESIGN_GEOMETRIC_PRESENTATION_REPRESENTATION (  '', ( #970 ), #1883 ) ;
#9158 = ADVANCED_FACE ( 'NONE', ( #1441 ), #836, .F. ) ;
#9159 = AXIS2_PLACEMENT_3D ( 'NONE', #10771, #5514, #9079 ) ;
#9160 = EDGE_LOOP ( 'NONE', ( #4516, #4608, #7589, #9437 ) ) ;
#9161 = FILL_AREA_STYLE_COLOUR ( '', #1555 ) ;
#9162 = DIRECTION ( 'NONE',  ( 0.000000000000000000, 0.000000000000000000, -1.000000000000000000 ) ) ;
#9163 = ORIENTED_EDGE ( 'NONE', *, *, #1044, .F. ) ;
#9164 = STYLED_ITEM ( 'NONE', ( #7026 ), #4004 ) ;
#9165 = B_SPLINE_CURVE_WITH_KNOTS ( 'NONE', 3,
 ( #9180, #2119, #3184, #4944 ),
 .UNSPECIFIED., .F., .F.,
 ( 4, 4 ),
 ( 4.522029794134342343E-35, 0.0004900010714873818778 ),
 .UNSPECIFIED. ) ;
#9166 = DIRECTION ( 'NONE',  ( 0.000000000000000000, 0.000000000000000000, -1.000000000000000000 ) ) ;
#9167 = CARTESIAN_POINT ( 'NONE',  ( 20.12780823672225239, 10.49999999999999822, 9.600069561505060634 ) ) ;
#9168 =( GEOMETRIC_REPRESENTATION_CONTEXT ( 3 ) GLOBAL_UNCERTAINTY_ASSIGNED_CONTEXT ( ( #679 ) ) GLOBAL_UNIT_ASSIGNED_CONTEXT ( ( #6331, #4639, #9055 ) ) REPRESENTATION_CONTEXT ( 'NONE', 'WORKASPACE' ) );
#9169 = VERTEX_POINT ( 'NONE', #4933 ) ;
#9170 = CARTESIAN_POINT ( 'NONE',  ( 0.000000000000000000, 13.54999999999999893, 0.000000000000000000 ) ) ;
#9171 = ORIENTED_EDGE ( 'NONE', *, *, #2548, .T. ) ;
#9172 = EDGE_CURVE ( 'NONE', #7453, #5433, #7760, .T. ) ;
#9173 = FACE_OUTER_BOUND ( 'NONE', #10305, .T. ) ;
#9174 = CIRCLE ( 'NONE', #987, 32.50000000000000000 ) ;
#9175 = CARTESIAN_POINT ( 'NONE',  ( 0.000000000000000000, 6.499999999999999112, 0.000000000000000000 ) ) ;
#9176 = DIRECTION ( 'NONE',  ( -0.000000000000000000, 1.000000000000000000, -0.000000000000000000 ) ) ;
#9177 = DIRECTION ( 'NONE',  ( 0.000000000000000000, -1.000000000000000000, 0.000000000000000000 ) ) ;
#9178 = DIRECTION ( 'NONE',  ( 0.000000000000000000, 0.000000000000000000, -1.000000000000000000 ) ) ;
#9179 = AXIS2_PLACEMENT_3D ( 'NONE', #6370, #9101, #1196 ) ;
#9180 = CARTESIAN_POINT ( 'NONE',  ( 8.559059450933428792, 0.000000000000000000, 1.749999999999590106 ) ) ;
#9181 = SURFACE_STYLE_FILL_AREA ( #5730 ) ;
#9182 = SURFACE_SIDE_STYLE ('',( #1159 ) ) ;
#9183 = ORIENTED_EDGE ( 'NONE', *, *, #464, .T. ) ;
#9184 = CARTESIAN_POINT ( 'NONE',  ( 7.766550857632748439, 1.500000000000003109, -2.463294286165474745 ) ) ;
#9185 = EDGE_CURVE ( 'NONE', #2023, #9760, #9507, .T. ) ;
#9186 = ADVANCED_FACE ( 'NONE', ( #6959, #4455, #10464, #5318, #6099, #9448 ), #3341, .F. ) ;
#9187 =( NAMED_UNIT ( * ) SI_UNIT ( $, .STERADIAN. ) SOLID_ANGLE_UNIT ( ) );
#9188 = CIRCLE ( 'NONE', #1202, 29.50000000000000000 ) ;
#9189 = ORIENTED_EDGE ( 'NONE', *, *, #9117, .F. ) ;
#9190 = CARTESIAN_POINT ( 'NONE',  ( 13.28208548333577710, 10.42229184219406513, -5.647689687039805229 ) ) ;
#9191 =( NAMED_UNIT ( * ) PLANE_ANGLE_UNIT ( ) SI_UNIT ( $, .RADIAN. ) );
#9192 = PLANE ( 'NONE',  #1329 ) ;
#9193 = AXIS2_PLACEMENT_3D ( 'NONE', #3359, #10990, #3191 ) ;
#9194 = MECHANICAL_DESIGN_GEOMETRIC_PRESENTATION_REPRESENTATION (  '', ( #4670 ), #4865 ) ;
#9195 = FILL_AREA_STYLE_COLOUR ( '', #5535 ) ;
#9196 = EDGE_LOOP ( 'NONE', ( #10761, #2735, #2446, #7344 ) ) ;
#9197 = EDGE_CURVE ( 'NONE', #6618, #3083, #9390, .T. ) ;
#9198 = ORIENTED_EDGE ( 'NONE', *, *, #3878, .T. ) ;
#9199 = ADVANCED_FACE ( 'NONE', ( #1717 ), #102, .F. ) ;
#9200 = FACE_OUTER_BOUND ( 'NONE', #10061, .T. ) ;
#9201 = ORIENTED_EDGE ( 'NONE', *, *, #6193, .T. ) ;
#9202 = COLOUR_RGB ( '',0.1529411764705882470, 0.4901960784313725283, 1.000000000000000000 ) ;
#9203 = ORIENTED_EDGE ( 'NONE', *, *, #7440, .F. ) ;
#9204 = FILL_AREA_STYLE_COLOUR ( '', #7978 ) ;
#9205 = DIRECTION ( 'NONE',  ( 0.000000000000000000, -1.000000000000000000, 0.000000000000000000 ) ) ;
#9206 = LINE ( 'NONE', #4786, #8625 ) ;
#9207 = CARTESIAN_POINT ( 'NONE',  ( 13.25064077106048011, 6.300111172951812222, 1.749999999999589662 ) ) ;
#9208 = CARTESIAN_POINT ( 'NONE',  ( 0.000000000000000000, -13.25000000000000178, 0.000000000000000000 ) ) ;
#9209 =( NAMED_UNIT ( * ) SI_UNIT ( $, .STERADIAN. ) SOLID_ANGLE_UNIT ( ) );
#9210 = UNCERTAINTY_MEASURE_WITH_UNIT (LENGTH_MEASURE( 1.000000000000000082E-05 ), #5014, 'distance_accuracy_value', 'NONE');
#9211 = ORIENTED_EDGE ( 'NONE', *, *, #1606, .T. ) ;
#9212 = FACE_OUTER_BOUND ( 'NONE', #8009, .T. ) ;
#9213 = ADVANCED_FACE ( 'NONE', ( #2825 ), #8673, .F. ) ;
#9214 = ORIENTED_EDGE ( 'NONE', *, *, #8980, .T. ) ;
#9215 = ORIENTED_EDGE ( 'NONE', *, *, #957, .F. ) ;
#9216 = COLOUR_RGB ( '',0.1529411764705882470, 0.4901960784313725283, 1.000000000000000000 ) ;
#9217 = CIRCLE ( 'NONE', #8859, 0.2500000000000002220 ) ;
#9218 = LINE ( 'NONE', #10969, #10142 ) ;
#9219 = CARTESIAN_POINT ( 'NONE',  ( -1.750000000000001332, 7.204226760681036623, -11.92185460136562192 ) ) ;
#9220 = ORIENTED_EDGE ( 'NONE', *, *, #10755, .F. ) ;
#9221 = UNCERTAINTY_MEASURE_WITH_UNIT (LENGTH_MEASURE( 1.000000000000000082E-05 ), #5241, 'distance_accuracy_value', 'NONE');
#9222 = SURFACE_STYLE_FILL_AREA ( #3936 ) ;
#9223 = B_SPLINE_CURVE_WITH_KNOTS ( 'NONE', 3,
 ( #10921, #3115, #5825, #10068, #3176, #2292, #9229, #1499 ),
 .UNSPECIFIED., .F., .F.,
 ( 4, 2, 2, 4 ),
 ( 8.673617379884035472E-19, 0.0002429683717504908867, 0.0004859367435009809061, 0.0009718734870019557406 ),
 .UNSPECIFIED. ) ;
#9224 = DIRECTION ( 'NONE',  ( -0.000000000000000000, 1.000000000000000000, -0.000000000000000000 ) ) ;
#9225 = FILL_AREA_STYLE ('',( #9341 ) ) ;
#9226 = ORIENTED_EDGE ( 'NONE', *, *, #774, .T. ) ;
#9227 =( GEOMETRIC_REPRESENTATION_CONTEXT ( 3 ) GLOBAL_UNCERTAINTY_ASSIGNED_CONTEXT ( ( #2045 ) ) GLOBAL_UNIT_ASSIGNED_CONTEXT ( ( #4666, #266, #2020 ) ) REPRESENTATION_CONTEXT ( 'NONE', 'WORKASPACE' ) );
#9228 = CARTESIAN_POINT ( 'NONE',  ( 1.750000000000005995, 10.64289375798497517, 22.19841173308620697 ) ) ;
#9229 = CARTESIAN_POINT ( 'NONE',  ( -5.332771086671751704, 6.500000000000000000, -12.73663046725011583 ) ) ;
#9230 = AXIS2_PLACEMENT_3D ( 'NONE', #2838, #399, #10642 ) ;
#9231 = CIRCLE ( 'NONE', #520, 2.250000000000000000 ) ;
#9232 = FILL_AREA_STYLE_COLOUR ( '', #1495 ) ;
#9233 = DIRECTION ( 'NONE',  ( -0.000000000000000000, 1.000000000000000000, -0.000000000000000000 ) ) ;
#9234 = CARTESIAN_POINT ( 'NONE',  ( -5.453944846153501835, 10.13193726329756572, 12.94650957521630374 ) ) ;
#9235 = ADVANCED_FACE ( 'NONE', ( #1135 ), #8189, .T. ) ;
#9236 = CARTESIAN_POINT ( 'NONE',  ( -5.430653625469902934, 10.06432619796679440, -12.90616799762234912 ) ) ;
#9237 = AXIS2_PLACEMENT_3D ( 'NONE', #7540, #2507, #9451 ) ;
#9238 = DIRECTION ( 'NONE',  ( 0.000000000000000000, -1.000000000000000000, 0.000000000000000000 ) ) ;
#9239 = UNCERTAINTY_MEASURE_WITH_UNIT (LENGTH_MEASURE( 1.000000000000000082E-05 ), #7298, 'distance_accuracy_value', 'NONE');
#9240 = CARTESIAN_POINT ( 'NONE',  ( -20.85965004500318543, 13.54999999999999893, 20.85965004500311792 ) ) ;
#9241 = EDGE_LOOP ( 'NONE', ( #2402, #486, #3752, #7881 ) ) ;
#9242 =( GEOMETRIC_REPRESENTATION_CONTEXT ( 3 ) GLOBAL_UNCERTAINTY_ASSIGNED_CONTEXT ( ( #9984 ) ) GLOBAL_UNIT_ASSIGNED_CONTEXT ( ( #9701, #9860, #193 ) ) REPRESENTATION_CONTEXT ( 'NONE', 'WORKASPACE' ) );
#9243 =( LENGTH_UNIT ( ) NAMED_UNIT ( * ) SI_UNIT ( .MILLI., .METRE. ) );
#9244 = COLOUR_RGB ( '',0.1529411764705882470, 0.4901960784313725283, 1.000000000000000000 ) ;
#9245 = CARTESIAN_POINT ( 'NONE',  ( 13.86093484102083551, 6.499999999999999112, -1.750000000000410783 ) ) ;
#9246 = DIRECTION ( 'NONE',  ( 8.881784197001250746E-15, 0.000000000000000000, -1.000000000000000000 ) ) ;
#9247 = ADVANCED_FACE ( 'NONE', ( #325 ), #3803, .T. ) ;
#9248 = EDGE_CURVE ( 'NONE', #5574, #7992, #3949, .T. ) ;
#9249 = LINE ( 'NONE', #4955, #9126 ) ;
#9250 = FACE_OUTER_BOUND ( 'NONE', #7572, .T. ) ;
#9251 = VECTOR ( 'NONE', #5709, 1000.000000000000000 ) ;
#9252 = DIRECTION ( 'NONE',  ( -0.8660254037844385966, 0.000000000000000000, 0.5000000000000001110 ) ) ;
#9253 = PRESENTATION_STYLE_ASSIGNMENT (( #11169 ) ) ;
#9254 = ORIENTED_EDGE ( 'NONE', *, *, #4075, .T. ) ;
#9255 = ORIENTED_EDGE ( 'NONE', *, *, #1363, .T. ) ;
#9256 = CARTESIAN_POINT ( 'NONE',  ( 0.000000000000000000, 10.49999999999999822, -22.00000000000000000 ) ) ;
#9257 = CARTESIAN_POINT ( 'NONE',  ( 2.974444766188807154, 0.2178369010166506803, 8.651889459346334021 ) ) ;
#9258 = CARTESIAN_POINT ( 'NONE',  ( 5.999999999999997335, -0.2000000000000000944, -3.464101615137753498 ) ) ;
#9259 = ORIENTED_EDGE ( 'NONE', *, *, #11022, .F. ) ;
#9260 =( LENGTH_UNIT ( ) NAMED_UNIT ( * ) SI_UNIT ( .MILLI., .METRE. ) );
#9261 = EDGE_LOOP ( 'NONE', ( #9419, #8245, #3371, #3126 ) ) ;
#9262 = EDGE_CURVE ( 'NONE', #2873, #10689, #9643, .T. ) ;
#9263 = DIRECTION ( 'NONE',  ( 0.000000000000000000, -1.000000000000000000, 0.000000000000000000 ) ) ;
#9264 = EDGE_CURVE ( 'NONE', #8365, #7774, #4312, .T. ) ;
#9265 = DIRECTION ( 'NONE',  ( 0.000000000000000000, 0.000000000000000000, 1.000000000000000000 ) ) ;
#9266 = FACE_OUTER_BOUND ( 'NONE', #2668, .T. ) ;
#9267 = CIRCLE ( 'NONE', #348, 8.736131791852239203 ) ;
#9268 = LINE ( 'NONE', #11070, #5739 ) ;
#9269 = FACE_OUTER_BOUND ( 'NONE', #8279, .T. ) ;
#9270 =( LENGTH_UNIT ( ) NAMED_UNIT ( * ) SI_UNIT ( .MILLI., .METRE. ) );
#9271 = ORIENTED_EDGE ( 'NONE', *, *, #3524, .F. ) ;
#9272 = CARTESIAN_POINT ( 'NONE',  ( 9.449625380560821242, 7.204220786794541809, 7.476469699371596889 ) ) ;
#9273 = VECTOR ( 'NONE', #4283, 1000.000000000000000 ) ;
#9274 = VERTEX_POINT ( 'NONE', #1428 ) ;
#9275 =( LENGTH_UNIT ( ) NAMED_UNIT ( * ) SI_UNIT ( .MILLI., .METRE. ) );
#9276 = ORIENTED_EDGE ( 'NONE', *, *, #1874, .F. ) ;
#9277 = AXIS2_PLACEMENT_3D ( 'NONE', #412, #3831, #7325 ) ;
#9278 = CARTESIAN_POINT ( 'NONE',  ( 21.92031021678289804, 13.54999999999999893, 21.92031021678305081 ) ) ;
#9279 = EDGE_CURVE ( 'NONE', #9959, #10413, #3273, .T. ) ;
#9280 = CARTESIAN_POINT ( 'NONE',  ( -12.55918128136487510, 10.53235529095875833, -18.25314008079250883 ) ) ;
#9281 = VECTOR ( 'NONE', #320, 1000.000000000000000 ) ;
#9282 = DIRECTION ( 'NONE',  ( -8.881784197001252323E-15, 0.000000000000000000, 1.000000000000000000 ) ) ;
#9283 = FILL_AREA_STYLE ('',( #8381 ) ) ;
#9284 = ORIENTED_EDGE ( 'NONE', *, *, #8575, .T. ) ;
#9285 =( GEOMETRIC_REPRESENTATION_CONTEXT ( 3 ) GLOBAL_UNCERTAINTY_ASSIGNED_CONTEXT ( ( #5922 ) ) GLOBAL_UNIT_ASSIGNED_CONTEXT ( ( #4256, #9540, #11115 ) ) REPRESENTATION_CONTEXT ( 'NONE', 'WORKASPACE' ) );
#9286 = CARTESIAN_POINT ( 'NONE',  ( 21.92031021678291225, -13.15000000000000213, -21.92031021678302949 ) ) ;
#9287 = DIRECTION ( 'NONE',  ( 0.000000000000000000, 0.000000000000000000, 1.000000000000000000 ) ) ;
#9288 = PRESENTATION_LAYER_ASSIGNMENT (  '', '', ( #6204 ) ) ;
#9289 = DIRECTION ( 'NONE',  ( 0.8660254037844388186, 0.000000000000000000, 0.4999999999999996669 ) ) ;
#9290 = CARTESIAN_POINT ( 'NONE',  ( 5.999999999999997335, -4.000000000000000000, 3.464101615137759715 ) ) ;
#9291 = SURFACE_SIDE_STYLE ('',( #7481 ) ) ;
#9292 = AXIS2_PLACEMENT_3D ( 'NONE', #7762, #4065, #7539 ) ;
#9293 = CARTESIAN_POINT ( 'NONE',  ( -2.974444766188798273, 0.2178369010166496533, 8.651889459346335798 ) ) ;
#9294 = CARTESIAN_POINT ( 'NONE',  ( 0.000000000000000000, 10.49999999999999822, 0.000000000000000000 ) ) ;
#9295 = TOROIDAL_SURFACE ( 'NONE', #2728, 14.82773641629552053, 1.000000000000000000 ) ;
#9296 = ORIENTED_EDGE ( 'NONE', *, *, #10995, .T. ) ;
#9297 = FILL_AREA_STYLE ('',( #5839 ) ) ;
#9298 = B_SPLINE_CURVE_WITH_KNOTS ( 'NONE', 3,
 ( #3400, #5885, #2557, #9228, #1443, #8384 ),
 .UNSPECIFIED., .F., .F.,
 ( 4, 2, 4 ),
 ( 0.000000000000000000, 0.0002346925379797273848, 0.0004693850759594547697 ),
 .UNSPECIFIED. ) ;
#9299 = EDGE_CURVE ( 'NONE', #3101, #9835, #3155, .T. ) ;
#9300 = FILL_AREA_STYLE ('',( #3249 ) ) ;
#9301 = AXIS2_PLACEMENT_3D ( 'NONE', #7015, #3579, #2501 ) ;
#9302 = B_SPLINE_CURVE_WITH_KNOTS ( 'NONE', 3,
 ( #5423, #7253, #9833, #1079, #8889, #2040, #4574, #333 ),
 .UNSPECIFIED., .F., .F.,
 ( 4, 2, 2, 4 ),
 ( 3.974750819240313445E-18, 0.0002429715048039791372, 0.0004859430096079542629, 0.0009718860192159080921 ),
 .UNSPECIFIED. ) ;
#9303 =( LENGTH_UNIT ( ) NAMED_UNIT ( * ) SI_UNIT ( .MILLI., .METRE. ) );
#9304 = AXIS2_PLACEMENT_3D ( 'NONE', #1584, #8364, #6719 ) ;
#9305 = AXIS2_PLACEMENT_3D ( 'NONE', #3142, #10152, #6626 ) ;
#9306 = CARTESIAN_POINT ( 'NONE',  ( -1.749999999999994449, 10.64307090431698555, 22.19851024942031614 ) ) ;
#9307 = ORIENTED_EDGE ( 'NONE', *, *, #3094, .T. ) ;
#9308 = ORIENTED_EDGE ( 'NONE', *, *, #8035, .F. ) ;
#9309 = CIRCLE ( 'NONE', #587, 13.97097042681812873 ) ;
#9310 = EDGE_CURVE ( 'NONE', #5951, #11089, #6305, .T. ) ;
#9311 = CARTESIAN_POINT ( 'NONE',  ( -21.74353352148638407, -13.15000000000000213, 21.74353352148629170 ) ) ;
#9312 = CARTESIAN_POINT ( 'NONE',  ( -7.766550857632493532, -18.21991441758264685, -2.463294286165515601 ) ) ;
#9313 = AXIS2_PLACEMENT_3D ( 'NONE', #3218, #7229, #4660 ) ;
#9314 = ORIENTED_EDGE ( 'NONE', *, *, #3241, .T. ) ;
#9315 = ORIENTED_EDGE ( 'NONE', *, *, #6746, .T. ) ;
#9316 = ORIENTED_EDGE ( 'NONE', *, *, #4664, .T. ) ;
#9317 = DIRECTION ( 'NONE',  ( -0.000000000000000000, 1.000000000000000000, -0.000000000000000000 ) ) ;
#9318 = PLANE ( 'NONE',  #2887 ) ;
#9319 = AXIS2_PLACEMENT_3D ( 'NONE', #9513, #5990, #3462 ) ;
#9320 = SURFACE_STYLE_FILL_AREA ( #4101 ) ;
#9321 = CARTESIAN_POINT ( 'NONE',  ( -12.94650957521630552, 10.13193726329756750, -5.453944846153513382 ) ) ;
#9322 = CARTESIAN_POINT ( 'NONE',  ( 0.000000000000000000, 0.000000000000000000, 0.000000000000000000 ) ) ;
#9323 = UNCERTAINTY_MEASURE_WITH_UNIT (LENGTH_MEASURE( 1.000000000000000082E-05 ), #5047, 'distance_accuracy_value', 'NONE');
#9324 = AXIS2_PLACEMENT_3D ( 'NONE', #9781, #5487, #8943 ) ;
#9325 = APPLICATION_CONTEXT ( 'automotive_design' ) ;
#9326 = EDGE_LOOP ( 'NONE', ( #9673, #8359, #8800, #3426 ) ) ;
#9327 = DIRECTION ( 'NONE',  ( -0.000000000000000000, -1.000000000000000000, -0.000000000000000000 ) ) ;
#9328 = ADVANCED_FACE ( 'NONE', ( #9212 ), #1217, .T. ) ;
#9329 = EDGE_CURVE ( 'NONE', #9007, #3023, #3678, .T. ) ;
#9330 = AXIS2_PLACEMENT_3D ( 'NONE', #9611, #7012, #2759 ) ;
#9331 = PRESENTATION_LAYER_ASSIGNMENT (  '', '', ( #2933 ) ) ;
#9332 = DIRECTION ( 'NONE',  ( 0.000000000000000000, -1.000000000000000000, 0.000000000000000000 ) ) ;
#9333 = AXIS2_PLACEMENT_3D ( 'NONE', #11241, #4114, #4803 ) ;
#9334 = ORIENTED_EDGE ( 'NONE', *, *, #207, .F. ) ;
#9335 = CARTESIAN_POINT ( 'NONE',  ( -12.60146594260398167, 6.451575245584148632, -5.254733811982627678 ) ) ;
#9336 = CARTESIAN_POINT ( 'NONE',  ( 14.32646828732520738, 10.42229184219404914, 1.749999999999589440 ) ) ;
#9337 = AXIS2_PLACEMENT_3D ( 'NONE', #8248, #8128, #7349 ) ;
#9338 = UNCERTAINTY_MEASURE_WITH_UNIT (LENGTH_MEASURE( 1.000000000000000082E-05 ), #5521, 'distance_accuracy_value', 'NONE');
#9339 = STYLED_ITEM ( 'NONE', ( #5897 ), #2830 ) ;
#9340 = DIRECTION ( 'NONE',  ( 0.000000000000000000, 0.000000000000000000, 1.000000000000000000 ) ) ;
#9341 = FILL_AREA_STYLE_COLOUR ( '', #10277 ) ;
#9342 = AXIS2_PLACEMENT_3D ( 'NONE', #6139, #10548, #9754 ) ;
#9343 = ORIENTED_EDGE ( 'NONE', *, *, #9310, .F. ) ;
#9344 = CARTESIAN_POINT ( 'NONE',  ( 0.000000000000000000, 5.499999999999999112, 0.000000000000000000 ) ) ;
#9345 = EDGE_CURVE ( 'NONE', #10841, #5574, #3384, .T. ) ;
#9346 = ADVANCED_FACE ( 'NONE', ( #6025 ), #832, .T. ) ;
#9347 = ORIENTED_EDGE ( 'NONE', *, *, #4137, .F. ) ;
#9348 = STYLED_ITEM ( 'NONE', ( #918 ), #4029 ) ;
#9349 =( NAMED_UNIT ( * ) PLANE_ANGLE_UNIT ( ) SI_UNIT ( $, .RADIAN. ) );
#9350 = SURFACE_STYLE_USAGE ( .BOTH. , #688 ) ;
#9351 = DIRECTION ( 'NONE',  ( 0.000000000000000000, 0.000000000000000000, -1.000000000000000000 ) ) ;
#9352 = CARTESIAN_POINT ( 'NONE',  ( -5.647689687039666673, 10.42229184219407045, -13.28208548333583927 ) ) ;
#9353 = ORIENTED_EDGE ( 'NONE', *, *, #1724, .F. ) ;
#9354 = DIRECTION ( 'NONE',  ( 0.000000000000000000, 0.000000000000000000, 1.000000000000000000 ) ) ;
#9355 = DIRECTION ( 'NONE',  ( 0.000000000000000000, 0.000000000000000000, -1.000000000000000000 ) ) ;
#9356 = VERTEX_POINT ( 'NONE', #5973 ) ;
#9357 = SURFACE_STYLE_FILL_AREA ( #7659 ) ;
#9358 = CIRCLE ( 'NONE', #6442, 22.30000000000000071 ) ;
#9359 = B_SPLINE_CURVE_WITH_KNOTS ( 'NONE', 3,
 ( #4697, #2050, #7375, #4643 ),
 .UNSPECIFIED., .F., .F.,
 ( 4, 4 ),
 ( 0.01388705713035102464, 0.02430667705227466252 ),
 .UNSPECIFIED. ) ;
#9360 = DIRECTION ( 'NONE',  ( 0.000000000000000000, -1.000000000000000000, 0.000000000000000000 ) ) ;
#9361 = CARTESIAN_POINT ( 'NONE',  ( -20.68287334970656133, -13.25000000000000178, 20.68287334970646896 ) ) ;
#9362 = CARTESIAN_POINT ( 'NONE',  ( 0.000000000000000000, 0.000000000000000000, 8.736131791852239203 ) ) ;
#9363 = DIRECTION ( 'NONE',  ( 0.000000000000000000, 0.000000000000000000, 1.000000000000000000 ) ) ;
#9364 = EDGE_LOOP ( 'NONE', ( #4370, #8295, #8050, #10523 ) ) ;
#9365 = PRESENTATION_STYLE_ASSIGNMENT (( #4960 ) ) ;
#9366 = MECHANICAL_DESIGN_GEOMETRIC_PRESENTATION_REPRESENTATION (  '', ( #10803 ), #1562 ) ;
#9367 = VERTEX_POINT ( 'NONE', #9492 ) ;
#9368 = CYLINDRICAL_SURFACE ( 'NONE', #10924, 8.147829831584077809 ) ;
#9369 = LINE ( 'NONE', #5687, #1773 ) ;
#9370 = ORIENTED_EDGE ( 'NONE', *, *, #3852, .T. ) ;
#9371 = ORIENTED_EDGE ( 'NONE', *, *, #6210, .T. ) ;
#9372 = ORIENTED_EDGE ( 'NONE', *, *, #11107, .F. ) ;
#9373 = CARTESIAN_POINT ( 'NONE',  ( -1.749999999999994449, -18.21991441758264685, 22.23122803625566846 ) ) ;
#9374 = DIRECTION ( 'NONE',  ( 0.000000000000000000, 0.000000000000000000, 1.000000000000000000 ) ) ;
#9375 = AXIS2_PLACEMENT_3D ( 'NONE', #1670, #10364, #10193 ) ;
#9376 = B_SPLINE_CURVE_WITH_KNOTS ( 'NONE', 3,
 ( #1465, #8407, #755, #8629 ),
 .UNSPECIFIED., .F., .F.,
 ( 4, 4 ),
 ( 2.441178545102166906E-07, 0.01041986825085306802 ),
 .UNSPECIFIED. ) ;
#9377 = CARTESIAN_POINT ( 'NONE',  ( 21.92031021678291225, -13.25000000000000178, -21.92031021678302949 ) ) ;
#9378 = CARTESIAN_POINT ( 'NONE',  ( 0.000000000000000000, 0.000000000000000000, 0.000000000000000000 ) ) ;
#9379 = EDGE_CURVE ( 'NONE', #8507, #10877, #6316, .T. ) ;
#9380 = DIRECTION ( 'NONE',  ( -0.000000000000000000, -1.000000000000000000, -0.000000000000000000 ) ) ;
#9381 = DIRECTION ( 'NONE',  ( -0.000000000000000000, 1.000000000000000000, -0.000000000000000000 ) ) ;
#9382 = ORIENTED_EDGE ( 'NONE', *, *, #4629, .F. ) ;
#9383 = CARTESIAN_POINT ( 'NONE',  ( 22.19841173308618565, 10.64289375798497517, -1.750000000000412781 ) ) ;
#9384 = AXIS2_PLACEMENT_3D ( 'NONE', #339, #3880, #6275 ) ;
#9385 = CARTESIAN_POINT ( 'NONE',  ( -8.674632498157878691E-16, -0.2000000000000000944, -6.928203230275510549 ) ) ;
#9386 = EDGE_LOOP ( 'NONE', ( #9039, #6244, #6935, #1577 ) ) ;
#9387 = CARTESIAN_POINT ( 'NONE',  ( 0.000000000000000000, 6.499999999999999112, 0.000000000000000000 ) ) ;
#9388 = DIRECTION ( 'NONE',  ( 0.000000000000000000, 0.000000000000000000, -1.000000000000000000 ) ) ;
#9389 = EDGE_CURVE ( 'NONE', #9658, #3526, #4145, .T. ) ;
#9390 = CIRCLE ( 'NONE', #106, 13.97097042681812873 ) ;
#9391 = ADVANCED_FACE ( 'NONE', ( #7915 ), #8320, .F. ) ;
#9392 = FACE_OUTER_BOUND ( 'NONE', #8947, .T. ) ;
#9393 =( NAMED_UNIT ( * ) PLANE_ANGLE_UNIT ( ) SI_UNIT ( $, .RADIAN. ) );
#9394 = ORIENTED_EDGE ( 'NONE', *, *, #4076, .F. ) ;
#9395 = DIRECTION ( 'NONE',  ( -0.000000000000000000, 1.000000000000000000, -0.000000000000000000 ) ) ;
#9396 = B_SPLINE_CURVE_WITH_KNOTS ( 'NONE', 3,
 ( #11240, #1696, #3497, #3438 ),
 .UNSPECIFIED., .F., .F.,
 ( 4, 4 ),
 ( 0.01077156670603661610, 0.01788226214102279707 ),
 .UNSPECIFIED. ) ;
#9397 = ORIENTED_EDGE ( 'NONE', *, *, #6615, .F. ) ;
#9398 = COLOUR_RGB ( '',0.1529411764705882470, 0.4901960784313725283, 1.000000000000000000 ) ;
#9399 = CARTESIAN_POINT ( 'NONE',  ( -14.72410497215825309, 10.49999999999999822, 1.750000000000270450 ) ) ;
#9400 = CARTESIAN_POINT ( 'NONE',  ( 5.480854602023198296, 10.19249530351371291, -12.99311863960184787 ) ) ;
#9401 = PRESENTATION_STYLE_ASSIGNMENT (( #10010 ) ) ;
#9402 = SURFACE_STYLE_FILL_AREA ( #3351 ) ;
#9403 = ORIENTED_EDGE ( 'NONE', *, *, #4794, .T. ) ;
#9404 = EDGE_CURVE ( 'NONE', #9835, #10133, #4696, .T. ) ;
#9405 = DIRECTION ( 'NONE',  ( 0.8660254037844397068, 0.000000000000000000, -0.4999999999999981126 ) ) ;
#9406 = PRESENTATION_LAYER_ASSIGNMENT (  '', '', ( #7246 ) ) ;
#9407 = VECTOR ( 'NONE', #7715, 1000.000000000000000 ) ;
#9408 = CARTESIAN_POINT ( 'NONE',  ( 0.000000000000000000, -18.21991441758264685, 0.000000000000000000 ) ) ;
#9409 = CARTESIAN_POINT ( 'NONE',  ( 13.48425838651253805, 10.50000000000000000, 5.764414267111784618 ) ) ;
#9410 = ORIENTED_EDGE ( 'NONE', *, *, #5089, .F. ) ;
#9411 =( NAMED_UNIT ( * ) PLANE_ANGLE_UNIT ( ) SI_UNIT ( $, .RADIAN. ) );
#9412 = DIRECTION ( 'NONE',  ( 0.000000000000000000, -1.000000000000000000, 0.000000000000000000 ) ) ;
#9413 = CIRCLE ( 'NONE', #2335, 0.2499999999999967526 ) ;
#9414 = EDGE_CURVE ( 'NONE', #5277, #512, #9438, .T. ) ;
#9415 = CARTESIAN_POINT ( 'NONE',  ( 0.000000000000000000, 10.80000000000000071, 0.000000000000000000 ) ) ;
#9416 = STYLED_ITEM ( 'NONE', ( #616 ), #5064 ) ;
#9417 = DIRECTION ( 'NONE',  ( 0.000000000000000000, 0.000000000000000000, -1.000000000000000000 ) ) ;
#9418 = CARTESIAN_POINT ( 'NONE',  ( -21.92031021678301883, -13.25000000000000178, 21.92031021678292646 ) ) ;
#9419 = ORIENTED_EDGE ( 'NONE', *, *, #9310, .T. ) ;
#9420 = STYLED_ITEM ( 'NONE', ( #9455 ), #10838 ) ;
#9421 = COLOUR_RGB ( '',0.1529411764705882470, 0.4901960784313725283, 1.000000000000000000 ) ;
#9422 = ORIENTED_EDGE ( 'NONE', *, *, #8871, .F. ) ;
#9423 = CARTESIAN_POINT ( 'NONE',  ( 0.000000000000000000, -18.21991441758264685, 0.000000000000000000 ) ) ;
#9424 = CARTESIAN_POINT ( 'NONE',  ( 11.05777436687271020, 6.499999999999999112, -8.404934949515752152 ) ) ;
#9425 = ORIENTED_EDGE ( 'NONE', *, *, #5735, .T. ) ;
#9426 = STYLED_ITEM ( 'NONE', ( #7680 ), #5154 ) ;
#9427 = ORIENTED_EDGE ( 'NONE', *, *, #2647, .F. ) ;
#9428 = EDGE_LOOP ( 'NONE', ( #992, #6291, #1097, #433, #4456, #2611 ) ) ;
#9429 = AXIS2_PLACEMENT_3D ( 'NONE', #1324, #4799, #8261 ) ;
#9430 = CYLINDRICAL_SURFACE ( 'NONE', #9527, 0.2499999999999967526 ) ;
#9431 = CARTESIAN_POINT ( 'NONE',  ( -8.877596942701904581, 10.49999999999999822, 11.87644895387784416 ) ) ;
#9432 = DIRECTION ( 'NONE',  ( -0.000000000000000000, 1.000000000000000000, -0.000000000000000000 ) ) ;
#9433 = CARTESIAN_POINT ( 'NONE',  ( -8.282718865301921696, 6.459664993593753124, 10.84608989951218128 ) ) ;
#9434 = UNCERTAINTY_MEASURE_WITH_UNIT (LENGTH_MEASURE( 1.000000000000000082E-05 ), #6819, 'distance_accuracy_value', 'NONE');
#9435 = B_SPLINE_CURVE_WITH_KNOTS ( 'NONE', 3,
 ( #1169, #9648, #4603, #999 ),
 .UNSPECIFIED., .F., .F.,
 ( 4, 4 ),
 ( 0.0005292810400260025217, 0.01094890517302482720 ),
 .UNSPECIFIED. ) ;
#9436 = CLOSED_SHELL ( 'NONE', ( #9639, #5266, #8641, #557, #2906, #7734, #4929, #3683, #9951, #1351, #10489, #6570, #7016, #2840, #9466, #2085, #820, #6256, #4267, #2226, #3045, #1805, #1425, #6858, #11253, #6813, #5909, #8844, #7606, #1176, #8329, #475, #4896, #7721, #7926, #9726, #9693, #3795, #1744, #10450, #30, #10644, #8674, #73, #1336, #8132, #1549, #10418, #2885, #3616, #4704, #3194, #4964, #5114, #10979, #10365, #9907, #5828, #6335, #5267, #4284, #8834, #345, #685, #8563, #10224, #8994, #3667, #2332, #6842, #2445, #5056, #11188, #698, #5668, #7340, #6420, #5935, #11052, #10666, #923, #6981, #8344, #2136, #3229, #7388, #6705, #3608, #4676, #11125, #10507, #144, #11192, #6600 ) ) ;
#9437 = ORIENTED_EDGE ( 'NONE', *, *, #3977, .T. ) ;
#9438 = LINE ( 'NONE', #2544, #5062 ) ;
#9439 = CARTESIAN_POINT ( 'NONE',  ( 5.686437573003477297, 10.45155730935271521, 13.34919879051067149 ) ) ;
#9440 = EDGE_CURVE ( 'NONE', #4432, #6310, #8569, .T. ) ;
#9441 = PRESENTATION_STYLE_ASSIGNMENT (( #2391 ) ) ;
#9442 = SURFACE_STYLE_FILL_AREA ( #5979 ) ;
#9443 = ORIENTED_EDGE ( 'NONE', *, *, #8499, .F. ) ;
#9444 = FACE_OUTER_BOUND ( 'NONE', #1470, .T. ) ;
#9445 = CARTESIAN_POINT ( 'NONE',  ( 12.24500907771221136, 6.192532590100033651, -5.048933345082832425 ) ) ;
#9446 = CARTESIAN_POINT ( 'NONE',  ( 1.749999999999998224, 10.49999999999999822, -14.72410497215828507 ) ) ;
#9447 = UNCERTAINTY_MEASURE_WITH_UNIT (LENGTH_MEASURE( 1.000000000000000082E-05 ), #6511, 'distance_accuracy_value', 'NONE');
#9448 = FACE_OUTER_BOUND ( 'NONE', #8411, .T. ) ;
#9449 = ORIENTED_EDGE ( 'NONE', *, *, #5252, .F. ) ;
#9450 = VECTOR ( 'NONE', #1795, 1000.000000000000000 ) ;
#9451 = DIRECTION ( 'NONE',  ( -2.664535259100375697E-15, 0.000000000000000000, 1.000000000000000000 ) ) ;
#9452 = ORIENTED_EDGE ( 'NONE', *, *, #3094, .F. ) ;
#9453 = VECTOR ( 'NONE', #6391, 1000.000000000000000 ) ;
#9454 = EDGE_CURVE ( 'NONE', #1357, #10549, #9217, .T. ) ;
#9455 = PRESENTATION_STYLE_ASSIGNMENT (( #9350 ) ) ;
#9456 = CARTESIAN_POINT ( 'NONE',  ( -7.356819926759372130, 4.112992312804662376, -9.242385895282676955 ) ) ;
#9457 = CARTESIAN_POINT ( 'NONE',  ( 0.000000000000000000, 10.80000000000000071, 0.000000000000000000 ) ) ;
#9458 = FILL_AREA_STYLE ('',( #10356 ) ) ;
#9459 = VERTEX_POINT ( 'NONE', #2863 ) ;
#9460 =( GEOMETRIC_REPRESENTATION_CONTEXT ( 3 ) GLOBAL_UNCERTAINTY_ASSIGNED_CONTEXT ( ( #6366 ) ) GLOBAL_UNIT_ASSIGNED_CONTEXT ( ( #4878, #7371, #1331 ) ) REPRESENTATION_CONTEXT ( 'NONE', 'WORKASPACE' ) );
#9461 = CARTESIAN_POINT ( 'NONE',  ( -21.74353352148641250, -13.25000000000000178, -21.74353352148625618 ) ) ;
#9462 = PRESENTATION_STYLE_ASSIGNMENT (( #10361 ) ) ;
#9463 = ORIENTED_EDGE ( 'NONE', *, *, #8146, .F. ) ;
#9464 = CARTESIAN_POINT ( 'NONE',  ( 0.000000000000000000, 1.499999999999999556, 0.000000000000000000 ) ) ;
#9465 = EDGE_CURVE ( 'NONE', #17, #9601, #7241, .T. ) ;
#9466 = ADVANCED_FACE ( 'NONE', ( #527 ), #3736, .T. ) ;
#9467 = VECTOR ( 'NONE', #9495, 1000.000000000000114 ) ;
#9468 =( LENGTH_UNIT ( ) NAMED_UNIT ( * ) SI_UNIT ( .MILLI., .METRE. ) );
#9469 = CIRCLE ( 'NONE', #1656, 30.99999999999999645 ) ;
#9470 = CARTESIAN_POINT ( 'NONE',  ( 9.489274906619515448, 10.49999999999845102, 19.93590626525339715 ) ) ;
#9471 = FILL_AREA_STYLE_COLOUR ( '', #6413 ) ;
#9472 = CIRCLE ( 'NONE', #8759, 23.30000000000000071 ) ;
#9473 = ORIENTED_EDGE ( 'NONE', *, *, #7765, .F. ) ;
#9474 = MECHANICAL_DESIGN_GEOMETRIC_PRESENTATION_REPRESENTATION (  '', ( #3468 ), #4587 ) ;
#9475 = ORIENTED_EDGE ( 'NONE', *, *, #7655, .T. ) ;
#9476 = FACE_OUTER_BOUND ( 'NONE', #10668, .T. ) ;
#9477 = EDGE_CURVE ( 'NONE', #5018, #517, #8919, .T. ) ;
#9478 = EDGE_CURVE ( 'NONE', #7902, #4172, #10551, .T. ) ;
#9479 =( GEOMETRIC_REPRESENTATION_CONTEXT ( 3 ) GLOBAL_UNCERTAINTY_ASSIGNED_CONTEXT ( ( #3394 ) ) GLOBAL_UNIT_ASSIGNED_CONTEXT ( ( #8795, #988, #3609 ) ) REPRESENTATION_CONTEXT ( 'NONE', 'WORKASPACE' ) );
#9480 = ORIENTED_EDGE ( 'NONE', *, *, #6070, .F. ) ;
#9481 = ORIENTED_EDGE ( 'NONE', *, *, #10928, .T. ) ;
#9482 = CIRCLE ( 'NONE', #7678, 29.50000000000000000 ) ;
#9483 = CARTESIAN_POINT ( 'NONE',  ( 0.000000000000000000, -13.25000000000000178, 0.000000000000000000 ) ) ;
#9484 = CARTESIAN_POINT ( 'NONE',  ( -9.600069561504810167, 0.000000000000000000, -20.12780823672236963 ) ) ;
#9485 = AXIS2_PLACEMENT_3D ( 'NONE', #10776, #6462, #2969 ) ;
#9486 = FILL_AREA_STYLE_COLOUR ( '', #10049 ) ;
#9487 = FILL_AREA_STYLE ('',( #5134 ) ) ;
#9488 = DIRECTION ( 'NONE',  ( 1.000000000000000000, 0.000000000000000000, -1.823011874113831202E-16 ) ) ;
#9489 = FACE_OUTER_BOUND ( 'NONE', #3014, .T. ) ;
#9490 = PLANE ( 'NONE',  #4045 ) ;
#9491 = VERTEX_POINT ( 'NONE', #4553 ) ;
#9492 = CARTESIAN_POINT ( 'NONE',  ( -7.957677485576110321, 1.499999999999331646, -1.749999999999731548 ) ) ;
#9493 = VECTOR ( 'NONE', #9405, 1000.000000000000114 ) ;
#9494 = AXIS2_PLACEMENT_3D ( 'NONE', #4604, #10766, #2131 ) ;
#9495 = DIRECTION ( 'NONE',  ( -0.8660254037844388186, -0.000000000000000000, -0.4999999999999996114 ) ) ;
#9496 = FACE_OUTER_BOUND ( 'NONE', #6654, .T. ) ;
#9497 = DIRECTION ( 'NONE',  ( 2.753353101070387905E-14, 0.000000000000000000, -1.000000000000000000 ) ) ;
#9498 = PRESENTATION_LAYER_ASSIGNMENT (  '', '', ( #11116 ) ) ;
#9499 = VERTEX_POINT ( 'NONE', #8122 ) ;
#9500 = CARTESIAN_POINT ( 'NONE',  ( 21.56675682618977419, 13.54999999999999893, 21.56675682618962142 ) ) ;
#9501 = PRODUCT_CONTEXT ( 'NONE', #9325, 'mechanical' ) ;
#9502 = LINE ( 'NONE', #5209, #8369 ) ;
#9503 =( GEOMETRIC_REPRESENTATION_CONTEXT ( 3 ) GLOBAL_UNCERTAINTY_ASSIGNED_CONTEXT ( ( #8309 ) ) GLOBAL_UNIT_ASSIGNED_CONTEXT ( ( #5430, #3710, #3761 ) ) REPRESENTATION_CONTEXT ( 'NONE', 'WORKASPACE' ) );
#9504 = DIRECTION ( 'NONE',  ( 0.000000000000000000, -1.000000000000000000, 0.000000000000000000 ) ) ;
#9505 = CARTESIAN_POINT ( 'NONE',  ( 0.000000000000000000, 0.2178369010166492092, 0.000000000000000000 ) ) ;
#9506 = EDGE_CURVE ( 'NONE', #5122, #9974, #306, .T. ) ;
#9507 = LINE ( 'NONE', #4287, #8116 ) ;
#9508 = AXIS2_PLACEMENT_3D ( 'NONE', #4266, #9263, #6658 ) ;
#9509 = VERTEX_POINT ( 'NONE', #8869 ) ;
#9510 = CARTESIAN_POINT ( 'NONE',  ( 1.749999999999999556, 6.499999999999999112, -13.86093484102088702 ) ) ;
#9511 = CIRCLE ( 'NONE', #5707, 22.00000000000000000 ) ;
#9512 = ORIENTED_EDGE ( 'NONE', *, *, #5591, .F. ) ;
#9513 = CARTESIAN_POINT ( 'NONE',  ( 0.000000000000000000, 0.5000000000000000000, 8.736131791852239203 ) ) ;
#9514 = SURFACE_STYLE_FILL_AREA ( #6911 ) ;
#9515 = CARTESIAN_POINT ( 'NONE',  ( 1.749999999999997113, 10.49999999999999822, -21.93028727582017012 ) ) ;
#9516 =( NAMED_UNIT ( * ) PLANE_ANGLE_UNIT ( ) SI_UNIT ( $, .RADIAN. ) );
#9517 = COLOUR_RGB ( '',0.1529411764705882470, 0.4901960784313725283, 1.000000000000000000 ) ;
#9518 = CARTESIAN_POINT ( 'NONE',  ( -10.98663046724994885, 6.500000000000001776, -8.363859999917576005 ) ) ;
#9519 = ORIENTED_EDGE ( 'NONE', *, *, #7194, .F. ) ;
#9520 = CARTESIAN_POINT ( 'NONE',  ( 0.000000000000000000, -13.25000000000000178, 0.000000000000000000 ) ) ;
#9521 = AXIS2_PLACEMENT_3D ( 'NONE', #11111, #1621, #4304 ) ;
#9522 = ADVANCED_FACE ( 'NONE', ( #3679 ), #1415, .T. ) ;
#9523 = CARTESIAN_POINT ( 'NONE',  ( -21.74353352148638407, 13.54999999999999893, 21.49353352148629170 ) ) ;
#9524 = CARTESIAN_POINT ( 'NONE',  ( -10.34143667485329310, -13.25000000000000178, -10.34143667485321849 ) ) ;
#9525 = ORIENTED_EDGE ( 'NONE', *, *, #9847, .F. ) ;
#9526 = CARTESIAN_POINT ( 'NONE',  ( -21.56675682618974577, -13.25000000000000178, 21.56675682618965340 ) ) ;
#9527 = AXIS2_PLACEMENT_3D ( 'NONE', #4268, #7740, #9265 ) ;
#9528 =( NAMED_UNIT ( * ) SI_UNIT ( $, .STERADIAN. ) SOLID_ANGLE_UNIT ( ) );
#9529 = CIRCLE ( 'NONE', #1886, 22.00000000000000000 ) ;
#9530 = CARTESIAN_POINT ( 'NONE',  ( 8.877596942701922345, 10.49999999999999822, -11.87644895387782817 ) ) ;
#9531 = AXIS2_PLACEMENT_3D ( 'NONE', #10397, #93, #5364 ) ;
#9532 = SURFACE_STYLE_USAGE ( .BOTH. , #702 ) ;
#9533 = EDGE_CURVE ( 'NONE', #6075, #4640, #10654, .T. ) ;
#9534 = EDGE_CURVE ( 'NONE', #4503, #7508, #2319, .T. ) ;
#9535 = DIRECTION ( 'NONE',  ( -0.000000000000000000, -1.000000000000000000, -0.000000000000000000 ) ) ;
#9536 = CARTESIAN_POINT ( 'NONE',  ( 8.461742538715574469, 10.06432619796669847, 11.15616799762221945 ) ) ;
#9537 = ORIENTED_EDGE ( 'NONE', *, *, #6336, .F. ) ;
#9538 = ORIENTED_EDGE ( 'NONE', *, *, #2152, .F. ) ;
#9539 = CARTESIAN_POINT ( 'NONE',  ( -4.998661715319911103, 6.064326197966798837, 12.15793606078349320 ) ) ;
#9540 =( NAMED_UNIT ( * ) PLANE_ANGLE_UNIT ( ) SI_UNIT ( $, .RADIAN. ) );
#9541 = DIRECTION ( 'NONE',  ( -0.000000000000000000, 1.000000000000000000, -0.000000000000000000 ) ) ;
#9542 = COLOUR_RGB ( '',0.1529411764705882470, 0.4901960784313725283, 1.000000000000000000 ) ;
#9543 = ORIENTED_EDGE ( 'NONE', *, *, #7686, .F. ) ;
#9544 = ORIENTED_EDGE ( 'NONE', *, *, #6964, .F. ) ;
#9545 = ORIENTED_EDGE ( 'NONE', *, *, #7042, .F. ) ;
#9546 = DIRECTION ( 'NONE',  ( 0.000000000000000000, 0.000000000000000000, -1.000000000000000000 ) ) ;
#9547 = SURFACE_STYLE_FILL_AREA ( #4436 ) ;
#9548 = CARTESIAN_POINT ( 'NONE',  ( 0.000000000000000000, 0.2178369010166492092, 0.000000000000000000 ) ) ;
#9549 = SURFACE_SIDE_STYLE ('',( #5195 ) ) ;
#9550 = AXIS2_PLACEMENT_3D ( 'NONE', #4504, #7967, #7858 ) ;
#9551 = CARTESIAN_POINT ( 'NONE',  ( 0.000000000000000000, -13.25000000000000178, 0.000000000000000000 ) ) ;
#9552 = ADVANCED_FACE ( 'NONE', ( #4497, #201 ), #7180, .F. ) ;
#9553 = VERTEX_POINT ( 'NONE', #807 ) ;
#9554 = DIRECTION ( 'NONE',  ( -0.000000000000000000, 1.000000000000000000, -0.000000000000000000 ) ) ;
#9555 = FILL_AREA_STYLE_COLOUR ( '', #8131 ) ;
#9556 = AXIS2_PLACEMENT_3D ( 'NONE', #5669, #1283, #4592 ) ;
#9557 = DIRECTION ( 'NONE',  ( 0.8660254037844388186, 0.000000000000000000, 0.4999999999999996114 ) ) ;
#9558 = FACE_OUTER_BOUND ( 'NONE', #10178, .T. ) ;
#9559 = VERTEX_POINT ( 'NONE', #4080 ) ;
#9560 = CARTESIAN_POINT ( 'NONE',  ( 8.247040845439443046, 6.422318986420135545, 10.78429375639689169 ) ) ;
#9561 = CARTESIAN_POINT ( 'NONE',  ( -20.68287334970656133, 13.54999999999999893, 20.68287334970646896 ) ) ;
#9562 =( NAMED_UNIT ( * ) SI_UNIT ( $, .STERADIAN. ) SOLID_ANGLE_UNIT ( ) );
#9563 = CARTESIAN_POINT ( 'NONE',  ( 1.749999999999997113, -18.21991441758264685, -22.23122803625566846 ) ) ;
#9564 = CARTESIAN_POINT ( 'NONE',  ( 12.52036594700069827, 10.49999999999999645, 18.18590994956041129 ) ) ;
#9565 = UNCERTAINTY_MEASURE_WITH_UNIT (LENGTH_MEASURE( 1.000000000000000082E-05 ), #2121, 'distance_accuracy_value', 'NONE');
#9566 = ADVANCED_FACE ( 'NONE', ( #2468 ), #6755, .F. ) ;
#9567 = STYLED_ITEM ( 'NONE', ( #3246 ), #4981 ) ;
#9568 = ORIENTED_EDGE ( 'NONE', *, *, #7735, .F. ) ;
#9569 = FILL_AREA_STYLE ('',( #8662 ) ) ;
#9570 = ORIENTED_EDGE ( 'NONE', *, *, #4916, .F. ) ;
#9571 = CARTESIAN_POINT ( 'NONE',  ( 0.000000000000000000, 10.49999999999999822, 0.000000000000000000 ) ) ;
#9572 =( NAMED_UNIT ( * ) PLANE_ANGLE_UNIT ( ) SI_UNIT ( $, .RADIAN. ) );
#9573 = EDGE_LOOP ( 'NONE', ( #675, #11212, #1794, #4143, #684, #3098 ) ) ;
#9574 = UNCERTAINTY_MEASURE_WITH_UNIT (LENGTH_MEASURE( 1.000000000000000082E-05 ), #10794, 'distance_accuracy_value', 'NONE');
#9575 = DIRECTION ( 'NONE',  ( -0.000000000000000000, 1.000000000000000000, -0.000000000000000000 ) ) ;
#9576 = SURFACE_SIDE_STYLE ('',( #1663 ) ) ;
#9577 = ORIENTED_EDGE ( 'NONE', *, *, #5377, .F. ) ;
#9578 = CARTESIAN_POINT ( 'NONE',  ( 20.12780823672225239, 0.000000000000000000, 9.600069561505060634 ) ) ;
#9579 = STYLED_ITEM ( 'NONE', ( #4338 ), #9199 ) ;
#9580 = FILL_AREA_STYLE_COLOUR ( '', #2849 ) ;
#9581 = CARTESIAN_POINT ( 'NONE',  ( 21.74353352148660079, 13.54999999999999893, 21.74353352148607144 ) ) ;
#9582 = EDGE_CURVE ( 'NONE', #13, #10057, #7068, .T. ) ;
#9583 = CARTESIAN_POINT ( 'NONE',  ( 21.92031021678289804, -13.15000000000000213, 21.92031021678305081 ) ) ;
#9584 = MECHANICAL_DESIGN_GEOMETRIC_PRESENTATION_REPRESENTATION (  '', ( #4513 ), #4695 ) ;
#9585 = MECHANICAL_DESIGN_GEOMETRIC_PRESENTATION_REPRESENTATION (  '', ( #9922 ), #11204 ) ;
#9586 = DIRECTION ( 'NONE',  ( 0.000000000000000000, 0.000000000000000000, -1.000000000000000000 ) ) ;
#9587 =( NAMED_UNIT ( * ) SI_UNIT ( $, .STERADIAN. ) SOLID_ANGLE_UNIT ( ) );
#9588 = CARTESIAN_POINT ( 'NONE',  ( 6.490184657350964947, 4.345517802399457175, -7.741329577035857668 ) ) ;
#9589 = VERTEX_POINT ( 'NONE', #7555 ) ;
#9590 = ORIENTED_EDGE ( 'NONE', *, *, #7876, .T. ) ;
#9591 = CIRCLE ( 'NONE', #3203, 0.2500000000000002220 ) ;
#9592 = DIRECTION ( 'NONE',  ( 0.000000000000000000, 0.000000000000000000, 1.000000000000000000 ) ) ;
#9593 = ORIENTED_EDGE ( 'NONE', *, *, #3396, .F. ) ;
#9594 = EDGE_CURVE ( 'NONE', #818, #10176, #3304, .T. ) ;
#9595 = VERTEX_POINT ( 'NONE', #6693 ) ;
#9596 = CARTESIAN_POINT ( 'NONE',  ( -10.40793606078348610, 6.064326197966795284, 8.029750628565459181 ) ) ;
#9597 =( NAMED_UNIT ( * ) PLANE_ANGLE_UNIT ( ) SI_UNIT ( $, .RADIAN. ) );
#9598 = VECTOR ( 'NONE', #11036, 1000.000000000000000 ) ;
#9599 = FILL_AREA_STYLE ('',( #7849 ) ) ;
#9600 = CARTESIAN_POINT ( 'NONE',  ( -2.974444766188691691, 0.2178369010166501252, -8.651889459346373101 ) ) ;
#9601 = VERTEX_POINT ( 'NONE', #6870 ) ;
#9602 =( NAMED_UNIT ( * ) SI_UNIT ( $, .STERADIAN. ) SOLID_ANGLE_UNIT ( ) );
#9603 = PRESENTATION_LAYER_ASSIGNMENT (  '', '', ( #9426 ) ) ;
#9604 = ORIENTED_EDGE ( 'NONE', *, *, #2000, .F. ) ;
#9605 = STYLED_ITEM ( 'NONE', ( #3770 ), #10790 ) ;
#9606 = CARTESIAN_POINT ( 'NONE',  ( 5.494383199411033480, 1.499999999999996225, -6.016550857632733340 ) ) ;
#9607 = EDGE_CURVE ( 'NONE', #1357, #8829, #1567, .T. ) ;
#9608 = EDGE_CURVE ( 'NONE', #8671, #2279, #745, .T. ) ;
#9609 = ORIENTED_EDGE ( 'NONE', *, *, #1620, .F. ) ;
#9610 = DIRECTION ( 'NONE',  ( -1.000000000000000000, -0.000000000000000000, 3.342188435875357696E-16 ) ) ;
#9611 = CARTESIAN_POINT ( 'NONE',  ( 0.000000000000000000, 10.80000000000000071, 0.000000000000000000 ) ) ;
#9612 = FACE_OUTER_BOUND ( 'NONE', #6737, .T. ) ;
#9613 = CARTESIAN_POINT ( 'NONE',  ( -8.569870509278798565, 0.08184789799993530401, -2.927091103288750773 ) ) ;
#9614 = CARTESIAN_POINT ( 'NONE',  ( 12.63115847475118692, 10.72063721833215766, 18.37780823672324360 ) ) ;
#9615 =( NAMED_UNIT ( * ) PLANE_ANGLE_UNIT ( ) SI_UNIT ( $, .RADIAN. ) );
#9616 = ORIENTED_EDGE ( 'NONE', *, *, #9798, .T. ) ;
#9617 = EDGE_LOOP ( 'NONE', ( #6673, #10405, #1330, #2692 ) ) ;
#9618 = EDGE_CURVE ( 'NONE', #1417, #8671, #5082, .T. ) ;
#9619 = EDGE_CURVE ( 'NONE', #5004, #4503, #1039, .T. ) ;
#9620 = PRODUCT_DEFINITION_FORMATION_WITH_SPECIFIED_SOURCE ( 'ÈÎºÎ', '', #4253, .NOT_KNOWN. ) ;
#9621 = FILL_AREA_STYLE_COLOUR ( '', #8347 ) ;
#9622 = CARTESIAN_POINT ( 'NONE',  ( -4.445380786125921801, 7.204220786794540921, -11.19962538056087631 ) ) ;
#9623 = ORIENTED_EDGE ( 'NONE', *, *, #3716, .T. ) ;
#9624 = AXIS2_PLACEMENT_3D ( 'NONE', #5108, #585, #10983 ) ;
#9625 = DIRECTION ( 'NONE',  ( 0.000000000000000000, -1.000000000000000000, 0.000000000000000000 ) ) ;
#9626 = DIRECTION ( 'NONE',  ( 1.776356839400250465E-15, 0.000000000000000000, 1.000000000000000000 ) ) ;
#9627 = DIRECTION ( 'NONE',  ( -0.000000000000000000, -1.000000000000000000, -0.000000000000000000 ) ) ;
#9628 = ORIENTED_EDGE ( 'NONE', *, *, #8212, .T. ) ;
#9629 = CARTESIAN_POINT ( 'NONE',  ( 0.000000000000000000, 13.54999999999999893, -28.99999999999999645 ) ) ;
#9630 =( NAMED_UNIT ( * ) PLANE_ANGLE_UNIT ( ) SI_UNIT ( $, .RADIAN. ) );
#9631 = CARTESIAN_POINT ( 'NONE',  ( -22.98097038856288066, -13.15000000000000213, -22.98097038856270657 ) ) ;
#9632 = CIRCLE ( 'NONE', #2713, 29.50000000000000000 ) ;
#9633 = LINE ( 'NONE', #2628, #3605 ) ;
#9634 = AXIS2_PLACEMENT_3D ( 'NONE', #1916, #5358, #4496 ) ;
#9635 = FILL_AREA_STYLE ('',( #3543 ) ) ;
#9636 = FILL_AREA_STYLE ('',( #4364 ) ) ;
#9637 =( GEOMETRIC_REPRESENTATION_CONTEXT ( 3 ) GLOBAL_UNCERTAINTY_ASSIGNED_CONTEXT ( ( #6035 ) ) GLOBAL_UNIT_ASSIGNED_CONTEXT ( ( #4730, #2822, #7126 ) ) REPRESENTATION_CONTEXT ( 'NONE', 'WORKASPACE' ) );
#9638 = EDGE_LOOP ( 'NONE', ( #7764, #4719, #5822, #10362 ) ) ;
#9639 = ADVANCED_FACE ( 'NONE', ( #1089 ), #3597, .T. ) ;
#9640 = ORIENTED_EDGE ( 'NONE', *, *, #5397, .T. ) ;
#9641 = FACE_OUTER_BOUND ( 'NONE', #7354, .T. ) ;
#9642 = DIRECTION ( 'NONE',  ( 0.000000000000000000, 0.000000000000000000, 1.000000000000000000 ) ) ;
#9643 = B_SPLINE_CURVE_WITH_KNOTS ( 'NONE', 3,
 ( #11021, #11074, #443, #673, #5925, #5758, #5034, #6723 ),
 .UNSPECIFIED., .F., .F.,
 ( 4, 2, 2, 4 ),
 ( 0.000000000000000000, 0.0002427953948744173123, 0.0004855907897488346246, 0.0009711815794976716345 ),
 .UNSPECIFIED. ) ;
#9644 = ORIENTED_EDGE ( 'NONE', *, *, #8014, .F. ) ;
#9645 = ORIENTED_EDGE ( 'NONE', *, *, #330, .F. ) ;
#9646 =( GEOMETRIC_REPRESENTATION_CONTEXT ( 3 ) GLOBAL_UNCERTAINTY_ASSIGNED_CONTEXT ( ( #11257 ) ) GLOBAL_UNIT_ASSIGNED_CONTEXT ( ( #2011, #8069, #8811 ) ) REPRESENTATION_CONTEXT ( 'NONE', 'WORKASPACE' ) );
#9647 = CARTESIAN_POINT ( 'NONE',  ( -2.846817248618603635, 0.000000000000000000, -8.430832114471085603 ) ) ;
#9648 = CARTESIAN_POINT ( 'NONE',  ( -11.19962538056070223, 7.204220786794367726, -4.445380786126034600 ) ) ;
#9649 = VECTOR ( 'NONE', #2526, 1000.000000000000000 ) ;
#9650 = CIRCLE ( 'NONE', #4761, 22.30000000000000071 ) ;
#9651 = CARTESIAN_POINT ( 'NONE',  ( 8.877596942701922345, 10.49999999999999822, -11.87644895387782817 ) ) ;
#9652 = CARTESIAN_POINT ( 'NONE',  ( -10.34143667485328066, 13.54999999999999893, 10.34143667485323448 ) ) ;
#9653 = FILL_AREA_STYLE_COLOUR ( '', #6805 ) ;
#9654 = EDGE_LOOP ( 'NONE', ( #5851, #9827, #5801, #2166 ) ) ;
#9655 = EDGE_CURVE ( 'NONE', #8549, #309, #1944, .T. ) ;
#9656 = SURFACE_STYLE_USAGE ( .BOTH. , #1004 ) ;
#9657 = CIRCLE ( 'NONE', #4767, 0.2499999999999967526 ) ;
#9658 = VERTEX_POINT ( 'NONE', #9629 ) ;
#9659 =( GEOMETRIC_REPRESENTATION_CONTEXT ( 3 ) GLOBAL_UNCERTAINTY_ASSIGNED_CONTEXT ( ( #2920 ) ) GLOBAL_UNIT_ASSIGNED_CONTEXT ( ( #5520, #9869, #6463 ) ) REPRESENTATION_CONTEXT ( 'NONE', 'WORKASPACE' ) );
#9660 = CARTESIAN_POINT ( 'NONE',  ( -12.24500907771220071, 6.192532590100033651, 5.048933345082867064 ) ) ;
#9661 = ORIENTED_EDGE ( 'NONE', *, *, #4599, .F. ) ;
#9662 = DIRECTION ( 'NONE',  ( -0.000000000000000000, 1.000000000000000000, 0.000000000000000000 ) ) ;
#9663 = CIRCLE ( 'NONE', #10389, 22.30000000000000071 ) ;
#9664 = FILL_AREA_STYLE ('',( #10508 ) ) ;
#9665 = UNCERTAINTY_MEASURE_WITH_UNIT (LENGTH_MEASURE( 1.000000000000000082E-05 ), #2708, 'distance_accuracy_value', 'NONE');
#9666 =( LENGTH_UNIT ( ) NAMED_UNIT ( * ) SI_UNIT ( .MILLI., .METRE. ) );
#9667 = AXIS2_PLACEMENT_3D ( 'NONE', #4984, #386, #5594 ) ;
#9668 = EDGE_CURVE ( 'NONE', #10203, #1224, #981, .T. ) ;
#9669 = ADVANCED_FACE ( 'NONE', ( #5435 ), #7962, .F. ) ;
#9670 = DIRECTION ( 'NONE',  ( 0.000000000000000000, 0.000000000000000000, 1.000000000000000000 ) ) ;
#9671 = ORIENTED_EDGE ( 'NONE', *, *, #838, .F. ) ;
#9672 = AXIS2_PLACEMENT_3D ( 'NONE', #8812, #7227, #9913 ) ;
#9673 = ORIENTED_EDGE ( 'NONE', *, *, #2572, .F. ) ;
#9674 = VERTEX_POINT ( 'NONE', #7085 ) ;
#9675 = CARTESIAN_POINT ( 'NONE',  ( 10.44833614036843450, 6.131962964354676693, 8.053075625389096714 ) ) ;
#9676 = CARTESIAN_POINT ( 'NONE',  ( -1.749999999999996447, 10.19954933640112493, 13.98556174125129736 ) ) ;
#9677 = CARTESIAN_POINT ( 'NONE',  ( 0.000000000000000000, 10.49999999999999822, 0.000000000000000000 ) ) ;
#9678 = VERTEX_POINT ( 'NONE', #7939 ) ;
#9679 =( GEOMETRIC_REPRESENTATION_CONTEXT ( 3 ) GLOBAL_UNCERTAINTY_ASSIGNED_CONTEXT ( ( #5151 ) ) GLOBAL_UNIT_ASSIGNED_CONTEXT ( ( #1832, #3600, #2995 ) ) REPRESENTATION_CONTEXT ( 'NONE', 'WORKASPACE' ) );
#9680 = EDGE_CURVE ( 'NONE', #4873, #9835, #2671, .T. ) ;
#9681 = CARTESIAN_POINT ( 'NONE',  ( 0.000000000000000000, 13.44999999999999929, 0.000000000000000000 ) ) ;
#9682 = EDGE_CURVE ( 'NONE', #4650, #6916, #7034, .T. ) ;
#9683 = CARTESIAN_POINT ( 'NONE',  ( 0.000000000000000000, -12.15000000000000036, -33.50000000000000000 ) ) ;
#9684 = DIRECTION ( 'NONE',  ( -0.000000000000000000, 1.000000000000000000, -0.000000000000000000 ) ) ;
#9685 = CIRCLE ( 'NONE', #5174, 8.147829831583848659 ) ;
#9686 = EDGE_LOOP ( 'NONE', ( #10281, #4627, #6390, #10807 ) ) ;
#9687 = DIRECTION ( 'NONE',  ( 0.000000000000000000, -1.000000000000000000, 0.000000000000000000 ) ) ;
#9688 = LINE ( 'NONE', #1897, #2676 ) ;
#9689 = DIRECTION ( 'NONE',  ( 0.000000000000000000, 1.000000000000000000, 0.000000000000000000 ) ) ;
#9690 =( NAMED_UNIT ( * ) PLANE_ANGLE_UNIT ( ) SI_UNIT ( $, .RADIAN. ) );
#9691 = CONICAL_SURFACE ( 'NONE', #3693, 9.000000000000000000, 0.5996168419455644161 ) ;
#9692 = FILL_AREA_STYLE_COLOUR ( '', #3097 ) ;
#9693 = ADVANCED_FACE ( 'NONE', ( #6057 ), #56, .F. ) ;
#9694 = CARTESIAN_POINT ( 'NONE',  ( 1.750000000000002887, 7.204226760681036623, 11.92185460136562192 ) ) ;
#9695 = ORIENTED_EDGE ( 'NONE', *, *, #9739, .F. ) ;
#9696 = ORIENTED_EDGE ( 'NONE', *, *, #4765, .T. ) ;
#9697 =( GEOMETRIC_REPRESENTATION_CONTEXT ( 3 ) GLOBAL_UNCERTAINTY_ASSIGNED_CONTEXT ( ( #4790 ) ) GLOBAL_UNIT_ASSIGNED_CONTEXT ( ( #5015, #3309, #6820 ) ) REPRESENTATION_CONTEXT ( 'NONE', 'WORKASPACE' ) );
#9698 = DIRECTION ( 'NONE',  ( 0.000000000000000000, 0.000000000000000000, 1.000000000000000000 ) ) ;
#9699 = ORIENTED_EDGE ( 'NONE', *, *, #5767, .F. ) ;
#9700 = AXIS2_PLACEMENT_3D ( 'NONE', #10454, #2653, #1216 ) ;
#9701 =( LENGTH_UNIT ( ) NAMED_UNIT ( * ) SI_UNIT ( .MILLI., .METRE. ) );
#9702 = CARTESIAN_POINT ( 'NONE',  ( 0.000000000000000000, -13.25000000000000178, 0.000000000000000000 ) ) ;
#9703 = CARTESIAN_POINT ( 'NONE',  ( -13.46299277763317370, 6.422318986420084030, 1.750000000000270450 ) ) ;
#9704 = CARTESIAN_POINT ( 'NONE',  ( 0.000000000000000000, -12.50000000000000000, 0.000000000000000000 ) ) ;
#9705 = CARTESIAN_POINT ( 'NONE',  ( 0.000000000000000000, -12.15000000000000036, 0.000000000000000000 ) ) ;
#9706 = ORIENTED_EDGE ( 'NONE', *, *, #3976, .T. ) ;
#9707 =( LENGTH_UNIT ( ) NAMED_UNIT ( * ) SI_UNIT ( .MILLI., .METRE. ) );
#9708 = B_SPLINE_CURVE_WITH_KNOTS ( 'NONE', 3,
 ( #10126, #9234, #4071, #1610, #4231, #7545, #7708, #1450 ),
 .UNSPECIFIED., .F., .F.,
 ( 4, 2, 2, 4 ),
 ( 1.939479807224432123E-18, 0.0002427953948744193723, 0.0004855907897488367930, 0.0009711815794976729355 ),
 .UNSPECIFIED. ) ;
#9709 = DIRECTION ( 'NONE',  ( 0.000000000000000000, -1.000000000000000000, 0.000000000000000000 ) ) ;
#9710 = CARTESIAN_POINT ( 'NONE',  ( 1.749999999999997113, 10.49999999999845102, -22.00963872648455322 ) ) ;
#9711 = CARTESIAN_POINT ( 'NONE',  ( 22.98097038856286645, -13.25000000000000178, 22.98097038856271723 ) ) ;
#9712 = CARTESIAN_POINT ( 'NONE',  ( 22.23122803625593491, 0.000000000000000000, -1.750000000000412559 ) ) ;
#9713 = ORIENTED_EDGE ( 'NONE', *, *, #921, .F. ) ;
#9714 = EDGE_CURVE ( 'NONE', #11114, #4344, #3475, .T. ) ;
#9715 = CARTESIAN_POINT ( 'NONE',  ( 12.23873689551489186, 6.199600861750095504, 5.045312099002829953 ) ) ;
#9716 = PRESENTATION_LAYER_ASSIGNMENT (  '', '', ( #3345 ) ) ;
#9717 = CARTESIAN_POINT ( 'NONE',  ( 0.000000000000000000, 6.499999999999999112, 0.000000000000000000 ) ) ;
#9718 = CARTESIAN_POINT ( 'NONE',  ( 8.657691839212792684E-16, -4.000000000000000000, 6.928203230275513214 ) ) ;
#9719 = DIRECTION ( 'NONE',  ( -0.000000000000000000, 1.000000000000000000, 0.000000000000000000 ) ) ;
#9720 = ORIENTED_EDGE ( 'NONE', *, *, #1539, .T. ) ;
#9721 = VECTOR ( 'NONE', #7720, 1000.000000000000114 ) ;
#9722 = ORIENTED_EDGE ( 'NONE', *, *, #4616, .T. ) ;
#9723 = CARTESIAN_POINT ( 'NONE',  ( -13.02841234388533742, 6.064326197966697585, -1.749999999999729994 ) ) ;
#9724 = ORIENTED_EDGE ( 'NONE', *, *, #125, .T. ) ;
#9725 = EDGE_CURVE ( 'NONE', #6894, #290, #8141, .T. ) ;
#9726 = ADVANCED_FACE ( 'NONE', ( #8001 ), #7830, .T. ) ;
#9727 = CARTESIAN_POINT ( 'NONE',  ( -22.23122803625525634, 10.80000000000000071, -1.749999999999727329 ) ) ;
#9728 = FACE_OUTER_BOUND ( 'NONE', #2505, .T. ) ;
#9729 = ORIENTED_EDGE ( 'NONE', *, *, #7892, .F. ) ;
#9730 = CIRCLE ( 'NONE', #3739, 14.00218451466337655 ) ;
#9731 = CARTESIAN_POINT ( 'NONE',  ( 0.000000000000000000, 6.499999999999999112, 0.000000000000000000 ) ) ;
#9732 = DIRECTION ( 'NONE',  ( 0.000000000000000000, -1.000000000000000000, 0.000000000000000000 ) ) ;
#9733 = CARTESIAN_POINT ( 'NONE',  ( 5.109775928907451359, 6.300111172951813110, 12.35039152416014829 ) ) ;
#9734 = EDGE_LOOP ( 'NONE', ( #5189, #10465, #3793, #3997, #9696, #10649 ) ) ;
#9735 = FILL_AREA_STYLE ('',( #2788 ) ) ;
#9736 = LINE ( 'NONE', #1090, #1962 ) ;
#9737 =( GEOMETRIC_REPRESENTATION_CONTEXT ( 3 ) GLOBAL_UNCERTAINTY_ASSIGNED_CONTEXT ( ( #8426 ) ) GLOBAL_UNIT_ASSIGNED_CONTEXT ( ( #7588, #9393, #6736 ) ) REPRESENTATION_CONTEXT ( 'NONE', 'WORKASPACE' ) );
#9738 = EDGE_CURVE ( 'NONE', #8196, #10661, #3964, .T. ) ;
#9739 = EDGE_CURVE ( 'NONE', #10133, #4904, #6319, .T. ) ;
#9740 = DIRECTION ( 'NONE',  ( 0.000000000000000000, -1.000000000000000000, 0.000000000000000000 ) ) ;
#9741 = CARTESIAN_POINT ( 'NONE',  ( -5.846508029456201072, 10.49999999999999822, -13.62644895387791344 ) ) ;
#9742 = CARTESIAN_POINT ( 'NONE',  ( 0.000000000000000000, 0.000000000000000000, 0.000000000000000000 ) ) ;
#9743 = MECHANICAL_DESIGN_GEOMETRIC_PRESENTATION_REPRESENTATION (  '', ( #2831 ), #7408 ) ;
#9744 = DIRECTION ( 'NONE',  ( 0.000000000000000000, 0.000000000000000000, -1.000000000000000000 ) ) ;
#9745 = ORIENTED_EDGE ( 'NONE', *, *, #6470, .T. ) ;
#9746 = ORIENTED_EDGE ( 'NONE', *, *, #5235, .T. ) ;
#9747 = DIRECTION ( 'NONE',  ( -0.000000000000000000, -1.000000000000000000, -0.000000000000000000 ) ) ;
#9748 = ORIENTED_EDGE ( 'NONE', *, *, #9668, .T. ) ;
#9749 = EDGE_CURVE ( 'NONE', #6951, #7658, #3238, .T. ) ;
#9750 = LINE ( 'NONE', #5507, #6161 ) ;
#9751 =( LENGTH_UNIT ( ) NAMED_UNIT ( * ) SI_UNIT ( .MILLI., .METRE. ) );
#9752 = DIRECTION ( 'NONE',  ( -0.000000000000000000, -1.000000000000000000, -0.000000000000000000 ) ) ;
#9753 =( LENGTH_UNIT ( ) NAMED_UNIT ( * ) SI_UNIT ( .MILLI., .METRE. ) );
#9754 = DIRECTION ( 'NONE',  ( 0.000000000000000000, 0.000000000000000000, 1.000000000000000000 ) ) ;
#9755 = VERTEX_POINT ( 'NONE', #1273 ) ;
#9756 = CARTESIAN_POINT ( 'NONE',  ( 2.730962362098597669E-15, -12.50000000000000000, -22.30000000000000071 ) ) ;
#9757 = CIRCLE ( 'NONE', #3214, 0.2500000000000002220 ) ;
#9758 = STYLED_ITEM ( 'NONE', ( #6383 ), #9785 ) ;
#9759 = DIRECTION ( 'NONE',  ( 0.000000000000000000, 0.000000000000000000, 1.000000000000000000 ) ) ;
#9760 = VERTEX_POINT ( 'NONE', #6497 ) ;
#9761 = SURFACE_STYLE_USAGE ( .BOTH. , #10616 ) ;
#9762 = EDGE_LOOP ( 'NONE', ( #7332, #567, #10879, #1905, #1350, #8773, #3329, #3388, #2300, #236, #6789 ) ) ;
#9763 = PRESENTATION_LAYER_ASSIGNMENT (  '', '', ( #6147 ) ) ;
#9764 = VECTOR ( 'NONE', #8452, 1000.000000000000114 ) ;
#9765 = DIRECTION ( 'NONE',  ( 0.000000000000000000, -1.000000000000000000, 0.000000000000000000 ) ) ;
#9766 = CARTESIAN_POINT ( 'NONE',  ( 1.750000000000003553, 10.30006695603317546, 14.11433500393778040 ) ) ;
#9767 = DIRECTION ( 'NONE',  ( 0.000000000000000000, -1.000000000000000000, 0.000000000000000000 ) ) ;
#9768 = UNCERTAINTY_MEASURE_WITH_UNIT (LENGTH_MEASURE( 1.000000000000000082E-05 ), #3168, 'distance_accuracy_value', 'NONE');
#9769 = FACE_OUTER_BOUND ( 'NONE', #5394, .T. ) ;
#9770 = AXIS2_PLACEMENT_3D ( 'NONE', #7711, #11096, #3298 ) ;
#9771 = AXIS2_PLACEMENT_3D ( 'NONE', #10182, #1449, #8390 ) ;
#9772 = EDGE_CURVE ( 'NONE', #7553, #5908, #5420, .T. ) ;
#9773 =( GEOMETRIC_REPRESENTATION_CONTEXT ( 3 ) GLOBAL_UNCERTAINTY_ASSIGNED_CONTEXT ( ( #5274 ) ) GLOBAL_UNIT_ASSIGNED_CONTEXT ( ( #4209, #1589, #7522 ) ) REPRESENTATION_CONTEXT ( 'NONE', 'WORKASPACE' ) );
#9774 = VERTEX_POINT ( 'NONE', #10004 ) ;
#9775 = ORIENTED_EDGE ( 'NONE', *, *, #3123, .F. ) ;
#9776 = LINE ( 'NONE', #1984, #9063 ) ;
#9777 = CARTESIAN_POINT ( 'NONE',  ( 1.750000000000001998, 6.499999999999999112, 13.86093484102088702 ) ) ;
#9778 = AXIS2_PLACEMENT_3D ( 'NONE', #5094, #3225, #6848 ) ;
#9779 = EDGE_LOOP ( 'NONE', ( #7815, #1829, #1682, #3756, #4512, #7347, #6494, #9917, #3141, #607, #2263 ) ) ;
#9780 = CARTESIAN_POINT ( 'NONE',  ( -22.23122803625525634, 10.49999999999999822, -1.749999999999727329 ) ) ;
#9781 = CARTESIAN_POINT ( 'NONE',  ( 0.000000000000000000, 0.2178369010166492092, 0.000000000000000000 ) ) ;
#9782 = CARTESIAN_POINT ( 'NONE',  ( 0.000000000000000000, -18.21991441758264685, 0.000000000000000000 ) ) ;
#9783 = ORIENTED_EDGE ( 'NONE', *, *, #2631, .F. ) ;
#9784 = CIRCLE ( 'NONE', #11242, 13.97097042681812873 ) ;
#9785 = ADVANCED_FACE ( 'NONE', ( #5553 ), #2112, .F. ) ;
#9786 = CARTESIAN_POINT ( 'NONE',  ( -21.56675682618977419, 13.44999999999999929, -21.56675682618961787 ) ) ;
#9787 = LINE ( 'NONE', #9111, #7986 ) ;
#9788 = FACE_OUTER_BOUND ( 'NONE', #94, .T. ) ;
#9789 =( NAMED_UNIT ( * ) SI_UNIT ( $, .STERADIAN. ) SOLID_ANGLE_UNIT ( ) );
#9790 = B_SPLINE_CURVE_WITH_KNOTS ( 'NONE', 3,
 ( #4971, #9647, #2695, #10491 ),
 .UNSPECIFIED., .F., .F.,
 ( 4, 4 ),
 ( 3.573217078873151176E-20, 0.0004900010714873858893 ),
 .UNSPECIFIED. ) ;
#9791 = DIRECTION ( 'NONE',  ( -0.000000000000000000, 1.000000000000000000, -0.000000000000000000 ) ) ;
#9792 = PLANE ( 'NONE',  #897 ) ;
#9793 = VECTOR ( 'NONE', #10469, 1000.000000000000000 ) ;
#9794 =( NAMED_UNIT ( * ) SI_UNIT ( $, .STERADIAN. ) SOLID_ANGLE_UNIT ( ) );
#9795 = CARTESIAN_POINT ( 'NONE',  ( 11.53208548333576999, 10.42229184219406868, 8.678778600285367517 ) ) ;
#9796 = ORIENTED_EDGE ( 'NONE', *, *, #1472, .T. ) ;
#9797 = CARTESIAN_POINT ( 'NONE',  ( -2.463294286165389479, -18.21991441758264685, -7.766550857632773308 ) ) ;
#9798 = EDGE_CURVE ( 'NONE', #69, #4503, #1209, .T. ) ;
#9799 = EDGE_CURVE ( 'NONE', #9491, #541, #3216, .T. ) ;
#9800 = CARTESIAN_POINT ( 'NONE',  ( 0.000000000000000000, 13.54999999999999893, -32.50000000000000000 ) ) ;
#9801 = DIRECTION ( 'NONE',  ( 0.000000000000000000, 0.000000000000000000, -1.000000000000000000 ) ) ;
#9802 = VERTEX_POINT ( 'NONE', #9786 ) ;
#9803 = EDGE_LOOP ( 'NONE', ( #7510, #3956, #7823, #9189, #7733, #8815 ) ) ;
#9804 = LINE ( 'NONE', #1853, #1436 ) ;
#9805 = CARTESIAN_POINT ( 'NONE',  ( 0.000000000000000000, 12.44999999999999929, -33.50000000000000000 ) ) ;
#9806 = DIRECTION ( 'NONE',  ( 0.000000000000000000, -1.000000000000000000, 0.000000000000000000 ) ) ;
#9807 = MECHANICAL_DESIGN_GEOMETRIC_PRESENTATION_REPRESENTATION (  '', ( #7116 ), #7660 ) ;
#9808 = DIRECTION ( 'NONE',  ( 0.000000000000000000, 0.000000000000000000, 1.000000000000000000 ) ) ;
#9809 =( NAMED_UNIT ( * ) PLANE_ANGLE_UNIT ( ) SI_UNIT ( $, .RADIAN. ) );
#9810 = ORIENTED_EDGE ( 'NONE', *, *, #1563, .F. ) ;
#9811 = EDGE_CURVE ( 'NONE', #8801, #9959, #10694, .T. ) ;
#9812 = PRESENTATION_STYLE_ASSIGNMENT (( #9656 ) ) ;
#9813 = ADVANCED_FACE ( 'NONE', ( #9058 ), #5264, .F. ) ;
#9814 = CARTESIAN_POINT ( 'NONE',  ( 0.000000000000000000, 5.499999999999999112, 13.97097042681812873 ) ) ;
#9815 =( LENGTH_UNIT ( ) NAMED_UNIT ( * ) SI_UNIT ( .MILLI., .METRE. ) );
#9816 = CARTESIAN_POINT ( 'NONE',  ( 0.000000000000000000, 13.54999999999999893, 0.000000000000000000 ) ) ;
#9817 = FACE_OUTER_BOUND ( 'NONE', #1638, .T. ) ;
#9818 = VERTEX_POINT ( 'NONE', #1152 ) ;
#9819 = CIRCLE ( 'NONE', #4961, 0.2500000000000002220 ) ;
#9820 = DIRECTION ( 'NONE',  ( -0.000000000000000000, -1.000000000000000000, -0.000000000000000000 ) ) ;
#9821 = DIRECTION ( 'NONE',  ( -0.000000000000000000, 1.000000000000000000, -0.000000000000000000 ) ) ;
#9822 = CARTESIAN_POINT ( 'NONE',  ( 1.750000000000003331, 10.49999999999999467, 14.55991744746910754 ) ) ;
#9823 = CARTESIAN_POINT ( 'NONE',  ( 8.559059450933428792, 0.000000000000000000, 1.749999999999590106 ) ) ;
#9824 = AXIS2_PLACEMENT_3D ( 'NONE', #6850, #7756, #3392 ) ;
#9825 = STYLED_ITEM ( 'NONE', ( #6683 ), #6190 ) ;
#9826 = DIRECTION ( 'NONE',  ( 0.000000000000000000, -1.000000000000000000, 0.000000000000000000 ) ) ;
#9827 = ORIENTED_EDGE ( 'NONE', *, *, #6401, .T. ) ;
#9828 = FILL_AREA_STYLE ('',( #9161 ) ) ;
#9829 = AXIS2_PLACEMENT_3D ( 'NONE', #2327, #7405, #4918 ) ;
#9830 = ORIENTED_EDGE ( 'NONE', *, *, #263, .T. ) ;
#9831 = CARTESIAN_POINT ( 'NONE',  ( -22.19851024942031614, 10.64307090431694114, -1.749999999999727551 ) ) ;
#9832 = CARTESIAN_POINT ( 'NONE',  ( -1.749999999999997780, 0.000000000000000000, 8.724723410482958741 ) ) ;
#9833 = CARTESIAN_POINT ( 'NONE',  ( -8.364693074776555548, 6.490181703155801785, -10.98807339523287041 ) ) ;
#9834 = ADVANCED_FACE ( 'NONE', ( #6857 ), #134, .T. ) ;
#9835 = VERTEX_POINT ( 'NONE', #4003 ) ;
#9836 = LINE ( 'NONE', #6326, #2771 ) ;
#9837 = CARTESIAN_POINT ( 'NONE',  ( 14.30000000000000071, 10.49999999999999822, 0.000000000000000000 ) ) ;
#9838 = CARTESIAN_POINT ( 'NONE',  ( -1.750000000000002665, 10.80000000000000071, -22.23122803625566846 ) ) ;
#9839 = DIRECTION ( 'NONE',  ( -0.000000000000000000, 1.000000000000000000, -0.000000000000000000 ) ) ;
#9840 = TOROIDAL_SURFACE ( 'NONE', #2918, 13.97097042681812873, 1.000000000000000000 ) ;
#9841 = ORIENTED_EDGE ( 'NONE', *, *, #1045, .T. ) ;
#9842 = DIRECTION ( 'NONE',  ( -0.000000000000000000, 1.000000000000000000, -0.000000000000000000 ) ) ;
#9843 = DIRECTION ( 'NONE',  ( 0.000000000000000000, 0.000000000000000000, 1.000000000000000000 ) ) ;
#9844 =( GEOMETRIC_REPRESENTATION_CONTEXT ( 3 ) GLOBAL_UNCERTAINTY_ASSIGNED_CONTEXT ( ( #3862 ) ) GLOBAL_UNIT_ASSIGNED_CONTEXT ( ( #6337, #10812, #3822 ) ) REPRESENTATION_CONTEXT ( 'NONE', 'WORKASPACE' ) );
#9845 = SURFACE_STYLE_FILL_AREA ( #347 ) ;
#9846 = AXIS2_PLACEMENT_3D ( 'NONE', #9571, #8555, #6861 ) ;
#9847 = EDGE_CURVE ( 'NONE', #4483, #9595, #10310, .T. ) ;
#9848 = DIRECTION ( 'NONE',  ( -0.000000000000000000, 1.000000000000000000, -0.000000000000000000 ) ) ;
#9849 = CARTESIAN_POINT ( 'NONE',  ( -1.750000000000002665, 10.49999999999999822, -22.23122803625566846 ) ) ;
#9850 = PLANE ( 'NONE',  #7542 ) ;
#9851 = ORIENTED_EDGE ( 'NONE', *, *, #427, .T. ) ;
#9852 = CARTESIAN_POINT ( 'NONE',  ( 22.62741699796960404, -13.15000000000000213, 22.62741699796943706 ) ) ;
#9853 = CIRCLE ( 'NONE', #3876, 0.2500000000000002220 ) ;
#9854 = COLOUR_RGB ( '',0.1529411764705882470, 0.4901960784313725283, 1.000000000000000000 ) ;
#9855 = CARTESIAN_POINT ( 'NONE',  ( 20.50609665440993012, 13.54999999999999893, -20.50609665440982354 ) ) ;
#9856 = ORIENTED_EDGE ( 'NONE', *, *, #3837, .T. ) ;
#9857 = VECTOR ( 'NONE', #232, 1000.000000000000000 ) ;
#9858 = VERTEX_POINT ( 'NONE', #5772 ) ;
#9859 = CARTESIAN_POINT ( 'NONE',  ( 0.000000000000000000, 1.499999999999999556, 0.000000000000000000 ) ) ;
#9860 =( NAMED_UNIT ( * ) PLANE_ANGLE_UNIT ( ) SI_UNIT ( $, .RADIAN. ) );
#9861 = EDGE_CURVE ( 'NONE', #10758, #8991, #1432, .T. ) ;
#9862 = EDGE_CURVE ( 'NONE', #3023, #1720, #5091, .T. ) ;
#9863 = COLOUR_RGB ( '',0.1529411764705882470, 0.4901960784313725283, 1.000000000000000000 ) ;
#9864 = CARTESIAN_POINT ( 'NONE',  ( -13.24756406759616922, 6.309836766224233173, 1.750000000000270228 ) ) ;
#9865 = AXIS2_PLACEMENT_3D ( 'NONE', #5391, #10368, #5285 ) ;
#9866 = CYLINDRICAL_SURFACE ( 'NONE', #8972, 33.50000000000000000 ) ;
#9867 =( GEOMETRIC_REPRESENTATION_CONTEXT ( 3 ) GLOBAL_UNCERTAINTY_ASSIGNED_CONTEXT ( ( #2149 ) ) GLOBAL_UNIT_ASSIGNED_CONTEXT ( ( #3498, #4607, #8814 ) ) REPRESENTATION_CONTEXT ( 'NONE', 'WORKASPACE' ) );
#9868 = ORIENTED_EDGE ( 'NONE', *, *, #8766, .T. ) ;
#9869 =( NAMED_UNIT ( * ) PLANE_ANGLE_UNIT ( ) SI_UNIT ( $, .RADIAN. ) );
#9870 = TOROIDAL_SURFACE ( 'NONE', #2950, 8.736131791852239203, 0.5000000000000000000 ) ;
#9871 =( GEOMETRIC_REPRESENTATION_CONTEXT ( 3 ) GLOBAL_UNCERTAINTY_ASSIGNED_CONTEXT ( ( #100 ) ) GLOBAL_UNIT_ASSIGNED_CONTEXT ( ( #5781, #5731, #6868 ) ) REPRESENTATION_CONTEXT ( 'NONE', 'WORKASPACE' ) );
#9872 = ORIENTED_EDGE ( 'NONE', *, *, #1230, .T. ) ;
#9873 = ORIENTED_EDGE ( 'NONE', *, *, #9264, .T. ) ;
#9874 = FACE_OUTER_BOUND ( 'NONE', #5560, .T. ) ;
#9875 = ORIENTED_EDGE ( 'NONE', *, *, #9506, .F. ) ;
#9876 = DIRECTION ( 'NONE',  ( 0.000000000000000000, 0.000000000000000000, 1.000000000000000000 ) ) ;
#9877 = EDGE_CURVE ( 'NONE', #4798, #2609, #9223, .T. ) ;
#9878 = SURFACE_STYLE_FILL_AREA ( #8034 ) ;
#9879 = CARTESIAN_POINT ( 'NONE',  ( -7.741329577035840792, 4.345517802399427865, 6.490184657350951625 ) ) ;
#9880 = CIRCLE ( 'NONE', #7374, 23.80000000000000071 ) ;
#9881 = UNCERTAINTY_MEASURE_WITH_UNIT (LENGTH_MEASURE( 1.000000000000000082E-05 ), #9753, 'distance_accuracy_value', 'NONE');
#9882 = ORIENTED_EDGE ( 'NONE', *, *, #1608, .T. ) ;
#9883 = CARTESIAN_POINT ( 'NONE',  ( -8.461742538715595785, 10.06432619796679440, 11.15616799762228517 ) ) ;
#9884 = ORIENTED_EDGE ( 'NONE', *, *, #8565, .T. ) ;
#9885 = CARTESIAN_POINT ( 'NONE',  ( -6.016550857632677385, 1.500000000000003109, -5.494383199411098317 ) ) ;
#9886 = VERTEX_POINT ( 'NONE', #1444 ) ;
#9887 = CARTESIAN_POINT ( 'NONE',  ( -1.749999999999997780, 0.2178369010166490427, 8.979978445623141070 ) ) ;
#9888 = DIRECTION ( 'NONE',  ( -0.000000000000000000, 1.000000000000000000, -0.000000000000000000 ) ) ;
#9889 = EDGE_CURVE ( 'NONE', #9081, #69, #4937, .T. ) ;
#9890 = DIRECTION ( 'NONE',  ( 0.000000000000000000, -1.000000000000000000, 0.000000000000000000 ) ) ;
#9891 = ORIENTED_EDGE ( 'NONE', *, *, #10852, .F. ) ;
#9892 = FILL_AREA_STYLE_COLOUR ( '', #7893 ) ;
#9893 = FILL_AREA_STYLE ('',( #10520 ) ) ;
#9894 = CARTESIAN_POINT ( 'NONE',  ( -6.537362917009561514, 0.000000000000000000, 5.795074182089443582 ) ) ;
#9895 = CARTESIAN_POINT ( 'NONE',  ( 0.000000000000000000, 10.49999999999999822, 14.30000000000000071 ) ) ;
#9896 = EDGE_LOOP ( 'NONE', ( #533, #2080, #5074, #6430, #3812, #6023, #10800, #9082, #2275, #3642, #11065 ) ) ;
#9897 = DIRECTION ( 'NONE',  ( 0.000000000000000000, 0.000000000000000000, 1.000000000000000000 ) ) ;
#9898 = CARTESIAN_POINT ( 'NONE',  ( 11.34837267093407576, 10.30006695603317368, -8.572711958591634485 ) ) ;
#9899 = CARTESIAN_POINT ( 'NONE',  ( 9.600069561505076621, 10.80000000000000071, 20.12780823672224173 ) ) ;
#9900 = CARTESIAN_POINT ( 'NONE',  ( 0.000000000000000000, -10.99999999999999289, 22.30000000000000071 ) ) ;
#9901 = DIRECTION ( 'NONE',  ( -0.4999999999999995559, 0.000000000000000000, 0.8660254037844389297 ) ) ;
#9902 =( GEOMETRIC_REPRESENTATION_CONTEXT ( 3 ) GLOBAL_UNCERTAINTY_ASSIGNED_CONTEXT ( ( #3283 ) ) GLOBAL_UNIT_ASSIGNED_CONTEXT ( ( #5672, #3957, #8114 ) ) REPRESENTATION_CONTEXT ( 'NONE', 'WORKASPACE' ) );
#9903 = CARTESIAN_POINT ( 'NONE',  ( 20.68287334970658264, 13.54999999999999893, 20.43287334970644054 ) ) ;
#9904 = DIRECTION ( 'NONE',  ( 0.000000000000000000, 0.000000000000000000, -1.000000000000000000 ) ) ;
#9905 = ORIENTED_EDGE ( 'NONE', *, *, #5228, .T. ) ;
#9906 = CARTESIAN_POINT ( 'NONE',  ( 22.30000000000000071, 6.499999999999999112, 0.000000000000000000 ) ) ;
#9907 = ADVANCED_FACE ( 'NONE', ( #577 ), #4066, .F. ) ;
#9908 = ORIENTED_EDGE ( 'NONE', *, *, #7440, .T. ) ;
#9909 = ORIENTED_EDGE ( 'NONE', *, *, #10432, .T. ) ;
#9910 = PRESENTATION_LAYER_ASSIGNMENT (  '', '', ( #3753 ) ) ;
#9911 = CARTESIAN_POINT ( 'NONE',  ( -21.74353352148638407, -13.25000000000000178, 21.74353352148629170 ) ) ;
#9912 =( NAMED_UNIT ( * ) PLANE_ANGLE_UNIT ( ) SI_UNIT ( $, .RADIAN. ) );
#9913 = DIRECTION ( 'NONE',  ( 0.000000000000000000, 0.000000000000000000, 1.000000000000000000 ) ) ;
#9914 = CARTESIAN_POINT ( 'NONE',  ( -1.750000000000001554, 6.499999999999999112, 6.211153372762001756E-15 ) ) ;
#9915 = CARTESIAN_POINT ( 'NONE',  ( 0.000000000000000000, 6.499999999999999112, 0.000000000000000000 ) ) ;
#9916 = ORIENTED_EDGE ( 'NONE', *, *, #10646, .F. ) ;
#9917 = ORIENTED_EDGE ( 'NONE', *, *, #7641, .T. ) ;
#9918 = EDGE_CURVE ( 'NONE', #9127, #8397, #4994, .T. ) ;
#9919 = CARTESIAN_POINT ( 'NONE',  ( 22.30000000000000071, 6.499999999999999112, 0.000000000000000000 ) ) ;
#9920 = CARTESIAN_POINT ( 'NONE',  ( 22.23122803625593491, 10.80000000000000071, 1.749999999999587885 ) ) ;
#9921 = SURFACE_STYLE_FILL_AREA ( #2909 ) ;
#9922 = STYLED_ITEM ( 'NONE', ( #9812 ), #9522 ) ;
#9923 = EDGE_LOOP ( 'NONE', ( #1087, #2496, #4826, #1591 ) ) ;
#9924 = ORIENTED_EDGE ( 'NONE', *, *, #6793, .T. ) ;
#9925 = CARTESIAN_POINT ( 'NONE',  ( 22.30000000000000071, 6.499999999999999112, 1.749999999999587885 ) ) ;
#9926 = SURFACE_STYLE_FILL_AREA ( #2201 ) ;
#9927 = DIRECTION ( 'NONE',  ( -0.4999999999999981126, 0.000000000000000000, -0.8660254037844397068 ) ) ;
#9928 = AXIS2_PLACEMENT_3D ( 'NONE', #3624, #1970, #10615 ) ;
#9929 =( LENGTH_UNIT ( ) NAMED_UNIT ( * ) SI_UNIT ( .MILLI., .METRE. ) );
#9930 = AXIS2_PLACEMENT_3D ( 'NONE', #11163, #2357, #8508 ) ;
#9931 = ORIENTED_EDGE ( 'NONE', *, *, #2314, .F. ) ;
#9932 = SURFACE_SIDE_STYLE ('',( #8089 ) ) ;
#9933 = DIRECTION ( 'NONE',  ( 0.000000000000000000, 0.000000000000000000, -1.000000000000000000 ) ) ;
#9934 = EDGE_CURVE ( 'NONE', #4195, #5255, #3459, .T. ) ;
#9935 = ADVANCED_FACE ( 'NONE', ( #6209 ), #8694, .T. ) ;
#9936 = ORIENTED_EDGE ( 'NONE', *, *, #8293, .T. ) ;
#9937 = MECHANICAL_DESIGN_GEOMETRIC_PRESENTATION_REPRESENTATION (  '', ( #504 ), #3025 ) ;
#9938 = STYLED_ITEM ( 'NONE', ( #1034 ), #9669 ) ;
#9939 = LINE ( 'NONE', #11221, #9649 ) ;
#9940 = ORIENTED_EDGE ( 'NONE', *, *, #4189, .F. ) ;
#9941 = CARTESIAN_POINT ( 'NONE',  ( -21.92031021678305081, 13.54999999999999893, -21.92031021678288383 ) ) ;
#9942 =( GEOMETRIC_REPRESENTATION_CONTEXT ( 3 ) GLOBAL_UNCERTAINTY_ASSIGNED_CONTEXT ( ( #5586 ) ) GLOBAL_UNIT_ASSIGNED_CONTEXT ( ( #7035, #9630, #1835 ) ) REPRESENTATION_CONTEXT ( 'NONE', 'WORKASPACE' ) );
#9943 = ORIENTED_EDGE ( 'NONE', *, *, #2871, .F. ) ;
#9944 = CARTESIAN_POINT ( 'NONE',  ( -18.18590626525325860, 10.49999999999845102, -12.52036381986525271 ) ) ;
#9945 = VECTOR ( 'NONE', #2461, 1000.000000000000000 ) ;
#9946 =( GEOMETRIC_REPRESENTATION_CONTEXT ( 3 ) GLOBAL_UNCERTAINTY_ASSIGNED_CONTEXT ( ( #803 ) ) GLOBAL_UNIT_ASSIGNED_CONTEXT ( ( #4224, #4118, #1654 ) ) REPRESENTATION_CONTEXT ( 'NONE', 'WORKASPACE' ) );
#9947 = DIRECTION ( 'NONE',  ( -0.000000000000000000, 1.000000000000000000, -0.000000000000000000 ) ) ;
#9948 = ORIENTED_EDGE ( 'NONE', *, *, #5749, .T. ) ;
#9949 = DIRECTION ( 'NONE',  ( 0.000000000000000000, -1.000000000000000000, 0.000000000000000000 ) ) ;
#9950 =( NAMED_UNIT ( * ) PLANE_ANGLE_UNIT ( ) SI_UNIT ( $, .RADIAN. ) );
#9951 = ADVANCED_FACE ( 'NONE', ( #2770 ), #8714, .T. ) ;
#9952 = SURFACE_STYLE_FILL_AREA ( #3504 ) ;
#9953 = SURFACE_STYLE_USAGE ( .BOTH. , #10815 ) ;
#9954 = LINE ( 'NONE', #2118, #7284 ) ;
#9955 = DIRECTION ( 'NONE',  ( 0.000000000000000000, 1.000000000000000000, 0.000000000000000000 ) ) ;
#9956 = EDGE_LOOP ( 'NONE', ( #1473, #3035, #3836, #7222 ) ) ;
#9957 = FILL_AREA_STYLE_COLOUR ( '', #2642 ) ;
#9958 =( LENGTH_UNIT ( ) NAMED_UNIT ( * ) SI_UNIT ( .MILLI., .METRE. ) );
#9959 = VERTEX_POINT ( 'NONE', #4397 ) ;
#9960 = EDGE_LOOP ( 'NONE', ( #5110, #4763, #4260, #3838 ) ) ;
#9961 = CARTESIAN_POINT ( 'NONE',  ( 8.075101441731300511, 2.163045022804030104, 6.682887933280787784 ) ) ;
#9962 = SURFACE_STYLE_FILL_AREA ( #3903 ) ;
#9963 = DIRECTION ( 'NONE',  ( 0.000000000000000000, 0.000000000000000000, 1.000000000000000000 ) ) ;
#9964 = EDGE_CURVE ( 'NONE', #5947, #8780, #6265, .T. ) ;
#9965 = PLANE ( 'NONE',  #1861 ) ;
#9966 = CYLINDRICAL_SURFACE ( 'NONE', #10601, 0.2500000000000002220 ) ;
#9967 = VECTOR ( 'NONE', #2666, 1000.000000000000000 ) ;
#9968 = VERTEX_POINT ( 'NONE', #2662 ) ;
#9969 = ORIENTED_EDGE ( 'NONE', *, *, #7904, .F. ) ;
#9970 =( GEOMETRIC_REPRESENTATION_CONTEXT ( 3 ) GLOBAL_UNCERTAINTY_ASSIGNED_CONTEXT ( ( #1374 ) ) GLOBAL_UNIT_ASSIGNED_CONTEXT ( ( #7670, #10484, #2685 ) ) REPRESENTATION_CONTEXT ( 'NONE', 'WORKASPACE' ) );
#9971 = CARTESIAN_POINT ( 'NONE',  ( 8.430832114471057182, 0.000000000000000000, -2.846817248618692009 ) ) ;
#9972 = CARTESIAN_POINT ( 'NONE',  ( -21.56675682618974577, 13.54999999999999893, 21.56675682618965340 ) ) ;
#9973 = VERTEX_POINT ( 'NONE', #4341 ) ;
#9974 = VERTEX_POINT ( 'NONE', #104 ) ;
#9975 = FILL_AREA_STYLE ('',( #8244 ) ) ;
#9976 = VECTOR ( 'NONE', #9888, 1000.000000000000000 ) ;
#9977 = ORIENTED_EDGE ( 'NONE', *, *, #8310, .F. ) ;
#9978 = CARTESIAN_POINT ( 'NONE',  ( -6.901889459346263855, 0.2178369010166486264, -6.005533679434416960 ) ) ;
#9979 = CARTESIAN_POINT ( 'NONE',  ( -8.885267360840774842, 0.08184250052690894561, -1.749999999999731326 ) ) ;
#9980 = DIRECTION ( 'NONE',  ( 0.000000000000000000, -1.000000000000000000, 0.000000000000000000 ) ) ;
#9981 = PRESENTATION_LAYER_ASSIGNMENT (  '', '', ( #3643 ) ) ;
#9982 = EDGE_CURVE ( 'NONE', #5951, #7598, #1879, .T. ) ;
#9983 = CARTESIAN_POINT ( 'NONE',  ( 0.000000000000000000, 9.499999999999998224, 0.000000000000000000 ) ) ;
#9984 = UNCERTAINTY_MEASURE_WITH_UNIT (LENGTH_MEASURE( 1.000000000000000082E-05 ), #9701, 'distance_accuracy_value', 'NONE');
#9985 = ORIENTED_EDGE ( 'NONE', *, *, #1808, .T. ) ;
#9986 = AXIS2_PLACEMENT_3D ( 'NONE', #7454, #10894, #3092 ) ;
#9987 = DIRECTION ( 'NONE',  ( -0.000000000000000000, 1.000000000000000000, -0.000000000000000000 ) ) ;
#9988 = VERTEX_POINT ( 'NONE', #9510 ) ;
#9989 = AXIS2_PLACEMENT_3D ( 'NONE', #7426, #10864, #3058 ) ;
#9990 = ORIENTED_EDGE ( 'NONE', *, *, #6347, .F. ) ;
#9991 = FACE_OUTER_BOUND ( 'NONE', #2914, .T. ) ;
#9992 =( NAMED_UNIT ( * ) PLANE_ANGLE_UNIT ( ) SI_UNIT ( $, .RADIAN. ) );
#9993 = DIRECTION ( 'NONE',  ( -0.000000000000000000, 1.000000000000000000, -0.000000000000000000 ) ) ;
#9994 = AXIS2_PLACEMENT_3D ( 'NONE', #8911, #9806, #10541 ) ;
#9995 = EDGE_CURVE ( 'NONE', #7676, #1718, #8334, .T. ) ;
#9996 = EDGE_LOOP ( 'NONE', ( #9577, #8860, #6467, #1433 ) ) ;
#9997 = ADVANCED_FACE ( 'NONE', ( #1719 ), #3402, .T. ) ;
#9998 = AXIS2_PLACEMENT_3D ( 'NONE', #1783, #122, #10528 ) ;
#9999 = SURFACE_STYLE_FILL_AREA ( #5881 ) ;
#10000 = MECHANICAL_DESIGN_GEOMETRIC_PRESENTATION_REPRESENTATION (  '', ( #4211 ), #7847 ) ;
#10001 = DIRECTION ( 'NONE',  ( -0.000000000000000000, 1.000000000000000000, -0.000000000000000000 ) ) ;
#10002 = ORIENTED_EDGE ( 'NONE', *, *, #7089, .T. ) ;
#10003 = SURFACE_SIDE_STYLE ('',( #398 ) ) ;
#10004 = CARTESIAN_POINT ( 'NONE',  ( 0.000000000000000000, 13.54999999999999893, -32.00000000000000000 ) ) ;
#10005 = CIRCLE ( 'NONE', #5857, 14.82773641629552053 ) ;
#10006 = MECHANICAL_DESIGN_GEOMETRIC_PRESENTATION_REPRESENTATION (  '', ( #6586 ), #4980 ) ;
#10007 = SURFACE_STYLE_FILL_AREA ( #3234 ) ;
#10008 = AXIS2_PLACEMENT_3D ( 'NONE', #6597, #4848, #3147 ) ;
#10009 = FACE_OUTER_BOUND ( 'NONE', #5989, .T. ) ;
#10010 = SURFACE_STYLE_USAGE ( .BOTH. , #9291 ) ;
#10011 = DIRECTION ( 'NONE',  ( 0.000000000000000000, 0.000000000000000000, 1.000000000000000000 ) ) ;
#10012 = EDGE_CURVE ( 'NONE', #8780, #10298, #8681, .T. ) ;
#10013 = DIRECTION ( 'NONE',  ( 0.000000000000000000, 0.000000000000000000, -1.000000000000000000 ) ) ;
#10014 = EDGE_CURVE ( 'NONE', #10945, #11120, #7259, .T. ) ;
#10015 = AXIS2_PLACEMENT_3D ( 'NONE', #4563, #2919, #10624 ) ;
#10016 = CARTESIAN_POINT ( 'NONE',  ( 0.000000000000000000, 9.499999999999998224, 0.000000000000000000 ) ) ;
#10017 = CARTESIAN_POINT ( 'NONE',  ( 0.000000000000000000, 1.500000000000000000, 0.000000000000000000 ) ) ;
#10018 = CIRCLE ( 'NONE', #7689, 29.50000000000000000 ) ;
#10019 = ORIENTED_EDGE ( 'NONE', *, *, #2528, .F. ) ;
#10020 = AXIS2_PLACEMENT_3D ( 'NONE', #4939, #581, #3943 ) ;
#10021 = DIRECTION ( 'NONE',  ( 0.000000000000000000, 0.000000000000000000, -1.000000000000000000 ) ) ;
#10022 = SURFACE_SIDE_STYLE ('',( #3009 ) ) ;
#10023 = EDGE_LOOP ( 'NONE', ( #6909, #9661, #744, #7148 ) ) ;
#10024 = DIRECTION ( 'NONE',  ( -0.4999999999999995559, 0.000000000000000000, 0.8660254037844389297 ) ) ;
#10025 =( GEOMETRIC_REPRESENTATION_CONTEXT ( 3 ) GLOBAL_UNCERTAINTY_ASSIGNED_CONTEXT ( ( #6606 ) ) GLOBAL_UNIT_ASSIGNED_CONTEXT ( ( #10509, #6854, #3561 ) ) REPRESENTATION_CONTEXT ( 'NONE', 'WORKASPACE' ) );
#10026 = EDGE_CURVE ( 'NONE', #4640, #3075, #2337, .T. ) ;
#10027 = DIRECTION ( 'NONE',  ( 0.000000000000000000, 0.000000000000000000, 1.000000000000000000 ) ) ;
#10028 = CARTESIAN_POINT ( 'NONE',  ( -14.72410497215831704, 10.49999999999999822, -1.749999999999729550 ) ) ;
#10029 =( GEOMETRIC_REPRESENTATION_CONTEXT ( 3 ) GLOBAL_UNCERTAINTY_ASSIGNED_CONTEXT ( ( #7071 ) ) GLOBAL_UNIT_ASSIGNED_CONTEXT ( ( #2655, #3628, #7920 ) ) REPRESENTATION_CONTEXT ( 'NONE', 'WORKASPACE' ) );
#10030 = DIRECTION ( 'NONE',  ( 0.000000000000000000, 0.000000000000000000, -1.000000000000000000 ) ) ;
#10031 = CIRCLE ( 'NONE', #4992, 30.50000000000000000 ) ;
#10032 = ORIENTED_EDGE ( 'NONE', *, *, #3284, .T. ) ;
#10033 = ORIENTED_EDGE ( 'NONE', *, *, #7313, .F. ) ;
#10034 = COLOUR_RGB ( '',0.1529411764705882470, 0.4901960784313725283, 1.000000000000000000 ) ;
#10035 = DIRECTION ( 'NONE',  ( -0.000000000000000000, 1.000000000000000000, -0.000000000000000000 ) ) ;
#10036 = DIRECTION ( 'NONE',  ( -0.000000000000000000, -1.000000000000000000, -0.000000000000000000 ) ) ;
#10037 = SURFACE_STYLE_USAGE ( .BOTH. , #10154 ) ;
#10038 = ORIENTED_EDGE ( 'NONE', *, *, #2361, .T. ) ;
#10039 = ORIENTED_EDGE ( 'NONE', *, *, #6667, .F. ) ;
#10040 = AXIS2_PLACEMENT_3D ( 'NONE', #10648, #3955, #10757 ) ;
#10041 = VERTEX_POINT ( 'NONE', #9883 ) ;
#10042 = DIRECTION ( 'NONE',  ( 0.000000000000000000, -1.000000000000000000, 0.000000000000000000 ) ) ;
#10043 = B_SPLINE_CURVE_WITH_KNOTS ( 'NONE', 3,
 ( #7218, #5615, #10647, #10817, #9795, #5497, #3006, #4648 ),
 .UNSPECIFIED., .F., .F.,
 ( 4, 2, 2, 4 ),
 ( 0.000000000000000000, 0.0002427981594783396751, 0.0004855963189566793502, 0.0009711926379133563152 ),
 .UNSPECIFIED. ) ;
#10044 = PLANE ( 'NONE',  #418 ) ;
#10045 = LINE ( 'NONE', #5803, #1827 ) ;
#10046 = AXIS2_PLACEMENT_3D ( 'NONE', #1114, #7176, #3564 ) ;
#10047 =( NAMED_UNIT ( * ) PLANE_ANGLE_UNIT ( ) SI_UNIT ( $, .RADIAN. ) );
#10048 = ORIENTED_EDGE ( 'NONE', *, *, #1628, .T. ) ;
#10049 = COLOUR_RGB ( '',0.1529411764705882470, 0.4901960784313725283, 1.000000000000000000 ) ;
#10050 = DIRECTION ( 'NONE',  ( 0.000000000000000000, -1.000000000000000000, 0.000000000000000000 ) ) ;
#10051 = AXIS2_PLACEMENT_3D ( 'NONE', #1454, #3186, #8395 ) ;
#10052 = CARTESIAN_POINT ( 'NONE',  ( 7.741329577035866549, 4.345517802399458951, 6.490184657350956066 ) ) ;
#10053 = B_SPLINE_CURVE_WITH_KNOTS ( 'NONE', 3,
 ( #5455, #8875, #2600, #1707, #5205, #3626, #8650, #10501 ),
 .UNSPECIFIED., .F., .F.,
 ( 4, 2, 2, 4 ),
 ( 2.453269466693398698E-18, 0.0002427981594783402172, 0.0004855963189566779407, 0.0009711926379133573994 ),
 .UNSPECIFIED. ) ;
#10054 = EDGE_LOOP ( 'NONE', ( #3109, #10221, #6703, #4428, #2261, #757 ) ) ;
#10055 = ADVANCED_FACE ( 'NONE', ( #1980 ), #3764, .F. ) ;
#10056 = CARTESIAN_POINT ( 'NONE',  ( 0.000000000000000000, 0.2178369010166492092, 0.000000000000000000 ) ) ;
#10057 = VERTEX_POINT ( 'NONE', #5418 ) ;
#10058 = PRESENTATION_LAYER_ASSIGNMENT (  '', '', ( #10778 ) ) ;
#10059 = DIRECTION ( 'NONE',  ( -0.000000000000000000, 1.000000000000000000, -0.000000000000000000 ) ) ;
#10060 = DIRECTION ( 'NONE',  ( 0.000000000000000000, 1.000000000000000000, 0.000000000000000000 ) ) ;
#10061 = EDGE_LOOP ( 'NONE', ( #10038, #3070, #7424, #9020 ) ) ;
#10062 = CARTESIAN_POINT ( 'NONE',  ( -12.63115847475094355, 10.72063721833215766, -18.37780823672340347 ) ) ;
#10063 = SURFACE_STYLE_USAGE ( .BOTH. , #4875 ) ;
#10064 =( NAMED_UNIT ( * ) SI_UNIT ( $, .STERADIAN. ) SOLID_ANGLE_UNIT ( ) );
#10065 = SURFACE_STYLE_USAGE ( .BOTH. , #6621 ) ;
#10066 = ORIENTED_EDGE ( 'NONE', *, *, #2630, .T. ) ;
#10067 = PRESENTATION_STYLE_ASSIGNMENT (( #3114 ) ) ;
#10068 = CARTESIAN_POINT ( 'NONE',  ( -5.109775928907287934, 6.300111172951813110, -12.35039152416021224 ) ) ;
#10069 = EDGE_CURVE ( 'NONE', #10599, #4128, #6108, .T. ) ;
#10070 = EDGE_CURVE ( 'NONE', #10313, #2534, #851, .T. ) ;
#10071 = DIRECTION ( 'NONE',  ( 0.000000000000000000, 0.000000000000000000, -1.000000000000000000 ) ) ;
#10072 = CARTESIAN_POINT ( 'NONE',  ( 1.749999999999998224, 6.500000000000000000, -13.69663108658935968 ) ) ;
#10073 = CARTESIAN_POINT ( 'NONE',  ( -1.750000000000000666, 0.000000000000000000, -7.957677485576517995 ) ) ;
#10074 = CARTESIAN_POINT ( 'NONE',  ( -8.446011877133067003, 6.499999999999999112, -11.12892169252501162 ) ) ;
#10075 = CARTESIAN_POINT ( 'NONE',  ( 0.000000000000000000, 13.44999999999999929, 0.000000000000000000 ) ) ;
#10076 = CIRCLE ( 'NONE', #6651, 31.00000000000000000 ) ;
#10077 = CARTESIAN_POINT ( 'NONE',  ( 20.68287334970658264, 13.44999999999999929, 20.68287334970643698 ) ) ;
#10078 = CARTESIAN_POINT ( 'NONE',  ( -1.750000000000000666, 2.395334494420871368E-17, -8.724713451375777140 ) ) ;
#10079 = ORIENTED_EDGE ( 'NONE', *, *, #7938, .F. ) ;
#10080 = EDGE_CURVE ( 'NONE', #4741, #5693, #8091, .T. ) ;
#10081 = DIRECTION ( 'NONE',  ( -0.000000000000000000, 1.000000000000000000, -0.000000000000000000 ) ) ;
#10082 = VECTOR ( 'NONE', #10434, 1000.000000000000000 ) ;
#10083 = ADVANCED_FACE ( 'NONE', ( #5534 ), #8343, .T. ) ;
#10084 = DIRECTION ( 'NONE',  ( 0.000000000000000000, 0.000000000000000000, 1.000000000000000000 ) ) ;
#10085 =( NAMED_UNIT ( * ) SI_UNIT ( $, .STERADIAN. ) SOLID_ANGLE_UNIT ( ) );
#10086 = AXIS2_PLACEMENT_3D ( 'NONE', #4949, #8566, #7556 ) ;
#10087 = VECTOR ( 'NONE', #6752, 999.9999999999998863 ) ;
#10088 = SURFACE_STYLE_USAGE ( .BOTH. , #5792 ) ;
#10089 = CARTESIAN_POINT ( 'NONE',  ( -20.50609665440991947, 13.44999999999999929, 20.50609665440983420 ) ) ;
#10090 = VERTEX_POINT ( 'NONE', #2153 ) ;
#10091 = ORIENTED_EDGE ( 'NONE', *, *, #316, .F. ) ;
#10092 = ORIENTED_EDGE ( 'NONE', *, *, #1791, .F. ) ;
#10093 = EDGE_CURVE ( 'NONE', #9150, #10729, #3797, .T. ) ;
#10094 = EDGE_CURVE ( 'NONE', #3224, #5100, #8677, .T. ) ;
#10095 = EDGE_LOOP ( 'NONE', ( #4320, #4297, #8438, #8238, #4667, #2892, #6670, #5346, #6614, #7163, #9671, #872 ) ) ;
#10096 = VECTOR ( 'NONE', #8267, 1000.000000000000114 ) ;
#10097 = EDGE_LOOP ( 'NONE', ( #1624, #4395, #8806, #7100 ) ) ;
#10098 = EDGE_LOOP ( 'NONE', ( #1167, #5878, #8169, #129, #9109, #7287 ) ) ;
#10099 = PLANE ( 'NONE',  #8330 ) ;
#10100 = DIRECTION ( 'NONE',  ( -0.000000000000000000, -1.000000000000000000, -0.000000000000000000 ) ) ;
#10101 = CARTESIAN_POINT ( 'NONE',  ( -1.750000000000001554, 10.49999999999999822, -14.72410497215828507 ) ) ;
#10102 = DIRECTION ( 'NONE',  ( 0.000000000000000000, -1.000000000000000000, 0.000000000000000000 ) ) ;
#10103 = LINE ( 'NONE', #4974, #1500 ) ;
#10104 = UNCERTAINTY_MEASURE_WITH_UNIT (LENGTH_MEASURE( 1.000000000000000082E-05 ), #9815, 'distance_accuracy_value', 'NONE');
#10105 = EDGE_LOOP ( 'NONE', ( #7297, #4764, #6207, #3707 ) ) ;
#10106 = ORIENTED_EDGE ( 'NONE', *, *, #358, .T. ) ;
#10107 = ORIENTED_EDGE ( 'NONE', *, *, #9040, .F. ) ;
#10108 = AXIS2_PLACEMENT_3D ( 'NONE', #4158, #4048, #2333 ) ;
#10109 =( GEOMETRIC_REPRESENTATION_CONTEXT ( 3 ) GLOBAL_UNCERTAINTY_ASSIGNED_CONTEXT ( ( #7746 ) ) GLOBAL_UNIT_ASSIGNED_CONTEXT ( ( #777, #7748, #27 ) ) REPRESENTATION_CONTEXT ( 'NONE', 'WORKASPACE' ) );
#10110 = CARTESIAN_POINT ( 'NONE',  ( -12.15793606078348787, 6.064326197966797949, -4.998661715319930643 ) ) ;
#10111 = CARTESIAN_POINT ( 'NONE',  ( 0.000000000000000000, -12.50000000000000000, 22.30000000000000071 ) ) ;
#10112 = UNCERTAINTY_MEASURE_WITH_UNIT (LENGTH_MEASURE( 1.000000000000000082E-05 ), #9468, 'distance_accuracy_value', 'NONE');
#10113 = DIRECTION ( 'NONE',  ( -0.000000000000000000, 1.000000000000000000, -0.000000000000000000 ) ) ;
#10114 = ADVANCED_FACE ( 'NONE', ( #4924 ), #305, .T. ) ;
#10115 = UNCERTAINTY_MEASURE_WITH_UNIT (LENGTH_MEASURE( 1.000000000000000082E-05 ), #544, 'distance_accuracy_value', 'NONE');
#10116 = LINE ( 'NONE', #1440, #8787 ) ;
#10117 = FILL_AREA_STYLE_COLOUR ( '', #101 ) ;
#10118 = ORIENTED_EDGE ( 'NONE', *, *, #10705, .T. ) ;
#10119 =( GEOMETRIC_REPRESENTATION_CONTEXT ( 3 ) GLOBAL_UNCERTAINTY_ASSIGNED_CONTEXT ( ( #4690 ) ) GLOBAL_UNIT_ASSIGNED_CONTEXT ( ( #6247, #1177, #5577 ) ) REPRESENTATION_CONTEXT ( 'NONE', 'WORKASPACE' ) );
#10120 = DIRECTION ( 'NONE',  ( 0.000000000000000000, 0.000000000000000000, 1.000000000000000000 ) ) ;
#10121 = CARTESIAN_POINT ( 'NONE',  ( -11.40209684663311762, -13.25000000000000178, -11.40209684663303769 ) ) ;
#10122 = AXIS2_PLACEMENT_3D ( 'NONE', #116, #10524, #2724 ) ;
#10123 = DIRECTION ( 'NONE',  ( 0.000000000000000000, 0.000000000000000000, 1.000000000000000000 ) ) ;
#10124 = CARTESIAN_POINT ( 'NONE',  ( -1.749999999999994449, 6.499999999999999112, 22.23122803625566846 ) ) ;
#10125 = DIRECTION ( 'NONE',  ( 0.000000000000000000, 0.000000000000000000, -1.000000000000000000 ) ) ;
#10126 = CARTESIAN_POINT ( 'NONE',  ( -5.430653625470028167, 10.06432619796669847, 12.90616799762222833 ) ) ;
#10127 = STYLED_ITEM ( 'NONE', ( #1099 ), #10490 ) ;
#10128 = SURFACE_SIDE_STYLE ('',( #3064 ) ) ;
#10129 = PRESENTATION_LAYER_ASSIGNMENT (  '', '', ( #692 ) ) ;
#10130 = DIRECTION ( 'NONE',  ( 0.000000000000000000, 0.000000000000000000, 1.000000000000000000 ) ) ;
#10131 = EDGE_CURVE ( 'NONE', #8241, #3032, #8319, .T. ) ;
#10132 = CYLINDRICAL_SURFACE ( 'NONE', #5934, 8.147829831584077809 ) ;
#10133 = VERTEX_POINT ( 'NONE', #11023 ) ;
#10134 = VECTOR ( 'NONE', #8155, 1000.000000000000000 ) ;
#10135 = DIRECTION ( 'NONE',  ( -0.000000000000000000, -1.000000000000000000, -0.000000000000000000 ) ) ;
#10136 = PRESENTATION_LAYER_ASSIGNMENT (  '', '', ( #9420 ) ) ;
#10137 = FACE_OUTER_BOUND ( 'NONE', #10858, .T. ) ;
#10138 = CARTESIAN_POINT ( 'NONE',  ( 0.000000000000000000, 10.80000000000000071, 0.000000000000000000 ) ) ;
#10139 = CARTESIAN_POINT ( 'NONE',  ( 1.749999999999997113, -18.21991441758264685, -22.23122803625566846 ) ) ;
#10140 =( NAMED_UNIT ( * ) SI_UNIT ( $, .STERADIAN. ) SOLID_ANGLE_UNIT ( ) );
#10141 = SURFACE_STYLE_USAGE ( .BOTH. , #704 ) ;
#10142 = VECTOR ( 'NONE', #1547, 1000.000000000000114 ) ;
#10143 = ADVANCED_FACE ( 'NONE', ( #5086 ), #5443, .F. ) ;
#10144 = CARTESIAN_POINT ( 'NONE',  ( 5.999999999999997335, -4.000000000000000000, 3.464101615137759715 ) ) ;
#10145 = EDGE_CURVE ( 'NONE', #9760, #3582, #4531, .T. ) ;
#10146 = CARTESIAN_POINT ( 'NONE',  ( 9.600069561505074844, 10.72064156802580470, 20.12780823672224528 ) ) ;
#10147 = CARTESIAN_POINT ( 'NONE',  ( 11.92184592419731715, 7.204214166394866226, 1.749999999999589884 ) ) ;
#10148 = ORIENTED_EDGE ( 'NONE', *, *, #1755, .F. ) ;
#10149 = MANIFOLD_SOLID_BREP ( 'Ô²½Ç5', #9436 ) ;
#10150 = ORIENTED_EDGE ( 'NONE', *, *, #7991, .T. ) ;
#10151 = CARTESIAN_POINT ( 'NONE',  ( -5.254733811982617020, 6.451575245584149521, 12.60146594260398878 ) ) ;
#10152 = DIRECTION ( 'NONE',  ( -0.000000000000000000, 1.000000000000000000, -0.000000000000000000 ) ) ;
#10153 = CARTESIAN_POINT ( 'NONE',  ( 8.651889459346335798, 0.2178369010166496533, 2.974444766188799161 ) ) ;
#10154 = SURFACE_SIDE_STYLE ('',( #6653 ) ) ;
#10155 = EDGE_LOOP ( 'NONE', ( #1600, #11186, #3725, #5794, #188, #7410 ) ) ;
#10156 = COLOUR_RGB ( '',1.000000000000000000, 1.000000000000000000, 1.000000000000000000 ) ;
#10157 = ORIENTED_EDGE ( 'NONE', *, *, #3415, .F. ) ;
#10158 = EDGE_LOOP ( 'NONE', ( #3984, #4427 ) ) ;
#10159 = CARTESIAN_POINT ( 'NONE',  ( -22.80419369326642709, 13.54999999999999893, 22.55419369326633827 ) ) ;
#10160 = CARTESIAN_POINT ( 'NONE',  ( 22.23122803625593491, 6.499999999999999112, 1.749999999999587885 ) ) ;
#10161 =( GEOMETRIC_REPRESENTATION_CONTEXT ( 3 ) GLOBAL_UNCERTAINTY_ASSIGNED_CONTEXT ( ( #10343 ) ) GLOBAL_UNIT_ASSIGNED_CONTEXT ( ( #8109, #2889, #4700 ) ) REPRESENTATION_CONTEXT ( 'NONE', 'WORKASPACE' ) );
#10162 = CARTESIAN_POINT ( 'NONE',  ( -1.750000000000000666, 0.000000000000000000, -8.559059450933345303 ) ) ;
#10163 = EDGE_CURVE ( 'NONE', #6156, #17, #10276, .T. ) ;
#10164 = EDGE_CURVE ( 'NONE', #10511, #10734, #6657, .T. ) ;
#10165 = ORIENTED_EDGE ( 'NONE', *, *, #7389, .F. ) ;
#10166 = SURFACE_SIDE_STYLE ('',( #2331 ) ) ;
#10167 = SURFACE_SIDE_STYLE ('',( #8538 ) ) ;
#10168 = AXIS2_PLACEMENT_3D ( 'NONE', #5816, #11082, #1548 ) ;
#10169 = CYLINDRICAL_SURFACE ( 'NONE', #7320, 22.30000000000000071 ) ;
#10170 = ORIENTED_EDGE ( 'NONE', *, *, #985, .F. ) ;
#10171 = CARTESIAN_POINT ( 'NONE',  ( -12.23873689551487587, 6.199600861750095504, -5.045312099002845940 ) ) ;
#10172 = CARTESIAN_POINT ( 'NONE',  ( 1.750000000000003553, 6.490181703155797344, 13.69829723630780016 ) ) ;
#10173 = PRESENTATION_STYLE_ASSIGNMENT (( #8379 ) ) ;
#10174 = SURFACE_SIDE_STYLE ('',( #7471 ) ) ;
#10175 = SURFACE_STYLE_FILL_AREA ( #9225 ) ;
#10176 = VERTEX_POINT ( 'NONE', #1702 ) ;
#10177 = DIRECTION ( 'NONE',  ( 0.000000000000000000, 0.000000000000000000, -1.000000000000000000 ) ) ;
#10178 = EDGE_LOOP ( 'NONE', ( #9284, #5603, #2181, #1615 ) ) ;
#10179 = TOROIDAL_SURFACE ( 'NONE', #5315, 14.82773641629552053, 1.000000000000000000 ) ;
#10180 = DIRECTION ( 'NONE',  ( 0.000000000000000000, 0.000000000000000000, -1.000000000000000000 ) ) ;
#10181 = FACE_OUTER_BOUND ( 'NONE', #7851, .T. ) ;
#10182 = CARTESIAN_POINT ( 'NONE',  ( 21.74353352148660079, 13.44999999999999929, 21.74353352148607144 ) ) ;
#10183 = DIRECTION ( 'NONE',  ( -0.000000000000000000, 1.000000000000000000, -0.000000000000000000 ) ) ;
#10184 = STYLED_ITEM ( 'NONE', ( #4552 ), #6643 ) ;
#10185 = AXIS2_PLACEMENT_3D ( 'NONE', #973, #1462, #3592 ) ;
#10186 =( NAMED_UNIT ( * ) PLANE_ANGLE_UNIT ( ) SI_UNIT ( $, .RADIAN. ) );
#10187 = ORIENTED_EDGE ( 'NONE', *, *, #6318, .T. ) ;
#10188 = CARTESIAN_POINT ( 'NONE',  ( -1.750000000000002665, -18.21991441758264685, -22.23122803625566846 ) ) ;
#10189 = CARTESIAN_POINT ( 'NONE',  ( -21.93028727582014881, 10.49999999999999822, 1.750000000000273115 ) ) ;
#10190 = CARTESIAN_POINT ( 'NONE',  ( 0.000000000000000000, 13.44999999999999929, 0.000000000000000000 ) ) ;
#10191 = FILL_AREA_STYLE_COLOUR ( '', #4445 ) ;
#10192 = ORIENTED_EDGE ( 'NONE', *, *, #10570, .F. ) ;
#10193 = DIRECTION ( 'NONE',  ( 0.000000000000000000, 0.000000000000000000, 1.000000000000000000 ) ) ;
#10194 = CIRCLE ( 'NONE', #5325, 13.14541852518598830 ) ;
#10195 = CIRCLE ( 'NONE', #8040, 0.2500000000000002220 ) ;
#10196 = ADVANCED_FACE ( 'NONE', ( #9496 ), #3952, .T. ) ;
#10197 = VECTOR ( 'NONE', #10564, 1000.000000000000000 ) ;
#10198 = MECHANICAL_DESIGN_GEOMETRIC_PRESENTATION_REPRESENTATION (  '', ( #8583 ), #18 ) ;
#10199 = CARTESIAN_POINT ( 'NONE',  ( 0.000000000000000000, -13.25000000000000178, 30.50000000000000000 ) ) ;
#10200 = VECTOR ( 'NONE', #4298, 1000.000000000000000 ) ;
#10201 = CARTESIAN_POINT ( 'NONE',  ( 0.000000000000000000, 0.000000000000000000, 0.000000000000000000 ) ) ;
#10202 = EDGE_LOOP ( 'NONE', ( #7524, #1100, #6998, #5759 ) ) ;
#10203 = VERTEX_POINT ( 'NONE', #6091 ) ;
#10204 = SURFACE_STYLE_FILL_AREA ( #2369 ) ;
#10205 = AXIS2_PLACEMENT_3D ( 'NONE', #3674, #1112, #7108 ) ;
#10206 = VECTOR ( 'NONE', #10252, 1000.000000000000000 ) ;
#10207 = ORIENTED_EDGE ( 'NONE', *, *, #6005, .F. ) ;
#10208 = EDGE_CURVE ( 'NONE', #3899, #4288, #6948, .T. ) ;
#10209 = EDGE_CURVE ( 'NONE', #5751, #7531, #5777, .T. ) ;
#10210 = ORIENTED_EDGE ( 'NONE', *, *, #2871, .T. ) ;
#10211 = CARTESIAN_POINT ( 'NONE',  ( 0.000000000000000000, 13.44999999999999929, 0.000000000000000000 ) ) ;
#10212 = FILL_AREA_STYLE_COLOUR ( '', #869 ) ;
#10213 = STYLED_ITEM ( 'NONE', ( #10724 ), #3158 ) ;
#10214 = CARTESIAN_POINT ( 'NONE',  ( 20.68287334970656843, -13.25000000000000178, -20.68287334970646185 ) ) ;
#10215 = STYLED_ITEM ( 'NONE', ( #7874 ), #2379 ) ;
#10216 = CARTESIAN_POINT ( 'NONE',  ( 13.86093484102093853, 6.499999999999999112, 1.749999999999589440 ) ) ;
#10217 = SURFACE_SIDE_STYLE ('',( #3266 ) ) ;
#10218 = CARTESIAN_POINT ( 'NONE',  ( 8.075101441731332486, 2.163045022804063411, -6.682887933280782455 ) ) ;
#10219 = UNCERTAINTY_MEASURE_WITH_UNIT (LENGTH_MEASURE( 1.000000000000000082E-05 ), #8491, 'distance_accuracy_value', 'NONE');
#10220 = AXIS2_PLACEMENT_3D ( 'NONE', #2343, #4876, #10861 ) ;
#10221 = ORIENTED_EDGE ( 'NONE', *, *, #6287, .F. ) ;
#10222 = CARTESIAN_POINT ( 'NONE',  ( 0.000000000000000000, 13.54999999999999893, 0.000000000000000000 ) ) ;
#10223 =( NAMED_UNIT ( * ) SI_UNIT ( $, .STERADIAN. ) SOLID_ANGLE_UNIT ( ) );
#10224 = ADVANCED_FACE ( 'NONE', ( #1005 ), #10665, .F. ) ;
#10225 = AXIS2_PLACEMENT_3D ( 'NONE', #5300, #1801, #5459 ) ;
#10226 = ORIENTED_EDGE ( 'NONE', *, *, #10755, .T. ) ;
#10227 = DIRECTION ( 'NONE',  ( 0.000000000000000000, -1.000000000000000000, 0.000000000000000000 ) ) ;
#10228 = CARTESIAN_POINT ( 'NONE',  ( 0.000000000000000000, 0.2178369010166492092, 0.000000000000000000 ) ) ;
#10229 = AXIS2_PLACEMENT_3D ( 'NONE', #7574, #3376, #10266 ) ;
#10230 = UNCERTAINTY_MEASURE_WITH_UNIT (LENGTH_MEASURE( 1.000000000000000082E-05 ), #2243, 'distance_accuracy_value', 'NONE');
#10231 = MECHANICAL_DESIGN_GEOMETRIC_PRESENTATION_REPRESENTATION (  '', ( #9339 ), #10598 ) ;
#10232 = FILL_AREA_STYLE ('',( #1551 ) ) ;
#10233 = DIRECTION ( 'NONE',  ( -0.000000000000000000, 1.000000000000000000, -0.000000000000000000 ) ) ;
#10234 = ORIENTED_EDGE ( 'NONE', *, *, #837, .F. ) ;
#10235 = CARTESIAN_POINT ( 'NONE',  ( 22.30000000000000071, 6.499999999999999112, -1.749999999999740652 ) ) ;
#10236 = AXIS2_PLACEMENT_3D ( 'NONE', #5109, #6165, #7880 ) ;
#10237 = ADVANCED_FACE ( 'NONE', ( #5407 ), #2083, .F. ) ;
#10238 = FACE_OUTER_BOUND ( 'NONE', #446, .T. ) ;
#10239 = CARTESIAN_POINT ( 'NONE',  ( -20.85965004500318543, 13.44999999999999929, 20.85965004500311792 ) ) ;
#10240 = CARTESIAN_POINT ( 'NONE',  ( 2.853427042013333212E-15, 11.79999999999999716, -23.30000000000000071 ) ) ;
#10241 = DIRECTION ( 'NONE',  ( 0.000000000000000000, 0.000000000000000000, -1.000000000000000000 ) ) ;
#10242 = CARTESIAN_POINT ( 'NONE',  ( 4.998661715319889787, 6.064326197966698473, 12.15793606078343103 ) ) ;
#10243 = ORIENTED_EDGE ( 'NONE', *, *, #5924, .T. ) ;
#10244 = CARTESIAN_POINT ( 'NONE',  ( -13.99279811729186740, 10.19249530351371291, 1.750000000000270672 ) ) ;
#10245 = FILL_AREA_STYLE_COLOUR ( '', #9854 ) ;
#10246 = CIRCLE ( 'NONE', #440, 9.148907742668312082 ) ;
#10247 = CARTESIAN_POINT ( 'NONE',  ( 0.000000000000000000, 13.44999999999999929, -33.50000000000000000 ) ) ;
#10248 = CARTESIAN_POINT ( 'NONE',  ( 13.15746206435833976, 10.34702362053678115, 5.575738322545880088 ) ) ;
#10249 = ORIENTED_EDGE ( 'NONE', *, *, #10131, .T. ) ;
#10250 = CARTESIAN_POINT ( 'NONE',  ( 0.000000000000000000, 13.44999999999999929, -30.50000000000000000 ) ) ;
#10251 = CIRCLE ( 'NONE', #2621, 22.00000000000000000 ) ;
#10252 = DIRECTION ( 'NONE',  ( 8.659560562354913137E-17, -0.7071067811865491270, 0.7071067811865459074 ) ) ;
#10253 = LINE ( 'NONE', #5793, #2424 ) ;
#10254 = ORIENTED_EDGE ( 'NONE', *, *, #8148, .T. ) ;
#10255 = EDGE_CURVE ( 'NONE', #4214, #6071, #4893, .T. ) ;
#10256 = AXIS2_PLACEMENT_3D ( 'NONE', #4191, #5183, #7672 ) ;
#10257 = CIRCLE ( 'NONE', #5565, 0.2500000000000002220 ) ;
#10258 = ORIENTED_EDGE ( 'NONE', *, *, #4323, .T. ) ;
#10259 = PRESENTATION_STYLE_ASSIGNMENT (( #6768 ) ) ;
#10260 = CYLINDRICAL_SURFACE ( 'NONE', #2128, 0.2500000000000002220 ) ;
#10261 = ORIENTED_EDGE ( 'NONE', *, *, #1106, .F. ) ;
#10262 = VERTEX_POINT ( 'NONE', #8975 ) ;
#10263 = LINE ( 'NONE', #10381, #6348 ) ;
#10264 = CARTESIAN_POINT ( 'NONE',  ( -22.80419369326623524, -13.25000000000000178, -22.55419369326607537 ) ) ;
#10265 =( GEOMETRIC_REPRESENTATION_CONTEXT ( 3 ) GLOBAL_UNCERTAINTY_ASSIGNED_CONTEXT ( ( #10230 ) ) GLOBAL_UNIT_ASSIGNED_CONTEXT ( ( #2243, #1348, #301 ) ) REPRESENTATION_CONTEXT ( 'NONE', 'WORKASPACE' ) );
#10266 = DIRECTION ( 'NONE',  ( 1.065814103640150279E-14, 0.000000000000000000, -1.000000000000000000 ) ) ;
#10267 = DIRECTION ( 'NONE',  ( 0.000000000000000000, 1.000000000000000000, 0.000000000000000000 ) ) ;
#10268 = DIRECTION ( 'NONE',  ( 0.000000000000000000, 0.000000000000000000, -1.000000000000000000 ) ) ;
#10269 = CARTESIAN_POINT ( 'NONE',  ( -8.724713451375723849, 1.967177516857588560E-19, 1.750000000000268452 ) ) ;
#10270 = CARTESIAN_POINT ( 'NONE',  ( 0.000000000000000000, 6.064326197966700249, 0.000000000000000000 ) ) ;
#10271 = ORIENTED_EDGE ( 'NONE', *, *, #6527, .F. ) ;
#10272 = DIRECTION ( 'NONE',  ( 0.000000000000000000, 0.000000000000000000, 1.000000000000000000 ) ) ;
#10273 = ADVANCED_FACE ( 'NONE', ( #1303 ), #10718, .T. ) ;
#10274 = FILL_AREA_STYLE ('',( #5248 ) ) ;
#10275 = B_SPLINE_CURVE_WITH_KNOTS ( 'NONE', 3,
 ( #4927, #11081, #4053, #5147 ),
 .UNSPECIFIED., .F., .F.,
 ( 4, 4 ),
 ( 0.000000000000000000, 0.0004899835000143463754 ),
 .UNSPECIFIED. ) ;
#10276 = LINE ( 'NONE', #4444, #10860 ) ;
#10277 = COLOUR_RGB ( '',0.1529411764705882470, 0.4901960784313725283, 1.000000000000000000 ) ;
#10278 = SURFACE_SIDE_STYLE ('',( #6844 ) ) ;
#10279 = DIRECTION ( 'NONE',  ( 0.000000000000000000, 0.000000000000000000, 1.000000000000000000 ) ) ;
#10280 = FILL_AREA_STYLE ('',( #4213 ) ) ;
#10281 = ORIENTED_EDGE ( 'NONE', *, *, #3696, .F. ) ;
#10282 = CARTESIAN_POINT ( 'NONE',  ( 22.98097038856286645, 13.44999999999999929, 22.98097038856271723 ) ) ;
#10283 = DIRECTION ( 'NONE',  ( -0.000000000000000000, 1.000000000000000000, -0.000000000000000000 ) ) ;
#10284 = VECTOR ( 'NONE', #9327, 1000.000000000000000 ) ;
#10285 = EDGE_CURVE ( 'NONE', #5231, #10513, #9591, .T. ) ;
#10286 = EDGE_CURVE ( 'NONE', #8961, #10971, #939, .T. ) ;
#10287 = CARTESIAN_POINT ( 'NONE',  ( 0.000000000000000000, -12.50000000000000000, 0.000000000000000000 ) ) ;
#10288 = ORIENTED_EDGE ( 'NONE', *, *, #2314, .T. ) ;
#10289 =( NAMED_UNIT ( * ) PLANE_ANGLE_UNIT ( ) SI_UNIT ( $, .RADIAN. ) );
#10290 = CARTESIAN_POINT ( 'NONE',  ( 0.000000000000000000, -13.15000000000000213, 0.000000000000000000 ) ) ;
#10291 = EDGE_LOOP ( 'NONE', ( #3208, #9214, #892, #2223 ) ) ;
#10292 = PRESENTATION_LAYER_ASSIGNMENT (  '', '', ( #6874 ) ) ;
#10293 = FILL_AREA_STYLE_COLOUR ( '', #7326 ) ;
#10294 = CARTESIAN_POINT ( 'NONE',  ( 0.000000000000000000, 13.44999999999999929, 0.000000000000000000 ) ) ;
#10295 = SURFACE_SIDE_STYLE ('',( #9952 ) ) ;
#10296 = CARTESIAN_POINT ( 'NONE',  ( 0.000000000000000000, 10.06432619796669670, 0.000000000000000000 ) ) ;
#10297 = SURFACE_STYLE_USAGE ( .BOTH. , #4462 ) ;
#10298 = VERTEX_POINT ( 'NONE', #8078 ) ;
#10299 = CARTESIAN_POINT ( 'NONE',  ( -14.72410497215825309, 10.49999999999999822, 1.750000000000270450 ) ) ;
#10300 = AXIS2_PLACEMENT_3D ( 'NONE', #6225, #1895, #10809 ) ;
#10301 = EDGE_CURVE ( 'NONE', #379, #3689, #2260, .T. ) ;
#10302 = EDGE_CURVE ( 'NONE', #6808, #4033, #496, .T. ) ;
#10303 = CARTESIAN_POINT ( 'NONE',  ( 0.000000000000000000, 0.000000000000000000, 0.000000000000000000 ) ) ;
#10304 = FACE_OUTER_BOUND ( 'NONE', #3439, .T. ) ;
#10305 = EDGE_LOOP ( 'NONE', ( #10092, #2078, #4901, #10487 ) ) ;
#10306 = CARTESIAN_POINT ( 'NONE',  ( -20.85965004500318543, 13.54999999999999893, 20.85965004500311792 ) ) ;
#10307 = FACE_OUTER_BOUND ( 'NONE', #6623, .T. ) ;
#10308 = CARTESIAN_POINT ( 'NONE',  ( -13.28208548333576466, 10.42229184219406690, 5.647689687039841644 ) ) ;
#10309 = CIRCLE ( 'NONE', #5080, 32.00000000000000000 ) ;
#10310 = CIRCLE ( 'NONE', #1603, 8.147829831584077809 ) ;
#10311 = PRESENTATION_STYLE_ASSIGNMENT (( #6875 ) ) ;
#10312 = CARTESIAN_POINT ( 'NONE',  ( -1.749999999999994005, 10.53248139031239816, 22.08747980577011916 ) ) ;
#10313 = VERTEX_POINT ( 'NONE', #3143 ) ;
#10314 = CIRCLE ( 'NONE', #8519, 1.000000000000000888 ) ;
#10315 = PRESENTATION_LAYER_ASSIGNMENT (  '', '', ( #4509 ) ) ;
#10316 = VERTEX_POINT ( 'NONE', #10834 ) ;
#10317 = DIRECTION ( 'NONE',  ( -0.000000000000000000, 1.000000000000000000, -0.000000000000000000 ) ) ;
#10318 = CARTESIAN_POINT ( 'NONE',  ( -18.37780823672224173, -18.21991441758264685, 12.63115847475061315 ) ) ;
#10319 = ORIENTED_EDGE ( 'NONE', *, *, #8980, .F. ) ;
#10320 = MECHANICAL_DESIGN_GEOMETRIC_PRESENTATION_REPRESENTATION (  '', ( #9426 ), #10673 ) ;
#10321 = ORIENTED_EDGE ( 'NONE', *, *, #11238, .F. ) ;
#10322 = ORIENTED_EDGE ( 'NONE', *, *, #6501, .F. ) ;
#10323 = DIRECTION ( 'NONE',  ( 0.000000000000000000, -1.000000000000000000, 0.000000000000000000 ) ) ;
#10324 = CIRCLE ( 'NONE', #5098, 8.147829831584077809 ) ;
#10325 = EDGE_CURVE ( 'NONE', #5908, #2476, #9757, .T. ) ;
#10326 = CARTESIAN_POINT ( 'NONE',  ( 18.25331861737270245, 10.53248139031239816, 12.55928435950782074 ) ) ;
#10327 = CARTESIAN_POINT ( 'NONE',  ( 8.836549196666217298, 10.49999999999999822, -11.80535217220780986 ) ) ;
#10328 = CARTESIAN_POINT ( 'NONE',  ( -8.175017601465018657, 6.347063136999496535, 10.65954583850728810 ) ) ;
#10329 = ORIENTED_EDGE ( 'NONE', *, *, #8458, .F. ) ;
#10330 = CARTESIAN_POINT ( 'NONE',  ( 0.000000000000000000, -13.15000000000000213, 0.000000000000000000 ) ) ;
#10331 = MECHANICAL_DESIGN_GEOMETRIC_PRESENTATION_REPRESENTATION (  '', ( #5283 ), #1804 ) ;
#10332 = CARTESIAN_POINT ( 'NONE',  ( -21.74353352148638407, 13.54999999999999893, 21.74353352148629170 ) ) ;
#10333 =( NAMED_UNIT ( * ) SI_UNIT ( $, .STERADIAN. ) SOLID_ANGLE_UNIT ( ) );
#10334 = CARTESIAN_POINT ( 'NONE',  ( -6.016550857632740446, 1.500000000000001332, 5.494383199411028151 ) ) ;
#10335 = AXIS2_PLACEMENT_3D ( 'NONE', #10410, #5381, #6967 ) ;
#10336 = VERTEX_POINT ( 'NONE', #8354 ) ;
#10337 = CARTESIAN_POINT ( 'NONE',  ( 5.795074182089445358, 0.000000000000000000, -6.537362917009557961 ) ) ;
#10338 = ADVANCED_FACE ( 'NONE', ( #3031 ), #3585, .T. ) ;
#10339 = DIRECTION ( 'NONE',  ( 1.000000000000000000, 0.000000000000000000, 0.000000000000000000 ) ) ;
#10340 = CYLINDRICAL_SURFACE ( 'NONE', #11260, 0.2500000000000002220 ) ;
#10341 = DIRECTION ( 'NONE',  ( -0.000000000000000000, 1.000000000000000000, -0.000000000000000000 ) ) ;
#10342 = CARTESIAN_POINT ( 'NONE',  ( 12.48068809453285866, 10.49999999999999822, 18.11718589315088934 ) ) ;
#10343 = UNCERTAINTY_MEASURE_WITH_UNIT (LENGTH_MEASURE( 1.000000000000000082E-05 ), #8109, 'distance_accuracy_value', 'NONE');
#10344 = ORIENTED_EDGE ( 'NONE', *, *, #6210, .F. ) ;
#10345 = VECTOR ( 'NONE', #7585, 1000.000000000000000 ) ;
#10346 = DIRECTION ( 'NONE',  ( 0.000000000000000000, 0.000000000000000000, -1.000000000000000000 ) ) ;
#10347 = PRESENTATION_STYLE_ASSIGNMENT (( #1019 ) ) ;
#10348 = ORIENTED_EDGE ( 'NONE', *, *, #7041, .T. ) ;
#10349 = VECTOR ( 'NONE', #7112, 1000.000000000000000 ) ;
#10350 =( NAMED_UNIT ( * ) SI_UNIT ( $, .STERADIAN. ) SOLID_ANGLE_UNIT ( ) );
#10351 = CARTESIAN_POINT ( 'NONE',  ( 0.000000000000000000, 13.54999999999999893, 0.000000000000000000 ) ) ;
#10352 = EDGE_CURVE ( 'NONE', #5100, #6461, #9369, .T. ) ;
#10353 = EDGE_CURVE ( 'NONE', #8667, #9595, #5073, .T. ) ;
#10354 = CARTESIAN_POINT ( 'NONE',  ( 0.000000000000000000, 0.000000000000000000, 0.000000000000000000 ) ) ;
#10355 = COLOUR_RGB ( '',0.1529411764705882470, 0.4901960784313725283, 1.000000000000000000 ) ;
#10356 = FILL_AREA_STYLE_COLOUR ( '', #7192 ) ;
#10357 = ORIENTED_EDGE ( 'NONE', *, *, #1426, .T. ) ;
#10358 = CARTESIAN_POINT ( 'NONE',  ( -14.11433500393775198, 10.30006695603317191, 1.750000000000270006 ) ) ;
#10359 = AXIS2_PLACEMENT_3D ( 'NONE', #6464, #2139, #5797 ) ;
#10360 = CARTESIAN_POINT ( 'NONE',  ( 7.741329577035859444, 4.345517802399426976, -6.490184657350928532 ) ) ;
#10361 = SURFACE_STYLE_USAGE ( .BOTH. , #9576 ) ;
#10362 = ORIENTED_EDGE ( 'NONE', *, *, #9982, .T. ) ;
#10363 = SURFACE_STYLE_FILL_AREA ( #9735 ) ;
#10364 = DIRECTION ( 'NONE',  ( -0.000000000000000000, 1.000000000000000000, -0.000000000000000000 ) ) ;
#10365 = ADVANCED_FACE ( 'NONE', ( #9200 ), #3205, .F. ) ;
#10366 = CARTESIAN_POINT ( 'NONE',  ( -20.85965004500318543, -13.15000000000000213, 20.85965004500311792 ) ) ;
#10367 = CARTESIAN_POINT ( 'NONE',  ( 1.750000000000001998, 1.500000000000001332, 7.957677485576517995 ) ) ;
#10368 = DIRECTION ( 'NONE',  ( -0.000000000000000000, 1.000000000000000000, -0.000000000000000000 ) ) ;
#10369 = CIRCLE ( 'NONE', #3840, 22.30000000000000071 ) ;
#10370 = VERTEX_POINT ( 'NONE', #1575 ) ;
#10371 = DIRECTION ( 'NONE',  ( -0.000000000000000000, -1.000000000000000000, -0.000000000000000000 ) ) ;
#10372 = MECHANICAL_DESIGN_GEOMETRIC_PRESENTATION_REPRESENTATION (  '', ( #1318 ), #9659 ) ;
#10373 = ORIENTED_EDGE ( 'NONE', *, *, #11256, .F. ) ;
#10374 = CARTESIAN_POINT ( 'NONE',  ( -5.215951932193897633, 6.422318986420135545, 12.53429375639689880 ) ) ;
#10375 = FACE_OUTER_BOUND ( 'NONE', #4190, .T. ) ;
#10376 = SURFACE_STYLE_USAGE ( .BOTH. , #1686 ) ;
#10377 = ORIENTED_EDGE ( 'NONE', *, *, #10163, .T. ) ;
#10378 = EDGE_CURVE ( 'NONE', #5654, #3187, #9146, .T. ) ;
#10379 = ORIENTED_EDGE ( 'NONE', *, *, #837, .T. ) ;
#10380 = AXIS2_PLACEMENT_3D ( 'NONE', #7631, #9155, #11016 ) ;
#10381 = CARTESIAN_POINT ( 'NONE',  ( 20.12780823672225239, -18.21991441758264685, 9.600069561505060634 ) ) ;
#10382 = CARTESIAN_POINT ( 'NONE',  ( -22.62741699796960404, -13.25000000000000178, -22.62741699796943351 ) ) ;
#10383 = AXIS2_PLACEMENT_3D ( 'NONE', #10467, #8996, #2716 ) ;
#10384 = DIRECTION ( 'NONE',  ( 0.000000000000000000, -1.000000000000000000, 0.000000000000000000 ) ) ;
#10385 = DIRECTION ( 'NONE',  ( 0.000000000000000000, -1.000000000000000000, 0.000000000000000000 ) ) ;
#10386 = CARTESIAN_POINT ( 'NONE',  ( -20.68287334970656133, 13.54999999999999893, 20.43287334970646896 ) ) ;
#10387 = DIRECTION ( 'NONE',  ( 0.000000000000000000, 1.000000000000000000, 0.000000000000000000 ) ) ;
#10388 = CARTESIAN_POINT ( 'NONE',  ( 22.62741699796960404, 13.54999999999999893, 22.62741699796943706 ) ) ;
#10389 = AXIS2_PLACEMENT_3D ( 'NONE', #4452, #2552, #6153 ) ;
#10390 = VERTEX_POINT ( 'NONE', #4031 ) ;
#10391 = PRESENTATION_LAYER_ASSIGNMENT (  '', '', ( #4423 ) ) ;
#10392 = AXIS2_PLACEMENT_3D ( 'NONE', #962, #5932, #5152 ) ;
#10393 = CARTESIAN_POINT ( 'NONE',  ( -18.37780823672210317, 0.000000000000000000, -12.63115847475081388 ) ) ;
#10394 = CARTESIAN_POINT ( 'NONE',  ( 0.000000000000000000, -13.25000000000000178, 0.000000000000000000 ) ) ;
#10395 = STYLED_ITEM ( 'NONE', ( #8898 ), #2227 ) ;
#10396 = FACE_BOUND ( 'NONE', #4205, .T. ) ;
#10397 = CARTESIAN_POINT ( 'NONE',  ( 0.000000000000000000, -17.49999999999999645, 0.000000000000000000 ) ) ;
#10398 = ORIENTED_EDGE ( 'NONE', *, *, #10813, .T. ) ;
#10399 = CARTESIAN_POINT ( 'NONE',  ( 8.285822725228165098, 6.451575245584152185, 10.85146594260398167 ) ) ;
#10400 = DIRECTION ( 'NONE',  ( 0.000000000000000000, 0.000000000000000000, -1.000000000000000000 ) ) ;
#10401 = AXIS2_PLACEMENT_3D ( 'NONE', #9170, #9224, #3937 ) ;
#10402 = CARTESIAN_POINT ( 'NONE',  ( 2.730962362098597669E-15, -12.50000000000000000, -22.30000000000000071 ) ) ;
#10403 = SURFACE_STYLE_USAGE ( .BOTH. , #3522 ) ;
#10404 = SURFACE_SIDE_STYLE ('',( #3456 ) ) ;
#10405 = ORIENTED_EDGE ( 'NONE', *, *, #6387, .F. ) ;
#10406 = ADVANCED_FACE ( 'NONE', ( #8298 ), #483, .F. ) ;
#10407 = ORIENTED_EDGE ( 'NONE', *, *, #2948, .T. ) ;
#10408 = VECTOR ( 'NONE', #7292, 1000.000000000000000 ) ;
#10409 = CARTESIAN_POINT ( 'NONE',  ( 10.40793606078343458, 6.064326197966698473, 8.029750628565414772 ) ) ;
#10410 = CARTESIAN_POINT ( 'NONE',  ( 0.000000000000000000, 5.499999999999999112, 0.000000000000000000 ) ) ;
#10411 = VECTOR ( 'NONE', #7782, 1000.000000000000114 ) ;
#10412 = SURFACE_STYLE_USAGE ( .BOTH. , #739 ) ;
#10413 = VERTEX_POINT ( 'NONE', #1739 ) ;
#10414 = VECTOR ( 'NONE', #2682, 1000.000000000000000 ) ;
#10415 = DIRECTION ( 'NONE',  ( -0.000000000000000000, 1.000000000000000000, -0.000000000000000000 ) ) ;
#10416 = DIRECTION ( 'NONE',  ( -0.000000000000000000, -1.000000000000000000, -0.000000000000000000 ) ) ;
#10417 = ORIENTED_EDGE ( 'NONE', *, *, #10588, .F. ) ;
#10418 = ADVANCED_FACE ( 'NONE', ( #817 ), #10260, .T. ) ;
#10419 =( NAMED_UNIT ( * ) SI_UNIT ( $, .STERADIAN. ) SOLID_ANGLE_UNIT ( ) );
#10420 = ADVANCED_FACE ( 'NONE', ( #7901 ), #4193, .F. ) ;
#10421 = AXIS2_PLACEMENT_3D ( 'NONE', #1066, #153, #32 ) ;
#10422 = AXIS2_PLACEMENT_3D ( 'NONE', #8063, #2239, #9015 ) ;
#10423 = CARTESIAN_POINT ( 'NONE',  ( 0.000000000000000000, 0.5000000000000000000, 0.000000000000000000 ) ) ;
#10424 = DIRECTION ( 'NONE',  ( -0.000000000000000000, 1.000000000000000000, -0.000000000000000000 ) ) ;
#10425 = SURFACE_STYLE_FILL_AREA ( #8849 ) ;
#10426 = VECTOR ( 'NONE', #548, 1000.000000000000000 ) ;
#10427 = CARTESIAN_POINT ( 'NONE',  ( 0.000000000000000000, 13.54999999999999893, -30.50000000000000000 ) ) ;
#10428 = DIRECTION ( 'NONE',  ( 0.000000000000000000, 0.000000000000000000, 1.000000000000000000 ) ) ;
#10429 = CARTESIAN_POINT ( 'NONE',  ( 8.461742538715613549, 10.06432619796679795, -11.15616799762227451 ) ) ;
#10430 = VERTEX_POINT ( 'NONE', #3316 ) ;
#10431 = EDGE_CURVE ( 'NONE', #485, #881, #1762, .T. ) ;
#10432 = EDGE_CURVE ( 'NONE', #8494, #469, #1221, .T. ) ;
#10433 = VERTEX_POINT ( 'NONE', #6074 ) ;
#10434 = DIRECTION ( 'NONE',  ( -0.000000000000000000, -1.000000000000000000, -0.000000000000000000 ) ) ;
#10435 = SURFACE_SIDE_STYLE ('',( #4368 ) ) ;
#10436 = DIRECTION ( 'NONE',  ( 0.4999999999999890643, 0.000000000000000000, 0.8660254037844449249 ) ) ;
#10437 = CIRCLE ( 'NONE', #2627, 28.99999999999999645 ) ;
#10438 = EDGE_LOOP ( 'NONE', ( #3572, #9198, #6198, #2531, #2426, #9830, #9985, #7472, #6395, #6181, #9403 ) ) ;
#10439 = B_SPLINE_CURVE_WITH_KNOTS ( 'NONE', 3,
 ( #7917, #7186, #3685, #3573 ),
 .UNSPECIFIED., .F., .F.,
 ( 4, 4 ),
 ( 2.441178545142946248E-07, 0.01041986825085307149 ),
 .UNSPECIFIED. ) ;
#10440 = ORIENTED_EDGE ( 'NONE', *, *, #11202, .T. ) ;
#10441 = DIRECTION ( 'NONE',  ( -0.000000000000000000, 1.000000000000000000, -0.000000000000000000 ) ) ;
#10442 = DIRECTION ( 'NONE',  ( -0.4999999999999890643, -0.000000000000000000, -0.8660254037844448138 ) ) ;
#10443 = FACE_OUTER_BOUND ( 'NONE', #4630, .T. ) ;
#10444 = CARTESIAN_POINT ( 'NONE',  ( 8.461742538715613549, 10.06432619796679795, -11.15616799762227451 ) ) ;
#10445 = STYLED_ITEM ( 'NONE', ( #5019 ), #4809 ) ;
#10446 = LINE ( 'NONE', #2488, #1659 ) ;
#10447 =( GEOMETRIC_REPRESENTATION_CONTEXT ( 3 ) GLOBAL_UNCERTAINTY_ASSIGNED_CONTEXT ( ( #6720 ) ) GLOBAL_UNIT_ASSIGNED_CONTEXT ( ( #870, #1842, #9587 ) ) REPRESENTATION_CONTEXT ( 'NONE', 'WORKASPACE' ) );
#10448 = DIRECTION ( 'NONE',  ( 0.000000000000000000, 0.000000000000000000, 1.000000000000000000 ) ) ;
#10449 = ORIENTED_EDGE ( 'NONE', *, *, #3821, .T. ) ;
#10450 = ADVANCED_FACE ( 'NONE', ( #761 ), #4258, .T. ) ;
#10451 = CARTESIAN_POINT ( 'NONE',  ( 5.647689687039843420, 10.42229184219407045, 13.28208548333576822 ) ) ;
#10452 = PRESENTATION_LAYER_ASSIGNMENT (  '', '', ( #10803 ) ) ;
#10453 = B_SPLINE_CURVE_WITH_KNOTS ( 'NONE', 3,
 ( #1453, #1509, #10078, #11047 ),
 .UNSPECIFIED., .F., .F.,
 ( 4, 4 ),
 ( 2.136318519572287874E-18, 0.0004899835000143432312 ),
 .UNSPECIFIED. ) ;
#10454 = CARTESIAN_POINT ( 'NONE',  ( 0.000000000000000000, 10.06432619796670025, 0.000000000000000000 ) ) ;
#10455 = EDGE_LOOP ( 'NONE', ( #1242, #4197, #1934, #1665 ) ) ;
#10456 = CARTESIAN_POINT ( 'NONE',  ( 12.80777436687269244, 6.500000000000000000, 5.373846036270240489 ) ) ;
#10457 =( NAMED_UNIT ( * ) PLANE_ANGLE_UNIT ( ) SI_UNIT ( $, .RADIAN. ) );
#10458 = CARTESIAN_POINT ( 'NONE',  ( 1.750000000000001998, 0.000000000000000000, 8.559059450933345303 ) ) ;
#10459 = PLANE ( 'NONE',  #10015 ) ;
#10460 = UNCERTAINTY_MEASURE_WITH_UNIT (LENGTH_MEASURE( 1.000000000000000082E-05 ), #6834, 'distance_accuracy_value', 'NONE');
#10461 = MECHANICAL_DESIGN_GEOMETRIC_PRESENTATION_REPRESENTATION (  '', ( #6852 ), #10265 ) ;
#10462 = CIRCLE ( 'NONE', #10636, 8.736131791852239203 ) ;
#10463 = B_SPLINE_CURVE_WITH_KNOTS ( 'NONE', 3,
 ( #7709, #3409, #11157, #2513 ),
 .UNSPECIFIED., .F., .F.,
 ( 4, 4 ),
 ( 0.000000000000000000, 0.0004899835000143417134 ),
 .UNSPECIFIED. ) ;
#10464 = FACE_BOUND ( 'NONE', #2640, .T. ) ;
#10465 = ORIENTED_EDGE ( 'NONE', *, *, #4536, .T. ) ;
#10466 = ORIENTED_EDGE ( 'NONE', *, *, #6724, .F. ) ;
#10467 = CARTESIAN_POINT ( 'NONE',  ( 0.000000000000000000, 10.49999999999999822, 0.000000000000000000 ) ) ;
#10468 = FACE_OUTER_BOUND ( 'NONE', #1802, .T. ) ;
#10469 = DIRECTION ( 'NONE',  ( -0.000000000000000000, 1.000000000000000000, -0.000000000000000000 ) ) ;
#10470 = EDGE_CURVE ( 'NONE', #11232, #8241, #1780, .T. ) ;
#10471 = ORIENTED_EDGE ( 'NONE', *, *, #9533, .F. ) ;
#10472 = CARTESIAN_POINT ( 'NONE',  ( 9.583661409920360086, 10.64289375798498227, -20.09938848451919924 ) ) ;
#10473 = FACE_BOUND ( 'NONE', #5639, .T. ) ;
#10474 = FACE_OUTER_BOUND ( 'NONE', #8066, .T. ) ;
#10475 = ORIENTED_EDGE ( 'NONE', *, *, #3647, .F. ) ;
#10476 = LINE ( 'NONE', #806, #10200 ) ;
#10477 = DIRECTION ( 'NONE',  ( 0.000000000000000000, 0.000000000000000000, 1.000000000000000000 ) ) ;
#10478 = CARTESIAN_POINT ( 'NONE',  ( 21.74353352148660079, 13.54999999999999893, 21.74353352148607144 ) ) ;
#10479 = SURFACE_STYLE_USAGE ( .BOTH. , #62 ) ;
#10480 = EDGE_CURVE ( 'NONE', #5146, #7341, #10309, .T. ) ;
#10481 = DIRECTION ( 'NONE',  ( -0.000000000000000000, -1.000000000000000000, -0.000000000000000000 ) ) ;
#10482 = DIRECTION ( 'NONE',  ( -0.000000000000000000, 1.000000000000000000, -0.000000000000000000 ) ) ;
#10483 = ORIENTED_EDGE ( 'NONE', *, *, #10928, .F. ) ;
#10484 =( NAMED_UNIT ( * ) PLANE_ANGLE_UNIT ( ) SI_UNIT ( $, .RADIAN. ) );
#10485 = ORIENTED_EDGE ( 'NONE', *, *, #179, .F. ) ;
#10486 = ORIENTED_EDGE ( 'NONE', *, *, #2176, .T. ) ;
#10487 = ORIENTED_EDGE ( 'NONE', *, *, #9414, .F. ) ;
#10488 = COLOUR_RGB ( '',0.1529411764705882470, 0.4901960784313725283, 1.000000000000000000 ) ;
#10489 = ADVANCED_FACE ( 'NONE', ( #942 ), #354, .T. ) ;
#10490 = ADVANCED_FACE ( 'NONE', ( #8166 ), #4710, .F. ) ;
#10491 = CARTESIAN_POINT ( 'NONE',  ( -2.974444766188691691, 0.2178369010166501252, -8.651889459346373101 ) ) ;
#10492 = VECTOR ( 'NONE', #9176, 1000.000000000000000 ) ;
#10493 = FILL_AREA_STYLE_COLOUR ( '', #6592 ) ;
#10494 = FILL_AREA_STYLE ('',( #9653 ) ) ;
#10495 = ORIENTED_EDGE ( 'NONE', *, *, #6287, .T. ) ;
#10496 = CIRCLE ( 'NONE', #8699, 0.2500000000000002220 ) ;
#10497 = DIRECTION ( 'NONE',  ( 0.000000000000000000, 0.000000000000000000, -1.000000000000000000 ) ) ;
#10498 = DIRECTION ( 'NONE',  ( -0.000000000000000000, 1.000000000000000000, -0.000000000000000000 ) ) ;
#10499 = CIRCLE ( 'NONE', #3988, 0.2500000000000002220 ) ;
#10500 = DIRECTION ( 'NONE',  ( 0.000000000000000000, 0.000000000000000000, -1.000000000000000000 ) ) ;
#10501 = CARTESIAN_POINT ( 'NONE',  ( -11.15616799762218214, 10.06432619796679440, -8.461742538715730788 ) ) ;
#10502 = ORIENTED_EDGE ( 'NONE', *, *, #8079, .F. ) ;
#10503 = SURFACE_SIDE_STYLE ('',( #7010 ) ) ;
#10504 = EDGE_CURVE ( 'NONE', #5587, #6916, #9413, .T. ) ;
#10505 = CARTESIAN_POINT ( 'NONE',  ( -8.461742538715427031, 10.06432619796669847, -11.15616799762232958 ) ) ;
#10506 = DIRECTION ( 'NONE',  ( 0.000000000000000000, -1.000000000000000000, 0.000000000000000000 ) ) ;
#10507 = ADVANCED_FACE ( 'NONE', ( #2851 ), #302, .T. ) ;
#10508 = FILL_AREA_STYLE_COLOUR ( '', #1322 ) ;
#10509 =( LENGTH_UNIT ( ) NAMED_UNIT ( * ) SI_UNIT ( .MILLI., .METRE. ) );
#10510 = SURFACE_STYLE_USAGE ( .BOTH. , #909 ) ;
#10511 = VERTEX_POINT ( 'NONE', #190 ) ;
#10512 =( NAMED_UNIT ( * ) SI_UNIT ( $, .STERADIAN. ) SOLID_ANGLE_UNIT ( ) );
#10513 = VERTEX_POINT ( 'NONE', #3782 ) ;
#10514 = CYLINDRICAL_SURFACE ( 'NONE', #2232, 32.00000000000000000 ) ;
#10515 = CARTESIAN_POINT ( 'NONE',  ( 0.000000000000000000, 0.5000000000000000000, 0.000000000000000000 ) ) ;
#10516 = CARTESIAN_POINT ( 'NONE',  ( -12.15793606078348787, 6.064326197966797949, -4.998661715319930643 ) ) ;
#10517 = EDGE_CURVE ( 'NONE', #10549, #7582, #6394, .T. ) ;
#10518 = FACE_OUTER_BOUND ( 'NONE', #665, .T. ) ;
#10519 = EDGE_LOOP ( 'NONE', ( #10234, #6414, #2829, #43 ) ) ;
#10520 = FILL_AREA_STYLE_COLOUR ( '', #4055 ) ;
#10521 = DIRECTION ( 'NONE',  ( 0.000000000000000000, -1.000000000000000000, 0.000000000000000000 ) ) ;
#10522 = DIRECTION ( 'NONE',  ( 0.000000000000000000, 0.000000000000000000, -1.000000000000000000 ) ) ;
#10523 = ORIENTED_EDGE ( 'NONE', *, *, #8794, .F. ) ;
#10524 = DIRECTION ( 'NONE',  ( -0.000000000000000000, 1.000000000000000000, -0.000000000000000000 ) ) ;
#10525 = DIRECTION ( 'NONE',  ( 0.000000000000000000, 0.000000000000000000, 1.000000000000000000 ) ) ;
#10526 = AXIS2_PLACEMENT_3D ( 'NONE', #844, #7755, #11252 ) ;
#10527 = STYLED_ITEM ( 'NONE', ( #9365 ), #5542 ) ;
#10528 = DIRECTION ( 'NONE',  ( 0.000000000000000000, 0.000000000000000000, -1.000000000000000000 ) ) ;
#10529 = SURFACE_STYLE_FILL_AREA ( #2797 ) ;
#10530 = DIRECTION ( 'NONE',  ( -0.000000000000000000, 1.000000000000000000, -0.000000000000000000 ) ) ;
#10531 = CARTESIAN_POINT ( 'NONE',  ( -20.50609665440995144, -13.15000000000000213, -20.50609665440979867 ) ) ;
#10532 = COLOUR_RGB ( '',0.1529411764705882470, 0.4901960784313725283, 1.000000000000000000 ) ;
#10533 = ORIENTED_EDGE ( 'NONE', *, *, #2548, .F. ) ;
#10534 = EDGE_LOOP ( 'NONE', ( #2778, #11008, #4796, #8473, #10157, #8311 ) ) ;
#10535 = FILL_AREA_STYLE ('',( #9057 ) ) ;
#10536 = AXIS2_PLACEMENT_3D ( 'NONE', #11229, #4307, #2477 ) ;
#10537 = EDGE_CURVE ( 'NONE', #9367, #1286, #5611, .T. ) ;
#10538 = CARTESIAN_POINT ( 'NONE',  ( -7.476469699371593336, 7.204220786794538256, 9.449625380560821242 ) ) ;
#10539 = ORIENTED_EDGE ( 'NONE', *, *, #1620, .T. ) ;
#10540 = PRESENTATION_LAYER_ASSIGNMENT (  '', '', ( #2553 ) ) ;
#10541 = DIRECTION ( 'NONE',  ( 0.000000000000000000, -0.000000000000000000, -1.000000000000000000 ) ) ;
#10542 = CIRCLE ( 'NONE', #9998, 32.00000000000000000 ) ;
#10543 = DIRECTION ( 'NONE',  ( 0.000000000000000000, 0.000000000000000000, 1.000000000000000000 ) ) ;
#10544 = DIRECTION ( 'NONE',  ( -0.8660254037844449249, 0.000000000000000000, 0.4999999999999891198 ) ) ;
#10545 = STYLED_ITEM ( 'NONE', ( #3850 ), #6013 ) ;
#10546 = CARTESIAN_POINT ( 'NONE',  ( -22.98097038856288066, 13.54999999999999893, -22.98097038856270657 ) ) ;
#10547 = CARTESIAN_POINT ( 'NONE',  ( 0.000000000000000000, 6.499999999999999112, 0.000000000000000000 ) ) ;
#10548 = DIRECTION ( 'NONE',  ( -1.000000000000000000, -0.000000000000000000, -0.000000000000000000 ) ) ;
#10549 = VERTEX_POINT ( 'NONE', #9855 ) ;
#10550 = CARTESIAN_POINT ( 'NONE',  ( 0.000000000000000000, -13.15000000000000213, 0.000000000000000000 ) ) ;
#10551 = LINE ( 'NONE', #6576, #8504 ) ;
#10552 = EDGE_CURVE ( 'NONE', #4723, #6691, #8960, .T. ) ;
#10553 = CARTESIAN_POINT ( 'NONE',  ( 20.12780823672226660, 10.80000000000000071, -9.600069561505019777 ) ) ;
#10554 = DIRECTION ( 'NONE',  ( 0.000000000000000000, 0.000000000000000000, 1.000000000000000000 ) ) ;
#10555 = EDGE_CURVE ( 'NONE', #10057, #5265, #3399, .T. ) ;
#10556 = ORIENTED_EDGE ( 'NONE', *, *, #7752, .T. ) ;
#10557 = DIRECTION ( 'NONE',  ( -1.000000000000000000, -0.000000000000000000, -0.000000000000000000 ) ) ;
#10558 = B_SPLINE_CURVE_WITH_KNOTS ( 'NONE', 3,
 ( #10735, #3932, #1381, #1198, #7252, #4685 ),
 .UNSPECIFIED., .F., .F.,
 ( 4, 2, 4 ),
 ( 0.000000000000000000, 0.0002346925379797257856, 0.0004693850759594515713 ),
 .UNSPECIFIED. ) ;
#10559 = DIRECTION ( 'NONE',  ( -0.000000000000000000, 1.000000000000000000, -0.000000000000000000 ) ) ;
#10560 = ORIENTED_EDGE ( 'NONE', *, *, #10352, .T. ) ;
#10561 = CARTESIAN_POINT ( 'NONE',  ( 2.463294286165498281, 1.500000000000001332, -7.766550857632738669 ) ) ;
#10562 = DIRECTION ( 'NONE',  ( 0.000000000000000000, 0.000000000000000000, -1.000000000000000000 ) ) ;
#10563 = CARTESIAN_POINT ( 'NONE',  ( 0.000000000000000000, 13.54999999999999893, -28.99999999999999645 ) ) ;
#10564 = DIRECTION ( 'NONE',  ( -0.000000000000000000, -1.000000000000000000, -0.000000000000000000 ) ) ;
#10565 = UNCERTAINTY_MEASURE_WITH_UNIT (LENGTH_MEASURE( 1.000000000000000082E-05 ), #6849, 'distance_accuracy_value', 'NONE');
#10566 = AXIS2_PLACEMENT_3D ( 'NONE', #9581, #8003, #1779 ) ;
#10567 = AXIS2_PLACEMENT_3D ( 'NONE', #10793, #2982, #9933 ) ;
#10568 = ORIENTED_EDGE ( 'NONE', *, *, #3134, .F. ) ;
#10569 = DIRECTION ( 'NONE',  ( -0.000000000000000000, -1.000000000000000000, -0.000000000000000000 ) ) ;
#10570 = EDGE_CURVE ( 'NONE', #7508, #10041, #2435, .T. ) ;
#10571 = MECHANICAL_DESIGN_GEOMETRIC_PRESENTATION_REPRESENTATION (  '', ( #5698 ), #1138 ) ;
#10572 = ORIENTED_EDGE ( 'NONE', *, *, #8979, .F. ) ;
#10573 = ORIENTED_EDGE ( 'NONE', *, *, #9608, .T. ) ;
#10574 = STYLED_ITEM ( 'NONE', ( #2271 ), #6859 ) ;
#10575 = CARTESIAN_POINT ( 'NONE',  ( -7.741329577035790166, 4.345517802399459839, -6.490184657351049324 ) ) ;
#10576 = FACE_OUTER_BOUND ( 'NONE', #6945, .T. ) ;
#10577 = LINE ( 'NONE', #1325, #8732 ) ;
#10578 = ORIENTED_EDGE ( 'NONE', *, *, #6527, .T. ) ;
#10579 = COLOUR_RGB ( '',0.1529411764705882470, 0.4901960784313725283, 1.000000000000000000 ) ;
#10580 = PRESENTATION_LAYER_ASSIGNMENT (  '', '', ( #955 ) ) ;
#10581 = CARTESIAN_POINT ( 'NONE',  ( -18.37780823672210317, 10.80000000000000071, -12.63115847475081388 ) ) ;
#10582 = DIRECTION ( 'NONE',  ( -0.000000000000000000, 1.000000000000000000, 0.000000000000000000 ) ) ;
#10583 = DIRECTION ( 'NONE',  ( 0.8660254037844381525, 0.000000000000000000, 0.5000000000000008882 ) ) ;
#10584 = PRESENTATION_LAYER_ASSIGNMENT (  '', '', ( #5001 ) ) ;
#10585 = ORIENTED_EDGE ( 'NONE', *, *, #263, .F. ) ;
#10586 = SURFACE_STYLE_USAGE ( .BOTH. , #3602 ) ;
#10587 = CARTESIAN_POINT ( 'NONE',  ( 0.000000000000000000, -0.1999999999999987899, 0.000000000000000000 ) ) ;
#10588 = EDGE_CURVE ( 'NONE', #11034, #4483, #8150, .T. ) ;
#10589 = CARTESIAN_POINT ( 'NONE',  ( 2.974444766188811595, 0.2178369010166502084, -8.651889459346330469 ) ) ;
#10590 = CARTESIAN_POINT ( 'NONE',  ( 13.02841234388535696, 6.064326197966698473, 1.749999999999589662 ) ) ;
#10591 = CARTESIAN_POINT ( 'NONE',  ( 20.68287334970658264, 13.44999999999999929, 20.43287334970644054 ) ) ;
#10592 = CIRCLE ( 'NONE', #9865, 8.147829831584077809 ) ;
#10593 = DIRECTION ( 'NONE',  ( 0.000000000000000000, 0.000000000000000000, 1.000000000000000000 ) ) ;
#10594 = DIRECTION ( 'NONE',  ( 0.000000000000000000, 0.000000000000000000, -1.000000000000000000 ) ) ;
#10595 = CIRCLE ( 'NONE', #235, 0.2500000000000002220 ) ;
#10596 = DIRECTION ( 'NONE',  ( 0.000000000000000000, 1.000000000000000000, 0.000000000000000000 ) ) ;
#10597 =( NAMED_UNIT ( * ) SI_UNIT ( $, .STERADIAN. ) SOLID_ANGLE_UNIT ( ) );
#10598 =( GEOMETRIC_REPRESENTATION_CONTEXT ( 3 ) GLOBAL_UNCERTAINTY_ASSIGNED_CONTEXT ( ( #1818 ) ) GLOBAL_UNIT_ASSIGNED_CONTEXT ( ( #4078, #4131, #1397 ) ) REPRESENTATION_CONTEXT ( 'NONE', 'WORKASPACE' ) );
#10599 = VERTEX_POINT ( 'NONE', #1958 ) ;
#10600 = VERTEX_POINT ( 'NONE', #1047 ) ;
#10601 = AXIS2_PLACEMENT_3D ( 'NONE', #5683, #9139, #10030 ) ;
#10602 = DIRECTION ( 'NONE',  ( 0.000000000000000000, 0.000000000000000000, -1.000000000000000000 ) ) ;
#10603 = VERTEX_POINT ( 'NONE', #2803 ) ;
#10604 = CIRCLE ( 'NONE', #6086, 8.147829831584251892 ) ;
#10605 = CARTESIAN_POINT ( 'NONE',  ( -8.559059450933400370, 0.000000000000000000, -1.749999999999731326 ) ) ;
#10606 = FILL_AREA_STYLE_COLOUR ( '', #2774 ) ;
#10607 = EDGE_CURVE ( 'NONE', #3148, #7245, #3668, .T. ) ;
#10608 = CARTESIAN_POINT ( 'NONE',  ( -5.494383199410948215, -18.21991441758264685, -6.016550857632813276 ) ) ;
#10609 = SURFACE_STYLE_USAGE ( .BOTH. , #6353 ) ;
#10610 = DIRECTION ( 'NONE',  ( 0.000000000000000000, 0.8255519016321432035, 0.5643261979667009154 ) ) ;
#10611 = EDGE_LOOP ( 'NONE', ( #1181, #7123, #5915, #7361, #7111, #5327 ) ) ;
#10612 = VECTOR ( 'NONE', #321, 1000.000000000000000 ) ;
#10613 = FILL_AREA_STYLE_COLOUR ( '', #7601 ) ;
#10614 = CARTESIAN_POINT ( 'NONE',  ( 22.08747980577012626, 10.53248139031239106, 1.749999999999587663 ) ) ;
#10615 = DIRECTION ( 'NONE',  ( 0.000000000000000000, 0.000000000000000000, 1.000000000000000000 ) ) ;
#10616 = SURFACE_SIDE_STYLE ('',( #31 ) ) ;
#10617 = SURFACE_STYLE_USAGE ( .BOTH. , #6145 ) ;
#10618 = ORIENTED_EDGE ( 'NONE', *, *, #11216, .T. ) ;
#10619 = LINE ( 'NONE', #2820, #432 ) ;
#10620 =( GEOMETRIC_REPRESENTATION_CONTEXT ( 3 ) GLOBAL_UNCERTAINTY_ASSIGNED_CONTEXT ( ( #7640 ) ) GLOBAL_UNIT_ASSIGNED_CONTEXT ( ( #9275, #6728, #2754 ) ) REPRESENTATION_CONTEXT ( 'NONE', 'WORKASPACE' ) );
#10621 = B_SPLINE_CURVE_WITH_KNOTS ( 'NONE', 3,
 ( #4069, #2406, #2460, #642 ),
 .UNSPECIFIED., .F., .F.,
 ( 4, 4 ),
 ( 0.0002657290228356843829, 0.007377075875908814528 ),
 .UNSPECIFIED. ) ;
#10622 = SURFACE_STYLE_USAGE ( .BOTH. , #3857 ) ;
#10623 = ADVANCED_FACE ( 'NONE', ( #8906 ), #8400, .F. ) ;
#10624 = DIRECTION ( 'NONE',  ( -0.8660254037844464792, 0.000000000000000000, -0.4999999999999863998 ) ) ;
#10625 = CARTESIAN_POINT ( 'NONE',  ( -20.68287334970658620, 13.54999999999999893, -20.68287334970643698 ) ) ;
#10626 = FILL_AREA_STYLE ('',( #8041 ) ) ;
#10627 = VERTEX_POINT ( 'NONE', #3958 ) ;
#10628 = DIRECTION ( 'NONE',  ( 0.000000000000000000, -1.000000000000000000, 0.000000000000000000 ) ) ;
#10629 = EDGE_LOOP ( 'NONE', ( #9215, #1003, #608, #9334 ) ) ;
#10630 =( NAMED_UNIT ( * ) SI_UNIT ( $, .STERADIAN. ) SOLID_ANGLE_UNIT ( ) );
#10631 =( NAMED_UNIT ( * ) SI_UNIT ( $, .STERADIAN. ) SOLID_ANGLE_UNIT ( ) );
#10632 = DIRECTION ( 'NONE',  ( 0.000000000000000000, -1.000000000000000000, 0.000000000000000000 ) ) ;
#10633 = EDGE_CURVE ( 'NONE', #1718, #2409, #2506, .T. ) ;
#10634 = ORIENTED_EDGE ( 'NONE', *, *, #7861, .T. ) ;
#10635 = COLOUR_RGB ( '',0.1529411764705882470, 0.4901960784313725283, 1.000000000000000000 ) ;
#10636 = AXIS2_PLACEMENT_3D ( 'NONE', #10303, #4077, #9354 ) ;
#10637 = EDGE_CURVE ( 'NONE', #2270, #9150, #6640, .T. ) ;
#10638 = CARTESIAN_POINT ( 'NONE',  ( -18.11718589315075434, 10.49999999999999822, -12.48068809453306116 ) ) ;
#10639 =( NAMED_UNIT ( * ) PLANE_ANGLE_UNIT ( ) SI_UNIT ( $, .RADIAN. ) );
#10640 = PLANE ( 'NONE',  #2419 ) ;
#10641 = ORIENTED_EDGE ( 'NONE', *, *, #3617, .T. ) ;
#10642 = DIRECTION ( 'NONE',  ( 0.8660254037844388186, 0.000000000000000000, 0.4999999999999996669 ) ) ;
#10643 = FILL_AREA_STYLE ('',( #7052 ) ) ;
#10644 = ADVANCED_FACE ( 'NONE', ( #10137 ), #5736, .T. ) ;
#10645 = DIRECTION ( 'NONE',  ( 0.000000000000000000, -0.7071067811865491270, -0.7071067811865459074 ) ) ;
#10646 = EDGE_CURVE ( 'NONE', #6310, #5693, #4709, .T. ) ;
#10647 = CARTESIAN_POINT ( 'NONE',  ( 11.73570242259075869, 10.49017815798891995, 8.796336894975805620 ) ) ;
#10648 = CARTESIAN_POINT ( 'NONE',  ( 20.68287334970656843, -13.15000000000000213, -20.68287334970646185 ) ) ;
#10649 = ORIENTED_EDGE ( 'NONE', *, *, #10378, .T. ) ;
#10650 =( LENGTH_UNIT ( ) NAMED_UNIT ( * ) SI_UNIT ( .MILLI., .METRE. ) );
#10651 = VERTEX_POINT ( 'NONE', #4951 ) ;
#10652 = ORIENTED_EDGE ( 'NONE', *, *, #11201, .T. ) ;
#10653 = VECTOR ( 'NONE', #2599, 1000.000000000000000 ) ;
#10654 = CIRCLE ( 'NONE', #11030, 8.147829831584077809 ) ;
#10655 = ORIENTED_EDGE ( 'NONE', *, *, #5434, .T. ) ;
#10656 = DIRECTION ( 'NONE',  ( 0.000000000000000000, 0.000000000000000000, -1.000000000000000000 ) ) ;
#10657 = CARTESIAN_POINT ( 'NONE',  ( -13.54055653721063912, 6.451575245584116658, 1.750000000000270006 ) ) ;
#10658 = LINE ( 'NONE', #8019, #5877 ) ;
#10659 = CARTESIAN_POINT ( 'NONE',  ( 0.000000000000000000, 13.44999999999999929, 0.000000000000000000 ) ) ;
#10660 = DIRECTION ( 'NONE',  ( -0.000000000000000000, 1.000000000000000000, -0.000000000000000000 ) ) ;
#10661 = VERTEX_POINT ( 'NONE', #530 ) ;
#10662 = VECTOR ( 'NONE', #3358, 1000.000000000000000 ) ;
#10663 = FILL_AREA_STYLE ('',( #1400 ) ) ;
#10664 = CARTESIAN_POINT ( 'NONE',  ( -22.80419369326623524, -13.15000000000000213, -22.55419369326607537 ) ) ;
#10665 = CYLINDRICAL_SURFACE ( 'NONE', #2844, 30.50000000000000000 ) ;
#10666 = ADVANCED_FACE ( 'NONE', ( #4020 ), #7492, .T. ) ;
#10667 =( NAMED_UNIT ( * ) SI_UNIT ( $, .STERADIAN. ) SOLID_ANGLE_UNIT ( ) );
#10668 = EDGE_LOOP ( 'NONE', ( #8891, #4983, #9254, #2812 ) ) ;
#10669 = CARTESIAN_POINT ( 'NONE',  ( -11.59382354335170540, 10.45964560473159288, 8.714423085854827278 ) ) ;
#10670 = FACE_OUTER_BOUND ( 'NONE', #2723, .T. ) ;
#10671 = PRESENTATION_STYLE_ASSIGNMENT (( #6257 ) ) ;
#10672 = UNCERTAINTY_MEASURE_WITH_UNIT (LENGTH_MEASURE( 1.000000000000000082E-05 ), #1626, 'distance_accuracy_value', 'NONE');
#10673 =( GEOMETRIC_REPRESENTATION_CONTEXT ( 3 ) GLOBAL_UNCERTAINTY_ASSIGNED_CONTEXT ( ( #3040 ) ) GLOBAL_UNIT_ASSIGNED_CONTEXT ( ( #4315, #1796, #11180 ) ) REPRESENTATION_CONTEXT ( 'NONE', 'WORKASPACE' ) );
#10674 = PRESENTATION_STYLE_ASSIGNMENT (( #7130 ) ) ;
#10675 = COLOUR_RGB ( '',0.1529411764705882470, 0.4901960784313725283, 1.000000000000000000 ) ;
#10676 = CARTESIAN_POINT ( 'NONE',  ( -6.005533679434334360, 0.2178369010166495701, 6.901889459346337574 ) ) ;
#10677 = VERTEX_POINT ( 'NONE', #2306 ) ;
#10678 = EDGE_CURVE ( 'NONE', #8823, #6427, #6359, .T. ) ;
#10679 = DIRECTION ( 'NONE',  ( 0.000000000000000000, 0.000000000000000000, 1.000000000000000000 ) ) ;
#10680 = VERTEX_POINT ( 'NONE', #5674 ) ;
#10681 = DIRECTION ( 'NONE',  ( -0.000000000000000000, 1.000000000000000000, -0.000000000000000000 ) ) ;
#10682 = DIRECTION ( 'NONE',  ( -0.000000000000000000, -1.000000000000000000, -0.000000000000000000 ) ) ;
#10683 = AXIS2_PLACEMENT_3D ( 'NONE', #2340, #677, #7528 ) ;
#10684 = ORIENTED_EDGE ( 'NONE', *, *, #4169, .T. ) ;
#10685 = CARTESIAN_POINT ( 'NONE',  ( 21.92031021678289804, -13.25000000000000178, 21.92031021678305081 ) ) ;
#10686 = CARTESIAN_POINT ( 'NONE',  ( -20.85965004500318543, -13.25000000000000178, 20.85965004500311792 ) ) ;
#10687 = DIRECTION ( 'NONE',  ( 0.000000000000000000, 0.000000000000000000, 1.000000000000000000 ) ) ;
#10688 = CARTESIAN_POINT ( 'NONE',  ( 5.048933345082867064, 6.192532590100033651, 12.24500907771219715 ) ) ;
#10689 = VERTEX_POINT ( 'NONE', #8848 ) ;
#10690 = CARTESIAN_POINT ( 'NONE',  ( 11.73425838651255049, 10.49999999999999645, -8.795503180357295392 ) ) ;
#10691 = SURFACE_STYLE_USAGE ( .BOTH. , #10810 ) ;
#10692 = ADVANCED_FACE ( 'NONE', ( #7155 ), #1839, .F. ) ;
#10693 = EDGE_CURVE ( 'NONE', #8688, #3148, #1235, .T. ) ;
#10694 = B_SPLINE_CURVE_WITH_KNOTS ( 'NONE', 3,
 ( #1993, #1332, #2224, #9898, #5719, #4811, #10690, #5490 ),
 .UNSPECIFIED., .F., .F.,
 ( 4, 2, 2, 4 ),
 ( 0.000000000000000000, 0.0002427953948744157944, 0.0004855907897488315889, 0.0009711815794976679482 ),
 .UNSPECIFIED. ) ;
#10695 = CARTESIAN_POINT ( 'NONE',  ( 2.463294286165498281, 0.000000000000000000, -7.766550857632738669 ) ) ;
#10696 =( GEOMETRIC_REPRESENTATION_CONTEXT ( 3 ) GLOBAL_UNCERTAINTY_ASSIGNED_CONTEXT ( ( #4930 ) ) GLOBAL_UNIT_ASSIGNED_CONTEXT ( ( #4347, #9516, #4402 ) ) REPRESENTATION_CONTEXT ( 'NONE', 'WORKASPACE' ) );
#10697 = SURFACE_STYLE_USAGE ( .BOTH. , #3662 ) ;
#10698 = CARTESIAN_POINT ( 'NONE',  ( 0.000000000000000000, 13.54999999999999893, 0.000000000000000000 ) ) ;
#10699 = FACE_OUTER_BOUND ( 'NONE', #1122, .T. ) ;
#10700 = ORIENTED_EDGE ( 'NONE', *, *, #10286, .F. ) ;
#10701 = FACE_OUTER_BOUND ( 'NONE', #4620, .T. ) ;
#10702 = AXIS2_PLACEMENT_3D ( 'NONE', #8184, #7238, #4622 ) ;
#10703 =( NAMED_UNIT ( * ) SI_UNIT ( $, .STERADIAN. ) SOLID_ANGLE_UNIT ( ) );
#10704 = ORIENTED_EDGE ( 'NONE', *, *, #2583, .F. ) ;
#10705 = EDGE_CURVE ( 'NONE', #4147, #3075, #7461, .T. ) ;
#10706 = ORIENTED_EDGE ( 'NONE', *, *, #6746, .F. ) ;
#10707 = PRESENTATION_LAYER_ASSIGNMENT (  '', '', ( #10527 ) ) ;
#10708 = TOROIDAL_SURFACE ( 'NONE', #4019, 23.30000000000000071, 1.000000000000000000 ) ;
#10709 = CARTESIAN_POINT ( 'NONE',  ( 0.000000000000000000, 0.000000000000000000, 0.000000000000000000 ) ) ;
#10710 = CARTESIAN_POINT ( 'NONE',  ( 0.000000000000000000, 12.79999999999999893, 0.000000000000000000 ) ) ;
#10711 = DIRECTION ( 'NONE',  ( -2.582600154994595188E-16, -0.000000000000000000, -1.000000000000000000 ) ) ;
#10712 = LINE ( 'NONE', #8236, #8074 ) ;
#10713 = ORIENTED_EDGE ( 'NONE', *, *, #3334, .T. ) ;
#10714 =( NAMED_UNIT ( * ) SI_UNIT ( $, .STERADIAN. ) SOLID_ANGLE_UNIT ( ) );
#10715 = STYLED_ITEM ( 'NONE', ( #10067 ), #5859 ) ;
#10716 =( NAMED_UNIT ( * ) SI_UNIT ( $, .STERADIAN. ) SOLID_ANGLE_UNIT ( ) );
#10717 = DIRECTION ( 'NONE',  ( 0.000000000000000000, 0.000000000000000000, 1.000000000000000000 ) ) ;
#10718 = CYLINDRICAL_SURFACE ( 'NONE', #7787, 8.000000000000000000 ) ;
#10719 = EDGE_CURVE ( 'NONE', #9974, #9150, #2670, .T. ) ;
#10720 = AXIS2_PLACEMENT_3D ( 'NONE', #3422, #9360, #1570 ) ;
#10721 = ORIENTED_EDGE ( 'NONE', *, *, #6553, .F. ) ;
#10722 = CARTESIAN_POINT ( 'NONE',  ( -8.606827235791278952, 10.34702362053678293, -11.40746206435844634 ) ) ;
#10723 = EDGE_LOOP ( 'NONE', ( #7437, #3554, #6532, #10906 ) ) ;
#10724 = PRESENTATION_STYLE_ASSIGNMENT (( #4621 ) ) ;
#10725 = SURFACE_STYLE_USAGE ( .BOTH. , #5584 ) ;
#10726 = CARTESIAN_POINT ( 'NONE',  ( -1.750000000000000000, 6.499999999999999112, -13.86093484102088702 ) ) ;
#10727 = CARTESIAN_POINT ( 'NONE',  ( 0.000000000000000000, -13.25000000000000178, 0.000000000000000000 ) ) ;
#10728 = AXIS2_PLACEMENT_3D ( 'NONE', #787, #38, #7757 ) ;
#10729 = VERTEX_POINT ( 'NONE', #6983 ) ;
#10730 = STYLED_ITEM ( 'NONE', ( #7546 ), #6905 ) ;
#10731 =( NAMED_UNIT ( * ) PLANE_ANGLE_UNIT ( ) SI_UNIT ( $, .RADIAN. ) );
#10732 = EDGE_LOOP ( 'NONE', ( #187, #9512, #8638, #4406 ) ) ;
#10733 = MECHANICAL_DESIGN_GEOMETRIC_PRESENTATION_REPRESENTATION (  '', ( #7865 ), #2211 ) ;
#10734 = VERTEX_POINT ( 'NONE', #6338 ) ;
#10735 = CARTESIAN_POINT ( 'NONE',  ( -21.93028727582014881, 10.49999999999999822, 1.750000000000273115 ) ) ;
#10736 = CARTESIAN_POINT ( 'NONE',  ( 22.80419369326623524, 13.44999999999999929, 22.80419369326607537 ) ) ;
#10737 = CIRCLE ( 'NONE', #7323, 13.97097042681812873 ) ;
#10738 = CONICAL_SURFACE ( 'NONE', #10383, 14.30000000000000071, 0.5996168419455644161 ) ;
#10739 = ORIENTED_EDGE ( 'NONE', *, *, #10588, .T. ) ;
#10740 = DIRECTION ( 'NONE',  ( -0.000000000000000000, 1.000000000000000000, -0.000000000000000000 ) ) ;
#10741 = DIRECTION ( 'NONE',  ( 0.000000000000000000, 0.000000000000000000, -1.000000000000000000 ) ) ;
#10742 = EDGE_CURVE ( 'NONE', #4214, #6916, #5969, .T. ) ;
#10743 = CARTESIAN_POINT ( 'NONE',  ( 0.000000000000000000, 10.80000000000000071, 0.000000000000000000 ) ) ;
#10744 = CIRCLE ( 'NONE', #7514, 8.736131791852239203 ) ;
#10745 = EDGE_LOOP ( 'NONE', ( #5635, #355 ) ) ;
#10746 = CYLINDRICAL_SURFACE ( 'NONE', #3082, 26.00000000000000355 ) ;
#10747 = B_SPLINE_CURVE_WITH_KNOTS ( 'NONE', 3,
 ( #4519, #5545, #7993, #168, #1201, #5817, #6731, #8199 ),
 .UNSPECIFIED., .F., .F.,
 ( 4, 2, 2, 4 ),
 ( 0.000000000000000000, 0.0002429715048040641929, 0.0004859430096081283857, 0.0009718860192162509168 ),
 .UNSPECIFIED. ) ;
#10748 = CARTESIAN_POINT ( 'NONE',  ( -1.749999999999994449, 10.80000000000000071, 22.23122803625566846 ) ) ;
#10749 = MECHANICAL_DESIGN_GEOMETRIC_PRESENTATION_REPRESENTATION (  '', ( #4423 ), #9503 ) ;
#10750 = CIRCLE ( 'NONE', #954, 9.148907742668312082 ) ;
#10751 = CARTESIAN_POINT ( 'NONE',  ( -1.749999999999996891, 7.204214166394781849, 11.92184592419719991 ) ) ;
#10752 = MECHANICAL_DESIGN_GEOMETRIC_PRESENTATION_REPRESENTATION (  '', ( #9140 ), #4430 ) ;
#10753 = DIRECTION ( 'NONE',  ( -0.000000000000000000, 1.000000000000000000, 0.000000000000000000 ) ) ;
#10754 = LINE ( 'NONE', #7484, #5677 ) ;
#10755 = EDGE_CURVE ( 'NONE', #9968, #4866, #9633, .T. ) ;
#10756 = DIRECTION ( 'NONE',  ( 0.000000000000000000, 0.000000000000000000, -1.000000000000000000 ) ) ;
#10757 = DIRECTION ( 'NONE',  ( 0.000000000000000000, 0.000000000000000000, 1.000000000000000000 ) ) ;
#10758 = VERTEX_POINT ( 'NONE', #9583 ) ;
#10759 = VECTOR ( 'NONE', #3451, 1000.000000000000114 ) ;
#10760 = DIRECTION ( 'NONE',  ( 0.000000000000000000, 0.000000000000000000, 1.000000000000000000 ) ) ;
#10761 = ORIENTED_EDGE ( 'NONE', *, *, #7813, .F. ) ;
#10762 = VECTOR ( 'NONE', #6733, 999.9999999999998863 ) ;
#10763 = VERTEX_POINT ( 'NONE', #1951 ) ;
#10764 = CARTESIAN_POINT ( 'NONE',  ( -6.005533679434334360, 0.2178369010166495701, 6.901889459346337574 ) ) ;
#10765 = AXIS2_PLACEMENT_3D ( 'NONE', #5836, #11048, #9355 ) ;
#10766 = DIRECTION ( 'NONE',  ( 0.000000000000000000, -1.000000000000000000, 0.000000000000000000 ) ) ;
#10767 = EDGE_CURVE ( 'NONE', #6711, #2834, #7981, .T. ) ;
#10768 = CARTESIAN_POINT ( 'NONE',  ( -11.87644895387773580, 10.49999999999999822, -8.877596942702046690 ) ) ;
#10769 =( NAMED_UNIT ( * ) SI_UNIT ( $, .STERADIAN. ) SOLID_ANGLE_UNIT ( ) );
#10770 = ADVANCED_FACE ( 'NONE', ( #7039 ), #5281, .T. ) ;
#10771 = CARTESIAN_POINT ( 'NONE',  ( 21.74353352148660079, 13.54999999999999893, 21.74353352148607144 ) ) ;
#10772 = AXIS2_PLACEMENT_3D ( 'NONE', #2698, #1860, #4493 ) ;
#10773 = ORIENTED_EDGE ( 'NONE', *, *, #8846, .T. ) ;
#10774 = CARTESIAN_POINT ( 'NONE',  ( -12.52036381986503244, 10.49999999999844924, 18.18590626525340781 ) ) ;
#10775 = VERTEX_POINT ( 'NONE', #10695 ) ;
#10776 = CARTESIAN_POINT ( 'NONE',  ( 0.000000000000000000, -13.25000000000000178, 0.000000000000000000 ) ) ;
#10777 = CARTESIAN_POINT ( 'NONE',  ( 1.749999999999997335, 10.64307090431698555, -22.19851024942031614 ) ) ;
#10778 = STYLED_ITEM ( 'NONE', ( #6197 ), #3777 ) ;
#10779 = TOROIDAL_SURFACE ( 'NONE', #8607, 22.00000000000000000, 0.2999999999999999889 ) ;
#10780 = EDGE_LOOP ( 'NONE', ( #10486, #2376, #8982, #9628 ) ) ;
#10781 = ORIENTED_EDGE ( 'NONE', *, *, #5653, .T. ) ;
#10782 = ORIENTED_EDGE ( 'NONE', *, *, #699, .T. ) ;
#10783 = SURFACE_SIDE_STYLE ('',( #1244 ) ) ;
#10784 = DIRECTION ( 'NONE',  ( 0.000000000000000000, 0.000000000000000000, 1.000000000000000000 ) ) ;
#10785 = CARTESIAN_POINT ( 'NONE',  ( 0.000000000000000000, 13.54999999999999893, -32.00000000000000000 ) ) ;
#10786 = CARTESIAN_POINT ( 'NONE',  ( 22.98097038856275276, 13.54999999999999893, -22.98097038856284513 ) ) ;
#10787 = PRESENTATION_LAYER_ASSIGNMENT (  '', '', ( #8271 ) ) ;
#10788 = ADVANCED_FACE ( 'NONE', ( #4006 ), #5664, .F. ) ;
#10789 = UNCERTAINTY_MEASURE_WITH_UNIT (LENGTH_MEASURE( 1.000000000000000082E-05 ), #3841, 'distance_accuracy_value', 'NONE');
#10790 = ADVANCED_FACE ( 'NONE', ( #10009 ), #1243, .T. ) ;
#10791 = VERTEX_POINT ( 'NONE', #9903 ) ;
#10792 = DIRECTION ( 'NONE',  ( 0.000000000000000000, 1.000000000000000000, 0.000000000000000000 ) ) ;
#10793 = CARTESIAN_POINT ( 'NONE',  ( 0.000000000000000000, -12.15000000000000036, 0.000000000000000000 ) ) ;
#10794 =( LENGTH_UNIT ( ) NAMED_UNIT ( * ) SI_UNIT ( .MILLI., .METRE. ) );
#10795 = VERTEX_POINT ( 'NONE', #10073 ) ;
#10796 = PRESENTATION_STYLE_ASSIGNMENT (( #10851 ) ) ;
#10797 = ORIENTED_EDGE ( 'NONE', *, *, #753, .F. ) ;
#10798 = CARTESIAN_POINT ( 'NONE',  ( -21.92031021678301883, -13.15000000000000213, 21.92031021678292646 ) ) ;
#10799 = DIRECTION ( 'NONE',  ( -0.000000000000000000, -1.000000000000000000, -0.000000000000000000 ) ) ;
#10800 = ORIENTED_EDGE ( 'NONE', *, *, #4392, .T. ) ;
#10801 = DIRECTION ( 'NONE',  ( 0.000000000000000000, 0.000000000000000000, -1.000000000000000000 ) ) ;
#10802 = DIRECTION ( 'NONE',  ( -0.000000000000000000, 1.000000000000000000, -0.000000000000000000 ) ) ;
#10803 = STYLED_ITEM ( 'NONE', ( #598 ), #4691 ) ;
#10804 = SURFACE_STYLE_FILL_AREA ( #9893 ) ;
#10805 = SURFACE_STYLE_USAGE ( .BOTH. , #8205 ) ;
#10806 = SURFACE_STYLE_USAGE ( .BOTH. , #7262 ) ;
#10807 = ORIENTED_EDGE ( 'NONE', *, *, #1758, .F. ) ;
#10808 = FACE_OUTER_BOUND ( 'NONE', #4727, .T. ) ;
#10809 = DIRECTION ( 'NONE',  ( 0.000000000000000000, 0.000000000000000000, -1.000000000000000000 ) ) ;
#10810 = SURFACE_SIDE_STYLE ('',( #5437 ) ) ;
#10811 = SURFACE_STYLE_FILL_AREA ( #6500 ) ;
#10812 =( NAMED_UNIT ( * ) PLANE_ANGLE_UNIT ( ) SI_UNIT ( $, .RADIAN. ) );
#10813 = EDGE_CURVE ( 'NONE', #8417, #7077, #9119, .T. ) ;
#10814 =( GEOMETRIC_REPRESENTATION_CONTEXT ( 3 ) GLOBAL_UNCERTAINTY_ASSIGNED_CONTEXT ( ( #3748 ) ) GLOBAL_UNIT_ASSIGNED_CONTEXT ( ( #4134, #809, #9528 ) ) REPRESENTATION_CONTEXT ( 'NONE', 'WORKASPACE' ) );
#10815 = SURFACE_SIDE_STYLE ('',( #3825 ) ) ;
#10816 = FACE_OUTER_BOUND ( 'NONE', #3012, .T. ) ;
#10817 = CARTESIAN_POINT ( 'NONE',  ( 11.59919879051067149, 10.45155730935271343, 8.717526486249001394 ) ) ;
#10818 = DIRECTION ( 'NONE',  ( 0.000000000000000000, -1.000000000000000000, 0.000000000000000000 ) ) ;
#10819 = ORIENTED_EDGE ( 'NONE', *, *, #9299, .T. ) ;
#10820 = CARTESIAN_POINT ( 'NONE',  ( 13.12171311125106499, 6.199600861750017344, -1.750000000000410560 ) ) ;
#10821 = ORIENTED_EDGE ( 'NONE', *, *, #9440, .F. ) ;
#10822 = VERTEX_POINT ( 'NONE', #8215 ) ;
#10823 = EDGE_CURVE ( 'NONE', #10680, #1037, #1338, .T. ) ;
#10824 = CARTESIAN_POINT ( 'NONE',  ( 0.000000000000000000, 10.80000000000000071, 0.000000000000000000 ) ) ;
#10825 =( GEOMETRIC_REPRESENTATION_CONTEXT ( 3 ) GLOBAL_UNCERTAINTY_ASSIGNED_CONTEXT ( ( #8336 ) ) GLOBAL_UNIT_ASSIGNED_CONTEXT ( ( #7869, #7017, #1979 ) ) REPRESENTATION_CONTEXT ( 'NONE', 'WORKASPACE' ) );
#10826 = DIRECTION ( 'NONE',  ( 1.367258905585373894E-16, 0.000000000000000000, 1.000000000000000000 ) ) ;
#10827 = DIRECTION ( 'NONE',  ( 0.000000000000000000, -1.000000000000000000, 0.000000000000000000 ) ) ;
#10828 = CARTESIAN_POINT ( 'NONE',  ( -13.89239616418563905, 10.06432619796670025, -1.749999999999729772 ) ) ;
#10829 = ORIENTED_EDGE ( 'NONE', *, *, #622, .T. ) ;
#10830 = VERTEX_POINT ( 'NONE', #4882 ) ;
#10831 = PRESENTATION_LAYER_ASSIGNMENT (  '', '', ( #1587 ) ) ;
#10832 = DIRECTION ( 'NONE',  ( 0.000000000000000000, -1.000000000000000000, 0.000000000000000000 ) ) ;
#10833 = CARTESIAN_POINT ( 'NONE',  ( 2.927089223797599615, 0.08184250052690962562, 8.569867253904778437 ) ) ;
#10834 = CARTESIAN_POINT ( 'NONE',  ( -5.795074182089357429, 0.000000000000000000, -6.537362917009639673 ) ) ;
#10835 = COLOUR_RGB ( '',0.1529411764705882470, 0.4901960784313725283, 1.000000000000000000 ) ;
#10836 = B_SPLINE_CURVE_WITH_KNOTS ( 'NONE', 3,
 ( #4359, #3362, #11105, #3306, #10308, #2525, #11218, #4255 ),
 .UNSPECIFIED., .F., .F.,
 ( 4, 2, 2, 4 ),
 ( 1.939479807224432123E-18, 0.0002427981594783409490, 0.0004855963189566799465, 0.0009711926379133551225 ),
 .UNSPECIFIED. ) ;
#10837 = EDGE_LOOP ( 'NONE', ( #2911, #2179, #7324, #3909 ) ) ;
#10838 = ADVANCED_FACE ( 'NONE', ( #1156 ), #3294, .F. ) ;
#10839 = EDGE_CURVE ( 'NONE', #8896, #7084, #690, .T. ) ;
#10840 = ORIENTED_EDGE ( 'NONE', *, *, #9279, .F. ) ;
#10841 = VERTEX_POINT ( 'NONE', #5994 ) ;
#10842 = CARTESIAN_POINT ( 'NONE',  ( -6.680832114470980798, 0.000000000000000000, -5.877906161864324908 ) ) ;
#10843 =( NAMED_UNIT ( * ) PLANE_ANGLE_UNIT ( ) SI_UNIT ( $, .RADIAN. ) );
#10844 = SURFACE_SIDE_STYLE ('',( #2147 ) ) ;
#10845 = DIRECTION ( 'NONE',  ( 0.000000000000000000, 0.000000000000000000, 1.000000000000000000 ) ) ;
#10846 = SURFACE_STYLE_USAGE ( .BOTH. , #10217 ) ;
#10847 = STYLED_ITEM ( 'NONE', ( #3245 ), #9566 ) ;
#10848 = VERTEX_POINT ( 'NONE', #6800 ) ;
#10849 = ORIENTED_EDGE ( 'NONE', *, *, #8159, .F. ) ;
#10850 = AXIS2_PLACEMENT_3D ( 'NONE', #4892, #2245, #8282 ) ;
#10851 = SURFACE_STYLE_USAGE ( .BOTH. , #1431 ) ;
#10852 = EDGE_CURVE ( 'NONE', #7339, #19, #7075, .T. ) ;
#10853 = EDGE_CURVE ( 'NONE', #8299, #5291, #10314, .T. ) ;
#10854 = ORIENTED_EDGE ( 'NONE', *, *, #6554, .F. ) ;
#10855 = DIRECTION ( 'NONE',  ( 0.000000000000000000, 0.000000000000000000, 1.000000000000000000 ) ) ;
#10856 = LINE ( 'NONE', #9278, #4557 ) ;
#10857 = MECHANICAL_DESIGN_GEOMETRIC_PRESENTATION_REPRESENTATION (  '', ( #137 ), #5789 ) ;
#10858 = EDGE_LOOP ( 'NONE', ( #7063, #1845, #3500, #4963, #1920, #7785 ) ) ;
#10859 =( NAMED_UNIT ( * ) SI_UNIT ( $, .STERADIAN. ) SOLID_ANGLE_UNIT ( ) );
#10860 = VECTOR ( 'NONE', #3386, 1000.000000000000000 ) ;
#10861 = DIRECTION ( 'NONE',  ( 7.105427357601001859E-15, 0.000000000000000000, -1.000000000000000000 ) ) ;
#10862 = LINE ( 'NONE', #2836, #5581 ) ;
#10863 = ORIENTED_EDGE ( 'NONE', *, *, #8118, .T. ) ;
#10864 = DIRECTION ( 'NONE',  ( -0.5000000000000001110, 0.000000000000000000, -0.8660254037844385966 ) ) ;
#10865 = AXIS2_PLACEMENT_3D ( 'NONE', #9373, #7843, #8527 ) ;
#10866 = DIRECTION ( 'NONE',  ( -0.000000000000000000, 1.000000000000000000, -0.000000000000000000 ) ) ;
#10867 = EDGE_CURVE ( 'NONE', #9589, #3050, #6514, .T. ) ;
#10868 = TOROIDAL_SURFACE ( 'NONE', #7275, 8.736131791852239203, 0.5000000000000000000 ) ;
#10869 = DIRECTION ( 'NONE',  ( -0.000000000000000000, 1.000000000000000000, -0.000000000000000000 ) ) ;
#10870 = CARTESIAN_POINT ( 'NONE',  ( -11.12892169252490149, 6.499999999999999112, 8.446011877133214441 ) ) ;
#10871 = DIRECTION ( 'NONE',  ( 0.000000000000000000, 0.000000000000000000, -1.000000000000000000 ) ) ;
#10872 = FACE_OUTER_BOUND ( 'NONE', #776, .T. ) ;
#10873 = FILL_AREA_STYLE ('',( #7436 ) ) ;
#10874 = ORIENTED_EDGE ( 'NONE', *, *, #6949, .T. ) ;
#10875 = DIRECTION ( 'NONE',  ( -0.5000000000000009992, 0.000000000000000000, 0.8660254037844380415 ) ) ;
#10876 = DIRECTION ( 'NONE',  ( 0.000000000000000000, -0.000000000000000000, -1.000000000000000000 ) ) ;
#10877 = VERTEX_POINT ( 'NONE', #3406 ) ;
#10878 = B_SPLINE_CURVE_WITH_KNOTS ( 'NONE', 3,
 ( #6952, #1011, #4507, #211 ),
 .UNSPECIFIED., .F., .F.,
 ( 4, 4 ),
 ( 0.01077156670603634722, 0.01788226214102251604 ),
 .UNSPECIFIED. ) ;
#10879 = ORIENTED_EDGE ( 'NONE', *, *, #1933, .F. ) ;
#10880 = CARTESIAN_POINT ( 'NONE',  ( 13.09569911728717173, 10.30978705923620886, -5.540079468428366738 ) ) ;
#10881 = CARTESIAN_POINT ( 'NONE',  ( -14.32646828732519140, 10.42229184219404559, -1.749999999999729328 ) ) ;
#10882 = CARTESIAN_POINT ( 'NONE',  ( 20.09938848451920990, 10.64289375798497517, 9.583661409920331664 ) ) ;
#10883 = AXIS2_PLACEMENT_3D ( 'NONE', #1382, #10970, #8321 ) ;
#10884 = ORIENTED_EDGE ( 'NONE', *, *, #1858, .F. ) ;
#10885 = EDGE_CURVE ( 'NONE', #4028, #10603, #6742, .T. ) ;
#10886 = ORIENTED_EDGE ( 'NONE', *, *, #8475, .F. ) ;
#10887 = CARTESIAN_POINT ( 'NONE',  ( 0.000000000000000000, 0.2178369010166492092, 0.000000000000000000 ) ) ;
#10888 = CARTESIAN_POINT ( 'NONE',  ( 10.99238589528255261, 4.112992312804595763, -4.325731013513906653 ) ) ;
#10889 = SURFACE_STYLE_FILL_AREA ( #1529 ) ;
#10890 = ORIENTED_EDGE ( 'NONE', *, *, #3548, .T. ) ;
#10891 = CIRCLE ( 'NONE', #6185, 8.000000000000000000 ) ;
#10892 = ORIENTED_EDGE ( 'NONE', *, *, #7813, .T. ) ;
#10893 =( LENGTH_UNIT ( ) NAMED_UNIT ( * ) SI_UNIT ( .MILLI., .METRE. ) );
#10894 = DIRECTION ( 'NONE',  ( 0.000000000000000000, 1.000000000000000000, 0.000000000000000000 ) ) ;
#10895 = DIRECTION ( 'NONE',  ( 0.000000000000000000, 0.000000000000000000, -1.000000000000000000 ) ) ;
#10896 = LINE ( 'NONE', #551, #16 ) ;
#10897 = UNCERTAINTY_MEASURE_WITH_UNIT (LENGTH_MEASURE( 1.000000000000000082E-05 ), #6492, 'distance_accuracy_value', 'NONE');
#10898 = ORIENTED_EDGE ( 'NONE', *, *, #3906, .T. ) ;
#10899 = EDGE_CURVE ( 'NONE', #3165, #6156, #5162, .T. ) ;
#10900 = EDGE_CURVE ( 'NONE', #9016, #8600, #5088, .T. ) ;
#10901 = CARTESIAN_POINT ( 'NONE',  ( 22.00964298075582093, 10.49999999999999467, -1.750000000000412337 ) ) ;
#10902 =( NAMED_UNIT ( * ) PLANE_ANGLE_UNIT ( ) SI_UNIT ( $, .RADIAN. ) );
#10903 = ORIENTED_EDGE ( 'NONE', *, *, #9052, .F. ) ;
#10904 = AXIS2_PLACEMENT_3D ( 'NONE', #7005, #1918, #1867 ) ;
#10905 =( NAMED_UNIT ( * ) PLANE_ANGLE_UNIT ( ) SI_UNIT ( $, .RADIAN. ) );
#10906 = ORIENTED_EDGE ( 'NONE', *, *, #6404, .F. ) ;
#10907 = DIRECTION ( 'NONE',  ( 0.000000000000000000, 0.000000000000000000, 1.000000000000000000 ) ) ;
#10908 = FACE_OUTER_BOUND ( 'NONE', #9160, .T. ) ;
#10909 = STYLED_ITEM ( 'NONE', ( #10311 ), #1321 ) ;
#10910 = EDGE_LOOP ( 'NONE', ( #6264, #2315, #9255, #11170 ) ) ;
#10911 = CARTESIAN_POINT ( 'NONE',  ( 0.000000000000000000, 0.000000000000000000, 8.000000000000000000 ) ) ;
#10912 = COLOUR_RGB ( '',0.1529411764705882470, 0.4901960784313725283, 1.000000000000000000 ) ;
#10913 = DIRECTION ( 'NONE',  ( -0.000000000000000000, 1.000000000000000000, -0.000000000000000000 ) ) ;
#10914 = COLOUR_RGB ( '',0.1529411764705882470, 0.4901960784313725283, 1.000000000000000000 ) ;
#10915 = EDGE_CURVE ( 'NONE', #4147, #1485, #8546, .T. ) ;
#10916 = UNCERTAINTY_MEASURE_WITH_UNIT (LENGTH_MEASURE( 1.000000000000000082E-05 ), #7635, 'distance_accuracy_value', 'NONE');
#10917 = ADVANCED_FACE ( 'NONE', ( #5829 ), #6725, .T. ) ;
#10918 = FILL_AREA_STYLE_COLOUR ( '', #2225 ) ;
#10919 = VERTEX_POINT ( 'NONE', #9290 ) ;
#10920 = SURFACE_SIDE_STYLE ('',( #341 ) ) ;
#10921 = CARTESIAN_POINT ( 'NONE',  ( -4.998661715319728138, 6.064326197966698473, -12.15793606078349676 ) ) ;
#10922 = CIRCLE ( 'NONE', #6036, 13.97097042681812873 ) ;
#10923 = CARTESIAN_POINT ( 'NONE',  ( 0.000000000000000000, 11.79999999999999716, 22.30000000000000071 ) ) ;
#10924 = AXIS2_PLACEMENT_3D ( 'NONE', #8728, #2521, #1666 ) ;
#10925 = FACE_OUTER_BOUND ( 'NONE', #10931, .T. ) ;
#10926 = CARTESIAN_POINT ( 'NONE',  ( 0.000000000000000000, -13.25000000000000178, 0.000000000000000000 ) ) ;
#10927 = STYLED_ITEM ( 'NONE', ( #6718 ), #1887 ) ;
#10928 = EDGE_CURVE ( 'NONE', #10763, #4741, #10324, .T. ) ;
#10929 = CARTESIAN_POINT ( 'NONE',  ( -3.651799020035261911, 2.163045022804063855, 9.825101441731320051 ) ) ;
#10930 = CARTESIAN_POINT ( 'NONE',  ( 0.000000000000000000, 10.49999999999999822, 0.000000000000000000 ) ) ;
#10931 = EDGE_LOOP ( 'NONE', ( #4541, #1346, #8259, #2195 ) ) ;
#10932 = TOROIDAL_SURFACE ( 'NONE', #8059, 22.00000000000000000, 0.2999999999999999889 ) ;
#10933 = DIRECTION ( 'NONE',  ( -0.000000000000000000, -1.000000000000000000, -0.000000000000000000 ) ) ;
#10934 = AXIS2_PLACEMENT_3D ( 'NONE', #4547, #2075, #5569 ) ;
#10935 =( NAMED_UNIT ( * ) PLANE_ANGLE_UNIT ( ) SI_UNIT ( $, .RADIAN. ) );
#10936 = STYLED_ITEM ( 'NONE', ( #7367 ), #7664 ) ;
#10937 = SURFACE_STYLE_FILL_AREA ( #2130 ) ;
#10938 = DIRECTION ( 'NONE',  ( 0.000000000000000000, -1.000000000000000000, 0.000000000000000000 ) ) ;
#10939 = SURFACE_SIDE_STYLE ('',( #4025 ) ) ;
#10940 = CARTESIAN_POINT ( 'NONE',  ( -6.000000000000001776, -4.000000000000000000, 3.464101615137755275 ) ) ;
#10941 = PLANE ( 'NONE',  #8243 ) ;
#10942 = AXIS2_PLACEMENT_3D ( 'NONE', #7739, #4970, #9374 ) ;
#10943 = ORIENTED_EDGE ( 'NONE', *, *, #3268, .F. ) ;
#10944 = CARTESIAN_POINT ( 'NONE',  ( -12.55928435950781719, 10.53248139031239816, 18.25331861737270245 ) ) ;
#10945 = VERTEX_POINT ( 'NONE', #4461 ) ;
#10946 = AXIS2_PLACEMENT_3D ( 'NONE', #9731, #10802, #5427 ) ;
#10947 = CARTESIAN_POINT ( 'NONE',  ( 8.651889459346341127, 0.2178369010166506525, -2.974444766188782729 ) ) ;
#10948 = CARTESIAN_POINT ( 'NONE',  ( 0.000000000000000000, 6.064326197966698473, 0.000000000000000000 ) ) ;
#10949 = ORIENTED_EDGE ( 'NONE', *, *, #11165, .T. ) ;
#10950 = VECTOR ( 'NONE', #8420, 1000.000000000000000 ) ;
#10951 = PRESENTATION_LAYER_ASSIGNMENT (  '', '', ( #3129 ) ) ;
#10952 = VERTEX_POINT ( 'NONE', #1024 ) ;
#10953 = EDGE_CURVE ( 'NONE', #6856, #512, #5812, .T. ) ;
#10954 = LINE ( 'NONE', #5697, #186 ) ;
#10955 =( GEOMETRIC_REPRESENTATION_CONTEXT ( 3 ) GLOBAL_UNCERTAINTY_ASSIGNED_CONTEXT ( ( #4920 ) ) GLOBAL_UNIT_ASSIGNED_CONTEXT ( ( #1356, #7391, #2256 ) ) REPRESENTATION_CONTEXT ( 'NONE', 'WORKASPACE' ) );
#10956 = DIRECTION ( 'NONE',  ( 0.000000000000000000, 0.000000000000000000, -1.000000000000000000 ) ) ;
#10957 = CARTESIAN_POINT ( 'NONE',  ( -20.50609665440995144, -13.25000000000000178, -20.50609665440979867 ) ) ;
#10958 = ORIENTED_EDGE ( 'NONE', *, *, #10885, .T. ) ;
#10959 = VECTOR ( 'NONE', #1857, 1000.000000000000000 ) ;
#10960 = DIRECTION ( 'NONE',  ( -0.000000000000000000, -1.000000000000000000, -0.000000000000000000 ) ) ;
#10961 = AXIS2_PLACEMENT_3D ( 'NONE', #1030, #9684, #4467 ) ;
#10962 = ADVANCED_BREP_SHAPE_REPRESENTATION ( '65mmÂÖ×Ó', ( #6200, #10149, #7452 ), #1275 ) ;
#10963 = CARTESIAN_POINT ( 'NONE',  ( 0.000000000000000000, 10.49999999999999822, 0.000000000000000000 ) ) ;
#10964 = ORIENTED_EDGE ( 'NONE', *, *, #4615, .T. ) ;
#10965 = CARTESIAN_POINT ( 'NONE',  ( -21.74353352148641250, -13.25000000000000178, -21.49353352148625618 ) ) ;
#10966 = EDGE_LOOP ( 'NONE', ( #5479, #6130, #4596, #3056 ) ) ;
#10967 = EDGE_CURVE ( 'NONE', #5165, #9274, #5424, .T. ) ;
#10968 = COLOUR_RGB ( '',0.1529411764705882470, 0.4901960784313725283, 1.000000000000000000 ) ;
#10969 = CARTESIAN_POINT ( 'NONE',  ( 9.600069561505076621, 10.49999999999999822, 20.12780823672224173 ) ) ;
#10970 = DIRECTION ( 'NONE',  ( -0.000000000000000000, 1.000000000000000000, -0.000000000000000000 ) ) ;
#10971 = VERTEX_POINT ( 'NONE', #9515 ) ;
#10972 = DIRECTION ( 'NONE',  ( 0.000000000000000000, 0.000000000000000000, 1.000000000000000000 ) ) ;
#10973 = CARTESIAN_POINT ( 'NONE',  ( 0.000000000000000000, 1.499999999999999556, 0.000000000000000000 ) ) ;
#10974 = SURFACE_STYLE_USAGE ( .BOTH. , #4062 ) ;
#10975 = ORIENTED_EDGE ( 'NONE', *, *, #2098, .F. ) ;
#10976 = CARTESIAN_POINT ( 'NONE',  ( 9.600069561505089055, 10.80000000000000071, -20.12780823672223818 ) ) ;
#10977 = STYLED_ITEM ( 'NONE', ( #5079 ), #4180 ) ;
#10978 = CARTESIAN_POINT ( 'NONE',  ( 1.749999999999998446, 6.347063136999495647, -13.31894628968451322 ) ) ;
#10979 = ADVANCED_FACE ( 'NONE', ( #10468 ), #1884, .T. ) ;
#10980 = EDGE_CURVE ( 'NONE', #1691, #1790, #4923, .T. ) ;
#10981 = PRESENTATION_STYLE_ASSIGNMENT (( #5774 ) ) ;
#10982 = CARTESIAN_POINT ( 'NONE',  ( 5.575738322545900516, 10.34702362053678115, -13.15746206435833265 ) ) ;
#10983 = DIRECTION ( 'NONE',  ( 0.000000000000000000, 0.000000000000000000, 1.000000000000000000 ) ) ;
#10984 = CARTESIAN_POINT ( 'NONE',  ( -21.74353352148638407, 13.54999999999999893, 21.74353352148629170 ) ) ;
#10985 = COLOUR_RGB ( '',0.1529411764705882470, 0.4901960784313725283, 1.000000000000000000 ) ;
#10986 = PRESENTATION_STYLE_ASSIGNMENT (( #5558 ) ) ;
#10987 = DIRECTION ( 'NONE',  ( -1.000000000000000000, 0.000000000000000000, 0.000000000000000000 ) ) ;
#10988 = ORIENTED_EDGE ( 'NONE', *, *, #7621, .T. ) ;
#10989 = PRESENTATION_STYLE_ASSIGNMENT (( #11214 ) ) ;
#10990 = DIRECTION ( 'NONE',  ( -0.000000000000000000, 1.000000000000000000, -0.000000000000000000 ) ) ;
#10991 = FILL_AREA_STYLE_COLOUR ( '', #7066 ) ;
#10992 = COLOUR_RGB ( '',0.1529411764705882470, 0.4901960784313725283, 1.000000000000000000 ) ;
#10993 = B_SPLINE_CURVE_WITH_KNOTS ( 'NONE', 3,
 ( #8738, #3544, #1095, #5446 ),
 .UNSPECIFIED., .F., .F.,
 ( 4, 4 ),
 ( 0.0005294582654890437386, 0.007640805118562055652 ),
 .UNSPECIFIED. ) ;
#10994 = DIRECTION ( 'NONE',  ( 0.000000000000000000, 0.000000000000000000, 1.000000000000000000 ) ) ;
#10995 = EDGE_CURVE ( 'NONE', #7095, #6461, #6906, .T. ) ;
#10996 = ADVANCED_FACE ( 'NONE', ( #10576 ), #4540, .F. ) ;
#10997 = CARTESIAN_POINT ( 'NONE',  ( 13.48570242259076757, 10.49017815798892173, -5.765247981730240667 ) ) ;
#10998 = LINE ( 'NONE', #11055, #1333 ) ;
#10999 = FILL_AREA_STYLE ('',( #4956 ) ) ;
#11000 = SURFACE_STYLE_USAGE ( .BOTH. , #7564 ) ;
#11001 = CIRCLE ( 'NONE', #3547, 13.14541852518598830 ) ;
#11002 = DIRECTION ( 'NONE',  ( -3.552713678800500929E-15, 0.000000000000000000, -1.000000000000000000 ) ) ;
#11003 = CARTESIAN_POINT ( 'NONE',  ( 9.600069561505076621, -18.21991441758264685, 20.12780823672224173 ) ) ;
#11004 = EDGE_LOOP ( 'NONE', ( #8352, #4279, #2684, #1468 ) ) ;
#11005 = ORIENTED_EDGE ( 'NONE', *, *, #4343, .F. ) ;
#11006 = DIRECTION ( 'NONE',  ( -4.440892098500626162E-15, 0.000000000000000000, -1.000000000000000000 ) ) ;
#11007 = FILL_AREA_STYLE ('',( #2318 ) ) ;
#11008 = ORIENTED_EDGE ( 'NONE', *, *, #10813, .F. ) ;
#11009 = PRESENTATION_LAYER_ASSIGNMENT (  '', '', ( #4677 ) ) ;
#11010 = ORIENTED_EDGE ( 'NONE', *, *, #2734, .T. ) ;
#11011 = ORIENTED_EDGE ( 'NONE', *, *, #1889, .T. ) ;
#11012 =( NAMED_UNIT ( * ) PLANE_ANGLE_UNIT ( ) SI_UNIT ( $, .RADIAN. ) );
#11013 = DIRECTION ( 'NONE',  ( -0.000000000000000000, 1.000000000000000000, -0.000000000000000000 ) ) ;
#11014 = CARTESIAN_POINT ( 'NONE',  ( 22.98097038856275276, -13.15000000000000213, -22.98097038856284513 ) ) ;
#11015 = FILL_AREA_STYLE ('',( #3215 ) ) ;
#11016 = DIRECTION ( 'NONE',  ( 0.000000000000000000, 0.000000000000000000, 1.000000000000000000 ) ) ;
#11017 = UNCERTAINTY_MEASURE_WITH_UNIT (LENGTH_MEASURE( 1.000000000000000082E-05 ), #5033, 'distance_accuracy_value', 'NONE');
#11018 = ORIENTED_EDGE ( 'NONE', *, *, #7089, .F. ) ;
#11019 =( NAMED_UNIT ( * ) SI_UNIT ( $, .STERADIAN. ) SOLID_ANGLE_UNIT ( ) );
#11020 = AXIS2_PLACEMENT_3D ( 'NONE', #8136, #10792, #8038 ) ;
#11021 = CARTESIAN_POINT ( 'NONE',  ( 8.461742538715574469, 10.06432619796669847, 11.15616799762221945 ) ) ;
#11022 = EDGE_CURVE ( 'NONE', #10176, #6963, #6162, .T. ) ;
#11023 = CARTESIAN_POINT ( 'NONE',  ( 21.56675682618975642, 13.44999999999999929, -21.56675682618964274 ) ) ;
#11024 = FILL_AREA_STYLE_COLOUR ( '', #10985 ) ;
#11025 = B_SPLINE_CURVE_WITH_KNOTS ( 'NONE', 3,
 ( #4270, #5970, #7909, #1636 ),
 .UNSPECIFIED., .F., .F.,
 ( 4, 4 ),
 ( 3.794707603699265519E-19, 0.0004899835000143452912 ),
 .UNSPECIFIED. ) ;
#11026 = CARTESIAN_POINT ( 'NONE',  ( -21.56675682618974577, -13.15000000000000213, 21.56675682618965340 ) ) ;
#11027 = CARTESIAN_POINT ( 'NONE',  ( 0.000000000000000000, 1.499999999999999556, 0.000000000000000000 ) ) ;
#11028 = EDGE_LOOP ( 'NONE', ( #3868, #1145, #5425, #9706, #4064, #10226, #3403, #6539, #5448, #10344, #9943 ) ) ;
#11029 = VECTOR ( 'NONE', #7570, 1000.000000000000000 ) ;
#11030 = AXIS2_PLACEMENT_3D ( 'NONE', #5405, #5359, #10717 ) ;
#11031 = CARTESIAN_POINT ( 'NONE',  ( -12.53429375639688992, 6.422318986420134657, -5.215951932193910068 ) ) ;
#11032 = CARTESIAN_POINT ( 'NONE',  ( 14.72410497215833303, 10.49999999999999822, 1.749999999999589217 ) ) ;
#11033 = UNCERTAINTY_MEASURE_WITH_UNIT (LENGTH_MEASURE( 1.000000000000000082E-05 ), #6482, 'distance_accuracy_value', 'NONE');
#11034 = VERTEX_POINT ( 'NONE', #4632 ) ;
#11035 = ADVANCED_FACE ( 'NONE', ( #4739 ), #10868, .T. ) ;
#11036 = DIRECTION ( 'NONE',  ( 2.886435467346899896E-16, -0.000000000000000000, 1.000000000000000000 ) ) ;
#11037 = VECTOR ( 'NONE', #4356, 1000.000000000000000 ) ;
#11038 = CARTESIAN_POINT ( 'NONE',  ( 22.30000000000000071, 6.499999999999999112, 0.000000000000000000 ) ) ;
#11039 = AXIS2_PLACEMENT_3D ( 'NONE', #595, #8730, #4584 ) ;
#11040 = SURFACE_STYLE_USAGE ( .BOTH. , #7595 ) ;
#11041 = AXIS2_PLACEMENT_3D ( 'NONE', #15, #9541, #6992 ) ;
#11042 = ORIENTED_EDGE ( 'NONE', *, *, #11216, .F. ) ;
#11043 = STYLED_ITEM ( 'NONE', ( #10347 ), #9935 ) ;
#11044 = CARTESIAN_POINT ( 'NONE',  ( -12.63115847475036801, 6.499999999999999112, -18.37780823672240516 ) ) ;
#11045 = DIRECTION ( 'NONE',  ( -0.000000000000000000, 1.000000000000000000, -0.000000000000000000 ) ) ;
#11046 = B_SPLINE_CURVE_WITH_KNOTS ( 'NONE', 3,
 ( #1479, #9321, #4857, #8307, #11071, #7457, #8363, #4153 ),
 .UNSPECIFIED., .F., .F.,
 ( 4, 2, 2, 4 ),
 ( 0.000000000000000000, 0.0002427953948744157402, 0.0004855907897488314804, 0.0009711815794976705503 ),
 .UNSPECIFIED. ) ;
#11047 = CARTESIAN_POINT ( 'NONE',  ( -1.750000000000000666, 0.000000000000000000, -8.559059450933345303 ) ) ;
#11048 = DIRECTION ( 'NONE',  ( -0.000000000000000000, -1.000000000000000000, -0.000000000000000000 ) ) ;
#11049 = ORIENTED_EDGE ( 'NONE', *, *, #6993, .T. ) ;
#11050 = EDGE_CURVE ( 'NONE', #3050, #5718, #3810, .T. ) ;
#11051 =( NAMED_UNIT ( * ) SI_UNIT ( $, .STERADIAN. ) SOLID_ANGLE_UNIT ( ) );
#11052 = ADVANCED_FACE ( 'NONE', ( #2988 ), #5540, .T. ) ;
#11053 = AXIS2_PLACEMENT_3D ( 'NONE', #4645, #2888, #3946 ) ;
#11054 = LINE ( 'NONE', #10427, #3657 ) ;
#11055 = CARTESIAN_POINT ( 'NONE',  ( -6.000000000000001776, -4.000000000000000000, -3.464101615137754386 ) ) ;
#11056 = AXIS2_PLACEMENT_3D ( 'NONE', #855, #1722, #3465 ) ;
#11057 = CARTESIAN_POINT ( 'NONE',  ( 9.600069561505076621, 10.80000000000000071, 20.12780823672224173 ) ) ;
#11058 = CARTESIAN_POINT ( 'NONE',  ( 22.23122803625593491, -18.21991441758264685, 1.749999999999587885 ) ) ;
#11059 = VERTEX_POINT ( 'NONE', #10798 ) ;
#11060 = EDGE_CURVE ( 'NONE', #5708, #17, #10558, .T. ) ;
#11061 = ORIENTED_EDGE ( 'NONE', *, *, #5397, .F. ) ;
#11062 = CARTESIAN_POINT ( 'NONE',  ( -22.80419369326642709, 13.54999999999999893, 22.80419369326633827 ) ) ;
#11063 = ORIENTED_EDGE ( 'NONE', *, *, #8444, .F. ) ;
#11064 = ORIENTED_EDGE ( 'NONE', *, *, #2213, .T. ) ;
#11065 = ORIENTED_EDGE ( 'NONE', *, *, #773, .F. ) ;
#11066 = CARTESIAN_POINT ( 'NONE',  ( 2.463294286165494729, 1.499999999999996225, 7.766550857632738669 ) ) ;
#11067 = FACE_OUTER_BOUND ( 'NONE', #6990, .T. ) ;
#11068 =( NAMED_UNIT ( * ) SI_UNIT ( $, .STERADIAN. ) SOLID_ANGLE_UNIT ( ) );
#11069 = VECTOR ( 'NONE', #7906, 1000.000000000000000 ) ;
#11070 = CARTESIAN_POINT ( 'NONE',  ( 9.600069561505089055, 10.49999999999999822, -20.12780823672223818 ) ) ;
#11071 = CARTESIAN_POINT ( 'NONE',  ( -13.15746206435833976, 10.34702362053678115, -5.575738322545882752 ) ) ;
#11072 = ORIENTED_EDGE ( 'NONE', *, *, #7161, .F. ) ;
#11073 = DIRECTION ( 'NONE',  ( -0.000000000000000000, 1.000000000000000000, -0.000000000000000000 ) ) ;
#11074 = CARTESIAN_POINT ( 'NONE',  ( 8.485033759399049913, 10.13193726329756750, 11.19650957521630019 ) ) ;
#11075 = EDGE_CURVE ( 'NONE', #1485, #4747, #1972, .T. ) ;
#11076 = CARTESIAN_POINT ( 'NONE',  ( 11.15616799762228517, 10.06432619796679617, 8.461742538715599338 ) ) ;
#11077 = AXIS2_PLACEMENT_3D ( 'NONE', #10736, #10799, #7139 ) ;
#11078 = DIRECTION ( 'NONE',  ( 0.000000000000000000, -1.000000000000000000, 0.000000000000000000 ) ) ;
#11079 = ORIENTED_EDGE ( 'NONE', *, *, #5434, .F. ) ;
#11080 = CONICAL_SURFACE ( 'NONE', #8013, 23.80000000000000071, 0.7853981633974460586 ) ;
#11081 = CARTESIAN_POINT ( 'NONE',  ( 5.958180016534213586, 0.08184789799993438808, 6.819870509278819881 ) ) ;
#11082 = DIRECTION ( 'NONE',  ( -0.000000000000000000, -1.000000000000000000, -0.000000000000000000 ) ) ;
#11083 = COLOUR_RGB ( '',0.1529411764705882470, 0.4901960784313725283, 1.000000000000000000 ) ;
#11084 =( NAMED_UNIT ( * ) PLANE_ANGLE_UNIT ( ) SI_UNIT ( $, .RADIAN. ) );
#11085 = SURFACE_STYLE_USAGE ( .BOTH. , #10174 ) ;
#11086 = DIRECTION ( 'NONE',  ( 0.5000000000000006661, 0.000000000000000000, 0.8660254037844383745 ) ) ;
#11087 = ORIENTED_EDGE ( 'NONE', *, *, #179, .T. ) ;
#11088 = VECTOR ( 'NONE', #10036, 1000.000000000000000 ) ;
#11089 = VERTEX_POINT ( 'NONE', #5480 ) ;
#11090 = CARTESIAN_POINT ( 'NONE',  ( 21.74353352148639118, 13.54999999999999893, -21.74353352148628460 ) ) ;
#11091 = MECHANICAL_DESIGN_GEOMETRIC_PRESENTATION_REPRESENTATION (  '', ( #2561 ), #6773 ) ;
#11092 = AXIS2_PLACEMENT_3D ( 'NONE', #4936, #5824, #10346 ) ;
#11093 = PRESENTATION_STYLE_ASSIGNMENT (( #2352 ) ) ;
#11094 = EDGE_CURVE ( 'NONE', #6711, #2093, #9776, .T. ) ;
#11095 = EDGE_LOOP ( 'NONE', ( #2035, #6549, #10949, #396 ) ) ;
#11096 = DIRECTION ( 'NONE',  ( 0.000000000000000000, -1.000000000000000000, 0.000000000000000000 ) ) ;
#11097 = PLANE ( 'NONE',  #7891 ) ;
#11098 = SURFACE_SIDE_STYLE ('',( #3355 ) ) ;
#11099 = CARTESIAN_POINT ( 'NONE',  ( 12.99311863960185498, 10.19249530351371469, 5.480854602023177868 ) ) ;
#11100 = ORIENTED_EDGE ( 'NONE', *, *, #9345, .F. ) ;
#11101 = SURFACE_STYLE_USAGE ( .BOTH. , #7776 ) ;
#11102 = CARTESIAN_POINT ( 'NONE',  ( -8.287362917009536645, 0.000000000000000000, -2.763985268843986987 ) ) ;
#11103 = AXIS2_PLACEMENT_3D ( 'NONE', #7282, #6300, #8073 ) ;
#11104 =( GEOMETRIC_REPRESENTATION_CONTEXT ( 3 ) GLOBAL_UNCERTAINTY_ASSIGNED_CONTEXT ( ( #322 ) ) GLOBAL_UNIT_ASSIGNED_CONTEXT ( ( #643, #2229, #107 ) ) REPRESENTATION_CONTEXT ( 'NONE', 'WORKASPACE' ) );
#11105 = CARTESIAN_POINT ( 'NONE',  ( -13.48570242259074980, 10.49017815798892173, 5.765247981730277083 ) ) ;
#11106 = CIRCLE ( 'NONE', #3669, 32.50000000000000000 ) ;
#11107 = EDGE_CURVE ( 'NONE', #7608, #5889, #1607, .T. ) ;
#11108 = PRESENTATION_LAYER_ASSIGNMENT (  '', '', ( #8583 ) ) ;
#11109 = DIRECTION ( 'NONE',  ( 0.000000000000000000, 0.000000000000000000, -1.000000000000000000 ) ) ;
#11110 = CIRCLE ( 'NONE', #2741, 0.2500000000000002220 ) ;
#11111 = CARTESIAN_POINT ( 'NONE',  ( 0.000000000000000000, 13.44999999999999929, 0.000000000000000000 ) ) ;
#11112 = DIRECTION ( 'NONE',  ( -0.000000000000000000, 1.000000000000000000, -0.000000000000000000 ) ) ;
#11113 = ORIENTED_EDGE ( 'NONE', *, *, #9772, .T. ) ;
#11114 = VERTEX_POINT ( 'NONE', #9046 ) ;
#11115 =( NAMED_UNIT ( * ) SI_UNIT ( $, .STERADIAN. ) SOLID_ANGLE_UNIT ( ) );
#11116 = STYLED_ITEM ( 'NONE', ( #3619 ), #2151 ) ;
#11117 = FILL_AREA_STYLE ('',( #661 ) ) ;
#11118 = DIRECTION ( 'NONE',  ( -0.8660254037844382635, 0.000000000000000000, 0.5000000000000005551 ) ) ;
#11119 = PRESENTATION_LAYER_ASSIGNMENT (  '', '', ( #4227 ) ) ;
#11120 = VERTEX_POINT ( 'NONE', #3872 ) ;
#11121 = COLOUR_RGB ( '',0.1529411764705882470, 0.4901960784313725283, 1.000000000000000000 ) ;
#11122 = ORIENTED_EDGE ( 'NONE', *, *, #3047, .T. ) ;
#11123 = CARTESIAN_POINT ( 'NONE',  ( 0.000000000000000000, -13.25000000000000178, 0.000000000000000000 ) ) ;
#11124 = SURFACE_STYLE_FILL_AREA ( #2434 ) ;
#11125 = ADVANCED_FACE ( 'NONE', ( #6372 ), #7362, .T. ) ;
#11126 = EDGE_CURVE ( 'NONE', #10513, #3381, #8890, .T. ) ;
#11127 = AXIS2_PLACEMENT_3D ( 'NONE', #5641, #5695, #1309 ) ;
#11128 = CARTESIAN_POINT ( 'NONE',  ( 0.000000000000000000, -4.000000000000000000, 8.000000000000000000 ) ) ;
#11129 = CARTESIAN_POINT ( 'NONE',  ( 0.000000000000000000, -0.2000000000000000944, 0.000000000000000000 ) ) ;
#11130 = VECTOR ( 'NONE', #7707, 1000.000000000000000 ) ;
#11131 = DIRECTION ( 'NONE',  ( 0.000000000000000000, 0.000000000000000000, 1.000000000000000000 ) ) ;
#11132 = CARTESIAN_POINT ( 'NONE',  ( -12.15793606078342926, 6.064326197966698473, 4.998661715319890675 ) ) ;
#11133 = UNCERTAINTY_MEASURE_WITH_UNIT (LENGTH_MEASURE( 1.000000000000000082E-05 ), #5118, 'distance_accuracy_value', 'NONE');
#11134 = STYLED_ITEM ( 'NONE', ( #3054 ), #7784 ) ;
#11135 = VERTEX_POINT ( 'NONE', #6616 ) ;
#11136 = PRESENTATION_STYLE_ASSIGNMENT (( #6841 ) ) ;
#11137 =( GEOMETRIC_REPRESENTATION_CONTEXT ( 3 ) GLOBAL_UNCERTAINTY_ASSIGNED_CONTEXT ( ( #3520 ) ) GLOBAL_UNIT_ASSIGNED_CONTEXT ( ( #8, #8737, #7942 ) ) REPRESENTATION_CONTEXT ( 'NONE', 'WORKASPACE' ) );
#11138 = FACE_BOUND ( 'NONE', #8181, .T. ) ;
#11139 = AXIS2_PLACEMENT_3D ( 'NONE', #4520, #8201, #2162 ) ;
#11140 = ORIENTED_EDGE ( 'NONE', *, *, #8266, .T. ) ;
#11141 =( LENGTH_UNIT ( ) NAMED_UNIT ( * ) SI_UNIT ( .MILLI., .METRE. ) );
#11142 = DIRECTION ( 'NONE',  ( 0.000000000000000000, 0.000000000000000000, 1.000000000000000000 ) ) ;
#11143 = EDGE_CURVE ( 'NONE', #10734, #2873, #6344, .T. ) ;
#11144 = FILL_AREA_STYLE ('',( #2451 ) ) ;
#11145 = UNCERTAINTY_MEASURE_WITH_UNIT (LENGTH_MEASURE( 1.000000000000000082E-05 ), #2437, 'distance_accuracy_value', 'NONE');
#11146 = COLOUR_RGB ( '',0.1529411764705882470, 0.4901960784313725283, 1.000000000000000000 ) ;
#11147 = CARTESIAN_POINT ( 'NONE',  ( 20.50609665440994789, 13.54999999999999893, 20.50609665440980578 ) ) ;
#11148 = STYLED_ITEM ( 'NONE', ( #6354 ), #8240 ) ;
#11149 = ORIENTED_EDGE ( 'NONE', *, *, #7419, .T. ) ;
#11150 = SURFACE_SIDE_STYLE ('',( #5101 ) ) ;
#11151 = DIRECTION ( 'NONE',  ( 0.4999999999999995559, 0.000000000000000000, -0.8660254037844389297 ) ) ;
#11152 = EDGE_LOOP ( 'NONE', ( #9259, #6478, #8755, #9308 ) ) ;
#11153 = PRESENTATION_LAYER_ASSIGNMENT (  '', '', ( #9164 ) ) ;
#11154 = COLOUR_RGB ( '',0.1529411764705882470, 0.4901960784313725283, 1.000000000000000000 ) ;
#11155 = DIRECTION ( 'NONE',  ( -0.000000000000000000, -1.000000000000000000, -0.000000000000000000 ) ) ;
#11156 = CARTESIAN_POINT ( 'NONE',  ( 21.56675682618975642, -13.15000000000000213, -21.56675682618964274 ) ) ;
#11157 = CARTESIAN_POINT ( 'NONE',  ( -5.877901182310571571, 2.099526288648328153E-19, -6.680823489631306344 ) ) ;
#11158 = ORIENTED_EDGE ( 'NONE', *, *, #6401, .F. ) ;
#11159 = AXIS2_PLACEMENT_3D ( 'NONE', #9677, #3093, #9036 ) ;
#11160 = CARTESIAN_POINT ( 'NONE',  ( 12.63115847475062026, 10.49999999999999822, -18.37780823672223462 ) ) ;
#11161 = CARTESIAN_POINT ( 'NONE',  ( -6.000000000000001776, -0.2000000000000000944, -3.464101615137754386 ) ) ;
#11162 = ORIENTED_EDGE ( 'NONE', *, *, #5235, .F. ) ;
#11163 = CARTESIAN_POINT ( 'NONE',  ( 0.000000000000000000, 13.54999999999999893, 0.000000000000000000 ) ) ;
#11164 = DIRECTION ( 'NONE',  ( 0.000000000000000000, 0.000000000000000000, -1.000000000000000000 ) ) ;
#11165 = EDGE_CURVE ( 'NONE', #3855, #8325, #10499, .T. ) ;
#11166 = MECHANICAL_DESIGN_GEOMETRIC_PRESENTATION_REPRESENTATION (  '', ( #3345 ), #10620 ) ;
#11167 = DIRECTION ( 'NONE',  ( -0.000000000000000000, 1.000000000000000000, 0.000000000000000000 ) ) ;
#11168 = CARTESIAN_POINT ( 'NONE',  ( 11.12892169252492813, 6.499999999999999112, -8.446011877133186019 ) ) ;
#11169 = SURFACE_STYLE_USAGE ( .BOTH. , #7501 ) ;
#11170 = ORIENTED_EDGE ( 'NONE', *, *, #4111, .F. ) ;
#11171 = VECTOR ( 'NONE', #10317, 1000.000000000000000 ) ;
#11172 = AXIS2_PLACEMENT_3D ( 'NONE', #2951, #6444, #2177 ) ;
#11173 = ORIENTED_EDGE ( 'NONE', *, *, #2486, .T. ) ;
#11174 = EDGE_CURVE ( 'NONE', #6187, #3260, #8711, .T. ) ;
#11175 = DIRECTION ( 'NONE',  ( 0.000000000000000000, -1.000000000000000000, 0.000000000000000000 ) ) ;
#11176 = EDGE_LOOP ( 'NONE', ( #10329, #7860, #9148, #2596, #7003 ) ) ;
#11177 = ORIENTED_EDGE ( 'NONE', *, *, #3731, .F. ) ;
#11178 = ORIENTED_EDGE ( 'NONE', *, *, #4247, .F. ) ;
#11179 = DIRECTION ( 'NONE',  ( -0.000000000000000000, 1.000000000000000000, -0.000000000000000000 ) ) ;
#11180 =( NAMED_UNIT ( * ) SI_UNIT ( $, .STERADIAN. ) SOLID_ANGLE_UNIT ( ) );
#11181 = AXIS2_PLACEMENT_3D ( 'NONE', #1831, #2672, #8839 ) ;
#11182 = DIRECTION ( 'NONE',  ( -0.000000000000000000, -1.000000000000000000, -0.000000000000000000 ) ) ;
#11183 = CARTESIAN_POINT ( 'NONE',  ( 8.446011877133223322, 6.499999999999999112, -11.12892169252489794 ) ) ;
#11184 = CARTESIAN_POINT ( 'NONE',  ( 22.23122803625593491, -18.21991441758264685, 1.749999999999587885 ) ) ;
#11185 = CARTESIAN_POINT ( 'NONE',  ( 1.749999999999997113, 6.499999999999999112, -22.23122803625566846 ) ) ;
#11186 = ORIENTED_EDGE ( 'NONE', *, *, #4862, .F. ) ;
#11187 = B_SPLINE_CURVE_WITH_KNOTS ( 'NONE', 3,
 ( #9446, #7810, #5150, #845, #5313, #4510, #3454, #11254 ),
 .UNSPECIFIED., .F., .F.,
 ( 4, 2, 2, 4 ),
 ( 0.000000000000000000, 0.0002427981594783695449, 0.0004855963189567390897, 0.0009711926379134736258 ),
 .UNSPECIFIED. ) ;
#11188 = ADVANCED_FACE ( 'NONE', ( #2498 ), #5928, .T. ) ;
#11189 = CARTESIAN_POINT ( 'NONE',  ( -21.93028727582018789, 10.49999999999999822, -1.749999999999727329 ) ) ;
#11190 = CARTESIAN_POINT ( 'NONE',  ( -7.957677485576110321, -18.21991441758264685, -1.749999999999731548 ) ) ;
#11191 = CIRCLE ( 'NONE', #5941, 28.99999999999999645 ) ;
#11192 = ADVANCED_FACE ( 'NONE', ( #9444 ), #3420, .T. ) ;
#11193 = PRESENTATION_STYLE_ASSIGNMENT (( #5145 ) ) ;
#11194 = VERTEX_POINT ( 'NONE', #1489 ) ;
#11195 = CARTESIAN_POINT ( 'NONE',  ( 12.59608989951218838, 6.459664993593750459, -5.251629952056361184 ) ) ;
#11196 = CARTESIAN_POINT ( 'NONE',  ( 0.000000000000000000, 13.44999999999999929, -32.00000000000000000 ) ) ;
#11197 = DIRECTION ( 'NONE',  ( -0.000000000000000000, 1.000000000000000000, -0.000000000000000000 ) ) ;
#11198 = ORIENTED_EDGE ( 'NONE', *, *, #6483, .T. ) ;
#11199 = CYLINDRICAL_SURFACE ( 'NONE', #11092, 0.2500000000000002220 ) ;
#11200 = CARTESIAN_POINT ( 'NONE',  ( -22.98097038856288066, -13.25000000000000178, -22.98097038856270657 ) ) ;
#11201 = EDGE_CURVE ( 'NONE', #6426, #2579, #10275, .T. ) ;
#11202 = EDGE_CURVE ( 'NONE', #11203, #5092, #5965, .T. ) ;
#11203 = VERTEX_POINT ( 'NONE', #1647 ) ;
#11204 =( GEOMETRIC_REPRESENTATION_CONTEXT ( 3 ) GLOBAL_UNCERTAINTY_ASSIGNED_CONTEXT ( ( #5834 ) ) GLOBAL_UNIT_ASSIGNED_CONTEXT ( ( #9707, #147, #1917 ) ) REPRESENTATION_CONTEXT ( 'NONE', 'WORKASPACE' ) );
#11205 =( NAMED_UNIT ( * ) PLANE_ANGLE_UNIT ( ) SI_UNIT ( $, .RADIAN. ) );
#11206 = CARTESIAN_POINT ( 'NONE',  ( -1.749999999999996669, 6.347063136999495647, 13.31894628968451322 ) ) ;
#11207 = CARTESIAN_POINT ( 'NONE',  ( -10.49500907771210656, 6.192532590100031875, -8.080022258328517282 ) ) ;
#11208 = EDGE_LOOP ( 'NONE', ( #472, #8358, #1882, #8503 ) ) ;
#11209 = AXIS2_PLACEMENT_3D ( 'NONE', #7450, #7619, #5912 ) ;
#11210 = MECHANICAL_DESIGN_GEOMETRIC_PRESENTATION_REPRESENTATION (  '', ( #9758 ), #7788 ) ;
#11211 = CARTESIAN_POINT ( 'NONE',  ( 0.000000000000000000, 0.000000000000000000, 0.000000000000000000 ) ) ;
#11212 = ORIENTED_EDGE ( 'NONE', *, *, #6615, .T. ) ;
#11213 = DIRECTION ( 'NONE',  ( 0.000000000000000000, 0.000000000000000000, 1.000000000000000000 ) ) ;
#11214 = SURFACE_STYLE_USAGE ( .BOTH. , #696 ) ;
#11215 = DIRECTION ( 'NONE',  ( 0.000000000000000000, 0.000000000000000000, 1.000000000000000000 ) ) ;
#11216 = EDGE_CURVE ( 'NONE', #7887, #3644, #11235, .T. ) ;
#11217 =( GEOMETRIC_REPRESENTATION_CONTEXT ( 3 ) GLOBAL_UNCERTAINTY_ASSIGNED_CONTEXT ( ( #8088 ) ) GLOBAL_UNIT_ASSIGNED_CONTEXT ( ( #8418, #11012, #6832 ) ) REPRESENTATION_CONTEXT ( 'NONE', 'WORKASPACE' ) );
#11218 = CARTESIAN_POINT ( 'NONE',  ( -12.98685175411944570, 10.19954933640122618, 5.477236414002945253 ) ) ;
#11219 = AXIS2_PLACEMENT_3D ( 'NONE', #2956, #4542, #9801 ) ;
#11220 =( GEOMETRIC_REPRESENTATION_CONTEXT ( 3 ) GLOBAL_UNCERTAINTY_ASSIGNED_CONTEXT ( ( #6167 ) ) GLOBAL_UNIT_ASSIGNED_CONTEXT ( ( #7982, #2610, #3401 ) ) REPRESENTATION_CONTEXT ( 'NONE', 'WORKASPACE' ) );
#11221 = CARTESIAN_POINT ( 'NONE',  ( 22.23122803625593491, 10.49999999999999822, 1.749999999999587885 ) ) ;
#11222 = AXIS2_PLACEMENT_3D ( 'NONE', #6775, #7103, #4434 ) ;
#11223 = LINE ( 'NONE', #2729, #976 ) ;
#11224 =( NAMED_UNIT ( * ) PLANE_ANGLE_UNIT ( ) SI_UNIT ( $, .RADIAN. ) );
#11225 = ORIENTED_EDGE ( 'NONE', *, *, #11075, .T. ) ;
#11226 = MECHANICAL_DESIGN_GEOMETRIC_PRESENTATION_REPRESENTATION (  '', ( #4348 ), #873 ) ;
#11227 = EDGE_LOOP ( 'NONE', ( #1076, #11177, #10039, #5538 ) ) ;
#11228 = CARTESIAN_POINT ( 'NONE',  ( 8.657691839212792684E-16, -0.2000000000000000944, 6.928203230275513214 ) ) ;
#11229 = CARTESIAN_POINT ( 'NONE',  ( 0.000000000000000000, 10.80000000000000071, 0.000000000000000000 ) ) ;
#11230 = CARTESIAN_POINT ( 'NONE',  ( 11.12892169252492813, 6.499999999999999112, -8.446011877133186019 ) ) ;
#11231 = ORIENTED_EDGE ( 'NONE', *, *, #4982, .T. ) ;
#11232 = VERTEX_POINT ( 'NONE', #7638 ) ;
#11233 = ORIENTED_EDGE ( 'NONE', *, *, #126, .T. ) ;
#11234 = LINE ( 'NONE', #10382, #5800 ) ;
#11235 = CIRCLE ( 'NONE', #1618, 13.97097042681812873 ) ;
#11236 = LINE ( 'NONE', #3435, #6996 ) ;
#11237 = SURFACE_STYLE_USAGE ( .BOTH. , #1634 ) ;
#11238 = EDGE_CURVE ( 'NONE', #4172, #1009, #7990, .T. ) ;
#11239 = PRESENTATION_STYLE_ASSIGNMENT (( #6021 ) ) ;
#11240 = CARTESIAN_POINT ( 'NONE',  ( -8.979978445623086003, 0.2178369010166484321, 1.750000000000268674 ) ) ;
#11241 = CARTESIAN_POINT ( 'NONE',  ( 0.000000000000000000, 10.80000000000000071, 0.000000000000000000 ) ) ;
#11242 = AXIS2_PLACEMENT_3D ( 'NONE', #5131, #2433, #3322 ) ;
#11243 = ORIENTED_EDGE ( 'NONE', *, *, #5228, .F. ) ;
#11244 = SURFACE_STYLE_FILL_AREA ( #10274 ) ;
#11245 =( NAMED_UNIT ( * ) PLANE_ANGLE_UNIT ( ) SI_UNIT ( $, .RADIAN. ) );
#11246 = CIRCLE ( 'NONE', #1458, 30.50000000000000000 ) ;
#11247 =( NAMED_UNIT ( * ) PLANE_ANGLE_UNIT ( ) SI_UNIT ( $, .RADIAN. ) );
#11248 = ORIENTED_EDGE ( 'NONE', *, *, #3110, .F. ) ;
#11249 = FILL_AREA_STYLE_COLOUR ( '', #405 ) ;
#11250 = CARTESIAN_POINT ( 'NONE',  ( -20.12780823672202857, 0.000000000000000000, -9.600069561504790627 ) ) ;
#11251 =( NAMED_UNIT ( * ) SI_UNIT ( $, .STERADIAN. ) SOLID_ANGLE_UNIT ( ) );
#11252 = DIRECTION ( 'NONE',  ( 0.000000000000000000, 0.000000000000000000, -1.000000000000000000 ) ) ;
#11253 = ADVANCED_FACE ( 'NONE', ( #5815 ), #564, .T. ) ;
#11254 = CARTESIAN_POINT ( 'NONE',  ( 1.749999999999998224, 10.06432619796670025, -13.89239616418560352 ) ) ;
#11255 = SURFACE_STYLE_USAGE ( .BOTH. , #4335 ) ;
#11256 = EDGE_CURVE ( 'NONE', #2987, #6829, #2524, .T. ) ;
#11257 = UNCERTAINTY_MEASURE_WITH_UNIT (LENGTH_MEASURE( 1.000000000000000082E-05 ), #2011, 'distance_accuracy_value', 'NONE');
#11258 = SURFACE_STYLE_FILL_AREA ( #4337 ) ;
#11259 = ORIENTED_EDGE ( 'NONE', *, *, #8846, .F. ) ;
#11260 = AXIS2_PLACEMENT_3D ( 'NONE', #8655, #8764, #8602 ) ;
#11261 = SURFACE_SIDE_STYLE ('',( #7816 ) ) ;
#11262 = ORIENTED_EDGE ( 'NONE', *, *, #251, .T. ) ;
#11263 = B_SPLINE_CURVE_WITH_KNOTS ( 'NONE', 3,
 ( #801, #7770, #11207, #3531, #2667, #4233, #9518, #857 ),
 .UNSPECIFIED., .F., .F.,
 ( 4, 2, 2, 4 ),
 ( 0.000000000000000000, 0.0002429683717504898567, 0.0004859367435009797134, 0.0009718734870019559574 ),
 .UNSPECIFIED. ) ;
#11264 = CARTESIAN_POINT ( 'NONE',  ( -1.749999999999997780, 6.499999999999999112, 13.86093484102088702 ) ) ;
#11265 = DIRECTION ( 'NONE',  ( -0.000000000000000000, -1.000000000000000000, -0.000000000000000000 ) ) ;
#11266 = EDGE_CURVE ( 'NONE', #1753, #10511, #9218, .T. ) ;
#11267 = SURFACE_STYLE_FILL_AREA ( #9458 ) ;
#11268 = VERTEX_POINT ( 'NONE', #8542 ) ;
#11269 = EDGE_CURVE ( 'NONE', #1403, #9678, #5279, .T. ) ;
#11270 = STYLED_ITEM ( 'NONE', ( #2688 ), #5791 ) ;
#11271 = UNCERTAINTY_MEASURE_WITH_UNIT (LENGTH_MEASURE( 1.000000000000000082E-05 ), #457, 'distance_accuracy_value', 'NONE');
#11272 = CARTESIAN_POINT ( 'NONE',  ( 0.000000000000000000, 10.06432619796670025, 0.000000000000000000 ) ) ;
#11273 = FACE_OUTER_BOUND ( 'NONE', #6182, .T. ) ;
#11274 = VERTEX_POINT ( 'NONE', #726 ) ;
#11275 = FILL_AREA_STYLE ('',( #9580 ) ) ;
ENDSEC;
END-ISO-10303-21;
