ISO-10303-21;
HEADER;
FILE_DESCRIPTION (( 'STEP AP214' ),
    '1' );
FILE_NAME ('Body arm.STEP',
    '2026-02-05T02:30:36',
    ( '' ),
    ( '' ),
    'SwSTEP 2.0',
    'SolidWorks 2025',
    '' );
FILE_SCHEMA (( 'AUTOMOTIVE_DESIGN' ));
ENDSEC;

DATA;
#1 = ORIENTED_EDGE ( 'NONE', *, *, #1136, .F. ) ;
#2 = DIRECTION ( 'NONE',  ( -1.000000000000000000, 0.000000000000000000, 0.000000000000000000 ) ) ;
#3 = FACE_OUTER_BOUND ( 'NONE', #1093, .T. ) ;
#4 = VERTEX_POINT ( 'NONE', #67 ) ;
#5 = FACE_OUTER_BOUND ( 'NONE', #223, .T. ) ;
#6 = ORIENTED_EDGE ( 'NONE', *, *, #1375, .F. ) ;
#7 = DIRECTION ( 'NONE',  ( 0.000000000000000000, 0.000000000000000000, 1.000000000000000000 ) ) ;
#8 = DIRECTION ( 'NONE',  ( 1.000000000000000000, 0.000000000000000000, 0.000000000000000000 ) ) ;
#9 = VERTEX_POINT ( 'NONE', #1348 ) ;
#10 = PLANE ( 'NONE',  #1329 ) ;
#11 = EDGE_CURVE ( 'NONE', #1008, #59, #818, .T. ) ;
#12 = CIRCLE ( 'NONE', #538, 4.150000000000001243 ) ;
#13 = CARTESIAN_POINT ( 'NONE',  ( 42.49999999999999289, -6.499999999999997335, 11.75000000000000000 ) ) ;
#14 = AXIS2_PLACEMENT_3D ( 'NONE', #139, #1321, #564 ) ;
#15 = AXIS2_PLACEMENT_3D ( 'NONE', #1031, #64, #489 ) ;
#16 = ORIENTED_EDGE ( 'NONE', *, *, #676, .T. ) ;
#17 = DIRECTION ( 'NONE',  ( 0.000000000000000000, 0.000000000000000000, 1.000000000000000000 ) ) ;
#18 = CYLINDRICAL_SURFACE ( 'NONE', #469, 4.150000000000001243 ) ;
#19 = EDGE_CURVE ( 'NONE', #1317, #1342, #967, .T. ) ;
#20 = DIRECTION ( 'NONE',  ( 0.000000000000000000, 0.000000000000000000, 1.000000000000000000 ) ) ;
#21 = SURFACE_SIDE_STYLE ('',( #1318 ) ) ;
#22 = DIRECTION ( 'NONE',  ( 0.000000000000000000, 0.000000000000000000, 1.000000000000000000 ) ) ;
#23 = CARTESIAN_POINT ( 'NONE',  ( 30.49999999999999289, -12.99999999999999467, -17.50000000000000000 ) ) ;
#24 = ORIENTED_EDGE ( 'NONE', *, *, #1006, .T. ) ;
#25 = PRESENTATION_STYLE_ASSIGNMENT (( #667 ) ) ;
#26 = ORIENTED_EDGE ( 'NONE', *, *, #279, .T. ) ;
#27 = DIRECTION ( 'NONE',  ( -1.000000000000000000, -0.000000000000000000, -0.000000000000000000 ) ) ;
#28 = CIRCLE ( 'NONE', #208, 17.50000000000000000 ) ;
#29 = EDGE_CURVE ( 'NONE', #440, #59, #762, .T. ) ;
#30 = VECTOR ( 'NONE', #881, 1000.000000000000000 ) ;
#31 = DIRECTION ( 'NONE',  ( -0.000000000000000000, -0.000000000000000000, 1.000000000000000000 ) ) ;
#32 = AXIS2_PLACEMENT_3D ( 'NONE', #372, #908, #683 ) ;
#33 = ORIENTED_EDGE ( 'NONE', *, *, #973, .T. ) ;
#34 = DIRECTION ( 'NONE',  ( 1.000000000000000000, 0.000000000000000000, 0.000000000000000000 ) ) ;
#35 = VERTEX_POINT ( 'NONE', #379 ) ;
#36 = CARTESIAN_POINT ( 'NONE',  ( -42.49999999999999289, 8.655444566227759040, 9.835661766082227470E-16 ) ) ;
#37 = EDGE_CURVE ( 'NONE', #4, #1282, #937, .T. ) ;
#38 = CARTESIAN_POINT ( 'NONE',  ( -35.50000000000000000, -30.49999999999999289, -11.25000000000001066 ) ) ;
#39 = ORIENTED_EDGE ( 'NONE', *, *, #134, .F. ) ;
#40 = LINE ( 'NONE', #1002, #1139 ) ;
#41 = ORIENTED_EDGE ( 'NONE', *, *, #1220, .F. ) ;
#42 = CYLINDRICAL_SURFACE ( 'NONE', #1109, 2.999999999999999112 ) ;
#43 = CARTESIAN_POINT ( 'NONE',  ( -42.49999999999999289, 8.655444566227759040, -2.999999999999999556 ) ) ;
#44 = FACE_BOUND ( 'NONE', #357, .T. ) ;
#45 = VERTEX_POINT ( 'NONE', #173 ) ;
#46 = EDGE_CURVE ( 'NONE', #784, #985, #1212, .T. ) ;
#47 = LINE ( 'NONE', #481, #502 ) ;
#48 = ORIENTED_EDGE ( 'NONE', *, *, #113, .T. ) ;
#49 = VECTOR ( 'NONE', #444, 1000.000000000000000 ) ;
#50 = DIRECTION ( 'NONE',  ( 1.000000000000000000, 0.000000000000000000, 0.000000000000000000 ) ) ;
#51 = AXIS2_PLACEMENT_3D ( 'NONE', #649, #458, #888 ) ;
#52 =( NAMED_UNIT ( * ) PLANE_ANGLE_UNIT ( ) SI_UNIT ( $, .RADIAN. ) );
#53 = ORIENTED_EDGE ( 'NONE', *, *, #1375, .T. ) ;
#54 = AXIS2_PLACEMENT_3D ( 'NONE', #887, #684, #1123 ) ;
#55 = DIRECTION ( 'NONE',  ( -1.000000000000000000, 0.000000000000000000, 0.000000000000000000 ) ) ;
#56 = CIRCLE ( 'NONE', #814, 4.500000000000000000 ) ;
#57 = EDGE_CURVE ( 'NONE', #1026, #373, #1241, .T. ) ;
#58 = DIRECTION ( 'NONE',  ( -0.000000000000000000, -0.000000000000000000, 1.000000000000000000 ) ) ;
#59 = VERTEX_POINT ( 'NONE', #1357 ) ;
#60 = DIRECTION ( 'NONE',  ( 0.000000000000000000, 0.000000000000000000, 1.000000000000000000 ) ) ;
#61 = ORIENTED_EDGE ( 'NONE', *, *, #1083, .F. ) ;
#62 = DIRECTION ( 'NONE',  ( 1.000000000000000000, -0.000000000000000000, -0.000000000000000000 ) ) ;
#63 = ORIENTED_EDGE ( 'NONE', *, *, #71, .T. ) ;
#64 = DIRECTION ( 'NONE',  ( -1.000000000000000000, -0.000000000000000000, -0.000000000000000000 ) ) ;
#65 = DIRECTION ( 'NONE',  ( 0.000000000000000000, 0.000000000000000000, 1.000000000000000000 ) ) ;
#66 = CARTESIAN_POINT ( 'NONE',  ( -42.49999999999998579, -12.99999999999999467, 17.50000000000000000 ) ) ;
#67 = CARTESIAN_POINT ( 'NONE',  ( -42.49999999999999289, 60.00000000000000000, 5.000000000000004441 ) ) ;
#68 = LINE ( 'NONE', #1244, #1160 ) ;
#69 = ORIENTED_EDGE ( 'NONE', *, *, #400, .T. ) ;
#70 = DIRECTION ( 'NONE',  ( 1.000000000000000000, 0.000000000000000000, 0.000000000000000000 ) ) ;
#71 = EDGE_CURVE ( 'NONE', #1269, #1367, #497, .T. ) ;
#72 = CYLINDRICAL_SURFACE ( 'NONE', #652, 11.25000000000001066 ) ;
#73 = CIRCLE ( 'NONE', #1288, 4.500000000000000000 ) ;
#74 = APPLICATION_PROTOCOL_DEFINITION ( 'draft international standard', 'automotive_design', 1998, #299 ) ;
#75 = EDGE_LOOP ( 'NONE', ( #263, #257, #1240, #578 ) ) ;
#76 = VECTOR ( 'NONE', #569, 1000.000000000000000 ) ;
#77 = AXIS2_PLACEMENT_3D ( 'NONE', #1056, #629, #88 ) ;
#78 = CARTESIAN_POINT ( 'NONE',  ( 29.15000000000000213, 32.50000000000000000, -5.000000000000006217 ) ) ;
#79 = CIRCLE ( 'NONE', #861, 2.999999999999999112 ) ;
#80 = EDGE_LOOP ( 'NONE', ( #220, #600, #142, #105 ) ) ;
#81 = FACE_OUTER_BOUND ( 'NONE', #406, .T. ) ;
#82 = CARTESIAN_POINT ( 'NONE',  ( -35.50000000000000000, -30.49999999999999289, 8.673617379884035472E-16 ) ) ;
#83 = EDGE_CURVE ( 'NONE', #608, #505, #722, .T. ) ;
#84 = CARTESIAN_POINT ( 'NONE',  ( 42.49999999999999289, -6.499999999999997335, -8.750000000000000000 ) ) ;
#85 = ADVANCED_FACE ( 'NONE', ( #825 ), #186, .F. ) ;
#86 = CYLINDRICAL_SURFACE ( 'NONE', #635, 11.25000000000001066 ) ;
#87 = ORIENTED_EDGE ( 'NONE', *, *, #750, .F. ) ;
#88 = DIRECTION ( 'NONE',  ( 1.000000000000000000, 0.000000000000000000, 0.000000000000000000 ) ) ;
#89 = LINE ( 'NONE', #1180, #448 ) ;
#90 = ORIENTED_EDGE ( 'NONE', *, *, #685, .F. ) ;
#91 = CARTESIAN_POINT ( 'NONE',  ( 32.49999999999999289, -6.499999999999997335, -8.750000000000000000 ) ) ;
#92 = EDGE_CURVE ( 'NONE', #194, #479, #907, .T. ) ;
#93 = ORIENTED_EDGE ( 'NONE', *, *, #741, .F. ) ;
#94 = CARTESIAN_POINT ( 'NONE',  ( -35.50000000000000000, -30.49999999999999289, 8.673617379884035472E-16 ) ) ;
#95 = ORIENTED_EDGE ( 'NONE', *, *, #713, .T. ) ;
#96 = DIRECTION ( 'NONE',  ( 1.000000000000000000, 0.000000000000000000, 0.000000000000000000 ) ) ;
#97 = AXIS2_PLACEMENT_3D ( 'NONE', #832, #931, #807 ) ;
#98 = CIRCLE ( 'NONE', #764, 3.000000000000000000 ) ;
#99 = CIRCLE ( 'NONE', #1384, 4.150000000000001243 ) ;
#100 = EDGE_CURVE ( 'NONE', #1026, #995, #1149, .T. ) ;
#101 = VERTEX_POINT ( 'NONE', #590 ) ;
#102 = CARTESIAN_POINT ( 'NONE',  ( -30.49999999999999645, -30.49999999999999289, -11.25000000000001066 ) ) ;
#103 = CIRCLE ( 'NONE', #32, 11.25000000000000711 ) ;
#104 = DIRECTION ( 'NONE',  ( 0.000000000000000000, 0.000000000000000000, -1.000000000000000000 ) ) ;
#105 = ORIENTED_EDGE ( 'NONE', *, *, #57, .T. ) ;
#106 = PLANE ( 'NONE',  #1382 ) ;
#107 = ORIENTED_EDGE ( 'NONE', *, *, #375, .F. ) ;
#108 = DIRECTION ( 'NONE',  ( 1.000000000000000000, 0.000000000000000000, 0.000000000000000000 ) ) ;
#109 = CARTESIAN_POINT ( 'NONE',  ( -30.49999999999999645, -30.49999999999999289, 4.500000000000000888 ) ) ;
#110 = ORIENTED_EDGE ( 'NONE', *, *, #1220, .T. ) ;
#111 = CYLINDRICAL_SURFACE ( 'NONE', #673, 11.25000000000001066 ) ;
#112 = DIRECTION ( 'NONE',  ( 0.000000000000000000, 0.000000000000000000, 1.000000000000000000 ) ) ;
#113 = EDGE_CURVE ( 'NONE', #556, #632, #73, .T. ) ;
#114 = ORIENTED_EDGE ( 'NONE', *, *, #286, .T. ) ;
#115 = DIRECTION ( 'NONE',  ( 0.000000000000000000, 0.000000000000000000, 1.000000000000000000 ) ) ;
#116 = VECTOR ( 'NONE', #96, 1000.000000000000000 ) ;
#117 = DIRECTION ( 'NONE',  ( 1.000000000000000000, -0.000000000000000000, -1.224510688924804848E-16 ) ) ;
#118 = CIRCLE ( 'NONE', #51, 17.50000000000000000 ) ;
#119 = CIRCLE ( 'NONE', #1137, 4.150000000000001243 ) ;
#120 = CARTESIAN_POINT ( 'NONE',  ( 42.50000000000000711, 60.00000000000000000, 4.999999999999993783 ) ) ;
#121 = CIRCLE ( 'NONE', #542, 3.000000000000000444 ) ;
#122 = DIRECTION ( 'NONE',  ( 0.000000000000000000, 0.000000000000000000, -1.000000000000000000 ) ) ;
#123 = CARTESIAN_POINT ( 'NONE',  ( 30.49999999999999645, -30.49999999999999289, 8.673617379884035472E-16 ) ) ;
#124 = CARTESIAN_POINT ( 'NONE',  ( -35.50000000000000000, -30.49999999999999289, 11.25000000000001066 ) ) ;
#125 = LINE ( 'NONE', #876, #834 ) ;
#126 = EDGE_LOOP ( 'NONE', ( #879, #1370 ) ) ;
#127 = ORIENTED_EDGE ( 'NONE', *, *, #580, .F. ) ;
#128 = ADVANCED_FACE ( 'NONE', ( #633 ), #1174, .F. ) ;
#129 = PLANE ( 'NONE',  #1091 ) ;
#130 = CARTESIAN_POINT ( 'NONE',  ( -30.49999999999999645, -12.99999999999999467, -17.50000000000000000 ) ) ;
#131 = CARTESIAN_POINT ( 'NONE',  ( -42.49999999999999289, 60.00000000000000000, -4.999999999999995559 ) ) ;
#132 = ORIENTED_EDGE ( 'NONE', *, *, #201, .F. ) ;
#133 = FACE_BOUND ( 'NONE', #242, .T. ) ;
#134 = EDGE_CURVE ( 'NONE', #1317, #632, #852, .T. ) ;
#135 = VECTOR ( 'NONE', #776, 1000.000000000000000 ) ;
#136 = ORIENTED_EDGE ( 'NONE', *, *, #602, .T. ) ;
#137 = AXIS2_PLACEMENT_3D ( 'NONE', #1115, #646, #781 ) ;
#138 = AXIS2_PLACEMENT_3D ( 'NONE', #1313, #775, #1205 ) ;
#139 = CARTESIAN_POINT ( 'NONE',  ( -35.50000000000000000, -30.49999999999999289, 8.673617379884035472E-16 ) ) ;
#140 = AXIS2_PLACEMENT_3D ( 'NONE', #599, #1360, #264 ) ;
#141 = ORIENTED_EDGE ( 'NONE', *, *, #874, .F. ) ;
#142 = ORIENTED_EDGE ( 'NONE', *, *, #799, .T. ) ;
#143 = CARTESIAN_POINT ( 'NONE',  ( 32.49999999999999289, -6.499999999999997335, 8.750000000000000000 ) ) ;
#144 = ORIENTED_EDGE ( 'NONE', *, *, #1152, .F. ) ;
#145 = CARTESIAN_POINT ( 'NONE',  ( -32.49999999999999289, -6.499999999999997335, 5.750000000000001776 ) ) ;
#146 = DIRECTION ( 'NONE',  ( 0.000000000000000000, 0.000000000000000000, 1.000000000000000000 ) ) ;
#147 = DIRECTION ( 'NONE',  ( 0.000000000000000000, 0.000000000000000000, 1.000000000000000000 ) ) ;
#148 = ORIENTED_EDGE ( 'NONE', *, *, #113, .F. ) ;
#149 = DIRECTION ( 'NONE',  ( -1.000000000000000000, 0.000000000000000000, 0.000000000000000000 ) ) ;
#150 = VERTEX_POINT ( 'NONE', #965 ) ;
#151 = CARTESIAN_POINT ( 'NONE',  ( 35.50000000000000000, -30.49999999999999289, -4.499999999999999112 ) ) ;
#152 = PLANE ( 'NONE',  #301 ) ;
#153 = EDGE_CURVE ( 'NONE', #194, #1010, #1183, .T. ) ;
#154 = PLANE ( 'NONE',  #1245 ) ;
#155 = EDGE_LOOP ( 'NONE', ( #909, #1034, #698, #783 ) ) ;
#156 = DIRECTION ( 'NONE',  ( 1.000000000000000000, -0.000000000000000000, -0.000000000000000000 ) ) ;
#157 = ORIENTED_EDGE ( 'NONE', *, *, #987, .T. ) ;
#158 = DIRECTION ( 'NONE',  ( 0.000000000000000000, -0.000000000000000000, -1.000000000000000000 ) ) ;
#159 = VECTOR ( 'NONE', #711, 1000.000000000000000 ) ;
#160 = VECTOR ( 'NONE', #8, 1000.000000000000000 ) ;
#161 = DIRECTION ( 'NONE',  ( 1.000000000000000000, 0.000000000000000000, 0.000000000000000000 ) ) ;
#162 = CIRCLE ( 'NONE', #1194, 3.000000000000000000 ) ;
#163 = FACE_OUTER_BOUND ( 'NONE', #730, .T. ) ;
#164 = ORIENTED_EDGE ( 'NONE', *, *, #636, .T. ) ;
#165 =( GEOMETRIC_REPRESENTATION_CONTEXT ( 3 ) GLOBAL_UNCERTAINTY_ASSIGNED_CONTEXT ( ( #1072 ) ) GLOBAL_UNIT_ASSIGNED_CONTEXT ( ( #331, #441, #755 ) ) REPRESENTATION_CONTEXT ( 'NONE', 'WORKASPACE' ) );
#166 = CARTESIAN_POINT ( 'NONE',  ( 42.50000000000000711, 60.00000000000000000, -5.000000000000006217 ) ) ;
#167 = LINE ( 'NONE', #575, #1074 ) ;
#168 = EDGE_CURVE ( 'NONE', #1198, #651, #735, .T. ) ;
#169 = EDGE_LOOP ( 'NONE', ( #53, #136 ) ) ;
#170 = FACE_OUTER_BOUND ( 'NONE', #1301, .T. ) ;
#171 = FACE_OUTER_BOUND ( 'NONE', #622, .T. ) ;
#172 = PLANE ( 'NONE',  #1272 ) ;
#173 = CARTESIAN_POINT ( 'NONE',  ( 42.50000000000000711, 0.000000000000000000, 17.50000000000000000 ) ) ;
#174 = CYLINDRICAL_SURFACE ( 'NONE', #140, 17.50000000000000000 ) ;
#175 = EDGE_CURVE ( 'NONE', #1342, #556, #953, .T. ) ;
#176 = EDGE_LOOP ( 'NONE', ( #769, #1385, #446, #24 ) ) ;
#177 = CARTESIAN_POINT ( 'NONE',  ( -32.49999999999999289, 8.655444566227759040, 3.000000000000001332 ) ) ;
#178 = DIRECTION ( 'NONE',  ( 1.224510688924804848E-16, -0.000000000000000000, 1.000000000000000000 ) ) ;
#179 = ORIENTED_EDGE ( 'NONE', *, *, #46, .T. ) ;
#180 = DIRECTION ( 'NONE',  ( 1.000000000000000000, 0.000000000000000000, 0.000000000000000000 ) ) ;
#181 = ORIENTED_EDGE ( 'NONE', *, *, #11, .F. ) ;
#182 = FACE_OUTER_BOUND ( 'NONE', #425, .T. ) ;
#183 = ADVANCED_FACE ( 'NONE', ( #1391 ), #111, .F. ) ;
#184 = DIRECTION ( 'NONE',  ( 0.000000000000000000, 0.000000000000000000, 1.000000000000000000 ) ) ;
#185 = CIRCLE ( 'NONE', #1044, 3.000000000000000000 ) ;
#186 = CYLINDRICAL_SURFACE ( 'NONE', #1067, 4.500000000000000000 ) ;
#187 = AXIS2_PLACEMENT_3D ( 'NONE', #82, #161, #935 ) ;
#188 = CIRCLE ( 'NONE', #765, 4.150000000000001243 ) ;
#189 = DIRECTION ( 'NONE',  ( 1.000000000000000000, 0.000000000000000000, 0.000000000000000000 ) ) ;
#190 = ORIENTED_EDGE ( 'NONE', *, *, #286, .F. ) ;
#191 = CYLINDRICAL_SURFACE ( 'NONE', #1243, 4.500000000000000000 ) ;
#192 = CARTESIAN_POINT ( 'NONE',  ( -32.49999999999999289, -6.499999999999997335, 8.750000000000000000 ) ) ;
#193 = EDGE_CURVE ( 'NONE', #445, #1282, #848, .T. ) ;
#194 = VERTEX_POINT ( 'NONE', #309 ) ;
#195 = DIRECTION ( 'NONE',  ( 1.000000000000000000, 0.000000000000000000, 0.000000000000000000 ) ) ;
#196 = ORIENTED_EDGE ( 'NONE', *, *, #870, .T. ) ;
#197 = CYLINDRICAL_SURFACE ( 'NONE', #302, 4.150000000000001243 ) ;
#198 = FACE_BOUND ( 'NONE', #1285, .T. ) ;
#199 = ORIENTED_EDGE ( 'NONE', *, *, #1152, .T. ) ;
#200 = CARTESIAN_POINT ( 'NONE',  ( -42.49999999999998579, 0.000000000000000000, 17.50000000000000000 ) ) ;
#201 = EDGE_CURVE ( 'NONE', #420, #101, #12, .T. ) ;
#202 = EDGE_LOOP ( 'NONE', ( #262, #829, #1323, #1 ) ) ;
#203 = CARTESIAN_POINT ( 'NONE',  ( 42.49999999999999289, 8.655444566227759040, 3.000000000000001332 ) ) ;
#204 = DIRECTION ( 'NONE',  ( -1.000000000000000000, 0.000000000000000000, 0.000000000000000000 ) ) ;
#205 = EDGE_LOOP ( 'NONE', ( #778, #144 ) ) ;
#206 = CYLINDRICAL_SURFACE ( 'NONE', #898, 2.999999999999999112 ) ;
#207 = AXIS2_PLACEMENT_3D ( 'NONE', #493, #695, #717 ) ;
#208 = AXIS2_PLACEMENT_3D ( 'NONE', #1095, #869, #17 ) ;
#209 = CIRCLE ( 'NONE', #138, 17.50000000000000000 ) ;
#210 = EDGE_CURVE ( 'NONE', #398, #1215, #537, .T. ) ;
#211 = EDGE_LOOP ( 'NONE', ( #1168, #148 ) ) ;
#212 = FACE_OUTER_BOUND ( 'NONE', #550, .T. ) ;
#213 = CIRCLE ( 'NONE', #790, 2.999999999999999112 ) ;
#214 = CARTESIAN_POINT ( 'NONE',  ( -30.49999999999999645, -30.49999999999999289, -4.499999999999999112 ) ) ;
#215 = EDGE_LOOP ( 'NONE', ( #1119, #378, #1276, #528, #889, #511, #348, #1226 ) ) ;
#216 = CARTESIAN_POINT ( 'NONE',  ( -32.49999999999999289, 8.655444566227759040, 9.835661766082227470E-16 ) ) ;
#217 = CARTESIAN_POINT ( 'NONE',  ( -30.49999999999999645, -30.49999999999999289, 8.673617379884035472E-16 ) ) ;
#218 = EDGE_CURVE ( 'NONE', #45, #445, #1296, .T. ) ;
#219 = DIRECTION ( 'NONE',  ( 1.000000000000000000, 0.000000000000000000, -0.000000000000000000 ) ) ;
#220 = ORIENTED_EDGE ( 'NONE', *, *, #1230, .T. ) ;
#221 = DIRECTION ( 'NONE',  ( 1.000000000000000000, 0.000000000000000000, 0.000000000000000000 ) ) ;
#222 = LINE ( 'NONE', #645, #1308 ) ;
#223 = EDGE_LOOP ( 'NONE', ( #1327, #351, #906, #410 ) ) ;
#224 = ADVANCED_FACE ( 'NONE', ( #969, #640 ), #10, .F. ) ;
#225 = CARTESIAN_POINT ( 'NONE',  ( -42.49999999999999289, -30.49999999999999645, -17.49999999999999645 ) ) ;
#226 = ORIENTED_EDGE ( 'NONE', *, *, #334, .T. ) ;
#227 = ADVANCED_FACE ( 'NONE', ( #740 ), #206, .F. ) ;
#228 = VECTOR ( 'NONE', #664, 1000.000000000000000 ) ;
#229 = CIRCLE ( 'NONE', #405, 17.50000000000000000 ) ;
#230 = CARTESIAN_POINT ( 'NONE',  ( -30.49999999999999645, -12.99999999999999467, 17.50000000000000000 ) ) ;
#231 = AXIS2_PLACEMENT_3D ( 'NONE', #463, #367, #798 ) ;
#232 = ORIENTED_EDGE ( 'NONE', *, *, #37, .T. ) ;
#233 = DIRECTION ( 'NONE',  ( 0.000000000000000000, 0.000000000000000000, 1.000000000000000000 ) ) ;
#234 = AXIS2_PLACEMENT_3D ( 'NONE', #1145, #901, #1334 ) ;
#235 = DIRECTION ( 'NONE',  ( -1.000000000000000000, -0.000000000000000000, -0.000000000000000000 ) ) ;
#236 = ADVANCED_FACE ( 'NONE', ( #859 ), #106, .T. ) ;
#237 = ORIENTED_EDGE ( 'NONE', *, *, #725, .F. ) ;
#238 = EDGE_LOOP ( 'NONE', ( #33, #1319, #265, #95 ) ) ;
#239 = CARTESIAN_POINT ( 'NONE',  ( 42.50000000000000711, 0.000000000000000000, -5.000000000000000888 ) ) ;
#240 = DIRECTION ( 'NONE',  ( -1.000000000000000000, 0.000000000000000000, 0.000000000000000000 ) ) ;
#241 = FACE_OUTER_BOUND ( 'NONE', #802, .T. ) ;
#242 = EDGE_LOOP ( 'NONE', ( #456, #958 ) ) ;
#243 = ADVANCED_FACE ( 'NONE', ( #5 ), #18, .F. ) ;
#244 = FILL_AREA_STYLE ('',( #986 ) ) ;
#245 = EDGE_CURVE ( 'NONE', #615, #329, #990, .T. ) ;
#246 = CARTESIAN_POINT ( 'NONE',  ( -42.49999999999998579, 0.000000000000000000, 17.50000000000000000 ) ) ;
#247 = ORIENTED_EDGE ( 'NONE', *, *, #1144, .F. ) ;
#248 = DIRECTION ( 'NONE',  ( 0.000000000000000000, 0.000000000000000000, 1.000000000000000000 ) ) ;
#249 = ORIENTED_EDGE ( 'NONE', *, *, #350, .T. ) ;
#250 = LINE ( 'NONE', #554, #522 ) ;
#251 = AXIS2_PLACEMENT_3D ( 'NONE', #120, #997, #977 ) ;
#252 = AXIS2_PLACEMENT_3D ( 'NONE', #1283, #2, #863 ) ;
#253 = PLANE ( 'NONE',  #922 ) ;
#254 = CIRCLE ( 'NONE', #432, 2.999999999999999112 ) ;
#255 = EDGE_LOOP ( 'NONE', ( #179, #422 ) ) ;
#256 = DIRECTION ( 'NONE',  ( 0.000000000000000000, 0.000000000000000000, 1.000000000000000000 ) ) ;
#257 = ORIENTED_EDGE ( 'NONE', *, *, #1335, .T. ) ;
#258 = CYLINDRICAL_SURFACE ( 'NONE', #231, 2.999999999999999112 ) ;
#259 = ADVANCED_FACE ( 'NONE', ( #1085 ), #1059, .F. ) ;
#260 = LINE ( 'NONE', #911, #650 ) ;
#261 = FACE_BOUND ( 'NONE', #736, .T. ) ;
#262 = ORIENTED_EDGE ( 'NONE', *, *, #713, .F. ) ;
#263 = ORIENTED_EDGE ( 'NONE', *, *, #553, .T. ) ;
#264 = DIRECTION ( 'NONE',  ( 0.000000000000000000, 0.000000000000000000, -1.000000000000000000 ) ) ;
#265 = ORIENTED_EDGE ( 'NONE', *, *, #1368, .T. ) ;
#266 = CARTESIAN_POINT ( 'NONE',  ( -42.49999999999998579, -12.99999999999999467, 17.50000000000000000 ) ) ;
#267 = EDGE_LOOP ( 'NONE', ( #132, #752 ) ) ;
#268 = DIRECTION ( 'NONE',  ( -0.000000000000000000, -1.000000000000000000, -0.000000000000000000 ) ) ;
#269 = CARTESIAN_POINT ( 'NONE',  ( 35.50000000000000000, -30.49999999999999289, 8.673617379884035472E-16 ) ) ;
#270 = ORIENTED_EDGE ( 'NONE', *, *, #580, .T. ) ;
#271 = DIRECTION ( 'NONE',  ( -1.000000000000000000, 0.000000000000000000, 0.000000000000000000 ) ) ;
#272 = AXIS2_PLACEMENT_3D ( 'NONE', #823, #612, #1248 ) ;
#273 = CARTESIAN_POINT ( 'NONE',  ( 32.49999999999999289, 8.655444566227759040, 9.835661766082227470E-16 ) ) ;
#274 = AXIS2_PLACEMENT_3D ( 'NONE', #584, #271, #699 ) ;
#275 = DIRECTION ( 'NONE',  ( 1.000000000000000000, 0.000000000000000000, -0.000000000000000000 ) ) ;
#276 = ORIENTED_EDGE ( 'NONE', *, *, #1335, .F. ) ;
#277 = VECTOR ( 'NONE', #280, 1000.000000000000000 ) ;
#278 = DIRECTION ( 'NONE',  ( 1.000000000000000000, -0.000000000000000000, -0.000000000000000000 ) ) ;
#279 = EDGE_CURVE ( 'NONE', #370, #1215, #999, .T. ) ;
#280 = DIRECTION ( 'NONE',  ( 1.000000000000000000, -0.000000000000000000, -0.000000000000000000 ) ) ;
#281 = CARTESIAN_POINT ( 'NONE',  ( -29.15000000000000213, 32.50000000000000000, -5.000000000000006217 ) ) ;
#282 = DIRECTION ( 'NONE',  ( -1.000000000000000000, -0.000000000000000000, -0.000000000000000000 ) ) ;
#283 = FACE_BOUND ( 'NONE', #1280, .T. ) ;
#284 = ORIENTED_EDGE ( 'NONE', *, *, #725, .T. ) ;
#285 = CARTESIAN_POINT ( 'NONE',  ( 35.50000000000000000, -30.49999999999999289, 8.673617379884035472E-16 ) ) ;
#286 = EDGE_CURVE ( 'NONE', #1254, #1127, #558, .T. ) ;
#287 = CARTESIAN_POINT ( 'NONE',  ( 32.49999999999999289, 8.655444566227759040, 3.000000000000001332 ) ) ;
#288 = ORIENTED_EDGE ( 'NONE', *, *, #828, .T. ) ;
#289 = DIRECTION ( 'NONE',  ( 0.000000000000000000, 0.000000000000000000, 1.000000000000000000 ) ) ;
#290 = DIRECTION ( 'NONE',  ( 0.000000000000000000, 0.000000000000000000, 1.000000000000000000 ) ) ;
#291 = EDGE_LOOP ( 'NONE', ( #364, #930, #318, #433 ) ) ;
#292 = DIRECTION ( 'NONE',  ( -0.000000000000000000, -1.000000000000000000, -0.000000000000000000 ) ) ;
#293 = CARTESIAN_POINT ( 'NONE',  ( -42.49999999999999289, -30.49999999999999289, 11.25000000000001066 ) ) ;
#294 = VERTEX_POINT ( 'NONE', #23 ) ;
#295 = DIRECTION ( 'NONE',  ( 0.000000000000000000, 0.000000000000000000, -1.000000000000000000 ) ) ;
#296 = EDGE_CURVE ( 'NONE', #524, #445, #771, .T. ) ;
#297 = CARTESIAN_POINT ( 'NONE',  ( -32.49999999999999289, -6.499999999999997335, 11.75000000000000000 ) ) ;
#298 = VECTOR ( 'NONE', #1286, 1000.000000000000000 ) ;
#299 = APPLICATION_CONTEXT ( 'automotive_design' ) ;
#300 = ORIENTED_EDGE ( 'NONE', *, *, #706, .F. ) ;
#301 = AXIS2_PLACEMENT_3D ( 'NONE', #577, #1372, #60 ) ;
#302 = AXIS2_PLACEMENT_3D ( 'NONE', #623, #1062, #737 ) ;
#303 = AXIS2_PLACEMENT_3D ( 'NONE', #1007, #369, #465 ) ;
#304 = ORIENTED_EDGE ( 'NONE', *, *, #912, .F. ) ;
#305 = CARTESIAN_POINT ( 'NONE',  ( -25.00000000000000000, 32.50000000000000000, -5.000000000000006217 ) ) ;
#306 = EDGE_CURVE ( 'NONE', #487, #524, #464, .T. ) ;
#307 = CARTESIAN_POINT ( 'NONE',  ( 32.49999999999999289, -6.499999999999997335, 5.750000000000001776 ) ) ;
#308 = ORIENTED_EDGE ( 'NONE', *, *, #1029, .F. ) ;
#309 = CARTESIAN_POINT ( 'NONE',  ( 30.49999999999999645, -30.49999999999999289, 17.50000000000000000 ) ) ;
#310 = ORIENTED_EDGE ( 'NONE', *, *, #1175, .T. ) ;
#311 = CARTESIAN_POINT ( 'NONE',  ( -42.49999999999999289, 8.655444566227759040, 3.000000000000001332 ) ) ;
#312 = CARTESIAN_POINT ( 'NONE',  ( -20.85000000000000142, 32.50000000000000000, 4.999999999999999112 ) ) ;
#313 = EDGE_LOOP ( 'NONE', ( #492, #247, #473, #16 ) ) ;
#314 = DIRECTION ( 'NONE',  ( 1.000000000000000000, 0.000000000000000000, -0.000000000000000000 ) ) ;
#315 = VERTEX_POINT ( 'NONE', #43 ) ;
#316 = CARTESIAN_POINT ( 'NONE',  ( -32.49999999999999289, -6.499999999999997335, -5.750000000000000888 ) ) ;
#317 = DIRECTION ( 'NONE',  ( -0.000000000000000000, -0.000000000000000000, 1.000000000000000000 ) ) ;
#318 = ORIENTED_EDGE ( 'NONE', *, *, #429, .T. ) ;
#319 = CARTESIAN_POINT ( 'NONE',  ( -30.49999999999999645, -30.49999999999999289, 8.673617379884035472E-16 ) ) ;
#320 = AXIS2_PLACEMENT_3D ( 'NONE', #192, #738, #418 ) ;
#321 = ADVANCED_FACE ( 'NONE', ( #763, #1213 ), #253, .F. ) ;
#322 = AXIS2_PLACEMENT_3D ( 'NONE', #1147, #1363, #1255 ) ;
#323 = CARTESIAN_POINT ( 'NONE',  ( 42.49999999999999289, -6.499999999999997335, 5.750000000000001776 ) ) ;
#324 = VECTOR ( 'NONE', #62, 1000.000000000000000 ) ;
#325 = LINE ( 'NONE', #424, #160 ) ;
#326 = DIRECTION ( 'NONE',  ( 0.000000000000000000, 0.000000000000000000, -1.000000000000000000 ) ) ;
#327 = DIRECTION ( 'NONE',  ( -1.000000000000000000, 0.000000000000000000, 0.000000000000000000 ) ) ;
#328 = EDGE_CURVE ( 'NONE', #59, #440, #185, .T. ) ;
#329 = VERTEX_POINT ( 'NONE', #1191 ) ;
#330 = DIRECTION ( 'NONE',  ( 0.000000000000000000, 0.000000000000000000, 1.000000000000000000 ) ) ;
#331 =( LENGTH_UNIT ( ) NAMED_UNIT ( * ) SI_UNIT ( .MILLI., .METRE. ) );
#332 = ORIENTED_EDGE ( 'NONE', *, *, #756, .F. ) ;
#333 = DIRECTION ( 'NONE',  ( -1.000000000000000000, 0.000000000000000000, 0.000000000000000000 ) ) ;
#334 = EDGE_CURVE ( 'NONE', #668, #381, #610, .T. ) ;
#335 = DIRECTION ( 'NONE',  ( -1.000000000000000000, 0.000000000000000000, 0.000000000000000000 ) ) ;
#336 = ORIENTED_EDGE ( 'NONE', *, *, #1388, .T. ) ;
#337 = AXIS2_PLACEMENT_3D ( 'NONE', #1117, #146, #571 ) ;
#338 = FACE_BOUND ( 'NONE', #169, .T. ) ;
#339 = AXIS2_PLACEMENT_3D ( 'NONE', #689, #149, #1129 ) ;
#340 = ORIENTED_EDGE ( 'NONE', *, *, #218, .T. ) ;
#341 = EDGE_CURVE ( 'NONE', #995, #370, #894, .T. ) ;
#342 = DIRECTION ( 'NONE',  ( -1.000000000000000000, 0.000000000000000000, 0.000000000000000000 ) ) ;
#343 = ORIENTED_EDGE ( 'NONE', *, *, #987, .F. ) ;
#344 = CARTESIAN_POINT ( 'NONE',  ( -42.49999999999999289, -6.499999999999997335, 11.75000000000000000 ) ) ;
#345 = ORIENTED_EDGE ( 'NONE', *, *, #1300, .T. ) ;
#346 = CARTESIAN_POINT ( 'NONE',  ( 32.49999999999999289, -6.499999999999997335, -8.750000000000000000 ) ) ;
#347 = CARTESIAN_POINT ( 'NONE',  ( -30.49999999999999645, -30.49999999999999289, 17.50000000000000000 ) ) ;
#348 = ORIENTED_EDGE ( 'NONE', *, *, #100, .F. ) ;
#349 = ORIENTED_EDGE ( 'NONE', *, *, #1237, .T. ) ;
#350 = EDGE_CURVE ( 'NONE', #479, #45, #125, .T. ) ;
#351 = ORIENTED_EDGE ( 'NONE', *, *, #427, .F. ) ;
#352 = PLANE ( 'NONE',  #137 ) ;
#353 = CARTESIAN_POINT ( 'NONE',  ( 29.15000000000000213, 32.50000000000000000, 4.999999999999999112 ) ) ;
#354 = EDGE_CURVE ( 'NONE', #710, #1037, #1307, .T. ) ;
#355 = CARTESIAN_POINT ( 'NONE',  ( -20.85000000000000142, 32.50000000000000000, -5.000000000000006217 ) ) ;
#356 = VECTOR ( 'NONE', #326, 1000.000000000000000 ) ;
#357 = EDGE_LOOP ( 'NONE', ( #1261, #773 ) ) ;
#358 = CYLINDRICAL_SURFACE ( 'NONE', #726, 3.000000000000000444 ) ;
#359 = AXIS2_PLACEMENT_3D ( 'NONE', #1352, #384, #603 ) ;
#360 = VECTOR ( 'NONE', #661, 1000.000000000000000 ) ;
#361 = DIRECTION ( 'NONE',  ( 0.000000000000000000, 0.000000000000000000, 1.000000000000000000 ) ) ;
#362 =( GEOMETRIC_REPRESENTATION_CONTEXT ( 3 ) GLOBAL_UNCERTAINTY_ASSIGNED_CONTEXT ( ( #1200 ) ) GLOBAL_UNIT_ASSIGNED_CONTEXT ( ( #572, #52, #919 ) ) REPRESENTATION_CONTEXT ( 'NONE', 'WORKASPACE' ) );
#363 = PRODUCT_CONTEXT ( 'NONE', #797, 'mechanical' ) ;
#364 = ORIENTED_EDGE ( 'NONE', *, *, #468, .F. ) ;
#365 = LINE ( 'NONE', #1209, #586 ) ;
#366 = EDGE_LOOP ( 'NONE', ( #141, #614, #69, #757 ) ) ;
#367 = DIRECTION ( 'NONE',  ( 1.000000000000000000, -0.000000000000000000, -0.000000000000000000 ) ) ;
#368 = FACE_OUTER_BOUND ( 'NONE', #176, .T. ) ;
#369 = DIRECTION ( 'NONE',  ( 0.000000000000000000, 0.000000000000000000, 1.000000000000000000 ) ) ;
#370 = VERTEX_POINT ( 'NONE', #983 ) ;
#371 = ORIENTED_EDGE ( 'NONE', *, *, #1190, .F. ) ;
#372 = CARTESIAN_POINT ( 'NONE',  ( 35.50000000000000000, -30.49999999999999289, 8.673617379884035472E-16 ) ) ;
#373 = VERTEX_POINT ( 'NONE', #131 ) ;
#374 = LINE ( 'NONE', #151, #1306 ) ;
#375 = EDGE_CURVE ( 'NONE', #668, #1254, #1202, .T. ) ;
#376 = DIRECTION ( 'NONE',  ( 1.000000000000000000, 0.000000000000000000, -1.224510688924804848E-16 ) ) ;
#377 = CARTESIAN_POINT ( 'NONE',  ( -32.49999999999999289, -6.499999999999997335, 8.750000000000000000 ) ) ;
#378 = ORIENTED_EDGE ( 'NONE', *, *, #1184, .T. ) ;
#379 = CARTESIAN_POINT ( 'NONE',  ( 35.50000000000000000, -30.49999999999999289, 11.25000000000000711 ) ) ;
#380 = FACE_OUTER_BOUND ( 'NONE', #1151, .T. ) ;
#381 = VERTEX_POINT ( 'NONE', #38 ) ;
#382 = LINE ( 'NONE', #812, #1332 ) ;
#383 = AXIS2_PLACEMENT_3D ( 'NONE', #94, #412, #846 ) ;
#384 = DIRECTION ( 'NONE',  ( -0.000000000000000000, -0.000000000000000000, 1.000000000000000000 ) ) ;
#385 = EDGE_CURVE ( 'NONE', #1377, #995, #680, .T. ) ;
#386 = ORIENTED_EDGE ( 'NONE', *, *, #1068, .F. ) ;
#387 = CIRCLE ( 'NONE', #1181, 2.999999999999999112 ) ;
#388 = EDGE_LOOP ( 'NONE', ( #1316, #310, #734, #1052 ) ) ;
#389 = CARTESIAN_POINT ( 'NONE',  ( 35.50000000000000000, -30.49999999999999289, 4.500000000000000888 ) ) ;
#390 = ORIENTED_EDGE ( 'NONE', *, *, #193, .F. ) ;
#391 = LINE ( 'NONE', #1051, #1135 ) ;
#392 = DIRECTION ( 'NONE',  ( 0.000000000000000000, 0.000000000000000000, -1.000000000000000000 ) ) ;
#393 = DIRECTION ( 'NONE',  ( 0.000000000000000000, 0.000000000000000000, 1.000000000000000000 ) ) ;
#394 = FACE_OUTER_BOUND ( 'NONE', #1207, .T. ) ;
#395 = EDGE_LOOP ( 'NONE', ( #340, #1390, #1130, #678, #1110, #416, #503, #249 ) ) ;
#396 = DIRECTION ( 'NONE',  ( -1.000000000000000000, 0.000000000000000000, 0.000000000000000000 ) ) ;
#397 = DIRECTION ( 'NONE',  ( 1.000000000000000000, -0.000000000000000000, -0.000000000000000000 ) ) ;
#398 = VERTEX_POINT ( 'NONE', #225 ) ;
#399 = CARTESIAN_POINT ( 'NONE',  ( -35.50000000000000000, -30.49999999999999289, -4.499999999999999112 ) ) ;
#400 = EDGE_CURVE ( 'NONE', #1274, #505, #1314, .T. ) ;
#401 = ORIENTED_EDGE ( 'NONE', *, *, #475, .F. ) ;
#402 = DIRECTION ( 'NONE',  ( 0.000000000000000000, 0.000000000000000000, 1.000000000000000000 ) ) ;
#403 = CARTESIAN_POINT ( 'NONE',  ( 42.49999999999999289, -30.49999999999999289, 11.25000000000001066 ) ) ;
#404 = AXIS2_PLACEMENT_3D ( 'NONE', #1374, #579, #1016 ) ;
#405 = AXIS2_PLACEMENT_3D ( 'NONE', #1187, #204, #112 ) ;
#406 = EDGE_LOOP ( 'NONE', ( #1065, #1143, #844, #308 ) ) ;
#407 = DIRECTION ( 'NONE',  ( 0.000000000000000000, 0.000000000000000000, -1.000000000000000000 ) ) ;
#408 = VECTOR ( 'NONE', #743, 1000.000000000000000 ) ;
#409 = CIRCLE ( 'NONE', #1050, 2.999999999999999112 ) ;
#410 = ORIENTED_EDGE ( 'NONE', *, *, #201, .T. ) ;
#411 = DIRECTION ( 'NONE',  ( -1.000000000000000000, 0.000000000000000000, 0.000000000000000000 ) ) ;
#412 = DIRECTION ( 'NONE',  ( 1.000000000000000000, 0.000000000000000000, 0.000000000000000000 ) ) ;
#413 = ADVANCED_FACE ( 'NONE', ( #241 ), #1106, .F. ) ;
#414 = ORIENTED_EDGE ( 'NONE', *, *, #385, .F. ) ;
#415 = CARTESIAN_POINT ( 'NONE',  ( -20.85000000000000142, 32.50000000000000000, -5.000000000000006217 ) ) ;
#416 = ORIENTED_EDGE ( 'NONE', *, *, #153, .F. ) ;
#417 = CARTESIAN_POINT ( 'NONE',  ( 32.49999999999999289, -6.499999999999997335, 8.750000000000000000 ) ) ;
#418 = DIRECTION ( 'NONE',  ( 0.000000000000000000, 0.000000000000000000, 1.000000000000000000 ) ) ;
#419 = EDGE_CURVE ( 'NONE', #398, #524, #118, .T. ) ;
#420 = VERTEX_POINT ( 'NONE', #353 ) ;
#421 = DIRECTION ( 'NONE',  ( -0.000000000000000000, -0.000000000000000000, 1.000000000000000000 ) ) ;
#422 = ORIENTED_EDGE ( 'NONE', *, *, #685, .T. ) ;
#423 = CARTESIAN_POINT ( 'NONE',  ( 35.50000000000000000, -30.49999999999999289, 8.673617379884035472E-16 ) ) ;
#424 = CARTESIAN_POINT ( 'NONE',  ( -42.49999999999998579, 0.000000000000000000, -17.50000000000000000 ) ) ;
#425 = EDGE_LOOP ( 'NONE', ( #336, #811, #6, #1158 ) ) ;
#426 = CARTESIAN_POINT ( 'NONE',  ( 30.49999999999999645, -30.49999999999999289, 8.673617379884035472E-16 ) ) ;
#427 = EDGE_CURVE ( 'NONE', #780, #851, #559, .T. ) ;
#428 = CLOSED_SHELL ( 'NONE', ( #259, #838, #659, #975, #868, #789, #128, #413, #611, #979, #183, #1060, #545, #1287, #1315, #1326, #721, #1039, #526, #862, #243, #539, #1208, #1279, #501, #900, #733, #321, #647, #963, #845, #236, #570, #693, #490, #532, #224, #1223, #1355, #85, #573, #620, #945, #436, #227, #1324 ) ) ;
#429 = EDGE_CURVE ( 'NONE', #101, #420, #1017, .T. ) ;
#430 = AXIS2_PLACEMENT_3D ( 'NONE', #217, #34, #1094 ) ;
#431 = CARTESIAN_POINT ( 'NONE',  ( -32.49999999999999289, -6.499999999999997335, -5.750000000000000888 ) ) ;
#432 = AXIS2_PLACEMENT_3D ( 'NONE', #1118, #486, #147 ) ;
#433 = ORIENTED_EDGE ( 'NONE', *, *, #1253, .F. ) ;
#434 = DIRECTION ( 'NONE',  ( 0.000000000000000000, 0.000000000000000000, -1.000000000000000000 ) ) ;
#435 = DIRECTION ( 'NONE',  ( 1.000000000000000000, -0.000000000000000000, -0.000000000000000000 ) ) ;
#436 = ADVANCED_FACE ( 'NONE', ( #1364 ), #152, .T. ) ;
#437 = CARTESIAN_POINT ( 'NONE',  ( 42.50000000000000711, 60.00000000000000000, 4.999999999999993783 ) ) ;
#438 = EDGE_LOOP ( 'NONE', ( #467, #63, #841, #90 ) ) ;
#439 = DIRECTION ( 'NONE',  ( 0.000000000000000000, 0.000000000000000000, -1.000000000000000000 ) ) ;
#440 = VERTEX_POINT ( 'NONE', #1012 ) ;
#441 =( NAMED_UNIT ( * ) PLANE_ANGLE_UNIT ( ) SI_UNIT ( $, .RADIAN. ) );
#442 = EDGE_CURVE ( 'NONE', #851, #101, #260, .T. ) ;
#443 = DIRECTION ( 'NONE',  ( -0.000000000000000000, -1.000000000000000000, -0.000000000000000000 ) ) ;
#444 = DIRECTION ( 'NONE',  ( -1.000000000000000000, 0.000000000000000000, 1.224510688924804848E-16 ) ) ;
#445 = VERTEX_POINT ( 'NONE', #708 ) ;
#446 = ORIENTED_EDGE ( 'NONE', *, *, #1068, .T. ) ;
#447 = VECTOR ( 'NONE', #221, 1000.000000000000000 ) ;
#448 = VECTOR ( 'NONE', #513, 1000.000000000000000 ) ;
#449 = AXIS2_PLACEMENT_3D ( 'NONE', #932, #1259, #833 ) ;
#450 = ORIENTED_EDGE ( 'NONE', *, *, #1136, .T. ) ;
#451 = CARTESIAN_POINT ( 'NONE',  ( -32.49999999999999289, -6.499999999999997335, 11.75000000000000000 ) ) ;
#452 = CARTESIAN_POINT ( 'NONE',  ( -32.49999999999999289, -6.499999999999997335, 5.750000000000001776 ) ) ;
#453 = ORIENTED_EDGE ( 'NONE', *, *, #992, .T. ) ;
#454 = ORIENTED_EDGE ( 'NONE', *, *, #245, .T. ) ;
#455 = CYLINDRICAL_SURFACE ( 'NONE', #767, 11.25000000000001066 ) ;
#456 = ORIENTED_EDGE ( 'NONE', *, *, #482, .T. ) ;
#457 = FACE_BOUND ( 'NONE', #690, .T. ) ;
#458 = DIRECTION ( 'NONE',  ( -1.000000000000000000, 0.000000000000000000, 0.000000000000000000 ) ) ;
#459 = EDGE_CURVE ( 'NONE', #487, #1097, #391, .T. ) ;
#460 = ORIENTED_EDGE ( 'NONE', *, *, #341, .F. ) ;
#461 = CARTESIAN_POINT ( 'NONE',  ( -30.49999999999999645, -12.99999999999999467, -17.50000000000000000 ) ) ;
#462 = ORIENTED_EDGE ( 'NONE', *, *, #471, .F. ) ;
#463 = CARTESIAN_POINT ( 'NONE',  ( 32.49999999999999289, -6.499999999999997335, 8.750000000000000000 ) ) ;
#464 = LINE ( 'NONE', #347, #135 ) ;
#465 = DIRECTION ( 'NONE',  ( 1.000000000000000000, 0.000000000000000000, 0.000000000000000000 ) ) ;
#466 = ORIENTED_EDGE ( 'NONE', *, *, #928, .T. ) ;
#467 = ORIENTED_EDGE ( 'NONE', *, *, #1170, .F. ) ;
#468 = EDGE_CURVE ( 'NONE', #851, #780, #857, .T. ) ;
#469 = AXIS2_PLACEMENT_3D ( 'NONE', #759, #421, #195 ) ;
#470 = DIRECTION ( 'NONE',  ( -0.000000000000000000, -0.000000000000000000, 1.000000000000000000 ) ) ;
#471 = EDGE_CURVE ( 'NONE', #1367, #1269, #1268, .T. ) ;
#472 = AXIS2_PLACEMENT_3D ( 'NONE', #621, #1100, #657 ) ;
#473 = ORIENTED_EDGE ( 'NONE', *, *, #779, .T. ) ;
#474 = DIRECTION ( 'NONE',  ( -1.000000000000000000, -0.000000000000000000, -0.000000000000000000 ) ) ;
#475 = EDGE_CURVE ( 'NONE', #1127, #1254, #1305, .T. ) ;
#476 = AXIS2_PLACEMENT_3D ( 'NONE', #477, #1153, #793 ) ;
#477 = CARTESIAN_POINT ( 'NONE',  ( 42.49999999999999289, -30.49999999999999289, 8.673617379884035472E-16 ) ) ;
#478 = STYLED_ITEM ( 'NONE', ( #25 ), #1064 ) ;
#479 = VERTEX_POINT ( 'NONE', #716 ) ;
#480 = DIRECTION ( 'NONE',  ( 0.000000000000000000, 0.000000000000000000, 1.000000000000000000 ) ) ;
#481 = CARTESIAN_POINT ( 'NONE',  ( -29.15000000000000213, 32.50000000000000000, -5.000000000000006217 ) ) ;
#482 = EDGE_CURVE ( 'NONE', #505, #608, #786, .T. ) ;
#483 = VERTEX_POINT ( 'NONE', #905 ) ;
#484 = DIRECTION ( 'NONE',  ( -1.000000000000000000, -0.000000000000000000, -0.000000000000000000 ) ) ;
#485 = FACE_OUTER_BOUND ( 'NONE', #1114, .T. ) ;
#486 = DIRECTION ( 'NONE',  ( -1.000000000000000000, -0.000000000000000000, -0.000000000000000000 ) ) ;
#487 = VERTEX_POINT ( 'NONE', #1338 ) ;
#488 = DIRECTION ( 'NONE',  ( 0.000000000000000000, 0.000000000000000000, 1.000000000000000000 ) ) ;
#489 = DIRECTION ( 'NONE',  ( 0.000000000000000000, 0.000000000000000000, 1.000000000000000000 ) ) ;
#490 = ADVANCED_FACE ( 'NONE', ( #368 ), #800, .F. ) ;
#491 = FACE_OUTER_BOUND ( 'NONE', #943, .T. ) ;
#492 = ORIENTED_EDGE ( 'NONE', *, *, #957, .F. ) ;
#493 = CARTESIAN_POINT ( 'NONE',  ( 42.49999999999999289, -30.49999999999999289, 8.673617379884035472E-16 ) ) ;
#494 = DIRECTION ( 'NONE',  ( -0.000000000000000000, -1.000000000000000000, -0.000000000000000000 ) ) ;
#495 = ORIENTED_EDGE ( 'NONE', *, *, #328, .F. ) ;
#496 = LINE ( 'NONE', #638, #408 ) ;
#497 = CIRCLE ( 'NONE', #746, 3.000000000000000444 ) ;
#498 = VECTOR ( 'NONE', #562, 1000.000000000000000 ) ;
#499 = DIRECTION ( 'NONE',  ( 0.000000000000000000, 0.000000000000000000, 1.000000000000000000 ) ) ;
#500 = VECTOR ( 'NONE', #854, 1000.000000000000000 ) ;
#501 = ADVANCED_FACE ( 'NONE', ( #1032 ), #1231, .F. ) ;
#502 = VECTOR ( 'NONE', #58, 1000.000000000000000 ) ;
#503 = ORIENTED_EDGE ( 'NONE', *, *, #92, .T. ) ;
#504 = CARTESIAN_POINT ( 'NONE',  ( 42.50000000000000711, -12.99999999999999467, -17.50000000000000000 ) ) ;
#505 = VERTEX_POINT ( 'NONE', #1132 ) ;
#506 = CARTESIAN_POINT ( 'NONE',  ( 35.50000000000000000, -30.49999999999999289, 8.673617379884035472E-16 ) ) ;
#507 = DIRECTION ( 'NONE',  ( -0.000000000000000000, -0.000000000000000000, 1.000000000000000000 ) ) ;
#508 = CARTESIAN_POINT ( 'NONE',  ( 32.49999999999999289, -6.499999999999997335, -5.750000000000000888 ) ) ;
#509 = EDGE_CURVE ( 'NONE', #1342, #1317, #582, .T. ) ;
#510 = DIRECTION ( 'NONE',  ( -1.000000000000000000, 0.000000000000000000, 0.000000000000000000 ) ) ;
#511 = ORIENTED_EDGE ( 'NONE', *, *, #385, .T. ) ;
#512 = CYLINDRICAL_SURFACE ( 'NONE', #1179, 4.500000000000000000 ) ;
#513 = DIRECTION ( 'NONE',  ( -1.000000000000000000, -0.000000000000000000, -0.000000000000000000 ) ) ;
#514 = ORIENTED_EDGE ( 'NONE', *, *, #334, .F. ) ;
#515 = DIRECTION ( 'NONE',  ( -1.000000000000000000, 0.000000000000000000, 0.000000000000000000 ) ) ;
#516 = ORIENTED_EDGE ( 'NONE', *, *, #46, .F. ) ;
#517 = FACE_OUTER_BOUND ( 'NONE', #954, .T. ) ;
#518 = DIRECTION ( 'NONE',  ( 0.000000000000000000, 0.000000000000000000, -1.000000000000000000 ) ) ;
#519 = AXIS2_PLACEMENT_3D ( 'NONE', #527, #317, #1162 ) ;
#520 = EDGE_LOOP ( 'NONE', ( #226, #671 ) ) ;
#521 = CARTESIAN_POINT ( 'NONE',  ( -35.50000000000000000, -30.49999999999999289, -4.499999999999999112 ) ) ;
#522 = VECTOR ( 'NONE', #443, 1000.000000000000000 ) ;
#523 = VECTOR ( 'NONE', #189, 1000.000000000000000 ) ;
#524 = VERTEX_POINT ( 'NONE', #686 ) ;
#525 = CARTESIAN_POINT ( 'NONE',  ( 42.50000000000000711, 0.000000000000000000, 4.999999999999993783 ) ) ;
#526 = ADVANCED_FACE ( 'NONE', ( #1125, #1024, #485 ), #1148, .F. ) ;
#527 = CARTESIAN_POINT ( 'NONE',  ( -25.00000000000000000, 32.50000000000000000, -5.000000000000006217 ) ) ;
#528 = ORIENTED_EDGE ( 'NONE', *, *, #666, .F. ) ;
#529 = CARTESIAN_POINT ( 'NONE',  ( -32.49999999999999289, 8.655444566227759040, 9.835661766082227470E-16 ) ) ;
#530 = ORIENTED_EDGE ( 'NONE', *, *, #341, .T. ) ;
#531 = CARTESIAN_POINT ( 'NONE',  ( -32.49999999999999289, -6.499999999999997335, -8.750000000000000000 ) ) ;
#532 = ADVANCED_FACE ( 'NONE', ( #171 ), #804, .T. ) ;
#533 = DIRECTION ( 'NONE',  ( -1.000000000000000000, -0.000000000000000000, -0.000000000000000000 ) ) ;
#534 = CARTESIAN_POINT ( 'NONE',  ( -42.49999999999998579, -12.99999999999999467, -17.50000000000000000 ) ) ;
#535 = FACE_BOUND ( 'NONE', #255, .T. ) ;
#536 = CYLINDRICAL_SURFACE ( 'NONE', #697, 3.000000000000000444 ) ;
#537 = LINE ( 'NONE', #534, #1155 ) ;
#538 = AXIS2_PLACEMENT_3D ( 'NONE', #1081, #115, #1169 ) ;
#539 = ADVANCED_FACE ( 'NONE', ( #491 ), #918, .F. ) ;
#540 = VECTOR ( 'NONE', #484, 1000.000000000000000 ) ;
#541 = DIRECTION ( 'NONE',  ( 1.000000000000000000, 0.000000000000000000, 0.000000000000000000 ) ) ;
#542 = AXIS2_PLACEMENT_3D ( 'NONE', #915, #803, #796 ) ;
#543 = DIRECTION ( 'NONE',  ( 0.000000000000000000, 0.000000000000000000, 1.000000000000000000 ) ) ;
#544 = DIRECTION ( 'NONE',  ( -1.000000000000000000, 0.000000000000000000, 0.000000000000000000 ) ) ;
#545 = ADVANCED_FACE ( 'NONE', ( #1040 ), #72, .F. ) ;
#546 = PRODUCT ( 'Body arm', 'Body arm', '', ( #363 ) ) ;
#547 = DIRECTION ( 'NONE',  ( 0.000000000000000000, 0.000000000000000000, -1.000000000000000000 ) ) ;
#548 = CYLINDRICAL_SURFACE ( 'NONE', #878, 17.50000000000000000 ) ;
#549 = DIRECTION ( 'NONE',  ( -1.000000000000000000, -0.000000000000000000, -0.000000000000000000 ) ) ;
#550 = EDGE_LOOP ( 'NONE', ( #300, #349, #164, #589 ) ) ;
#551 = ORIENTED_EDGE ( 'NONE', *, *, #419, .T. ) ;
#552 = CARTESIAN_POINT ( 'NONE',  ( -42.49999999999999289, -6.499999999999997335, -8.750000000000000000 ) ) ;
#553 = EDGE_CURVE ( 'NONE', #1010, #294, #1084, .T. ) ;
#554 = CARTESIAN_POINT ( 'NONE',  ( 42.50000000000000711, 60.00000000000000000, 4.999999999999993783 ) ) ;
#555 = DIRECTION ( 'NONE',  ( -0.000000000000000000, 1.000000000000000000, -0.000000000000000000 ) ) ;
#556 = VERTEX_POINT ( 'NONE', #109 ) ;
#557 = ORIENTED_EDGE ( 'NONE', *, *, #1195, .T. ) ;
#558 = CIRCLE ( 'NONE', #1353, 11.25000000000001066 ) ;
#559 = CIRCLE ( 'NONE', #337, 4.150000000000001243 ) ;
#560 = CARTESIAN_POINT ( 'NONE',  ( 42.50000000000000711, 60.00000000000000000, -5.000000000000006217 ) ) ;
#561 = VECTOR ( 'NONE', #1339, 1000.000000000000000 ) ;
#562 = DIRECTION ( 'NONE',  ( 1.000000000000000000, -0.000000000000000000, -0.000000000000000000 ) ) ;
#563 = EDGE_CURVE ( 'NONE', #483, #487, #229, .T. ) ;
#564 = DIRECTION ( 'NONE',  ( 0.000000000000000000, 0.000000000000000000, -1.000000000000000000 ) ) ;
#565 = ORIENTED_EDGE ( 'NONE', *, *, #992, .F. ) ;
#566 = VERTEX_POINT ( 'NONE', #1379 ) ;
#567 = DIRECTION ( 'NONE',  ( 0.000000000000000000, 0.000000000000000000, -1.000000000000000000 ) ) ;
#568 = ORIENTED_EDGE ( 'NONE', *, *, #1006, .F. ) ;
#569 = DIRECTION ( 'NONE',  ( -0.000000000000000000, -0.000000000000000000, -1.000000000000000000 ) ) ;
#570 = ADVANCED_FACE ( 'NONE', ( #630 ), #942, .F. ) ;
#571 = DIRECTION ( 'NONE',  ( 1.000000000000000000, 0.000000000000000000, 0.000000000000000000 ) ) ;
#572 =( LENGTH_UNIT ( ) NAMED_UNIT ( * ) SI_UNIT ( .MILLI., .METRE. ) );
#573 = ADVANCED_FACE ( 'NONE', ( #1167 ), #536, .F. ) ;
#574 = ORIENTED_EDGE ( 'NONE', *, *, #57, .F. ) ;
#575 = CARTESIAN_POINT ( 'NONE',  ( -30.49999999999999645, -30.49999999999999645, -17.49999999999999645 ) ) ;
#576 = ORIENTED_EDGE ( 'NONE', *, *, #92, .F. ) ;
#577 = CARTESIAN_POINT ( 'NONE',  ( 32.49999999999999289, -6.499999999999997335, 8.750000000000000000 ) ) ;
#578 = ORIENTED_EDGE ( 'NONE', *, *, #153, .T. ) ;
#579 = DIRECTION ( 'NONE',  ( -1.000000000000000000, -0.000000000000000000, -0.000000000000000000 ) ) ;
#580 = EDGE_CURVE ( 'NONE', #1008, #1380, #98, .T. ) ;
#581 = DIRECTION ( 'NONE',  ( 1.000000000000000000, -0.000000000000000000, -0.000000000000000000 ) ) ;
#582 = CIRCLE ( 'NONE', #187, 4.500000000000000000 ) ;
#583 = VERTEX_POINT ( 'NONE', #1263 ) ;
#584 = CARTESIAN_POINT ( 'NONE',  ( -42.49999999999999289, -6.499999999999997335, 8.750000000000000000 ) ) ;
#585 = AXIS2_PLACEMENT_3D ( 'NONE', #423, #836, #1270 ) ;
#586 = VECTOR ( 'NONE', #248, 1000.000000000000000 ) ;
#587 = DIRECTION ( 'NONE',  ( -1.000000000000000000, -0.000000000000000000, -0.000000000000000000 ) ) ;
#588 = CARTESIAN_POINT ( 'NONE',  ( 30.49999999999999645, -12.99999999999999467, -17.50000000000000000 ) ) ;
#589 = ORIENTED_EDGE ( 'NONE', *, *, #602, .F. ) ;
#590 = CARTESIAN_POINT ( 'NONE',  ( 20.85000000000000142, 32.50000000000000000, 4.999999999999999112 ) ) ;
#591 = EDGE_CURVE ( 'NONE', #1215, #1377, #325, .T. ) ;
#592 = FACE_OUTER_BOUND ( 'NONE', #1356, .T. ) ;
#593 = ORIENTED_EDGE ( 'NONE', *, *, #1344, .F. ) ;
#594 = CYLINDRICAL_SURFACE ( 'NONE', #15, 3.000000000000000000 ) ;
#595 = DIRECTION ( 'NONE',  ( -1.000000000000000000, 0.000000000000000000, 0.000000000000000000 ) ) ;
#596 = CARTESIAN_POINT ( 'NONE',  ( 32.49999999999999289, 8.655444566227759040, -2.999999999999999556 ) ) ;
#597 = VERTEX_POINT ( 'NONE', #839 ) ;
#598 = DIRECTION ( 'NONE',  ( -1.000000000000000000, 0.000000000000000000, 1.224510688924804848E-16 ) ) ;
#599 = CARTESIAN_POINT ( 'NONE',  ( 30.49999999999999645, -30.49999999999999289, 8.673617379884035472E-16 ) ) ;
#600 = ORIENTED_EDGE ( 'NONE', *, *, #1083, .T. ) ;
#601 = CARTESIAN_POINT ( 'NONE',  ( -32.49999999999999289, 8.655444566227759040, 9.835661766082227470E-16 ) ) ;
#602 = EDGE_CURVE ( 'NONE', #1061, #892, #949, .T. ) ;
#603 = DIRECTION ( 'NONE',  ( 1.000000000000000000, 0.000000000000000000, 0.000000000000000000 ) ) ;
#604 = FACE_OUTER_BOUND ( 'NONE', #1165, .T. ) ;
#605 = ORIENTED_EDGE ( 'NONE', *, *, #591, .T. ) ;
#606 = VERTEX_POINT ( 'NONE', #297 ) ;
#607 = PLANE ( 'NONE',  #449 ) ;
#608 = VERTEX_POINT ( 'NONE', #403 ) ;
#609 = DIRECTION ( 'NONE',  ( 1.000000000000000000, 0.000000000000000000, 0.000000000000000000 ) ) ;
#610 = CIRCLE ( 'NONE', #648, 11.25000000000001066 ) ;
#611 = ADVANCED_FACE ( 'NONE', ( #724 ), #619, .F. ) ;
#612 = DIRECTION ( 'NONE',  ( 0.000000000000000000, 0.000000000000000000, 1.000000000000000000 ) ) ;
#613 = AXIS2_PLACEMENT_3D ( 'NONE', #1131, #1343, #158 ) ;
#614 = ORIENTED_EDGE ( 'NONE', *, *, #928, .F. ) ;
#615 = VERTEX_POINT ( 'NONE', #956 ) ;
#616 = FACE_OUTER_BOUND ( 'NONE', #1077, .T. ) ;
#617 = EDGE_LOOP ( 'NONE', ( #952, #933, #1058, #665 ) ) ;
#618 = DIRECTION ( 'NONE',  ( 1.000000000000000000, 0.000000000000000000, 0.000000000000000000 ) ) ;
#619 = CYLINDRICAL_SURFACE ( 'NONE', #519, 4.150000000000001243 ) ;
#620 = ADVANCED_FACE ( 'NONE', ( #3 ), #951, .T. ) ;
#621 = CARTESIAN_POINT ( 'NONE',  ( 32.49999999999999289, -6.499999999999997335, -8.750000000000000000 ) ) ;
#622 = EDGE_LOOP ( 'NONE', ( #727, #1030 ) ) ;
#623 = CARTESIAN_POINT ( 'NONE',  ( 25.00000000000000000, 32.50000000000000000, -5.000000000000006217 ) ) ;
#624 = DIRECTION ( 'NONE',  ( -1.000000000000000000, -0.000000000000000000, -0.000000000000000000 ) ) ;
#625 = ORIENTED_EDGE ( 'NONE', *, *, #1116, .T. ) ;
#626 = DIRECTION ( 'NONE',  ( -1.000000000000000000, -0.000000000000000000, -0.000000000000000000 ) ) ;
#627 = EDGE_CURVE ( 'NONE', #9, #597, #89, .T. ) ;
#628 = ORIENTED_EDGE ( 'NONE', *, *, #750, .T. ) ;
#629 = DIRECTION ( 'NONE',  ( 0.000000000000000000, 0.000000000000000000, 1.000000000000000000 ) ) ;
#630 = FACE_OUTER_BOUND ( 'NONE', #1204, .T. ) ;
#631 = AXIS2_PLACEMENT_3D ( 'NONE', #1057, #219, #745 ) ;
#632 = VERTEX_POINT ( 'NONE', #214 ) ;
#633 = FACE_OUTER_BOUND ( 'NONE', #1217, .T. ) ;
#634 = AXIS2_PLACEMENT_3D ( 'NONE', #417, #1048, #295 ) ;
#635 = AXIS2_PLACEMENT_3D ( 'NONE', #1376, #510, #938 ) ;
#636 = EDGE_CURVE ( 'NONE', #1163, #892, #1273, .T. ) ;
#637 = ORIENTED_EDGE ( 'NONE', *, *, #279, .F. ) ;
#638 = CARTESIAN_POINT ( 'NONE',  ( 30.49999999999999645, -30.49999999999999289, 11.25000000000001066 ) ) ;
#639 = FACE_OUTER_BOUND ( 'NONE', #1210, .T. ) ;
#640 = FACE_BOUND ( 'NONE', #897, .T. ) ;
#641 = FACE_OUTER_BOUND ( 'NONE', #215, .T. ) ;
#642 = ORIENTED_EDGE ( 'NONE', *, *, #866, .F. ) ;
#643 = CARTESIAN_POINT ( 'NONE',  ( 32.49999999999999289, -6.499999999999997335, -8.750000000000000000 ) ) ;
#644 = CARTESIAN_POINT ( 'NONE',  ( -35.50000000000000000, -30.49999999999999289, 4.500000000000000888 ) ) ;
#645 = CARTESIAN_POINT ( 'NONE',  ( 42.50000000000000711, 0.000000000000000000, 4.999999999999993783 ) ) ;
#646 = DIRECTION ( 'NONE',  ( -1.000000000000000000, 0.000000000000000000, 0.000000000000000000 ) ) ;
#647 = ADVANCED_FACE ( 'NONE', ( #198, #1278 ), #1063, .F. ) ;
#648 = AXIS2_PLACEMENT_3D ( 'NONE', #1196, #235, #122 ) ;
#649 = CARTESIAN_POINT ( 'NONE',  ( -42.49999999999999289, -30.49999999999999289, 8.673617379884035472E-16 ) ) ;
#650 = VECTOR ( 'NONE', #507, 1000.000000000000000 ) ;
#651 = VERTEX_POINT ( 'NONE', #312 ) ;
#652 = AXIS2_PLACEMENT_3D ( 'NONE', #1389, #962, #104 ) ;
#653 = CIRCLE ( 'NONE', #322, 11.25000000000001066 ) ;
#654 = LINE ( 'NONE', #768, #324 ) ;
#655 = CIRCLE ( 'NONE', #339, 3.000000000000000444 ) ;
#656 = FACE_OUTER_BOUND ( 'NONE', #617, .T. ) ;
#657 = DIRECTION ( 'NONE',  ( 0.000000000000000000, 0.000000000000000000, -1.000000000000000000 ) ) ;
#658 = EDGE_LOOP ( 'NONE', ( #947, #984 ) ) ;
#659 = ADVANCED_FACE ( 'NONE', ( #639 ), #1080, .F. ) ;
#660 = PRODUCT_DEFINITION_SHAPE ( 'NONE', 'NONE',  #744 ) ;
#661 = DIRECTION ( 'NONE',  ( -1.000000000000000000, 0.000000000000000000, 0.000000000000000000 ) ) ;
#662 = EDGE_LOOP ( 'NONE', ( #181, #270, #747, #495 ) ) ;
#663 = DIRECTION ( 'NONE',  ( 0.000000000000000000, 0.000000000000000000, 1.000000000000000000 ) ) ;
#664 = DIRECTION ( 'NONE',  ( -1.000000000000000000, -0.000000000000000000, -0.000000000000000000 ) ) ;
#665 = ORIENTED_EDGE ( 'NONE', *, *, #306, .T. ) ;
#666 = EDGE_CURVE ( 'NONE', #682, #479, #28, .T. ) ;
#667 = SURFACE_STYLE_USAGE ( .BOTH. , #21 ) ;
#668 = VERTEX_POINT ( 'NONE', #124 ) ;
#669 = CARTESIAN_POINT ( 'NONE',  ( 32.49999999999999289, -6.499999999999997335, 11.75000000000000000 ) ) ;
#670 = CARTESIAN_POINT ( 'NONE',  ( 42.50000000000000711, 0.000000000000000000, 17.50000000000000000 ) ) ;
#671 = ORIENTED_EDGE ( 'NONE', *, *, #819, .T. ) ;
#672 = VERTEX_POINT ( 'NONE', #679 ) ;
#673 = AXIS2_PLACEMENT_3D ( 'NONE', #319, #748, #1381 ) ;
#674 = CARTESIAN_POINT ( 'NONE',  ( -42.49999999999999289, -30.49999999999999289, -11.25000000000001066 ) ) ;
#675 = AXIS2_PLACEMENT_3D ( 'NONE', #346, #27, #663 ) ;
#676 = EDGE_CURVE ( 'NONE', #890, #315, #1214, .T. ) ;
#677 = PRESENTATION_LAYER_ASSIGNMENT (  '', '', ( #478 ) ) ;
#678 = ORIENTED_EDGE ( 'NONE', *, *, #459, .T. ) ;
#679 = CARTESIAN_POINT ( 'NONE',  ( -29.15000000000000213, 32.50000000000000000, 4.999999999999999112 ) ) ;
#680 = LINE ( 'NONE', #670, #1157 ) ;
#681 = LINE ( 'NONE', #588, #972 ) ;
#682 = VERTEX_POINT ( 'NONE', #758 ) ;
#683 = DIRECTION ( 'NONE',  ( 0.000000000000000000, 0.000000000000000000, -1.000000000000000000 ) ) ;
#684 = DIRECTION ( 'NONE',  ( 1.000000000000000000, -0.000000000000000000, -0.000000000000000000 ) ) ;
#685 = EDGE_CURVE ( 'NONE', #985, #784, #1178, .T. ) ;
#686 = CARTESIAN_POINT ( 'NONE',  ( -42.49999999999999289, -30.49999999999999289, 17.50000000000000000 ) ) ;
#687 = DIRECTION ( 'NONE',  ( -1.000000000000000000, 0.000000000000000000, 0.000000000000000000 ) ) ;
#688 = ORIENTED_EDGE ( 'NONE', *, *, #874, .T. ) ;
#689 = CARTESIAN_POINT ( 'NONE',  ( -32.49999999999999289, 8.655444566227759040, 9.835661766082227470E-16 ) ) ;
#690 = EDGE_LOOP ( 'NONE', ( #304, #1176 ) ) ;
#691 = CARTESIAN_POINT ( 'NONE',  ( 20.85000000000000142, 32.50000000000000000, -5.000000000000006217 ) ) ;
#692 = DIRECTION ( 'NONE',  ( 0.000000000000000000, 0.000000000000000000, -1.000000000000000000 ) ) ;
#693 = ADVANCED_FACE ( 'NONE', ( #1320 ), #352, .T. ) ;
#694 = ORIENTED_EDGE ( 'NONE', *, *, #354, .F. ) ;
#695 = DIRECTION ( 'NONE',  ( -1.000000000000000000, -0.000000000000000000, -0.000000000000000000 ) ) ;
#696 = LINE ( 'NONE', #1112, #1333 ) ;
#697 = AXIS2_PLACEMENT_3D ( 'NONE', #966, #397, #518 ) ;
#698 = ORIENTED_EDGE ( 'NONE', *, *, #134, .T. ) ;
#699 = DIRECTION ( 'NONE',  ( 0.000000000000000000, 0.000000000000000000, 1.000000000000000000 ) ) ;
#700 = VECTOR ( 'NONE', #1297, 1000.000000000000000 ) ;
#701 = DIRECTION ( 'NONE',  ( 0.000000000000000000, 0.000000000000000000, 1.000000000000000000 ) ) ;
#702 = PLANE ( 'NONE',  #728 ) ;
#703 = ORIENTED_EDGE ( 'NONE', *, *, #957, .T. ) ;
#704 = DIRECTION ( 'NONE',  ( -1.000000000000000000, -0.000000000000000000, -0.000000000000000000 ) ) ;
#705 = DIRECTION ( 'NONE',  ( -1.000000000000000000, 0.000000000000000000, 0.000000000000000000 ) ) ;
#706 = EDGE_CURVE ( 'NONE', #916, #1061, #770, .T. ) ;
#707 = CARTESIAN_POINT ( 'NONE',  ( -25.00000000000000000, 32.50000000000000000, -5.000000000000006217 ) ) ;
#708 = CARTESIAN_POINT ( 'NONE',  ( -42.49999999999998579, 0.000000000000000000, 17.50000000000000000 ) ) ;
#709 = DIRECTION ( 'NONE',  ( 0.000000000000000000, 0.000000000000000000, 1.000000000000000000 ) ) ;
#710 = VERTEX_POINT ( 'NONE', #145 ) ;
#711 = DIRECTION ( 'NONE',  ( 1.000000000000000000, 0.000000000000000000, 0.000000000000000000 ) ) ;
#712 = DIRECTION ( 'NONE',  ( -0.000000000000000000, 0.000000000000000000, 1.000000000000000000 ) ) ;
#713 = EDGE_CURVE ( 'NONE', #1097, #1133, #864, .T. ) ;
#714 = ORIENTED_EDGE ( 'NONE', *, *, #1170, .T. ) ;
#715 = CARTESIAN_POINT ( 'NONE',  ( 29.15000000000000213, 32.50000000000000000, -5.000000000000006217 ) ) ;
#716 = CARTESIAN_POINT ( 'NONE',  ( 42.49999999999999289, -30.49999999999999289, 17.50000000000000000 ) ) ;
#717 = DIRECTION ( 'NONE',  ( 0.000000000000000000, 0.000000000000000000, 1.000000000000000000 ) ) ;
#718 = LINE ( 'NONE', #1156, #523 ) ;
#719 = ORIENTED_EDGE ( 'NONE', *, *, #826, .F. ) ;
#720 = FACE_OUTER_BOUND ( 'NONE', #155, .T. ) ;
#721 = ADVANCED_FACE ( 'NONE', ( #457, #1087, #989 ), #1201, .F. ) ;
#722 = CIRCLE ( 'NONE', #207, 11.25000000000001066 ) ;
#723 = AXIS2_PLACEMENT_3D ( 'NONE', #273, #587, #701 ) ;
#724 = FACE_OUTER_BOUND ( 'NONE', #388, .T. ) ;
#725 = EDGE_CURVE ( 'NONE', #1380, #1008, #1046, .T. ) ;
#726 = AXIS2_PLACEMENT_3D ( 'NONE', #601, #792, #1351 ) ;
#727 = ORIENTED_EDGE ( 'NONE', *, *, #917, .T. ) ;
#728 = AXIS2_PLACEMENT_3D ( 'NONE', #1365, #275, #1041 ) ;
#729 = ORIENTED_EDGE ( 'NONE', *, *, #1344, .T. ) ;
#730 = EDGE_LOOP ( 'NONE', ( #1186, #26, #903, #551, #964, #806, #1312, #1171 ) ) ;
#731 = CYLINDRICAL_SURFACE ( 'NONE', #634, 2.999999999999999112 ) ;
#732 = DIRECTION ( 'NONE',  ( 1.000000000000000000, -0.000000000000000000, -0.000000000000000000 ) ) ;
#733 = ADVANCED_FACE ( 'NONE', ( #656 ), #548, .T. ) ;
#734 = ORIENTED_EDGE ( 'NONE', *, *, #971, .T. ) ;
#735 = LINE ( 'NONE', #415, #298 ) ;
#736 = EDGE_LOOP ( 'NONE', ( #568, #565 ) ) ;
#737 = DIRECTION ( 'NONE',  ( 1.000000000000000000, 0.000000000000000000, 0.000000000000000000 ) ) ;
#738 = DIRECTION ( 'NONE',  ( -1.000000000000000000, -0.000000000000000000, -0.000000000000000000 ) ) ;
#739 = ORIENTED_EDGE ( 'NONE', *, *, #1092, .F. ) ;
#740 = FACE_OUTER_BOUND ( 'NONE', #662, .T. ) ;
#741 = EDGE_CURVE ( 'NONE', #777, #913, #250, .T. ) ;
#742 = ORIENTED_EDGE ( 'NONE', *, *, #1029, .T. ) ;
#743 = DIRECTION ( 'NONE',  ( 1.000000000000000000, 0.000000000000000000, 0.000000000000000000 ) ) ;
#744 = PRODUCT_DEFINITION ( 'General', '', #842, #1292 ) ;
#745 = DIRECTION ( 'NONE',  ( 0.000000000000000000, 0.000000000000000000, 1.000000000000000000 ) ) ;
#746 = AXIS2_PLACEMENT_3D ( 'NONE', #1035, #1251, #393 ) ;
#747 = ORIENTED_EDGE ( 'NONE', *, *, #1098, .T. ) ;
#748 = DIRECTION ( 'NONE',  ( -1.000000000000000000, 0.000000000000000000, 0.000000000000000000 ) ) ;
#749 = AXIS2_PLACEMENT_3D ( 'NONE', #948, #396, #1371 ) ;
#750 = EDGE_CURVE ( 'NONE', #606, #1001, #873, .T. ) ;
#751 = DIRECTION ( 'NONE',  ( 1.000000000000000000, 0.000000000000000000, 0.000000000000000000 ) ) ;
#752 = ORIENTED_EDGE ( 'NONE', *, *, #429, .F. ) ;
#753 = DIRECTION ( 'NONE',  ( 0.000000000000000000, -0.000000000000000000, -1.000000000000000000 ) ) ;
#754 = CARTESIAN_POINT ( 'NONE',  ( 30.49999999999999645, -30.49999999999999289, 8.673617379884035472E-16 ) ) ;
#755 =( NAMED_UNIT ( * ) SI_UNIT ( $, .STERADIAN. ) SOLID_ANGLE_UNIT ( ) );
#756 = EDGE_CURVE ( 'NONE', #566, #194, #209, .T. ) ;
#757 = ORIENTED_EDGE ( 'NONE', *, *, #83, .F. ) ;
#758 = CARTESIAN_POINT ( 'NONE',  ( 42.49999999999999289, -30.49999999999999645, -17.49999999999999645 ) ) ;
#759 = CARTESIAN_POINT ( 'NONE',  ( 25.00000000000000000, 32.50000000000000000, -5.000000000000006217 ) ) ;
#760 = DIRECTION ( 'NONE',  ( -1.000000000000000000, 0.000000000000000000, 0.000000000000000000 ) ) ;
#761 = ORIENTED_EDGE ( 'NONE', *, *, #1116, .F. ) ;
#762 = CIRCLE ( 'NONE', #1013, 3.000000000000000000 ) ;
#763 = FACE_OUTER_BOUND ( 'NONE', #202, .T. ) ;
#764 = AXIS2_PLACEMENT_3D ( 'NONE', #643, #533, #831 ) ;
#765 = AXIS2_PLACEMENT_3D ( 'NONE', #961, #7, #751 ) ;
#766 = ORIENTED_EDGE ( 'NONE', *, *, #29, .T. ) ;
#767 = AXIS2_PLACEMENT_3D ( 'NONE', #123, #541, #547 ) ;
#768 = CARTESIAN_POINT ( 'NONE',  ( 32.49999999999999289, -6.499999999999997335, -11.75000000000000000 ) ) ;
#769 = ORIENTED_EDGE ( 'NONE', *, *, #627, .F. ) ;
#770 = LINE ( 'NONE', #669, #498 ) ;
#771 = LINE ( 'NONE', #1302, #785 ) ;
#772 = EDGE_CURVE ( 'NONE', #329, #615, #925, .T. ) ;
#773 = ORIENTED_EDGE ( 'NONE', *, *, #828, .F. ) ;
#774 = CARTESIAN_POINT ( 'NONE',  ( 42.50000000000000711, 60.00000000000000000, -5.000000000000006217 ) ) ;
#775 = DIRECTION ( 'NONE',  ( -1.000000000000000000, -0.000000000000000000, -0.000000000000000000 ) ) ;
#776 = DIRECTION ( 'NONE',  ( -1.000000000000000000, 0.000000000000000000, 0.000000000000000000 ) ) ;
#777 = VERTEX_POINT ( 'NONE', #822 ) ;
#778 = ORIENTED_EDGE ( 'NONE', *, *, #1161, .F. ) ;
#779 = EDGE_CURVE ( 'NONE', #1373, #890, #1004, .T. ) ;
#780 = VERTEX_POINT ( 'NONE', #715 ) ;
#781 = DIRECTION ( 'NONE',  ( 0.000000000000000000, 0.000000000000000000, 1.000000000000000000 ) ) ;
#782 = CARTESIAN_POINT ( 'NONE',  ( 42.49999999999999289, -6.499999999999997335, -8.750000000000000000 ) ) ;
#783 = ORIENTED_EDGE ( 'NONE', *, *, #998, .T. ) ;
#784 = VERTEX_POINT ( 'NONE', #910 ) ;
#785 = VECTOR ( 'NONE', #555, 1000.000000000000000 ) ;
#786 = CIRCLE ( 'NONE', #476, 11.25000000000001066 ) ;
#787 = CARTESIAN_POINT ( 'NONE',  ( 35.50000000000000000, -30.49999999999999289, 8.673617379884035472E-16 ) ) ;
#788 = CIRCLE ( 'NONE', #970, 3.000000000000000000 ) ;
#789 = ADVANCED_FACE ( 'NONE', ( #1222 ), #42, .F. ) ;
#790 = AXIS2_PLACEMENT_3D ( 'NONE', #1349, #1028, #488 ) ;
#791 = ORIENTED_EDGE ( 'NONE', *, *, #29, .F. ) ;
#792 = DIRECTION ( 'NONE',  ( -1.000000000000000000, -0.000000000000000000, -0.000000000000000000 ) ) ;
#793 = DIRECTION ( 'NONE',  ( 0.000000000000000000, 0.000000000000000000, 1.000000000000000000 ) ) ;
#794 = DIRECTION ( 'NONE',  ( 0.000000000000000000, 0.000000000000000000, 1.000000000000000000 ) ) ;
#795 = ORIENTED_EDGE ( 'NONE', *, *, #328, .T. ) ;
#796 = DIRECTION ( 'NONE',  ( 0.000000000000000000, 0.000000000000000000, 1.000000000000000000 ) ) ;
#797 = APPLICATION_CONTEXT ( 'automotive_design' ) ;
#798 = DIRECTION ( 'NONE',  ( 0.000000000000000000, 0.000000000000000000, -1.000000000000000000 ) ) ;
#799 = EDGE_CURVE ( 'NONE', #777, #1026, #382, .T. ) ;
#800 = CYLINDRICAL_SURFACE ( 'NONE', #899, 3.000000000000000000 ) ;
#801 = SHAPE_DEFINITION_REPRESENTATION ( #660, #1113 ) ;
#802 = EDGE_LOOP ( 'NONE', ( #1003, #1234, #48, #39 ) ) ;
#803 = DIRECTION ( 'NONE',  ( -1.000000000000000000, 0.000000000000000000, 0.000000000000000000 ) ) ;
#804 = PLANE ( 'NONE',  #968 ) ;
#805 = CARTESIAN_POINT ( 'NONE',  ( 35.50000000000000000, -30.49999999999999289, 8.673617379884035472E-16 ) ) ;
#806 = ORIENTED_EDGE ( 'NONE', *, *, #193, .T. ) ;
#807 = DIRECTION ( 'NONE',  ( 0.000000000000000000, 0.000000000000000000, -1.000000000000000000 ) ) ;
#808 = VECTOR ( 'NONE', #278, 1000.000000000000000 ) ;
#809 = DIRECTION ( 'NONE',  ( 0.000000000000000000, 0.000000000000000000, -1.000000000000000000 ) ) ;
#810 = AXIS2_PLACEMENT_3D ( 'NONE', #855, #1293, #434 ) ;
#811 = ORIENTED_EDGE ( 'NONE', *, *, #706, .T. ) ;
#812 = CARTESIAN_POINT ( 'NONE',  ( 42.50000000000000711, 60.00000000000000000, -5.000000000000006217 ) ) ;
#813 = CIRCLE ( 'NONE', #77, 4.150000000000001243 ) ;
#814 = AXIS2_PLACEMENT_3D ( 'NONE', #787, #581, #809 ) ;
#815 = DIRECTION ( 'NONE',  ( -0.000000000000000000, 1.000000000000000000, -3.965082230804131699E-16 ) ) ;
#816 = DIRECTION ( 'NONE',  ( 1.000000000000000000, 0.000000000000000000, 0.000000000000000000 ) ) ;
#817 = ORIENTED_EDGE ( 'NONE', *, *, #772, .F. ) ;
#818 = LINE ( 'NONE', #508, #808 ) ;
#819 = EDGE_CURVE ( 'NONE', #381, #668, #653, .T. ) ;
#820 = LINE ( 'NONE', #504, #1387 ) ;
#821 = EDGE_LOOP ( 'NONE', ( #1108, #976 ) ) ;
#822 = CARTESIAN_POINT ( 'NONE',  ( 42.50000000000000711, 60.00000000000000000, 4.999999999999993783 ) ) ;
#823 = CARTESIAN_POINT ( 'NONE',  ( 25.00000000000000000, 32.50000000000000000, -5.000000000000006217 ) ) ;
#824 = DIRECTION ( 'NONE',  ( 0.000000000000000000, 0.000000000000000000, -1.000000000000000000 ) ) ;
#825 = FACE_OUTER_BOUND ( 'NONE', #1265, .T. ) ;
#826 = EDGE_CURVE ( 'NONE', #583, #329, #374, .T. ) ;
#827 = FACE_OUTER_BOUND ( 'NONE', #238, .T. ) ;
#828 = EDGE_CURVE ( 'NONE', #315, #890, #840, .T. ) ;
#829 = ORIENTED_EDGE ( 'NONE', *, *, #459, .F. ) ;
#830 = DIRECTION ( 'NONE',  ( 0.000000000000000000, -1.000000000000000000, 0.000000000000000000 ) ) ;
#831 = DIRECTION ( 'NONE',  ( 0.000000000000000000, 0.000000000000000000, 1.000000000000000000 ) ) ;
#832 = CARTESIAN_POINT ( 'NONE',  ( -35.50000000000000000, -30.49999999999999289, 8.673617379884035472E-16 ) ) ;
#833 = DIRECTION ( 'NONE',  ( 0.000000000000000000, -0.000000000000000000, -1.000000000000000000 ) ) ;
#834 = VECTOR ( 'NONE', #991, 1000.000000000000000 ) ;
#835 = VERTEX_POINT ( 'NONE', #281 ) ;
#836 = DIRECTION ( 'NONE',  ( 1.000000000000000000, -0.000000000000000000, -0.000000000000000000 ) ) ;
#837 = AXIS2_PLACEMENT_3D ( 'NONE', #266, #692, #1224 ) ;
#838 = ADVANCED_FACE ( 'NONE', ( #182 ), #258, .F. ) ;
#839 = CARTESIAN_POINT ( 'NONE',  ( -42.49999999999999289, -6.499999999999997335, -11.75000000000000000 ) ) ;
#840 = CIRCLE ( 'NONE', #902, 3.000000000000000444 ) ;
#841 = ORIENTED_EDGE ( 'NONE', *, *, #1103, .T. ) ;
#842 = PRODUCT_DEFINITION_FORMATION_WITH_SPECIFIED_SOURCE ( 'Symmetric', '', #546, .NOT_KNOWN. ) ;
#843 = CARTESIAN_POINT ( 'NONE',  ( 30.49999999999999645, -12.99999999999999467, 17.50000000000000000 ) ) ;
#844 = ORIENTED_EDGE ( 'NONE', *, *, #245, .F. ) ;
#845 = ADVANCED_FACE ( 'NONE', ( #1328 ), #358, .F. ) ;
#846 = DIRECTION ( 'NONE',  ( 0.000000000000000000, 0.000000000000000000, -1.000000000000000000 ) ) ;
#847 = ORIENTED_EDGE ( 'NONE', *, *, #1300, .F. ) ;
#848 = LINE ( 'NONE', #1275, #356 ) ;
#849 = DIRECTION ( 'NONE',  ( 0.000000000000000000, 0.000000000000000000, -1.000000000000000000 ) ) ;
#850 = CARTESIAN_POINT ( 'NONE',  ( 42.49999999999999289, -6.499999999999997335, 8.750000000000000000 ) ) ;
#851 = VERTEX_POINT ( 'NONE', #691 ) ;
#852 = LINE ( 'NONE', #521, #447 ) ;
#853 = EDGE_LOOP ( 'NONE', ( #642, #739 ) ) ;
#854 = DIRECTION ( 'NONE',  ( -1.000000000000000000, -0.000000000000000000, -0.000000000000000000 ) ) ;
#855 = CARTESIAN_POINT ( 'NONE',  ( 32.49999999999999289, 8.655444566227759040, 9.835661766082227470E-16 ) ) ;
#856 = AXIS2_PLACEMENT_3D ( 'NONE', #754, #944, #1188 ) ;
#857 = CIRCLE ( 'NONE', #272, 4.150000000000001243 ) ;
#858 = ORIENTED_EDGE ( 'NONE', *, *, #939, .T. ) ;
#859 = FACE_OUTER_BOUND ( 'NONE', #658, .T. ) ;
#860 = VECTOR ( 'NONE', #955, 1000.000000000000000 ) ;
#861 = AXIS2_PLACEMENT_3D ( 'NONE', #1126, #1249, #709 ) ;
#862 = ADVANCED_FACE ( 'NONE', ( #904 ), #1247, .F. ) ;
#863 = DIRECTION ( 'NONE',  ( 0.000000000000000000, 0.000000000000000000, 1.000000000000000000 ) ) ;
#864 = LINE ( 'NONE', #130, #76 ) ;
#865 = DIRECTION ( 'NONE',  ( 0.000000000000000000, 0.000000000000000000, 1.000000000000000000 ) ) ;
#866 = EDGE_CURVE ( 'NONE', #1001, #1037, #1018, .T. ) ;
#867 = DIRECTION ( 'NONE',  ( 1.000000000000000000, -0.000000000000000000, -1.224510688924804848E-16 ) ) ;
#868 = ADVANCED_FACE ( 'NONE', ( #170 ), #594, .F. ) ;
#869 = DIRECTION ( 'NONE',  ( -1.000000000000000000, -0.000000000000000000, -0.000000000000000000 ) ) ;
#870 = EDGE_CURVE ( 'NONE', #835, #1198, #99, .T. ) ;
#871 = DIRECTION ( 'NONE',  ( 0.000000000000000000, 0.000000000000000000, 1.000000000000000000 ) ) ;
#872 = DIRECTION ( 'NONE',  ( 0.000000000000000000, 0.000000000000000000, 1.000000000000000000 ) ) ;
#873 = LINE ( 'NONE', #451, #30 ) ;
#874 = EDGE_CURVE ( 'NONE', #35, #608, #496, .T. ) ;
#875 = VECTOR ( 'NONE', #292, 1000.000000000000000 ) ;
#876 = CARTESIAN_POINT ( 'NONE',  ( 42.50000000000000711, -12.99999999999999467, 17.50000000000000000 ) ) ;
#877 = VECTOR ( 'NONE', #1330, 1000.000000000000000 ) ;
#878 = AXIS2_PLACEMENT_3D ( 'NONE', #982, #240, #22 ) ;
#879 = ORIENTED_EDGE ( 'NONE', *, *, #1388, .F. ) ;
#880 = AXIS2_PLACEMENT_3D ( 'NONE', #1369, #712, #180 ) ;
#881 = DIRECTION ( 'NONE',  ( -1.000000000000000000, -0.000000000000000000, -0.000000000000000000 ) ) ;
#882 = EDGE_CURVE ( 'NONE', #9, #936, #162, .T. ) ;
#883 = CARTESIAN_POINT ( 'NONE',  ( 42.50000000000000711, 0.000000000000000000, -5.000000000000006217 ) ) ;
#884 = ORIENTED_EDGE ( 'NONE', *, *, #71, .F. ) ;
#885 = ORIENTED_EDGE ( 'NONE', *, *, #509, .T. ) ;
#886 = CARTESIAN_POINT ( 'NONE',  ( 35.50000000000000000, -30.49999999999999289, 4.500000000000000888 ) ) ;
#887 = CARTESIAN_POINT ( 'NONE',  ( 30.49999999999999645, -30.49999999999999289, 8.673617379884035472E-16 ) ) ;
#888 = DIRECTION ( 'NONE',  ( 0.000000000000000000, 0.000000000000000000, 1.000000000000000000 ) ) ;
#889 = ORIENTED_EDGE ( 'NONE', *, *, #1260, .T. ) ;
#890 = VERTEX_POINT ( 'NONE', #311 ) ;
#891 = DIRECTION ( 'NONE',  ( 1.000000000000000000, -0.000000000000000000, -0.000000000000000000 ) ) ;
#892 = VERTEX_POINT ( 'NONE', #323 ) ;
#893 = DIRECTION ( 'NONE',  ( 0.000000000000000000, 0.000000000000000000, 1.000000000000000000 ) ) ;
#894 = LINE ( 'NONE', #883, #49 ) ;
#895 = FACE_OUTER_BOUND ( 'NONE', #981, .T. ) ;
#896 = ORIENTED_EDGE ( 'NONE', *, *, #973, .F. ) ;
#897 = EDGE_LOOP ( 'NONE', ( #454, #1322 ) ) ;
#898 = AXIS2_PLACEMENT_3D ( 'NONE', #91, #435, #1076 ) ;
#899 = AXIS2_PLACEMENT_3D ( 'NONE', #927, #282, #184 ) ;
#900 = ADVANCED_FACE ( 'NONE', ( #517 ), #1277, .F. ) ;
#901 = DIRECTION ( 'NONE',  ( 0.000000000000000000, -1.000000000000000000, 0.000000000000000000 ) ) ;
#902 = AXIS2_PLACEMENT_3D ( 'NONE', #1011, #1229, #289 ) ;
#903 = ORIENTED_EDGE ( 'NONE', *, *, #210, .F. ) ;
#904 = FACE_OUTER_BOUND ( 'NONE', #80, .T. ) ;
#905 = CARTESIAN_POINT ( 'NONE',  ( -30.49999999999999645, -30.49999999999999645, -17.49999999999999645 ) ) ;
#906 = ORIENTED_EDGE ( 'NONE', *, *, #1253, .T. ) ;
#907 = LINE ( 'NONE', #1340, #159 ) ;
#908 = DIRECTION ( 'NONE',  ( 1.000000000000000000, -0.000000000000000000, -0.000000000000000000 ) ) ;
#909 = ORIENTED_EDGE ( 'NONE', *, *, #175, .F. ) ;
#910 = CARTESIAN_POINT ( 'NONE',  ( 42.49999999999999289, 8.655444566227759040, -2.999999999999999556 ) ) ;
#911 = CARTESIAN_POINT ( 'NONE',  ( 20.85000000000000142, 32.50000000000000000, -5.000000000000006217 ) ) ;
#912 = EDGE_CURVE ( 'NONE', #651, #672, #188, .T. ) ;
#913 = VERTEX_POINT ( 'NONE', #525 ) ;
#914 = ORIENTED_EDGE ( 'NONE', *, *, #1103, .F. ) ;
#915 = CARTESIAN_POINT ( 'NONE',  ( -32.49999999999999289, 8.655444566227759040, 9.835661766082227470E-16 ) ) ;
#916 = VERTEX_POINT ( 'NONE', #934 ) ;
#917 = EDGE_CURVE ( 'NONE', #936, #9, #1216, .T. ) ;
#918 = CYLINDRICAL_SURFACE ( 'NONE', #359, 4.150000000000001243 ) ;
#919 =( NAMED_UNIT ( * ) SI_UNIT ( $, .STERADIAN. ) SOLID_ANGLE_UNIT ( ) );
#920 = ORIENTED_EDGE ( 'NONE', *, *, #19, .T. ) ;
#921 = ORIENTED_EDGE ( 'NONE', *, *, #1175, .F. ) ;
#922 = AXIS2_PLACEMENT_3D ( 'NONE', #1096, #335, #871 ) ;
#923 = CARTESIAN_POINT ( 'NONE',  ( -42.49999999999998579, 0.000000000000000000, -17.50000000000000000 ) ) ;
#924 = VECTOR ( 'NONE', #342, 1000.000000000000000 ) ;
#925 = CIRCLE ( 'NONE', #54, 4.500000000000000000 ) ;
#926 = VECTOR ( 'NONE', #867, 1000.000000000000000 ) ;
#927 = CARTESIAN_POINT ( 'NONE',  ( -32.49999999999999289, -6.499999999999997335, -8.750000000000000000 ) ) ;
#928 = EDGE_CURVE ( 'NONE', #1274, #35, #950, .T. ) ;
#929 = CARTESIAN_POINT ( 'NONE',  ( -42.49999999999999289, 60.00000000000000000, -4.999999999999995559 ) ) ;
#930 = ORIENTED_EDGE ( 'NONE', *, *, #442, .T. ) ;
#931 = DIRECTION ( 'NONE',  ( 1.000000000000000000, 0.000000000000000000, 0.000000000000000000 ) ) ;
#932 = CARTESIAN_POINT ( 'NONE',  ( 0.000000000000000000, -12.99999999999999467, 0.000000000000000000 ) ) ;
#933 = ORIENTED_EDGE ( 'NONE', *, *, #1195, .F. ) ;
#934 = CARTESIAN_POINT ( 'NONE',  ( 32.49999999999999289, -6.499999999999997335, 11.75000000000000000 ) ) ;
#935 = DIRECTION ( 'NONE',  ( 0.000000000000000000, 0.000000000000000000, -1.000000000000000000 ) ) ;
#936 = VERTEX_POINT ( 'NONE', #316 ) ;
#937 = LINE ( 'NONE', #1164, #1304 ) ;
#938 = DIRECTION ( 'NONE',  ( 0.000000000000000000, 0.000000000000000000, 1.000000000000000000 ) ) ;
#939 = EDGE_CURVE ( 'NONE', #1198, #835, #119, .T. ) ;
#940 = ORIENTED_EDGE ( 'NONE', *, *, #666, .T. ) ;
#941 = DIRECTION ( 'NONE',  ( 0.000000000000000000, 0.000000000000000000, 1.000000000000000000 ) ) ;
#942 = CYLINDRICAL_SURFACE ( 'NONE', #320, 2.999999999999999112 ) ;
#943 = EDGE_LOOP ( 'NONE', ( #921, #1022, #1042, #1120 ) ) ;
#944 = DIRECTION ( 'NONE',  ( 1.000000000000000000, -0.000000000000000000, -0.000000000000000000 ) ) ;
#945 = ADVANCED_FACE ( 'NONE', ( #212 ), #731, .F. ) ;
#946 = VECTOR ( 'NONE', #1298, 1000.000000000000000 ) ;
#947 = ORIENTED_EDGE ( 'NONE', *, *, #1144, .T. ) ;
#948 = CARTESIAN_POINT ( 'NONE',  ( -32.49999999999999289, -6.499999999999997335, -8.750000000000000000 ) ) ;
#949 = CIRCLE ( 'NONE', #1071, 2.999999999999999112 ) ;
#950 = CIRCLE ( 'NONE', #585, 11.25000000000000711 ) ;
#951 = PLANE ( 'NONE',  #631 ) ;
#952 = ORIENTED_EDGE ( 'NONE', *, *, #419, .F. ) ;
#953 = LINE ( 'NONE', #644, #116 ) ;
#954 = EDGE_LOOP ( 'NONE', ( #1055, #390, #1047, #1104 ) ) ;
#955 = DIRECTION ( 'NONE',  ( -1.000000000000000000, 0.000000000000000000, 0.000000000000000000 ) ) ;
#956 = CARTESIAN_POINT ( 'NONE',  ( 30.49999999999999645, -30.49999999999999289, 4.500000000000000888 ) ) ;
#957 = EDGE_CURVE ( 'NONE', #150, #315, #1166, .T. ) ;
#958 = ORIENTED_EDGE ( 'NONE', *, *, #83, .T. ) ;
#959 = DIRECTION ( 'NONE',  ( 0.000000000000000000, 0.000000000000000000, 1.000000000000000000 ) ) ;
#960 = ORIENTED_EDGE ( 'NONE', *, *, #471, .T. ) ;
#961 = CARTESIAN_POINT ( 'NONE',  ( -25.00000000000000000, 32.50000000000000000, 4.999999999999999112 ) ) ;
#962 = DIRECTION ( 'NONE',  ( 1.000000000000000000, 0.000000000000000000, 0.000000000000000000 ) ) ;
#963 = ADVANCED_FACE ( 'NONE', ( #720 ), #191, .F. ) ;
#964 = ORIENTED_EDGE ( 'NONE', *, *, #296, .T. ) ;
#965 = CARTESIAN_POINT ( 'NONE',  ( -32.49999999999999289, 8.655444566227759040, -2.999999999999999556 ) ) ;
#966 = CARTESIAN_POINT ( 'NONE',  ( 32.49999999999999289, 8.655444566227759040, 9.835661766082227470E-16 ) ) ;
#967 = CIRCLE ( 'NONE', #97, 4.500000000000000000 ) ;
#968 = AXIS2_PLACEMENT_3D ( 'NONE', #1236, #595, #65 ) ;
#969 = FACE_OUTER_BOUND ( 'NONE', #75, .T. ) ;
#970 = AXIS2_PLACEMENT_3D ( 'NONE', #552, #1199, #872 ) ;
#971 = EDGE_CURVE ( 'NONE', #672, #651, #813, .T. ) ;
#972 = VECTOR ( 'NONE', #1239, 1000.000000000000000 ) ;
#973 = EDGE_CURVE ( 'NONE', #1133, #294, #1185, .T. ) ;
#974 = LINE ( 'NONE', #437, #926 ) ;
#975 = ADVANCED_FACE ( 'NONE', ( #81 ), #512, .F. ) ;
#976 = ORIENTED_EDGE ( 'NONE', *, *, #468, .T. ) ;
#977 = DIRECTION ( 'NONE',  ( -1.000000000000000000, 0.000000000000000000, 1.224510688924804848E-16 ) ) ;
#978 = CARTESIAN_POINT ( 'NONE',  ( -42.49999999999999289, -30.49999999999999289, 8.673617379884035472E-16 ) ) ;
#979 = ADVANCED_FACE ( 'NONE', ( #1177 ), #197, .F. ) ;
#980 = FACE_BOUND ( 'NONE', #1128, .T. ) ;
#981 = EDGE_LOOP ( 'NONE', ( #237, #127 ) ) ;
#982 = CARTESIAN_POINT ( 'NONE',  ( -30.49999999999999645, -30.49999999999999289, 8.673617379884035472E-16 ) ) ;
#983 = CARTESIAN_POINT ( 'NONE',  ( -42.49999999999998579, 0.000000000000000000, -5.000000000000000888 ) ) ;
#984 = ORIENTED_EDGE ( 'NONE', *, *, #1124, .T. ) ;
#985 = VERTEX_POINT ( 'NONE', #203 ) ;
#986 = FILL_AREA_STYLE_COLOUR ( '', #1271 ) ;
#987 = EDGE_CURVE ( 'NONE', #381, #1127, #1070, .T. ) ;
#988 = ORIENTED_EDGE ( 'NONE', *, *, #627, .T. ) ;
#989 = FACE_OUTER_BOUND ( 'NONE', #1000, .T. ) ;
#990 = CIRCLE ( 'NONE', #856, 4.500000000000000000 ) ;
#991 = DIRECTION ( 'NONE',  ( -0.000000000000000000, 1.000000000000000000, -0.000000000000000000 ) ) ;
#992 = EDGE_CURVE ( 'NONE', #597, #1246, #1359, .T. ) ;
#993 = AXIS2_PLACEMENT_3D ( 'NONE', #36, #333, #543 ) ;
#994 = VECTOR ( 'NONE', #609, 1000.000000000000000 ) ;
#995 = VERTEX_POINT ( 'NONE', #239 ) ;
#996 = DIRECTION ( 'NONE',  ( 0.000000000000000000, 0.000000000000000000, 1.000000000000000000 ) ) ;
#997 = DIRECTION ( 'NONE',  ( -1.224510688924804848E-16, 0.000000000000000000, -1.000000000000000000 ) ) ;
#998 = EDGE_CURVE ( 'NONE', #632, #556, #1049, .T. ) ;
#999 = LINE ( 'NONE', #246, #1266 ) ;
#1000 = EDGE_LOOP ( 'NONE', ( #1053, #93, #61, #232 ) ) ;
#1001 = VERTEX_POINT ( 'NONE', #344 ) ;
#1002 = CARTESIAN_POINT ( 'NONE',  ( -30.49999999999999645, -12.99999999999999467, -17.50000000000000000 ) ) ;
#1003 = ORIENTED_EDGE ( 'NONE', *, *, #509, .F. ) ;
#1004 = LINE ( 'NONE', #177, #540 ) ;
#1005 = CARTESIAN_POINT ( 'NONE',  ( 30.49999999999999645, -30.49999999999999289, -11.25000000000001066 ) ) ;
#1006 = EDGE_CURVE ( 'NONE', #1246, #597, #788, .T. ) ;
#1007 = CARTESIAN_POINT ( 'NONE',  ( 0.000000000000000000, 0.000000000000000000, 0.000000000000000000 ) ) ;
#1008 = VERTEX_POINT ( 'NONE', #1189 ) ;
#1009 = LINE ( 'NONE', #1341, #1361 ) ;
#1010 = VERTEX_POINT ( 'NONE', #1303 ) ;
#1011 = CARTESIAN_POINT ( 'NONE',  ( -42.49999999999999289, 8.655444566227759040, 9.835661766082227470E-16 ) ) ;
#1012 = CARTESIAN_POINT ( 'NONE',  ( 42.49999999999999289, -6.499999999999997335, -11.75000000000000000 ) ) ;
#1013 = AXIS2_PLACEMENT_3D ( 'NONE', #84, #704, #1232 ) ;
#1014 = CARTESIAN_POINT ( 'NONE',  ( 42.50000000000000711, 0.000000000000000000, -17.50000000000000000 ) ) ;
#1015 = ORIENTED_EDGE ( 'NONE', *, *, #354, .T. ) ;
#1016 = DIRECTION ( 'NONE',  ( 0.000000000000000000, 0.000000000000000000, 1.000000000000000000 ) ) ;
#1017 = CIRCLE ( 'NONE', #1358, 4.150000000000001243 ) ;
#1018 = CIRCLE ( 'NONE', #274, 2.999999999999999112 ) ;
#1019 = CARTESIAN_POINT ( 'NONE',  ( 32.49999999999999289, -6.499999999999997335, 5.750000000000001776 ) ) ;
#1020 = CIRCLE ( 'NONE', #1294, 2.999999999999999112 ) ;
#1021 = MECHANICAL_DESIGN_GEOMETRIC_PRESENTATION_REPRESENTATION (  '', ( #478 ), #165 ) ;
#1022 = ORIENTED_EDGE ( 'NONE', *, *, #939, .F. ) ;
#1023 = DIRECTION ( 'NONE',  ( -0.000000000000000000, -0.000000000000000000, -1.000000000000000000 ) ) ;
#1024 = FACE_BOUND ( 'NONE', #821, .T. ) ;
#1025 = CARTESIAN_POINT ( 'NONE',  ( 32.49999999999999289, -6.499999999999997335, -11.75000000000000000 ) ) ;
#1026 = VERTEX_POINT ( 'NONE', #774 ) ;
#1027 = DIRECTION ( 'NONE',  ( 1.000000000000000000, 0.000000000000000000, 0.000000000000000000 ) ) ;
#1028 = DIRECTION ( 'NONE',  ( -1.000000000000000000, 0.000000000000000000, 0.000000000000000000 ) ) ;
#1029 = EDGE_CURVE ( 'NONE', #1228, #615, #1311, .T. ) ;
#1030 = ORIENTED_EDGE ( 'NONE', *, *, #882, .T. ) ;
#1031 = CARTESIAN_POINT ( 'NONE',  ( -32.49999999999999289, -6.499999999999997335, -8.750000000000000000 ) ) ;
#1032 = FACE_OUTER_BOUND ( 'NONE', #395, .T. ) ;
#1033 = LINE ( 'NONE', #66, #561 ) ;
#1034 = ORIENTED_EDGE ( 'NONE', *, *, #19, .F. ) ;
#1035 = CARTESIAN_POINT ( 'NONE',  ( 32.49999999999999289, 8.655444566227759040, 9.835661766082227470E-16 ) ) ;
#1036 = DIRECTION ( 'NONE',  ( 0.000000000000000000, -1.000000000000000000, 3.965082230804130220E-16 ) ) ;
#1037 = VERTEX_POINT ( 'NONE', #1099 ) ;
#1038 = DIRECTION ( 'NONE',  ( 0.000000000000000000, 0.000000000000000000, 1.000000000000000000 ) ) ;
#1039 = ADVANCED_FACE ( 'NONE', ( #980, #338, #535, #641, #133 ), #129, .F. ) ;
#1040 = FACE_OUTER_BOUND ( 'NONE', #366, .T. ) ;
#1041 = DIRECTION ( 'NONE',  ( 0.000000000000000000, 0.000000000000000000, 1.000000000000000000 ) ) ;
#1042 = ORIENTED_EDGE ( 'NONE', *, *, #168, .T. ) ;
#1043 = EDGE_LOOP ( 'NONE', ( #284, #1295, #791, #1075 ) ) ;
#1044 = AXIS2_PLACEMENT_3D ( 'NONE', #782, #549, #361 ) ;
#1045 = PLANE ( 'NONE',  #880 ) ;
#1046 = CIRCLE ( 'NONE', #675, 3.000000000000000000 ) ;
#1047 = ORIENTED_EDGE ( 'NONE', *, *, #218, .F. ) ;
#1048 = DIRECTION ( 'NONE',  ( 1.000000000000000000, -0.000000000000000000, -0.000000000000000000 ) ) ;
#1049 = CIRCLE ( 'NONE', #430, 4.500000000000000000 ) ;
#1050 = AXIS2_PLACEMENT_3D ( 'NONE', #1299, #760, #1192 ) ;
#1051 = CARTESIAN_POINT ( 'NONE',  ( -30.49999999999999645, -12.99999999999999467, 17.50000000000000000 ) ) ;
#1052 = ORIENTED_EDGE ( 'NONE', *, *, #168, .F. ) ;
#1053 = ORIENTED_EDGE ( 'NONE', *, *, #1079, .T. ) ;
#1054 = CARTESIAN_POINT ( 'NONE',  ( -42.49999999999998579, 0.000000000000000000, 4.999999999999999112 ) ) ;
#1055 = ORIENTED_EDGE ( 'NONE', *, *, #1079, .F. ) ;
#1056 = CARTESIAN_POINT ( 'NONE',  ( -25.00000000000000000, 32.50000000000000000, 4.999999999999999112 ) ) ;
#1057 = CARTESIAN_POINT ( 'NONE',  ( 32.49999999999999289, 8.655444566227759040, 9.835661766082227470E-16 ) ) ;
#1058 = ORIENTED_EDGE ( 'NONE', *, *, #563, .T. ) ;
#1059 = CYLINDRICAL_SURFACE ( 'NONE', #472, 2.999999999999999112 ) ;
#1060 = ADVANCED_FACE ( 'NONE', ( #1203 ), #455, .F. ) ;
#1061 = VERTEX_POINT ( 'NONE', #13 ) ;
#1062 = DIRECTION ( 'NONE',  ( -0.000000000000000000, -0.000000000000000000, 1.000000000000000000 ) ) ;
#1063 = PLANE ( 'NONE',  #383 ) ;
#1064 = MANIFOLD_SOLID_BREP ( 'Mirror2', #428 ) ;
#1065 = ORIENTED_EDGE ( 'NONE', *, *, #1161, .T. ) ;
#1066 = DIRECTION ( 'NONE',  ( -1.000000000000000000, -0.000000000000000000, -0.000000000000000000 ) ) ;
#1067 = AXIS2_PLACEMENT_3D ( 'NONE', #285, #55, #480 ) ;
#1068 = EDGE_CURVE ( 'NONE', #936, #1246, #1086, .T. ) ;
#1069 = ORIENTED_EDGE ( 'NONE', *, *, #400, .F. ) ;
#1070 = LINE ( 'NONE', #102, #860 ) ;
#1071 = AXIS2_PLACEMENT_3D ( 'NONE', #850, #624, #1284 ) ;
#1072 = UNCERTAINTY_MEASURE_WITH_UNIT (LENGTH_MEASURE( 1.000000000000000082E-05 ), #331, 'distance_accuracy_value', 'NONE');
#1073 = AXIS2_PLACEMENT_3D ( 'NONE', #1078, #830, #1159 ) ;
#1074 = VECTOR ( 'NONE', #705, 1000.000000000000000 ) ;
#1075 = ORIENTED_EDGE ( 'NONE', *, *, #1098, .F. ) ;
#1076 = DIRECTION ( 'NONE',  ( 0.000000000000000000, 0.000000000000000000, -1.000000000000000000 ) ) ;
#1077 = EDGE_LOOP ( 'NONE', ( #343, #514, #1366, #114 ) ) ;
#1078 = CARTESIAN_POINT ( 'NONE',  ( 0.000000000000000000, 0.000000000000000000, 0.000000000000000000 ) ) ;
#1079 = EDGE_CURVE ( 'NONE', #1282, #913, #222, .T. ) ;
#1080 = CYLINDRICAL_SURFACE ( 'NONE', #810, 3.000000000000000444 ) ;
#1081 = CARTESIAN_POINT ( 'NONE',  ( 25.00000000000000000, 32.50000000000000000, 4.999999999999999112 ) ) ;
#1082 = EDGE_LOOP ( 'NONE', ( #858, #196 ) ) ;
#1083 = EDGE_CURVE ( 'NONE', #4, #777, #974, .T. ) ;
#1084 = LINE ( 'NONE', #1173, #1291 ) ;
#1085 = FACE_OUTER_BOUND ( 'NONE', #1043, .T. ) ;
#1086 = LINE ( 'NONE', #431, #700 ) ;
#1087 = FACE_BOUND ( 'NONE', #267, .T. ) ;
#1088 = VECTOR ( 'NONE', #598, 1000.000000000000000 ) ;
#1089 = AXIS2_PLACEMENT_3D ( 'NONE', #1140, #1256, #290 ) ;
#1090 = CARTESIAN_POINT ( 'NONE',  ( 25.00000000000000000, 32.50000000000000000, 4.999999999999999112 ) ) ;
#1091 = AXIS2_PLACEMENT_3D ( 'NONE', #560, #327, #996 ) ;
#1092 = EDGE_CURVE ( 'NONE', #1037, #1001, #409, .T. ) ;
#1093 = EDGE_LOOP ( 'NONE', ( #462, #884 ) ) ;
#1094 = DIRECTION ( 'NONE',  ( 0.000000000000000000, 0.000000000000000000, -1.000000000000000000 ) ) ;
#1095 = CARTESIAN_POINT ( 'NONE',  ( 42.49999999999999289, -30.49999999999999289, 8.673617379884035472E-16 ) ) ;
#1096 = CARTESIAN_POINT ( 'NONE',  ( -30.49999999999999645, -30.49999999999999289, 8.673617379884035472E-16 ) ) ;
#1097 = VERTEX_POINT ( 'NONE', #230 ) ;
#1098 = EDGE_CURVE ( 'NONE', #1380, #440, #654, .T. ) ;
#1099 = CARTESIAN_POINT ( 'NONE',  ( -42.49999999999999289, -6.499999999999997335, 5.750000000000001776 ) ) ;
#1100 = DIRECTION ( 'NONE',  ( 1.000000000000000000, -0.000000000000000000, -0.000000000000000000 ) ) ;
#1101 = ORIENTED_EDGE ( 'NONE', *, *, #1092, .T. ) ;
#1102 = ORIENTED_EDGE ( 'NONE', *, *, #591, .F. ) ;
#1103 = EDGE_CURVE ( 'NONE', #1367, #784, #1138, .T. ) ;
#1104 = ORIENTED_EDGE ( 'NONE', *, *, #1184, .F. ) ;
#1105 = AXIS2_PLACEMENT_3D ( 'NONE', #216, #1066, #959 ) ;
#1106 = CYLINDRICAL_SURFACE ( 'NONE', #14, 4.500000000000000000 ) ;
#1107 = AXIS2_PLACEMENT_3D ( 'NONE', #1211, #1193, #233 ) ;
#1108 = ORIENTED_EDGE ( 'NONE', *, *, #427, .T. ) ;
#1109 = AXIS2_PLACEMENT_3D ( 'NONE', #1337, #474, #893 ) ;
#1110 = ORIENTED_EDGE ( 'NONE', *, *, #1368, .F. ) ;
#1111 = CIRCLE ( 'NONE', #1197, 4.500000000000000000 ) ;
#1112 = CARTESIAN_POINT ( 'NONE',  ( 32.49999999999999289, 8.655444566227759040, 3.000000000000001332 ) ) ;
#1113 = ADVANCED_BREP_SHAPE_REPRESENTATION ( 'Body arm', ( #1064, #303 ), #362 ) ;
#1114 = EDGE_LOOP ( 'NONE', ( #530, #371, #574, #1336 ) ) ;
#1115 = CARTESIAN_POINT ( 'NONE',  ( -32.49999999999999289, -6.499999999999997335, 8.750000000000000000 ) ) ;
#1116 = EDGE_CURVE ( 'NONE', #35, #1274, #103, .T. ) ;
#1117 = CARTESIAN_POINT ( 'NONE',  ( 25.00000000000000000, 32.50000000000000000, -5.000000000000006217 ) ) ;
#1118 = CARTESIAN_POINT ( 'NONE',  ( 32.49999999999999289, -6.499999999999997335, 8.750000000000000000 ) ) ;
#1119 = ORIENTED_EDGE ( 'NONE', *, *, #741, .T. ) ;
#1120 = ORIENTED_EDGE ( 'NONE', *, *, #912, .T. ) ;
#1121 = CARTESIAN_POINT ( 'NONE',  ( -42.49999999999999289, -6.499999999999997335, -5.750000000000000888 ) ) ;
#1122 = ORIENTED_EDGE ( 'NONE', *, *, #210, .T. ) ;
#1123 = DIRECTION ( 'NONE',  ( 0.000000000000000000, 0.000000000000000000, -1.000000000000000000 ) ) ;
#1124 = EDGE_CURVE ( 'NONE', #150, #1373, #655, .T. ) ;
#1125 = FACE_BOUND ( 'NONE', #1082, .T. ) ;
#1126 = CARTESIAN_POINT ( 'NONE',  ( 42.49999999999999289, -6.499999999999997335, 8.750000000000000000 ) ) ;
#1127 = VERTEX_POINT ( 'NONE', #674 ) ;
#1128 = EDGE_LOOP ( 'NONE', ( #766, #795 ) ) ;
#1129 = DIRECTION ( 'NONE',  ( 0.000000000000000000, 0.000000000000000000, 1.000000000000000000 ) ) ;
#1130 = ORIENTED_EDGE ( 'NONE', *, *, #306, .F. ) ;
#1131 = CARTESIAN_POINT ( 'NONE',  ( 0.000000000000000000, 60.00000000000000000, 0.000000000000000000 ) ) ;
#1132 = CARTESIAN_POINT ( 'NONE',  ( 42.49999999999999289, -30.49999999999999289, -11.25000000000001066 ) ) ;
#1133 = VERTEX_POINT ( 'NONE', #461 ) ;
#1134 = ORIENTED_EDGE ( 'NONE', *, *, #475, .T. ) ;
#1135 = VECTOR ( 'NONE', #815, 1000.000000000000000 ) ;
#1136 = EDGE_CURVE ( 'NONE', #1133, #483, #40, .T. ) ;
#1137 = AXIS2_PLACEMENT_3D ( 'NONE', #305, #1262, #108 ) ;
#1138 = LINE ( 'NONE', #1233, #277 ) ;
#1139 = VECTOR ( 'NONE', #1036, 1000.000000000000000 ) ;
#1140 = CARTESIAN_POINT ( 'NONE',  ( -42.49999999999999289, -30.49999999999999289, 8.673617379884035472E-16 ) ) ;
#1141 = FACE_BOUND ( 'NONE', #205, .T. ) ;
#1142 = ORIENTED_EDGE ( 'NONE', *, *, #482, .F. ) ;
#1143 = ORIENTED_EDGE ( 'NONE', *, *, #826, .T. ) ;
#1144 = EDGE_CURVE ( 'NONE', #1373, #150, #121, .T. ) ;
#1145 = CARTESIAN_POINT ( 'NONE',  ( 0.000000000000000000, 0.000000000000000000, 0.000000000000000000 ) ) ;
#1146 = EDGE_LOOP ( 'NONE', ( #1182, #157, #1134, #107 ) ) ;
#1147 = CARTESIAN_POINT ( 'NONE',  ( -35.50000000000000000, -30.49999999999999289, 8.673617379884035472E-16 ) ) ;
#1148 = PLANE ( 'NONE',  #1383 ) ;
#1149 = LINE ( 'NONE', #1258, #875 ) ;
#1150 = CARTESIAN_POINT ( 'NONE',  ( 35.50000000000000000, -30.49999999999999289, -11.25000000000000711 ) ) ;
#1151 = EDGE_LOOP ( 'NONE', ( #940, #576, #332, #345 ) ) ;
#1152 = EDGE_CURVE ( 'NONE', #583, #1228, #56, .T. ) ;
#1153 = DIRECTION ( 'NONE',  ( -1.000000000000000000, -0.000000000000000000, -0.000000000000000000 ) ) ;
#1154 = CARTESIAN_POINT ( 'NONE',  ( -30.49999999999999645, -30.49999999999999289, 8.673617379884035472E-16 ) ) ;
#1155 = VECTOR ( 'NONE', #1281, 1000.000000000000000 ) ;
#1156 = CARTESIAN_POINT ( 'NONE',  ( 30.49999999999999645, -30.49999999999999645, -17.49999999999999645 ) ) ;
#1157 = VECTOR ( 'NONE', #31, 1000.000000000000000 ) ;
#1158 = ORIENTED_EDGE ( 'NONE', *, *, #636, .F. ) ;
#1159 = DIRECTION ( 'NONE',  ( 0.000000000000000000, -0.000000000000000000, -1.000000000000000000 ) ) ;
#1160 = VECTOR ( 'NONE', #494, 1000.000000000000000 ) ;
#1161 = EDGE_CURVE ( 'NONE', #1228, #583, #1111, .T. ) ;
#1162 = DIRECTION ( 'NONE',  ( 1.000000000000000000, 0.000000000000000000, 0.000000000000000000 ) ) ;
#1163 = VERTEX_POINT ( 'NONE', #1019 ) ;
#1164 = CARTESIAN_POINT ( 'NONE',  ( -42.49999999999999289, 60.00000000000000000, 5.000000000000004441 ) ) ;
#1165 = EDGE_LOOP ( 'NONE', ( #466, #625 ) ) ;
#1166 = LINE ( 'NONE', #1172, #500 ) ;
#1167 = FACE_OUTER_BOUND ( 'NONE', #438, .T. ) ;
#1168 = ORIENTED_EDGE ( 'NONE', *, *, #998, .F. ) ;
#1169 = DIRECTION ( 'NONE',  ( 1.000000000000000000, 0.000000000000000000, 0.000000000000000000 ) ) ;
#1170 = EDGE_CURVE ( 'NONE', #1269, #985, #696, .T. ) ;
#1171 = ORIENTED_EDGE ( 'NONE', *, *, #1230, .F. ) ;
#1172 = CARTESIAN_POINT ( 'NONE',  ( -32.49999999999999289, 8.655444566227759040, -2.999999999999999556 ) ) ;
#1173 = CARTESIAN_POINT ( 'NONE',  ( 30.49999999999999645, -12.99999999999999467, -17.50000000000000000 ) ) ;
#1174 = CYLINDRICAL_SURFACE ( 'NONE', #1105, 3.000000000000000444 ) ;
#1175 = EDGE_CURVE ( 'NONE', #835, #672, #47, .T. ) ;
#1176 = ORIENTED_EDGE ( 'NONE', *, *, #971, .F. ) ;
#1177 = FACE_OUTER_BOUND ( 'NONE', #291, .T. ) ;
#1178 = CIRCLE ( 'NONE', #1107, 3.000000000000000444 ) ;
#1179 = AXIS2_PLACEMENT_3D ( 'NONE', #506, #411, #941 ) ;
#1180 = CARTESIAN_POINT ( 'NONE',  ( -32.49999999999999289, -6.499999999999997335, -11.75000000000000000 ) ) ;
#1181 = AXIS2_PLACEMENT_3D ( 'NONE', #377, #1225, #794 ) ;
#1182 = ORIENTED_EDGE ( 'NONE', *, *, #819, .F. ) ;
#1183 = LINE ( 'NONE', #843, #946 ) ;
#1184 = EDGE_CURVE ( 'NONE', #913, #45, #1009, .T. ) ;
#1185 = LINE ( 'NONE', #1386, #994 ) ;
#1186 = ORIENTED_EDGE ( 'NONE', *, *, #1190, .T. ) ;
#1187 = CARTESIAN_POINT ( 'NONE',  ( -30.49999999999999645, -30.49999999999999289, 8.673617379884035472E-16 ) ) ;
#1188 = DIRECTION ( 'NONE',  ( 0.000000000000000000, 0.000000000000000000, -1.000000000000000000 ) ) ;
#1189 = CARTESIAN_POINT ( 'NONE',  ( 32.49999999999999289, -6.499999999999997335, -5.750000000000000888 ) ) ;
#1190 = EDGE_CURVE ( 'NONE', #373, #370, #68, .T. ) ;
#1191 = CARTESIAN_POINT ( 'NONE',  ( 30.49999999999999645, -30.49999999999999289, -4.499999999999999112 ) ) ;
#1192 = DIRECTION ( 'NONE',  ( 0.000000000000000000, 0.000000000000000000, 1.000000000000000000 ) ) ;
#1193 = DIRECTION ( 'NONE',  ( -1.000000000000000000, -0.000000000000000000, -0.000000000000000000 ) ) ;
#1194 = AXIS2_PLACEMENT_3D ( 'NONE', #531, #1378, #402 ) ;
#1195 = EDGE_CURVE ( 'NONE', #483, #398, #167, .T. ) ;
#1196 = CARTESIAN_POINT ( 'NONE',  ( -35.50000000000000000, -30.49999999999999289, 8.673617379884035472E-16 ) ) ;
#1197 = AXIS2_PLACEMENT_3D ( 'NONE', #269, #156, #567 ) ;
#1198 = VERTEX_POINT ( 'NONE', #355 ) ;
#1199 = DIRECTION ( 'NONE',  ( -1.000000000000000000, 0.000000000000000000, 0.000000000000000000 ) ) ;
#1200 = UNCERTAINTY_MEASURE_WITH_UNIT (LENGTH_MEASURE( 1.000000000000000082E-05 ), #572, 'distance_accuracy_value', 'NONE');
#1201 = PLANE ( 'NONE',  #251 ) ;
#1202 = LINE ( 'NONE', #1206, #924 ) ;
#1203 = FACE_OUTER_BOUND ( 'NONE', #1350, .T. ) ;
#1204 = EDGE_LOOP ( 'NONE', ( #694, #593, #628, #1362 ) ) ;
#1205 = DIRECTION ( 'NONE',  ( 0.000000000000000000, 0.000000000000000000, 1.000000000000000000 ) ) ;
#1206 = CARTESIAN_POINT ( 'NONE',  ( -30.49999999999999645, -30.49999999999999289, 11.25000000000001066 ) ) ;
#1207 = EDGE_LOOP ( 'NONE', ( #605, #1264, #847, #276, #896, #450, #557, #1122 ) ) ;
#1208 = ADVANCED_FACE ( 'NONE', ( #592 ), #1325, .F. ) ;
#1209 = CARTESIAN_POINT ( 'NONE',  ( -42.49999999999999289, 60.00000000000000000, -4.999999999999995559 ) ) ;
#1210 = EDGE_LOOP ( 'NONE', ( #960, #714, #516, #914 ) ) ;
#1211 = CARTESIAN_POINT ( 'NONE',  ( 42.49999999999999289, 8.655444566227759040, 9.835661766082227470E-16 ) ) ;
#1212 = CIRCLE ( 'NONE', #404, 3.000000000000000444 ) ;
#1213 = FACE_BOUND ( 'NONE', #211, .T. ) ;
#1214 = CIRCLE ( 'NONE', #993, 3.000000000000000444 ) ;
#1215 = VERTEX_POINT ( 'NONE', #923 ) ;
#1216 = CIRCLE ( 'NONE', #749, 3.000000000000000000 ) ;
#1217 = EDGE_LOOP ( 'NONE', ( #1250, #703, #288, #1289 ) ) ;
#1218 = VECTOR ( 'NONE', #1267, 1000.000000000000000 ) ;
#1219 = DIRECTION ( 'NONE',  ( -1.000000000000000000, -0.000000000000000000, -0.000000000000000000 ) ) ;
#1220 = EDGE_CURVE ( 'NONE', #710, #606, #213, .T. ) ;
#1221 = EDGE_LOOP ( 'NONE', ( #729, #110 ) ) ;
#1222 = FACE_OUTER_BOUND ( 'NONE', #1347, .T. ) ;
#1223 = ADVANCED_FACE ( 'NONE', ( #380 ), #174, .T. ) ;
#1224 = DIRECTION ( 'NONE',  ( -1.000000000000000000, 0.000000000000000000, -0.000000000000000000 ) ) ;
#1225 = DIRECTION ( 'NONE',  ( -1.000000000000000000, 0.000000000000000000, 0.000000000000000000 ) ) ;
#1226 = ORIENTED_EDGE ( 'NONE', *, *, #799, .F. ) ;
#1227 = LINE ( 'NONE', #78, #1218 ) ;
#1228 = VERTEX_POINT ( 'NONE', #389 ) ;
#1229 = DIRECTION ( 'NONE',  ( -1.000000000000000000, 0.000000000000000000, 0.000000000000000000 ) ) ;
#1230 = EDGE_CURVE ( 'NONE', #373, #4, #365, .T. ) ;
#1231 = PLANE ( 'NONE',  #837 ) ;
#1232 = DIRECTION ( 'NONE',  ( 0.000000000000000000, 0.000000000000000000, 1.000000000000000000 ) ) ;
#1233 = CARTESIAN_POINT ( 'NONE',  ( 32.49999999999999289, 8.655444566227759040, -2.999999999999999556 ) ) ;
#1234 = ORIENTED_EDGE ( 'NONE', *, *, #175, .T. ) ;
#1235 = DIRECTION ( 'NONE',  ( -1.000000000000000000, 0.000000000000000000, 0.000000000000000000 ) ) ;
#1236 = CARTESIAN_POINT ( 'NONE',  ( -32.49999999999999289, -6.499999999999997335, -8.750000000000000000 ) ) ;
#1237 = EDGE_CURVE ( 'NONE', #916, #1163, #1020, .T. ) ;
#1238 = VECTOR ( 'NONE', #626, 1000.000000000000000 ) ;
#1239 = DIRECTION ( 'NONE',  ( 0.000000000000000000, -1.000000000000000000, 3.965082230804130220E-16 ) ) ;
#1240 = ORIENTED_EDGE ( 'NONE', *, *, #756, .T. ) ;
#1241 = LINE ( 'NONE', #166, #1088 ) ;
#1242 = VECTOR ( 'NONE', #732, 1000.000000000000000 ) ;
#1243 = AXIS2_PLACEMENT_3D ( 'NONE', #1290, #618, #849 ) ;
#1244 = CARTESIAN_POINT ( 'NONE',  ( -42.49999999999999289, 60.00000000000000000, -4.999999999999995559 ) ) ;
#1245 = AXIS2_PLACEMENT_3D ( 'NONE', #929, #816, #392 ) ;
#1246 = VERTEX_POINT ( 'NONE', #1121 ) ;
#1247 = PLANE ( 'NONE',  #613 ) ;
#1248 = DIRECTION ( 'NONE',  ( 1.000000000000000000, 0.000000000000000000, 0.000000000000000000 ) ) ;
#1249 = DIRECTION ( 'NONE',  ( -1.000000000000000000, -0.000000000000000000, -0.000000000000000000 ) ) ;
#1250 = ORIENTED_EDGE ( 'NONE', *, *, #1124, .F. ) ;
#1251 = DIRECTION ( 'NONE',  ( -1.000000000000000000, -0.000000000000000000, -0.000000000000000000 ) ) ;
#1252 = DIRECTION ( 'NONE',  ( -0.000000000000000000, 1.000000000000000000, -0.000000000000000000 ) ) ;
#1253 = EDGE_CURVE ( 'NONE', #780, #420, #1227, .T. ) ;
#1254 = VERTEX_POINT ( 'NONE', #293 ) ;
#1255 = DIRECTION ( 'NONE',  ( 0.000000000000000000, 0.000000000000000000, -1.000000000000000000 ) ) ;
#1256 = DIRECTION ( 'NONE',  ( -1.000000000000000000, 0.000000000000000000, 0.000000000000000000 ) ) ;
#1257 = CARTESIAN_POINT ( 'NONE',  ( -32.49999999999999289, 8.655444566227759040, 3.000000000000001332 ) ) ;
#1258 = CARTESIAN_POINT ( 'NONE',  ( 42.50000000000000711, 60.00000000000000000, -5.000000000000006217 ) ) ;
#1259 = DIRECTION ( 'NONE',  ( 0.000000000000000000, -1.000000000000000000, 0.000000000000000000 ) ) ;
#1260 = EDGE_CURVE ( 'NONE', #682, #1377, #820, .T. ) ;
#1261 = ORIENTED_EDGE ( 'NONE', *, *, #676, .F. ) ;
#1262 = DIRECTION ( 'NONE',  ( 0.000000000000000000, 0.000000000000000000, 1.000000000000000000 ) ) ;
#1263 = CARTESIAN_POINT ( 'NONE',  ( 35.50000000000000000, -30.49999999999999289, -4.499999999999999112 ) ) ;
#1264 = ORIENTED_EDGE ( 'NONE', *, *, #1260, .F. ) ;
#1265 = EDGE_LOOP ( 'NONE', ( #719, #199, #742, #817 ) ) ;
#1266 = VECTOR ( 'NONE', #439, 1000.000000000000000 ) ;
#1267 = DIRECTION ( 'NONE',  ( -0.000000000000000000, -0.000000000000000000, 1.000000000000000000 ) ) ;
#1268 = CIRCLE ( 'NONE', #723, 3.000000000000000444 ) ;
#1269 = VERTEX_POINT ( 'NONE', #287 ) ;
#1270 = DIRECTION ( 'NONE',  ( 0.000000000000000000, 0.000000000000000000, -1.000000000000000000 ) ) ;
#1271 = COLOUR_RGB ( '',0.7921568627450980005, 0.8196078431372548767, 0.9333333333333333481 ) ;
#1272 = AXIS2_PLACEMENT_3D ( 'NONE', #805, #687, #824 ) ;
#1273 = LINE ( 'NONE', #307, #1242 ) ;
#1274 = VERTEX_POINT ( 'NONE', #1150 ) ;
#1275 = CARTESIAN_POINT ( 'NONE',  ( -42.49999999999998579, 0.000000000000000000, 17.50000000000000000 ) ) ;
#1276 = ORIENTED_EDGE ( 'NONE', *, *, #350, .F. ) ;
#1277 = PLANE ( 'NONE',  #1073 ) ;
#1278 = FACE_OUTER_BOUND ( 'NONE', #520, .T. ) ;
#1279 = ADVANCED_FACE ( 'NONE', ( #394 ), #1045, .F. ) ;
#1280 = EDGE_LOOP ( 'NONE', ( #190, #401 ) ) ;
#1281 = DIRECTION ( 'NONE',  ( -0.000000000000000000, 1.000000000000000000, -0.000000000000000000 ) ) ;
#1282 = VERTEX_POINT ( 'NONE', #1054 ) ;
#1283 = CARTESIAN_POINT ( 'NONE',  ( -42.49999999999999289, -6.499999999999997335, -8.750000000000000000 ) ) ;
#1284 = DIRECTION ( 'NONE',  ( 0.000000000000000000, 0.000000000000000000, 1.000000000000000000 ) ) ;
#1285 = EDGE_LOOP ( 'NONE', ( #920, #885 ) ) ;
#1286 = DIRECTION ( 'NONE',  ( -0.000000000000000000, -0.000000000000000000, 1.000000000000000000 ) ) ;
#1287 = ADVANCED_FACE ( 'NONE', ( #827 ), #607, .T. ) ;
#1288 = AXIS2_PLACEMENT_3D ( 'NONE', #1154, #1027, #407 ) ;
#1289 = ORIENTED_EDGE ( 'NONE', *, *, #779, .F. ) ;
#1290 = CARTESIAN_POINT ( 'NONE',  ( -35.50000000000000000, -30.49999999999999289, 8.673617379884035472E-16 ) ) ;
#1291 = VECTOR ( 'NONE', #753, 1000.000000000000000 ) ;
#1292 = PRODUCT_DEFINITION_CONTEXT ( 'detailed design', #299, 'design' ) ;
#1293 = DIRECTION ( 'NONE',  ( 1.000000000000000000, -0.000000000000000000, -0.000000000000000000 ) ) ;
#1294 = AXIS2_PLACEMENT_3D ( 'NONE', #143, #1219, #256 ) ;
#1295 = ORIENTED_EDGE ( 'NONE', *, *, #11, .T. ) ;
#1296 = LINE ( 'NONE', #200, #1238 ) ;
#1297 = DIRECTION ( 'NONE',  ( -1.000000000000000000, -0.000000000000000000, -0.000000000000000000 ) ) ;
#1298 = DIRECTION ( 'NONE',  ( 0.000000000000000000, 1.000000000000000000, -3.965082230804131699E-16 ) ) ;
#1299 = CARTESIAN_POINT ( 'NONE',  ( -42.49999999999999289, -6.499999999999997335, 8.750000000000000000 ) ) ;
#1300 = EDGE_CURVE ( 'NONE', #566, #682, #718, .T. ) ;
#1301 = EDGE_LOOP ( 'NONE', ( #1310, #988, #453, #386 ) ) ;
#1302 = CARTESIAN_POINT ( 'NONE',  ( -42.49999999999998579, -12.99999999999999467, 17.50000000000000000 ) ) ;
#1303 = CARTESIAN_POINT ( 'NONE',  ( 30.49999999999999645, -12.99999999999999467, 17.50000000000000000 ) ) ;
#1304 = VECTOR ( 'NONE', #268, 1000.000000000000000 ) ;
#1305 = CIRCLE ( 'NONE', #1089, 11.25000000000001066 ) ;
#1306 = VECTOR ( 'NONE', #1235, 1000.000000000000000 ) ;
#1307 = LINE ( 'NONE', #452, #228 ) ;
#1308 = VECTOR ( 'NONE', #117, 1000.000000000000000 ) ;
#1309 = PRODUCT_RELATED_PRODUCT_CATEGORY ( 'part', '', ( #546 ) ) ;
#1310 = ORIENTED_EDGE ( 'NONE', *, *, #882, .F. ) ;
#1311 = LINE ( 'NONE', #886, #360 ) ;
#1312 = ORIENTED_EDGE ( 'NONE', *, *, #37, .F. ) ;
#1313 = CARTESIAN_POINT ( 'NONE',  ( 30.49999999999999645, -30.49999999999999289, 8.673617379884035472E-16 ) ) ;
#1314 = LINE ( 'NONE', #1005, #877 ) ;
#1315 = ADVANCED_FACE ( 'NONE', ( #616 ), #86, .F. ) ;
#1316 = ORIENTED_EDGE ( 'NONE', *, *, #870, .F. ) ;
#1317 = VERTEX_POINT ( 'NONE', #399 ) ;
#1318 = SURFACE_STYLE_FILL_AREA ( #244 ) ;
#1319 = ORIENTED_EDGE ( 'NONE', *, *, #553, .F. ) ;
#1320 = FACE_OUTER_BOUND ( 'NONE', #1221, .T. ) ;
#1321 = DIRECTION ( 'NONE',  ( 1.000000000000000000, 0.000000000000000000, 0.000000000000000000 ) ) ;
#1322 = ORIENTED_EDGE ( 'NONE', *, *, #772, .T. ) ;
#1323 = ORIENTED_EDGE ( 'NONE', *, *, #563, .F. ) ;
#1324 = ADVANCED_FACE ( 'NONE', ( #895 ), #702, .T. ) ;
#1325 = PLANE ( 'NONE',  #234 ) ;
#1326 = ADVANCED_FACE ( 'NONE', ( #261, #1346, #44, #163, #283 ), #154, .F. ) ;
#1327 = ORIENTED_EDGE ( 'NONE', *, *, #442, .F. ) ;
#1328 = FACE_OUTER_BOUND ( 'NONE', #313, .T. ) ;
#1329 = AXIS2_PLACEMENT_3D ( 'NONE', #426, #314, #330 ) ;
#1330 = DIRECTION ( 'NONE',  ( 1.000000000000000000, 0.000000000000000000, 0.000000000000000000 ) ) ;
#1331 = APPLICATION_PROTOCOL_DEFINITION ( 'draft international standard', 'automotive_design', 1998, #797 ) ;
#1332 = VECTOR ( 'NONE', #1023, 1000.000000000000000 ) ;
#1333 = VECTOR ( 'NONE', #891, 1000.000000000000000 ) ;
#1334 = DIRECTION ( 'NONE',  ( 0.000000000000000000, -0.000000000000000000, -1.000000000000000000 ) ) ;
#1335 = EDGE_CURVE ( 'NONE', #294, #566, #681, .T. ) ;
#1336 = ORIENTED_EDGE ( 'NONE', *, *, #100, .T. ) ;
#1337 = CARTESIAN_POINT ( 'NONE',  ( -32.49999999999999289, -6.499999999999997335, 8.750000000000000000 ) ) ;
#1338 = CARTESIAN_POINT ( 'NONE',  ( -30.49999999999999645, -30.49999999999999289, 17.50000000000000000 ) ) ;
#1339 = DIRECTION ( 'NONE',  ( -1.000000000000000000, -0.000000000000000000, -0.000000000000000000 ) ) ;
#1340 = CARTESIAN_POINT ( 'NONE',  ( 30.49999999999999645, -30.49999999999999289, 17.50000000000000000 ) ) ;
#1341 = CARTESIAN_POINT ( 'NONE',  ( 42.50000000000000711, 0.000000000000000000, 17.50000000000000000 ) ) ;
#1342 = VERTEX_POINT ( 'NONE', #1354 ) ;
#1343 = DIRECTION ( 'NONE',  ( 0.000000000000000000, -1.000000000000000000, 0.000000000000000000 ) ) ;
#1344 = EDGE_CURVE ( 'NONE', #606, #710, #387, .T. ) ;
#1345 = CARTESIAN_POINT ( 'NONE',  ( 42.50000000000000711, 60.00000000000000000, -5.000000000000006217 ) ) ;
#1346 = FACE_BOUND ( 'NONE', #853, .T. ) ;
#1347 = EDGE_LOOP ( 'NONE', ( #41, #1015, #1101, #87 ) ) ;
#1348 = CARTESIAN_POINT ( 'NONE',  ( -32.49999999999999289, -6.499999999999997335, -11.75000000000000000 ) ) ;
#1349 = CARTESIAN_POINT ( 'NONE',  ( -32.49999999999999289, -6.499999999999997335, 8.750000000000000000 ) ) ;
#1350 = EDGE_LOOP ( 'NONE', ( #761, #688, #1142, #1069 ) ) ;
#1351 = DIRECTION ( 'NONE',  ( 0.000000000000000000, 0.000000000000000000, 1.000000000000000000 ) ) ;
#1352 = CARTESIAN_POINT ( 'NONE',  ( -25.00000000000000000, 32.50000000000000000, -5.000000000000006217 ) ) ;
#1353 = AXIS2_PLACEMENT_3D ( 'NONE', #978, #544, #20 ) ;
#1354 = CARTESIAN_POINT ( 'NONE',  ( -35.50000000000000000, -30.49999999999999289, 4.500000000000000888 ) ) ;
#1355 = ADVANCED_FACE ( 'NONE', ( #604, #1141 ), #172, .F. ) ;
#1356 = EDGE_LOOP ( 'NONE', ( #460, #414, #1102, #637 ) ) ;
#1357 = CARTESIAN_POINT ( 'NONE',  ( 42.49999999999999289, -6.499999999999997335, -5.750000000000000888 ) ) ;
#1358 = AXIS2_PLACEMENT_3D ( 'NONE', #1090, #499, #50 ) ;
#1359 = CIRCLE ( 'NONE', #252, 3.000000000000000000 ) ;
#1360 = DIRECTION ( 'NONE',  ( 1.000000000000000000, 0.000000000000000000, 0.000000000000000000 ) ) ;
#1361 = VECTOR ( 'NONE', #470, 1000.000000000000000 ) ;
#1362 = ORIENTED_EDGE ( 'NONE', *, *, #866, .T. ) ;
#1363 = DIRECTION ( 'NONE',  ( -1.000000000000000000, -0.000000000000000000, -0.000000000000000000 ) ) ;
#1364 = FACE_OUTER_BOUND ( 'NONE', #126, .T. ) ;
#1365 = CARTESIAN_POINT ( 'NONE',  ( 32.49999999999999289, -6.499999999999997335, -8.750000000000000000 ) ) ;
#1366 = ORIENTED_EDGE ( 'NONE', *, *, #375, .T. ) ;
#1367 = VERTEX_POINT ( 'NONE', #596 ) ;
#1368 = EDGE_CURVE ( 'NONE', #1010, #1097, #1033, .T. ) ;
#1369 = CARTESIAN_POINT ( 'NONE',  ( -42.49999999999998579, -12.99999999999999467, -17.50000000000000000 ) ) ;
#1370 = ORIENTED_EDGE ( 'NONE', *, *, #1237, .F. ) ;
#1371 = DIRECTION ( 'NONE',  ( 0.000000000000000000, 0.000000000000000000, 1.000000000000000000 ) ) ;
#1372 = DIRECTION ( 'NONE',  ( 1.000000000000000000, 0.000000000000000000, -0.000000000000000000 ) ) ;
#1373 = VERTEX_POINT ( 'NONE', #1257 ) ;
#1374 = CARTESIAN_POINT ( 'NONE',  ( 42.49999999999999289, 8.655444566227759040, 9.835661766082227470E-16 ) ) ;
#1375 = EDGE_CURVE ( 'NONE', #892, #1061, #79, .T. ) ;
#1376 = CARTESIAN_POINT ( 'NONE',  ( -30.49999999999999645, -30.49999999999999289, 8.673617379884035472E-16 ) ) ;
#1377 = VERTEX_POINT ( 'NONE', #1014 ) ;
#1378 = DIRECTION ( 'NONE',  ( -1.000000000000000000, 0.000000000000000000, 0.000000000000000000 ) ) ;
#1379 = CARTESIAN_POINT ( 'NONE',  ( 30.49999999999999645, -30.49999999999999645, -17.49999999999999645 ) ) ;
#1380 = VERTEX_POINT ( 'NONE', #1025 ) ;
#1381 = DIRECTION ( 'NONE',  ( 0.000000000000000000, 0.000000000000000000, 1.000000000000000000 ) ) ;
#1382 = AXIS2_PLACEMENT_3D ( 'NONE', #529, #515, #865 ) ;
#1383 = AXIS2_PLACEMENT_3D ( 'NONE', #1345, #178, #376 ) ;
#1384 = AXIS2_PLACEMENT_3D ( 'NONE', #707, #1038, #70 ) ;
#1385 = ORIENTED_EDGE ( 'NONE', *, *, #917, .F. ) ;
#1386 = CARTESIAN_POINT ( 'NONE',  ( -42.49999999999998579, -12.99999999999999467, -17.50000000000000000 ) ) ;
#1387 = VECTOR ( 'NONE', #1252, 1000.000000000000000 ) ;
#1388 = EDGE_CURVE ( 'NONE', #1163, #916, #254, .T. ) ;
#1389 = CARTESIAN_POINT ( 'NONE',  ( 30.49999999999999645, -30.49999999999999289, 8.673617379884035472E-16 ) ) ;
#1390 = ORIENTED_EDGE ( 'NONE', *, *, #296, .F. ) ;
#1391 = FACE_OUTER_BOUND ( 'NONE', #1146, .T. ) ;
ENDSEC;
END-ISO-10303-21;
