ISO-10303-21;
HEADER;
FILE_DESCRIPTION (( 'STEP AP214' ),
    '1' );
FILE_NAME ('Elevator base mount.STEP',
    '2026-02-05T02:30:36',
    ( '' ),
    ( '' ),
    'SwSTEP 2.0',
    'SolidWorks 2025',
    '' );
FILE_SCHEMA (( 'AUTOMOTIVE_DESIGN' ));
ENDSEC;

DATA;
#1 = DIRECTION ( 'NONE',  ( 0.000000000000000000, -1.000000000000000000, 0.000000000000000000 ) ) ;
#2 = EDGE_LOOP ( 'NONE', ( #6661, #4964, #9482, #2754 ) ) ;
#3 = PLANE ( 'NONE',  #3598 ) ;
#4 = ORIENTED_EDGE ( 'NONE', *, *, #7808, .F. ) ;
#5 = CARTESIAN_POINT ( 'NONE',  ( -13.29089653438075835, 0.000000000000000000, 20.00000000000000355 ) ) ;
#6 = PLANE ( 'NONE',  #593 ) ;
#7 = CARTESIAN_POINT ( 'NONE',  ( 68.35455173280956842, 10.00000000000000000, -48.35455173280956842 ) ) ;
#8 = EDGE_CURVE ( 'NONE', #6452, #8192, #9053, .T. ) ;
#9 = EDGE_CURVE ( 'NONE', #8061, #8922, #4539, .T. ) ;
#10 = EDGE_LOOP ( 'NONE', ( #4471, #721, #9354, #3583 ) ) ;
#11 = DIRECTION ( 'NONE',  ( 0.5000000000000017764, 0.000000000000000000, -0.8660254037844377084 ) ) ;
#12 = DIRECTION ( 'NONE',  ( 0.4999999999999992784, 0.000000000000000000, -0.8660254037844390407 ) ) ;
#13 = DIRECTION ( 'NONE',  ( 0.5000000000000009992, 0.000000000000000000, 0.8660254037844380415 ) ) ;
#14 = VERTEX_POINT ( 'NONE', #8998 ) ;
#15 = DIRECTION ( 'NONE',  ( -0.4999999999999995004, 0.000000000000000000, 0.8660254037844389297 ) ) ;
#16 = CARTESIAN_POINT ( 'NONE',  ( 36.70910346561912974, -12.00000000000000000, 1.294402214996931218E-15 ) ) ;
#17 = CARTESIAN_POINT ( 'NONE',  ( 0.000000000000000000, 0.000000000000000000, 0.000000000000000000 ) ) ;
#18 = CARTESIAN_POINT ( 'NONE',  ( 58.35455173280956132, 10.00000000000000000, -8.354551732809563092 ) ) ;
#19 = ADVANCED_FACE ( 'NONE', ( #5922 ), #5874, .T. ) ;
#20 = EDGE_CURVE ( 'NONE', #8344, #1761, #2080, .T. ) ;
#21 = ORIENTED_EDGE ( 'NONE', *, *, #1698, .T. ) ;
#22 = DIRECTION ( 'NONE',  ( -0.5000000000000001110, -0.000000000000000000, -0.8660254037844384856 ) ) ;
#23 = LINE ( 'NONE', #8378, #2985 ) ;
#24 = ORIENTED_EDGE ( 'NONE', *, *, #8420, .T. ) ;
#25 = CARTESIAN_POINT ( 'NONE',  ( 58.35455173280956132, -12.00000000000000000, 2.849999999999997868 ) ) ;
#26 = EDGE_CURVE ( 'NONE', #2863, #5077, #5118, .T. ) ;
#27 = EDGE_LOOP ( 'NONE', ( #4451, #5308, #8291, #8278 ) ) ;
#28 = DIRECTION ( 'NONE',  ( -0.4999999999999992784, 0.000000000000000000, -0.8660254037844390407 ) ) ;
#29 = CARTESIAN_POINT ( 'NONE',  ( -53.29089653438087026, 0.000000000000000000, 3.038187096183830448E-15 ) ) ;
#30 = ADVANCED_FACE ( 'NONE', ( #4385 ), #2040, .T. ) ;
#31 = DIRECTION ( 'NONE',  ( -0.000000000000000000, -1.000000000000000000, -0.000000000000000000 ) ) ;
#32 = EDGE_CURVE ( 'NONE', #4992, #2282, #7581, .T. ) ;
#33 = MANIFOLD_SOLID_BREP ( 'Mirror1', #3590 ) ;
#34 = EDGE_LOOP ( 'NONE', ( #5235, #3298, #6034, #3215 ) ) ;
#35 = LINE ( 'NONE', #6155, #880 ) ;
#36 = VERTEX_POINT ( 'NONE', #840 ) ;
#37 = DIRECTION ( 'NONE',  ( 0.8660254037844383745, 0.000000000000000000, -0.5000000000000004441 ) ) ;
#38 = DIRECTION ( 'NONE',  ( 0.000000000000000000, 1.000000000000000000, 0.000000000000000000 ) ) ;
#39 = LINE ( 'NONE', #8253, #2325 ) ;
#40 = ADVANCED_FACE ( 'NONE', ( #802 ), #5828, .T. ) ;
#41 = CARTESIAN_POINT ( 'NONE',  ( -11.64544826719021664, -12.00000000000000000, 32.85000000000000142 ) ) ;
#42 = CARTESIAN_POINT ( 'NONE',  ( 23.29089653438055052, -12.00000000000000000, 40.00000000000000000 ) ) ;
#43 = DIRECTION ( 'NONE',  ( -0.4999999999999990563, 0.000000000000000000, -0.8660254037844391517 ) ) ;
#44 = PLANE ( 'NONE',  #7364 ) ;
#45 = ORIENTED_EDGE ( 'NONE', *, *, #1280, .F. ) ;
#46 = DIRECTION ( 'NONE',  ( 0.000000000000000000, 0.000000000000000000, 1.000000000000000000 ) ) ;
#47 = ORIENTED_EDGE ( 'NONE', *, *, #1779, .T. ) ;
#48 = CARTESIAN_POINT ( 'NONE',  ( -13.29089653438086316, 0.000000000000000000, 10.00000000000000711 ) ) ;
#49 = CARTESIAN_POINT ( 'NONE',  ( -28.35455173280955421, -12.00000000000000000, 12.85000000000000675 ) ) ;
#50 = VERTEX_POINT ( 'NONE', #3880 ) ;
#51 = LINE ( 'NONE', #7768, #443 ) ;
#52 = ORIENTED_EDGE ( 'NONE', *, *, #2062, .T. ) ;
#53 = ADVANCED_FACE ( 'NONE', ( #7820 ), #8460, .T. ) ;
#54 = DIRECTION ( 'NONE',  ( 0.000000000000000000, 0.000000000000000000, -1.000000000000000000 ) ) ;
#55 = FACE_OUTER_BOUND ( 'NONE', #2787, .T. ) ;
#56 = LINE ( 'NONE', #3878, #9115 ) ;
#57 = ORIENTED_EDGE ( 'NONE', *, *, #5907, .F. ) ;
#58 = VECTOR ( 'NONE', #6096, 1000.000000000000114 ) ;
#60 = CARTESIAN_POINT ( 'NONE',  ( 26.70910346561912618, -12.00000000000000000, 10.00000000000000711 ) ) ;
#59 = AXIS2_PLACEMENT_3D ( 'NONE', #2351, #5385, #6142 ) ;
#61 = DIRECTION ( 'NONE',  ( 0.000000000000000000, 1.000000000000000000, 0.000000000000000000 ) ) ;
#62 = VECTOR ( 'NONE', #2599, 1000.000000000000000 ) ;
#63 = FACE_BOUND ( 'NONE', #2470, .T. ) ;
#64 = DIRECTION ( 'NONE',  ( -0.4999999999999985012, 0.000000000000000000, -0.8660254037844393737 ) ) ;
#65 = DIRECTION ( 'NONE',  ( -0.000000000000000000, -0.000000000000000000, -1.000000000000000000 ) ) ;
#66 = ORIENTED_EDGE ( 'NONE', *, *, #4888, .F. ) ;
#67 = CARTESIAN_POINT ( 'NONE',  ( -60.35455173280956132, 20.99999999999997868, -16.35455173280956487 ) ) ;
#68 = AXIS2_PLACEMENT_3D ( 'NONE', #1179, #7170, #8792 ) ;
#69 = VECTOR ( 'NONE', #38, 1000.000000000000000 ) ;
#70 = VECTOR ( 'NONE', #4166, 1000.000000000000000 ) ;
#71 = CARTESIAN_POINT ( 'NONE',  ( -11.64544826719042447, -12.00000000000000000, 12.85000000000000675 ) ) ;
#72 = EDGE_CURVE ( 'NONE', #4213, #1062, #112, .T. ) ;
#73 = VERTEX_POINT ( 'NONE', #1631 ) ;
#74 = PLANE ( 'NONE',  #7388 ) ;
#75 = EDGE_CURVE ( 'NONE', #1424, #7300, #1741, .T. ) ;
#76 = DIRECTION ( 'NONE',  ( 0.4999999999999999445, -0.000000000000000000, -0.8660254037844387076 ) ) ;
#77 = ORIENTED_EDGE ( 'NONE', *, *, #5107, .T. ) ;
#78 = VECTOR ( 'NONE', #9631, 1000.000000000000000 ) ;
#79 = AXIS2_PLACEMENT_3D ( 'NONE', #3144, #1538, #9203 ) ;
#80 = DIRECTION ( 'NONE',  ( 0.000000000000000000, 1.000000000000000000, 0.000000000000000000 ) ) ;
#81 = PLANE ( 'NONE',  #2970 ) ;
#82 = CARTESIAN_POINT ( 'NONE',  ( 11.64544826719000881, -12.00000000000000000, 47.14999999999999858 ) ) ;
#83 = ORIENTED_EDGE ( 'NONE', *, *, #184, .F. ) ;
#84 = LINE ( 'NONE', #6295, #4382 ) ;
#85 = VECTOR ( 'NONE', #5703, 1000.000000000000000 ) ;
#86 = VERTEX_POINT ( 'NONE', #4684 ) ;
#87 = ADVANCED_FACE ( 'NONE', ( #1540 ), #941, .T. ) ;
#88 = CARTESIAN_POINT ( 'NONE',  ( 68.35455173280956842, 10.00000000000000000, 18.35455173280956842 ) ) ;
#89 = CARTESIAN_POINT ( 'NONE',  ( 31.64544826719043513, 0.000000000000000000, 2.849999999999998312 ) ) ;
#90 = ADVANCED_FACE ( 'NONE', ( #4735 ), #3980, .F. ) ;
#91 = DIRECTION ( 'NONE',  ( -0.5000000000000008882, 0.000000000000000000, 0.8660254037844381525 ) ) ;
#92 = FACE_OUTER_BOUND ( 'NONE', #9645, .T. ) ;
#93 = DIRECTION ( 'NONE',  ( -1.000000000000000000, 0.000000000000000000, 0.000000000000000000 ) ) ;
#94 = LINE ( 'NONE', #1465, #5945 ) ;
#95 = ORIENTED_EDGE ( 'NONE', *, *, #7092, .F. ) ;
#96 = CARTESIAN_POINT ( 'NONE',  ( 28.35455173280955421, -12.00000000000000000, -2.850000000000000089 ) ) ;
#97 = ORIENTED_EDGE ( 'NONE', *, *, #6041, .F. ) ;
#98 = VECTOR ( 'NONE', #9780, 1000.000000000000000 ) ;
#99 = CARTESIAN_POINT ( 'NONE',  ( 43.29089653438087026, 0.000000000000000000, 10.00000000000000711 ) ) ;
#100 = ADVANCED_FACE ( 'NONE', ( #6188 ), #5378, .T. ) ;
#101 = CARTESIAN_POINT ( 'NONE',  ( -31.64544826719043513, 0.000000000000000000, 2.849999999999998312 ) ) ;
#102 = VECTOR ( 'NONE', #967, 1000.000000000000000 ) ;
#103 = ORIENTED_EDGE ( 'NONE', *, *, #4884, .T. ) ;
#104 = CARTESIAN_POINT ( 'NONE',  ( -60.35455173280956132, 14.99999999999997691, -48.64544826719049553 ) ) ;
#105 = VECTOR ( 'NONE', #12, 1000.000000000000114 ) ;
#106 = VERTEX_POINT ( 'NONE', #7021 ) ;
#107 = DIRECTION ( 'NONE',  ( -0.8660254037844383745, 0.000000000000000000, -0.5000000000000004441 ) ) ;
#108 = PLANE ( 'NONE',  #6269 ) ;
#109 = DIRECTION ( 'NONE',  ( 0.000000000000000000, -1.000000000000000000, 0.000000000000000000 ) ) ;
#110 = CARTESIAN_POINT ( 'NONE',  ( -21.64544826719043513, -12.00000000000000000, 2.849999999999998312 ) ) ;
#111 = VERTEX_POINT ( 'NONE', #2388 ) ;
#112 = LINE ( 'NONE', #6831, #1349 ) ;
#113 = DIRECTION ( 'NONE',  ( -1.000000000000000000, -0.000000000000000000, -0.000000000000000000 ) ) ;
#114 = VECTOR ( 'NONE', #5901, 1000.000000000000000 ) ;
#115 = FACE_BOUND ( 'NONE', #888, .T. ) ;
#116 = CARTESIAN_POINT ( 'NONE',  ( 8.354551732809447628, -12.00000000000000000, 17.15000000000000568 ) ) ;
#117 = DIRECTION ( 'NONE',  ( 0.000000000000000000, 1.000000000000000000, 0.000000000000000000 ) ) ;
#118 = ORIENTED_EDGE ( 'NONE', *, *, #4448, .T. ) ;
#119 = CARTESIAN_POINT ( 'NONE',  ( 16.70910346561912263, -12.00000000000000000, 1.294402214996931218E-15 ) ) ;
#120 = VECTOR ( 'NONE', #7098, 1000.000000000000227 ) ;
#121 = CARTESIAN_POINT ( 'NONE',  ( 8.354551732809134990, 0.000000000000000000, 47.14999999999999858 ) ) ;
#122 = ORIENTED_EDGE ( 'NONE', *, *, #4504, .T. ) ;
#123 = PLANE ( 'NONE',  #230 ) ;
#124 = VECTOR ( 'NONE', #2290, 1000.000000000000114 ) ;
#125 = LINE ( 'NONE', #3162, #8251 ) ;
#126 = VECTOR ( 'NONE', #4688, 1000.000000000000000 ) ;
#127 = CARTESIAN_POINT ( 'NONE',  ( -8.354551732809342823, 0.000000000000000000, 32.85000000000000142 ) ) ;
#128 = DIRECTION ( 'NONE',  ( 0.000000000000000000, -1.000000000000000000, 0.000000000000000000 ) ) ;
#129 = VECTOR ( 'NONE', #893, 1000.000000000000227 ) ;
#130 = DIRECTION ( 'NONE',  ( 0.000000000000000000, 1.000000000000000000, 0.000000000000000000 ) ) ;
#131 = ORIENTED_EDGE ( 'NONE', *, *, #8530, .T. ) ;
#132 = VECTOR ( 'NONE', #1949, 1000.000000000000000 ) ;
#133 = ORIENTED_EDGE ( 'NONE', *, *, #5240, .F. ) ;
#134 = VECTOR ( 'NONE', #605, 1000.000000000000000 ) ;
#135 = VECTOR ( 'NONE', #5995, 1000.000000000000000 ) ;
#136 = DIRECTION ( 'NONE',  ( -0.4999999999999995004, -0.000000000000000000, 0.8660254037844389297 ) ) ;
#137 = PLANE ( 'NONE',  #227 ) ;
#138 = ORIENTED_EDGE ( 'NONE', *, *, #2700, .F. ) ;
#139 = CARTESIAN_POINT ( 'NONE',  ( 46.70910346561912974, -12.00000000000000000, 1.294402214996931218E-15 ) ) ;
#140 = AXIS2_PLACEMENT_3D ( 'NONE', #834, #153, #11 ) ;
#141 = EDGE_CURVE ( 'NONE', #4256, #5908, #2289, .T. ) ;
#142 = EDGE_CURVE ( 'NONE', #6523, #1005, #6135, .T. ) ;
#143 = EDGE_CURVE ( 'NONE', #9691, #6285, #7722, .T. ) ;
#144 = ORIENTED_EDGE ( 'NONE', *, *, #1034, .T. ) ;
#145 = VECTOR ( 'NONE', #7679, 1000.000000000000114 ) ;
#146 = CARTESIAN_POINT ( 'NONE',  ( -38.35455173280955421, -12.00000000000000000, 7.150000000000007461 ) ) ;
#147 = ORIENTED_EDGE ( 'NONE', *, *, #842, .F. ) ;
#148 = LINE ( 'NONE', #4527, #7730 ) ;
#149 = ORIENTED_EDGE ( 'NONE', *, *, #9424, .T. ) ;
#150 = CARTESIAN_POINT ( 'NONE',  ( -8.354551732809342823, -12.00000000000000000, 27.15000000000000568 ) ) ;
#151 = CARTESIAN_POINT ( 'NONE',  ( -6.709103465618704298, 0.000000000000000000, 50.00000000000000000 ) ) ;
#152 = EDGE_CURVE ( 'NONE', #3664, #3454, #2431, .T. ) ;
#153 = DIRECTION ( 'NONE',  ( 0.8660254037844377084, -0.000000000000000000, 0.5000000000000017764 ) ) ;
#154 = CARTESIAN_POINT ( 'NONE',  ( 11.64544826719011361, -12.00000000000000000, 42.85000000000000142 ) ) ;
#155 = LINE ( 'NONE', #7719, #9293 ) ;
#156 = DIRECTION ( 'NONE',  ( -0.5000000000000008882, -0.000000000000000000, -0.8660254037844381525 ) ) ;
#157 = VERTEX_POINT ( 'NONE', #3233 ) ;
#158 =( LENGTH_UNIT ( ) NAMED_UNIT ( * ) SI_UNIT ( .MILLI., .METRE. ) );
#159 = FACE_OUTER_BOUND ( 'NONE', #1984, .T. ) ;
#160 = CARTESIAN_POINT ( 'NONE',  ( -21.64544826719031789, -12.00000000000000000, 22.85000000000000497 ) ) ;
#161 = LINE ( 'NONE', #3884, #1536 ) ;
#162 = PLANE ( 'NONE',  #8535 ) ;
#163 = ORIENTED_EDGE ( 'NONE', *, *, #5475, .F. ) ;
#164 = DIRECTION ( 'NONE',  ( 1.000000000000000000, 0.000000000000000000, -1.317819823453642871E-16 ) ) ;
#165 = ORIENTED_EDGE ( 'NONE', *, *, #5498, .T. ) ;
#166 = ORIENTED_EDGE ( 'NONE', *, *, #9055, .T. ) ;
#167 = DIRECTION ( 'NONE',  ( -1.000000000000000000, -0.000000000000000000, -0.000000000000000000 ) ) ;
#168 = EDGE_LOOP ( 'NONE', ( #3449, #2457, #1138, #6348 ) ) ;
#169 = ORIENTED_EDGE ( 'NONE', *, *, #8292, .T. ) ;
#170 = LINE ( 'NONE', #6342, #6252 ) ;
#171 = DIRECTION ( 'NONE',  ( 0.4999999999999999445, 0.000000000000000000, 0.8660254037844387076 ) ) ;
#172 = LINE ( 'NONE', #7835, #6482 ) ;
#173 = VERTEX_POINT ( 'NONE', #5521 ) ;
#174 = CARTESIAN_POINT ( 'NONE',  ( -21.64544826719001236, -12.00000000000000000, 47.14999999999999858 ) ) ;
#175 = EDGE_LOOP ( 'NONE', ( #2233, #8678, #8517, #2886 ) ) ;
#176 = DIRECTION ( 'NONE',  ( 0.4999999999999996669, 0.000000000000000000, -0.8660254037844388186 ) ) ;
#177 = LINE ( 'NONE', #3343, #4991 ) ;
#178 = VERTEX_POINT ( 'NONE', #6273 ) ;
#179 = EDGE_CURVE ( 'NONE', #2066, #4496, #7215, .T. ) ;
#180 = PLANE ( 'NONE',  #5028 ) ;
#181 = ORIENTED_EDGE ( 'NONE', *, *, #3184, .F. ) ;
#182 = CARTESIAN_POINT ( 'NONE',  ( -8.354551732809238018, -12.00000000000000000, 37.15000000000000568 ) ) ;
#183 = ORIENTED_EDGE ( 'NONE', *, *, #3475, .T. ) ;
#184 = EDGE_CURVE ( 'NONE', #2463, #9603, #9341, .T. ) ;
#185 = CARTESIAN_POINT ( 'NONE',  ( -50.35455173280956132, 36.15544456622760805, -16.35455173280956487 ) ) ;
#186 = ADVANCED_FACE ( 'NONE', ( #4027 ), #1888, .T. ) ;
#187 = ORIENTED_EDGE ( 'NONE', *, *, #4008, .T. ) ;
#188 = DIRECTION ( 'NONE',  ( -0.4999999999999992784, 0.000000000000000000, -0.8660254037844390407 ) ) ;
#189 = ORIENTED_EDGE ( 'NONE', *, *, #5533, .T. ) ;
#190 = CARTESIAN_POINT ( 'NONE',  ( 68.35455173280956842, 10.00000000000000000, 18.35455173280956842 ) ) ;
#191 = CARTESIAN_POINT ( 'NONE',  ( -46.70910346561912974, -12.00000000000000000, 1.294402214996931218E-15 ) ) ;
#192 = EDGE_CURVE ( 'NONE', #4512, #4865, #2531, .T. ) ;
#193 = DIRECTION ( 'NONE',  ( -0.5000000000000004441, 0.000000000000000000, -0.8660254037844383745 ) ) ;
#194 = CARTESIAN_POINT ( 'NONE',  ( -11.64544826719000881, -12.00000000000000000, 52.85000000000000142 ) ) ;
#195 = LINE ( 'NONE', #750, #4864 ) ;
#196 = FACE_OUTER_BOUND ( 'NONE', #219, .T. ) ;
#197 = ORIENTED_EDGE ( 'NONE', *, *, #4478, .T. ) ;
#198 = DIRECTION ( 'NONE',  ( 0.000000000000000000, 1.000000000000000000, 0.000000000000000000 ) ) ;
#199 = CARTESIAN_POINT ( 'NONE',  ( 11.64544826719011361, 0.000000000000000000, 42.85000000000000142 ) ) ;
#200 = EDGE_CURVE ( 'NONE', #1497, #295, #8743, .T. ) ;
#201 = FACE_BOUND ( 'NONE', #5505, .T. ) ;
#202 = LINE ( 'NONE', #805, #4413 ) ;
#203 = DIRECTION ( 'NONE',  ( 0.8660254037844391517, 0.000000000000000000, -0.4999999999999992784 ) ) ;
#204 = ORIENTED_EDGE ( 'NONE', *, *, #1664, .F. ) ;
#205 = EDGE_CURVE ( 'NONE', #111, #9786, #4078, .T. ) ;
#206 = EDGE_CURVE ( 'NONE', #9417, #502, #301, .T. ) ;
#207 = LINE ( 'NONE', #3101, #3167 ) ;
#208 = EDGE_LOOP ( 'NONE', ( #1947, #2671, #2566, #2419 ) ) ;
#209 = ORIENTED_EDGE ( 'NONE', *, *, #4576, .F. ) ;
#210 = FACE_OUTER_BOUND ( 'NONE', #638, .T. ) ;
#211 = VERTEX_POINT ( 'NONE', #2721 ) ;
#212 = ORIENTED_EDGE ( 'NONE', *, *, #5781, .T. ) ;
#213 = CARTESIAN_POINT ( 'NONE',  ( -16.70910346561912263, 0.000000000000000000, 1.734723475976807094E-15 ) ) ;
#214 = CARTESIAN_POINT ( 'NONE',  ( 41.64544826719043158, -12.00000000000000000, -2.850000000000000089 ) ) ;
#215 = AXIS2_PLACEMENT_3D ( 'NONE', #3834, #6137, #843 ) ;
#216 = ADVANCED_FACE ( 'NONE', ( #8598 ), #3287, .T. ) ;
#217 = DIRECTION ( 'NONE',  ( -0.5000000000000001110, -0.000000000000000000, -0.8660254037844384856 ) ) ;
#218 = VECTOR ( 'NONE', #9008, 1000.000000000000000 ) ;
#219 = EDGE_LOOP ( 'NONE', ( #3955, #6880, #288, #6953 ) ) ;
#220 = DIRECTION ( 'NONE',  ( 0.8660254037844388186, -0.000000000000000000, 0.4999999999999997224 ) ) ;
#221 = VECTOR ( 'NONE', #2815, 1000.000000000000000 ) ;
#222 = PLANE ( 'NONE',  #5649 ) ;
#223 = VERTEX_POINT ( 'NONE', #1928 ) ;
#224 = CARTESIAN_POINT ( 'NONE',  ( 0.000000000000000000, -12.00000000000000000, 0.000000000000000000 ) ) ;
#225 = VECTOR ( 'NONE', #7987, 1000.000000000000114 ) ;
#226 = VECTOR ( 'NONE', #167, 1000.000000000000000 ) ;
#227 = AXIS2_PLACEMENT_3D ( 'NONE', #9222, #5444, #8483 ) ;
#228 = ORIENTED_EDGE ( 'NONE', *, *, #4653, .F. ) ;
#229 = CARTESIAN_POINT ( 'NONE',  ( 18.35455173280955421, -12.00000000000000000, 2.849999999999997868 ) ) ;
#230 = AXIS2_PLACEMENT_3D ( 'NONE', #9213, #2400, #9449 ) ;
#231 = VECTOR ( 'NONE', #2186, 1000.000000000000114 ) ;
#232 = ORIENTED_EDGE ( 'NONE', *, *, #737, .T. ) ;
#233 = LINE ( 'NONE', #7802, #102 ) ;
#234 = LINE ( 'NONE', #3178, #5127 ) ;
#235 = VERTEX_POINT ( 'NONE', #4878 ) ;
#236 = LINE ( 'NONE', #970, #1667 ) ;
#237 = VERTEX_POINT ( 'NONE', #4968 ) ;
#238 = CARTESIAN_POINT ( 'NONE',  ( -61.64544826719043158, -12.00000000000000000, 7.150000000000007461 ) ) ;
#239 = VERTEX_POINT ( 'NONE', #4126 ) ;
#240 = PLANE ( 'NONE',  #2752 ) ;
#241 = ORIENTED_EDGE ( 'NONE', *, *, #8371, .T. ) ;
#242 = EDGE_CURVE ( 'NONE', #6026, #8654, #2679, .T. ) ;
#243 = ORIENTED_EDGE ( 'NONE', *, *, #8706, .F. ) ;
#244 = PLANE ( 'NONE',  #6327 ) ;
#245 = DIRECTION ( 'NONE',  ( 1.317819823453642871E-16, -0.000000000000000000, 1.000000000000000000 ) ) ;
#246 = ORIENTED_EDGE ( 'NONE', *, *, #1593, .F. ) ;
#247 = CARTESIAN_POINT ( 'NONE',  ( 60.35455173280956132, 41.15544456622760805, 18.35455173280956132 ) ) ;
#248 = EDGE_LOOP ( 'NONE', ( #2997, #8310, #7053, #7469 ) ) ;
#249 = DIRECTION ( 'NONE',  ( -1.000000000000000000, 0.000000000000000000, 0.000000000000000000 ) ) ;
#250 = CARTESIAN_POINT ( 'NONE',  ( 21.64544826719042447, 0.000000000000000000, 12.85000000000000675 ) ) ;
#251 = CARTESIAN_POINT ( 'NONE',  ( -11.64544826719000881, -12.00000000000000000, 47.14999999999999858 ) ) ;
#252 = CARTESIAN_POINT ( 'NONE',  ( 33.29089653438086316, -12.00000000000000000, 3.038187096183830448E-15 ) ) ;
#253 = VECTOR ( 'NONE', #7709, 1000.000000000000000 ) ;
#254 = DIRECTION ( 'NONE',  ( 0.000000000000000000, 1.000000000000000000, 0.000000000000000000 ) ) ;
#255 = EDGE_CURVE ( 'NONE', #8413, #9808, #5722, .T. ) ;
#256 = ORIENTED_EDGE ( 'NONE', *, *, #2793, .T. ) ;
#257 = EDGE_CURVE ( 'NONE', #8262, #4523, #5765, .T. ) ;
#258 = EDGE_CURVE ( 'NONE', #4645, #6696, #7123, .T. ) ;
#259 = AXIS2_PLACEMENT_3D ( 'NONE', #9759, #1262, #1361 ) ;
#260 = VECTOR ( 'NONE', #3913, 1000.000000000000000 ) ;
#261 = DIRECTION ( 'NONE',  ( 0.000000000000000000, 1.000000000000000000, 0.000000000000000000 ) ) ;
#262 = EDGE_LOOP ( 'NONE', ( #6931, #819, #3989, #9773 ) ) ;
#263 = ORIENTED_EDGE ( 'NONE', *, *, #2796, .T. ) ;
#264 = DIRECTION ( 'NONE',  ( -1.000000000000000000, 0.000000000000000000, -0.000000000000000000 ) ) ;
#265 = EDGE_LOOP ( 'NONE', ( #606, #351, #5291, #2540 ) ) ;
#266 = ORIENTED_EDGE ( 'NONE', *, *, #5850, .F. ) ;
#267 = LINE ( 'NONE', #4607, #7213 ) ;
#268 = CARTESIAN_POINT ( 'NONE',  ( 53.29089653438087026, -12.00000000000000000, 10.00000000000000711 ) ) ;
#269 = PLANE ( 'NONE',  #3104 ) ;
#270 = CARTESIAN_POINT ( 'NONE',  ( 28.35455173280955421, -12.00000000000000000, 12.85000000000000675 ) ) ;
#271 = ADVANCED_FACE ( 'NONE', ( #2625 ), #1086, .T. ) ;
#272 = AXIS2_PLACEMENT_3D ( 'NONE', #8522, #905, #9306 ) ;
#273 = ORIENTED_EDGE ( 'NONE', *, *, #5474, .F. ) ;
#274 = DIRECTION ( 'NONE',  ( -1.000000000000000000, -0.000000000000000000, -0.000000000000000000 ) ) ;
#275 = DIRECTION ( 'NONE',  ( 0.000000000000000000, -0.000000000000000000, -1.000000000000000000 ) ) ;
#276 = ORIENTED_EDGE ( 'NONE', *, *, #5768, .F. ) ;
#277 = VECTOR ( 'NONE', #1544, 1000.000000000000000 ) ;
#278 = LINE ( 'NONE', #6354, #392 ) ;
#279 = FACE_OUTER_BOUND ( 'NONE', #4828, .T. ) ;
#280 = AXIS2_PLACEMENT_3D ( 'NONE', #1124, #6465, #193 ) ;
#281 = VECTOR ( 'NONE', #4799, 1000.000000000000000 ) ;
#282 = VECTOR ( 'NONE', #2753, 1000.000000000000000 ) ;
#283 = EDGE_LOOP ( 'NONE', ( #9731, #4985, #7516, #3999 ) ) ;
#284 = LINE ( 'NONE', #4766, #4555 ) ;
#285 = CARTESIAN_POINT ( 'NONE',  ( -21.64544826719021486, -12.00000000000000000, 32.85000000000000142 ) ) ;
#286 = EDGE_LOOP ( 'NONE', ( #2111, #6119, #3010, #1623 ) ) ;
#287 = VECTOR ( 'NONE', #1760, 1000.000000000000114 ) ;
#288 = ORIENTED_EDGE ( 'NONE', *, *, #8467, .F. ) ;
#289 = EDGE_LOOP ( 'NONE', ( #4959, #4237, #83, #7156, #2909, #8300 ) ) ;
#290 = PLANE ( 'NONE',  #4387 ) ;
#291 = VERTEX_POINT ( 'NONE', #1037 ) ;
#292 = EDGE_CURVE ( 'NONE', #5555, #777, #8015, .T. ) ;
#293 = CARTESIAN_POINT ( 'NONE',  ( -60.35455173280956132, 33.15544456622761516, -51.64544826719048842 ) ) ;
#294 = VECTOR ( 'NONE', #3158, 1000.000000000000000 ) ;
#295 = VERTEX_POINT ( 'NONE', #1128 ) ;
#296 = DIRECTION ( 'NONE',  ( 0.4999999999999996669, 0.000000000000000000, -0.8660254037844388186 ) ) ;
#297 = DIRECTION ( 'NONE',  ( 0.000000000000000000, 1.000000000000000000, 0.000000000000000000 ) ) ;
#298 = VERTEX_POINT ( 'NONE', #9494 ) ;
#299 = CARTESIAN_POINT ( 'NONE',  ( -58.35455173280956132, -12.00000000000000000, 12.85000000000000675 ) ) ;
#300 = ORIENTED_EDGE ( 'NONE', *, *, #7824, .F. ) ;
#301 = LINE ( 'NONE', #7168, #2310 ) ;
#302 = FACE_OUTER_BOUND ( 'NONE', #9614, .T. ) ;
#303 = DIRECTION ( 'NONE',  ( -1.000000000000000000, -0.000000000000000000, -0.000000000000000000 ) ) ;
#304 = CARTESIAN_POINT ( 'NONE',  ( -46.70910346561912974, -12.00000000000000000, 1.294402214996931218E-15 ) ) ;
#305 = LINE ( 'NONE', #2685, #7119 ) ;
#306 = VERTEX_POINT ( 'NONE', #1177 ) ;
#307 = ORIENTED_EDGE ( 'NONE', *, *, #5034, .T. ) ;
#308 = VERTEX_POINT ( 'NONE', #4832 ) ;
#309 = LINE ( 'NONE', #408, #2761 ) ;
#310 = EDGE_CURVE ( 'NONE', #4256, #6523, #6372, .T. ) ;
#311 = ORIENTED_EDGE ( 'NONE', *, *, #6971, .F. ) ;
#312 = ADVANCED_FACE ( 'NONE', ( #7261 ), #447, .T. ) ;
#313 = VERTEX_POINT ( 'NONE', #9043 ) ;
#314 = ADVANCED_FACE ( 'NONE', ( #8063 ), #5963, .T. ) ;
#315 = CARTESIAN_POINT ( 'NONE',  ( -21.64544826719042803, 0.000000000000000000, 7.150000000000007461 ) ) ;
#316 = DIRECTION ( 'NONE',  ( 0.000000000000000000, 0.000000000000000000, -1.000000000000000000 ) ) ;
#317 = CARTESIAN_POINT ( 'NONE',  ( 21.64544826719001236, 0.000000000000000000, 47.14999999999999858 ) ) ;
#318 = CARTESIAN_POINT ( 'NONE',  ( 21.64544826719031789, 0.000000000000000000, 22.85000000000000497 ) ) ;
#319 = ORIENTED_EDGE ( 'NONE', *, *, #5607, .F. ) ;
#320 = LINE ( 'NONE', #3256, #3074 ) ;
#321 = CARTESIAN_POINT ( 'NONE',  ( 56.70910346561912974, -12.00000000000000000, 1.294402214996931218E-15 ) ) ;
#322 = ORIENTED_EDGE ( 'NONE', *, *, #8161, .T. ) ;
#323 = ADVANCED_FACE ( 'NONE', ( #2173 ), #8112, .T. ) ;
#324 = EDGE_CURVE ( 'NONE', #5166, #2171, #2228, .T. ) ;
#325 = CARTESIAN_POINT ( 'NONE',  ( 43.29089653438087026, 0.000000000000000000, 10.00000000000000711 ) ) ;
#326 = FACE_OUTER_BOUND ( 'NONE', #9748, .T. ) ;
#327 = VERTEX_POINT ( 'NONE', #7515 ) ;
#328 = DIRECTION ( 'NONE',  ( -0.4999999999999992784, 0.000000000000000000, -0.8660254037844390407 ) ) ;
#329 = ORIENTED_EDGE ( 'NONE', *, *, #8106, .F. ) ;
#330 = ADVANCED_FACE ( 'NONE', ( #4323 ), #3532, .T. ) ;
#331 = ORIENTED_EDGE ( 'NONE', *, *, #6964, .F. ) ;
#332 = DIRECTION ( 'NONE',  ( 0.000000000000000000, 1.000000000000000000, 0.000000000000000000 ) ) ;
#333 = EDGE_LOOP ( 'NONE', ( #1877, #1117, #5956, #6407 ) ) ;
#334 = EDGE_CURVE ( 'NONE', #9210, #6380, #1231, .T. ) ;
#335 = CARTESIAN_POINT ( 'NONE',  ( 60.35455173280956132, 10.00000000000000178, -56.64544826719043158 ) ) ;
#336 = LINE ( 'NONE', #191, #6933 ) ;
#337 = FACE_OUTER_BOUND ( 'NONE', #4148, .T. ) ;
#338 = LINE ( 'NONE', #4272, #5775 ) ;
#339 = ORIENTED_EDGE ( 'NONE', *, *, #3146, .F. ) ;
#340 = CYLINDRICAL_SURFACE ( 'NONE', #3088, 2.999999999999995559 ) ;
#341 = CARTESIAN_POINT ( 'NONE',  ( -36.70910346561912974, -12.00000000000000000, 1.294402214996931218E-15 ) ) ;
#342 = CARTESIAN_POINT ( 'NONE',  ( 63.29089653438087026, -12.00000000000000000, 3.038187096183830448E-15 ) ) ;
#343 = CARTESIAN_POINT ( 'NONE',  ( 21.64544826719042447, 0.000000000000000000, 52.85000000000000853 ) ) ;
#344 = DIRECTION ( 'NONE',  ( 0.000000000000000000, 0.000000000000000000, 1.000000000000000000 ) ) ;
#345 = DIRECTION ( 'NONE',  ( 0.5000000000000001110, -0.000000000000000000, 0.8660254037844385966 ) ) ;
#346 = DIRECTION ( 'NONE',  ( -0.5000000000000009992, 0.000000000000000000, 0.8660254037844380415 ) ) ;
#347 = EDGE_CURVE ( 'NONE', #1480, #3635, #534, .T. ) ;
#348 = ORIENTED_EDGE ( 'NONE', *, *, #3261, .F. ) ;
#349 = EDGE_CURVE ( 'NONE', #6749, #7502, #9724, .T. ) ;
#350 = CARTESIAN_POINT ( 'NONE',  ( 21.64544826719011184, 0.000000000000000000, 42.85000000000000142 ) ) ;
#351 = ORIENTED_EDGE ( 'NONE', *, *, #1236, .F. ) ;
#352 = VERTEX_POINT ( 'NONE', #3584 ) ;
#353 = DIRECTION ( 'NONE',  ( -1.000000000000000000, -0.000000000000000000, -0.000000000000000000 ) ) ;
#354 = VERTEX_POINT ( 'NONE', #4275 ) ;
#355 = ORIENTED_EDGE ( 'NONE', *, *, #7078, .T. ) ;
#356 = DIRECTION ( 'NONE',  ( 0.8660254037844389297, -0.000000000000000000, 0.4999999999999995004 ) ) ;
#357 = FACE_OUTER_BOUND ( 'NONE', #4493, .T. ) ;
#358 = DIRECTION ( 'NONE',  ( 0.000000000000000000, 1.000000000000000000, -0.000000000000000000 ) ) ;
#359 = ORIENTED_EDGE ( 'NONE', *, *, #435, .T. ) ;
#360 = LINE ( 'NONE', #4296, #1314 ) ;
#361 = EDGE_CURVE ( 'NONE', #4424, #211, #3682, .T. ) ;
#362 = ORIENTED_EDGE ( 'NONE', *, *, #556, .T. ) ;
#363 = EDGE_CURVE ( 'NONE', #8472, #4528, #3726, .T. ) ;
#364 = CARTESIAN_POINT ( 'NONE',  ( -8.354551732809550657, -12.00000000000000000, 2.849999999999997868 ) ) ;
#365 = ORIENTED_EDGE ( 'NONE', *, *, #349, .T. ) ;
#366 = DIRECTION ( 'NONE',  ( 0.4999999999999997224, 0.000000000000000000, -0.8660254037844388186 ) ) ;
#367 = AXIS2_PLACEMENT_3D ( 'NONE', #1153, #4201, #1951 ) ;
#368 = VECTOR ( 'NONE', #1273, 1000.000000000000000 ) ;
#369 = LINE ( 'NONE', #2750, #2100 ) ;
#370 = CARTESIAN_POINT ( 'NONE',  ( -50.35455173280956132, 17.99999999999997868, -48.64544826719049553 ) ) ;
#371 = CARTESIAN_POINT ( 'NONE',  ( -18.35455173280913854, 0.000000000000000000, 47.14999999999999858 ) ) ;
#372 = ADVANCED_FACE ( 'NONE', ( #7313, #7417, #6616 ), #9587, .F. ) ;
#373 = VERTEX_POINT ( 'NONE', #2822 ) ;
#374 = AXIS2_PLACEMENT_3D ( 'NONE', #1293, #5121, #4338 ) ;
#375 = EDGE_CURVE ( 'NONE', #7949, #157, #2771, .T. ) ;
#376 = VECTOR ( 'NONE', #545, 1000.000000000000000 ) ;
#377 = EDGE_CURVE ( 'NONE', #9716, #4295, #8843, .T. ) ;
#378 = LINE ( 'NONE', #1213, #3564 ) ;
#379 = ORIENTED_EDGE ( 'NONE', *, *, #4318, .F. ) ;
#380 = ORIENTED_EDGE ( 'NONE', *, *, #5686, .T. ) ;
#381 = AXIS2_PLACEMENT_3D ( 'NONE', #9080, #8295, #2964 ) ;
#382 = ORIENTED_EDGE ( 'NONE', *, *, #2071, .F. ) ;
#383 = VECTOR ( 'NONE', #7212, 1000.000000000000114 ) ;
#384 = CARTESIAN_POINT ( 'NONE',  ( -38.35455173280955421, -12.00000000000000000, 12.85000000000000675 ) ) ;
#385 = ORIENTED_EDGE ( 'NONE', *, *, #8722, .T. ) ;
#386 = CARTESIAN_POINT ( 'NONE',  ( 11.64544826719021664, 0.000000000000000000, 32.85000000000000142 ) ) ;
#387 = ADVANCED_FACE ( 'NONE', ( #4475 ), #684, .T. ) ;
#388 = EDGE_LOOP ( 'NONE', ( #2783, #4960, #6870, #3179 ) ) ;
#389 = CARTESIAN_POINT ( 'NONE',  ( 38.35455173280955421, -12.00000000000000000, 7.150000000000007461 ) ) ;
#390 = CARTESIAN_POINT ( 'NONE',  ( -58.35455173280956132, 0.000000000000000000, 2.849999999999997868 ) ) ;
#391 = DIRECTION ( 'NONE',  ( 1.000000000000000000, 0.000000000000000000, -0.000000000000000000 ) ) ;
#392 = VECTOR ( 'NONE', #9368, 1000.000000000000114 ) ;
#393 = EDGE_LOOP ( 'NONE', ( #8985, #736, #6532, #4257, #8008, #6728 ) ) ;
#394 = CARTESIAN_POINT ( 'NONE',  ( -28.35455173280955421, 0.000000000000000000, 2.849999999999997868 ) ) ;
#395 = DIRECTION ( 'NONE',  ( -1.000000000000000000, 0.000000000000000000, 0.000000000000000000 ) ) ;
#396 = CARTESIAN_POINT ( 'NONE',  ( 18.35455173280913499, 0.000000000000000000, 47.14999999999999858 ) ) ;
#397 = CARTESIAN_POINT ( 'NONE',  ( 16.70910346561880999, -12.00000000000000000, 40.00000000000000000 ) ) ;
#398 = DIRECTION ( 'NONE',  ( 0.4999999999999996669, 0.000000000000000000, -0.8660254037844388186 ) ) ;
#399 = CARTESIAN_POINT ( 'NONE',  ( 11.64544826719000881, -12.00000000000000000, 47.14999999999999858 ) ) ;
#400 = ORIENTED_EDGE ( 'NONE', *, *, #8992, .T. ) ;
#401 = DIRECTION ( 'NONE',  ( 0.4999999999999992228, 0.000000000000000000, -0.8660254037844390407 ) ) ;
#402 = VECTOR ( 'NONE', #4429, 1000.000000000000227 ) ;
#403 = ORIENTED_EDGE ( 'NONE', *, *, #9489, .F. ) ;
#404 = PLANE ( 'NONE',  #2921 ) ;
#405 = DIRECTION ( 'NONE',  ( -1.000000000000000000, 0.000000000000000000, 0.000000000000000000 ) ) ;
#406 = ORIENTED_EDGE ( 'NONE', *, *, #2144, .T. ) ;
#407 = EDGE_LOOP ( 'NONE', ( #9758, #1735, #1846, #8040 ) ) ;
#408 = CARTESIAN_POINT ( 'NONE',  ( -38.35455173280955421, -12.00000000000000000, -2.850000000000000089 ) ) ;
#409 = AXIS2_PLACEMENT_3D ( 'NONE', #497, #5973, #2778 ) ;
#410 = ORIENTED_EDGE ( 'NONE', *, *, #9125, .F. ) ;
#411 = ORIENTED_EDGE ( 'NONE', *, *, #2196, .T. ) ;
#412 = CARTESIAN_POINT ( 'NONE',  ( -68.35455173280956842, 10.00000000000000000, -48.35455173280956842 ) ) ;
#413 = CARTESIAN_POINT ( 'NONE',  ( -50.35455173280956132, 10.00000000000000000, 18.35455173280956842 ) ) ;
#414 = FACE_OUTER_BOUND ( 'NONE', #3891, .T. ) ;
#415 = ORIENTED_EDGE ( 'NONE', *, *, #9427, .T. ) ;
#416 = CARTESIAN_POINT ( 'NONE',  ( 53.29089653438087026, 0.000000000000000000, 10.00000000000000711 ) ) ;
#417 = AXIS2_PLACEMENT_3D ( 'NONE', #4117, #9478, #1171 ) ;
#418 = DIRECTION ( 'NONE',  ( 0.000000000000000000, 1.000000000000000000, 0.000000000000000000 ) ) ;
#419 = ORIENTED_EDGE ( 'NONE', *, *, #4729, .F. ) ;
#420 = DIRECTION ( 'NONE',  ( 0.000000000000000000, 0.000000000000000000, -1.000000000000000000 ) ) ;
#421 = CARTESIAN_POINT ( 'NONE',  ( -41.64544826719043868, 0.000000000000000000, 2.849999999999998312 ) ) ;
#422 = DIRECTION ( 'NONE',  ( 0.000000000000000000, 1.000000000000000000, 0.000000000000000000 ) ) ;
#423 = VECTOR ( 'NONE', #3123, 1000.000000000000000 ) ;
#424 = DIRECTION ( 'NONE',  ( 0.000000000000000000, 1.000000000000000000, 0.000000000000000000 ) ) ;
#425 = ORIENTED_EDGE ( 'NONE', *, *, #8923, .T. ) ;
#426 = AXIS2_PLACEMENT_3D ( 'NONE', #2850, #1411, #8241 ) ;
#427 = DIRECTION ( 'NONE',  ( -0.5000000000000008882, -0.000000000000000000, -0.8660254037844381525 ) ) ;
#428 = ORIENTED_EDGE ( 'NONE', *, *, #9760, .F. ) ;
#429 = ORIENTED_EDGE ( 'NONE', *, *, #9366, .T. ) ;
#430 = ADVANCED_FACE ( 'NONE', ( #2121 ), #6020, .T. ) ;
#431 = AXIS2_PLACEMENT_3D ( 'NONE', #6526, #9536, #5766 ) ;
#432 = ORIENTED_EDGE ( 'NONE', *, *, #1593, .T. ) ;
#433 = ADVANCED_FACE ( 'NONE', ( #2274 ), #3776, .T. ) ;
#434 = AXIS2_PLACEMENT_3D ( 'NONE', #8664, #2786, #8717 ) ;
#435 = EDGE_CURVE ( 'NONE', #7524, #4269, #3866, .T. ) ;
#436 = DIRECTION ( 'NONE',  ( 0.5000000000000017764, 0.000000000000000000, 0.8660254037844375974 ) ) ;
#437 = CIRCLE ( 'NONE', #8386, 2.999999999999995559 ) ;
#438 = DIRECTION ( 'NONE',  ( 0.000000000000000000, 1.000000000000000000, -0.000000000000000000 ) ) ;
#439 = DIRECTION ( 'NONE',  ( 0.5000000000000008882, 0.000000000000000000, -0.8660254037844381525 ) ) ;
#440 = EDGE_LOOP ( 'NONE', ( #2770, #5893, #1413, #5102 ) ) ;
#441 = VECTOR ( 'NONE', #8276, 1000.000000000000000 ) ;
#442 = CARTESIAN_POINT ( 'NONE',  ( 16.70910346561912263, -12.00000000000000000, 1.294402214996931218E-15 ) ) ;
#443 = VECTOR ( 'NONE', #3084, 999.9999999999998863 ) ;
#444 = AXIS2_PLACEMENT_3D ( 'NONE', #6765, #642, #2774 ) ;
#445 = VERTEX_POINT ( 'NONE', #4718 ) ;
#446 = VERTEX_POINT ( 'NONE', #3077 ) ;
#447 = PLANE ( 'NONE',  #6447 ) ;
#448 = ADVANCED_FACE ( 'NONE', ( #876 ), #7621, .T. ) ;
#449 = DIRECTION ( 'NONE',  ( 0.4999999999999998890, 0.000000000000000000, 0.8660254037844385966 ) ) ;
#450 = CARTESIAN_POINT ( 'NONE',  ( -60.35455173280956132, 10.00000000000000000, 18.35455173280956842 ) ) ;
#451 = EDGE_CURVE ( 'NONE', #1137, #6134, #6818, .T. ) ;
#452 = DIRECTION ( 'NONE',  ( -1.000000000000000000, 0.000000000000000000, -0.000000000000000000 ) ) ;
#453 = VECTOR ( 'NONE', #5409, 1000.000000000000000 ) ;
#454 = CARTESIAN_POINT ( 'NONE',  ( 53.29089653438087026, -12.00000000000000000, 3.038187096183830448E-15 ) ) ;
#455 = ORIENTED_EDGE ( 'NONE', *, *, #8105, .T. ) ;
#456 = LINE ( 'NONE', #8799, #8025 ) ;
#457 = AXIS2_PLACEMENT_3D ( 'NONE', #9438, #2773, #490 ) ;
#458 = DIRECTION ( 'NONE',  ( -0.4999999999999990563, 0.000000000000000000, -0.8660254037844391517 ) ) ;
#459 = ORIENTED_EDGE ( 'NONE', *, *, #9558, .T. ) ;
#460 = EDGE_LOOP ( 'NONE', ( #5170, #982, #4920, #9148 ) ) ;
#461 = DIRECTION ( 'NONE',  ( 0.4999999999999998890, 0.000000000000000000, 0.8660254037844385966 ) ) ;
#462 = ORIENTED_EDGE ( 'NONE', *, *, #6411, .F. ) ;
#463 = VERTEX_POINT ( 'NONE', #7007 ) ;
#464 = DIRECTION ( 'NONE',  ( 0.000000000000000000, 1.000000000000000000, 0.000000000000000000 ) ) ;
#465 = FACE_OUTER_BOUND ( 'NONE', #2496, .T. ) ;
#466 = CARTESIAN_POINT ( 'NONE',  ( 18.35455173280934815, -12.00000000000000000, 32.85000000000000142 ) ) ;
#467 = ORIENTED_EDGE ( 'NONE', *, *, #6400, .T. ) ;
#468 = DIRECTION ( 'NONE',  ( 0.000000000000000000, -1.000000000000000000, 2.227185007473450511E-16 ) ) ;
#469 = CARTESIAN_POINT ( 'NONE',  ( -28.35455173280955421, 0.000000000000000000, 12.85000000000000675 ) ) ;
#470 = VERTEX_POINT ( 'NONE', #185 ) ;
#471 = FACE_OUTER_BOUND ( 'NONE', #3486, .T. ) ;
#472 = LINE ( 'NONE', #1204, #7708 ) ;
#473 = LINE ( 'NONE', #8620, #3765 ) ;
#474 = CARTESIAN_POINT ( 'NONE',  ( -11.64544826719032145, -12.00000000000000000, 17.15000000000000568 ) ) ;
#475 = EDGE_CURVE ( 'NONE', #7935, #7173, #148, .T. ) ;
#476 = ORIENTED_EDGE ( 'NONE', *, *, #6361, .T. ) ;
#477 = ORIENTED_EDGE ( 'NONE', *, *, #8722, .F. ) ;
#478 = CARTESIAN_POINT ( 'NONE',  ( 18.35455173280955421, -0.000000000000000000, 2.849999999999998312 ) ) ;
#479 = ORIENTED_EDGE ( 'NONE', *, *, #5430, .F. ) ;
#480 = ORIENTED_EDGE ( 'NONE', *, *, #1032, .T. ) ;
#481 = CARTESIAN_POINT ( 'NONE',  ( -51.64544826719043158, -12.00000000000000000, 7.150000000000007461 ) ) ;
#482 = PLANE ( 'NONE',  #8808 ) ;
#483 = ORIENTED_EDGE ( 'NONE', *, *, #3715, .T. ) ;
#484 = EDGE_CURVE ( 'NONE', #6381, #14, #6256, .T. ) ;
#485 = LINE ( 'NONE', #9776, #3555 ) ;
#486 = ADVANCED_FACE ( 'NONE', ( #6122 ), #3, .F. ) ;
#487 = EDGE_CURVE ( 'NONE', #8527, #1463, #5362, .T. ) ;
#488 = VERTEX_POINT ( 'NONE', #48 ) ;
#489 = DIRECTION ( 'NONE',  ( 0.000000000000000000, 0.000000000000000000, 1.000000000000000000 ) ) ;
#490 = DIRECTION ( 'NONE',  ( 0.000000000000000000, 0.000000000000000000, 1.000000000000000000 ) ) ;
#491 = DIRECTION ( 'NONE',  ( 1.000000000000000000, -0.000000000000000000, 0.000000000000000000 ) ) ;
#492 = DIRECTION ( 'NONE',  ( 0.000000000000000000, 0.000000000000000000, 1.000000000000000000 ) ) ;
#493 = LINE ( 'NONE', #1239, #9328 ) ;
#494 = EDGE_CURVE ( 'NONE', #9230, #9716, #790, .T. ) ;
#495 = ORIENTED_EDGE ( 'NONE', *, *, #4306, .T. ) ;
#496 = EDGE_CURVE ( 'NONE', #1292, #5099, #7761, .T. ) ;
#497 = CARTESIAN_POINT ( 'NONE',  ( -50.35455173280956132, 0.000000000000000000, 0.000000000000000000 ) ) ;
#498 = DIRECTION ( 'NONE',  ( 0.4999999999999999445, 0.000000000000000000, 0.8660254037844387076 ) ) ;
#499 = ORIENTED_EDGE ( 'NONE', *, *, #5798, .F. ) ;
#500 = VERTEX_POINT ( 'NONE', #8357 ) ;
#501 = CARTESIAN_POINT ( 'NONE',  ( -8.354551732809447628, -12.00000000000000000, 17.15000000000000568 ) ) ;
#502 = VERTEX_POINT ( 'NONE', #9228 ) ;
#503 = LINE ( 'NONE', #6436, #9268 ) ;
#504 = LINE ( 'NONE', #2785, #3142 ) ;
#505 = PLANE ( 'NONE',  #9174 ) ;
#506 = ORIENTED_EDGE ( 'NONE', *, *, #7940, .F. ) ;
#507 = CARTESIAN_POINT ( 'NONE',  ( -18.35455173280934460, -12.00000000000000000, 27.15000000000000568 ) ) ;
#508 = EDGE_CURVE ( 'NONE', #8068, #3391, #8305, .T. ) ;
#509 = CARTESIAN_POINT ( 'NONE',  ( -18.35455173280955776, -12.00000000000000000, 52.85000000000000853 ) ) ;
#510 = ORIENTED_EDGE ( 'NONE', *, *, #9041, .T. ) ;
#511 = FACE_OUTER_BOUND ( 'NONE', #7742, .T. ) ;
#512 = FACE_OUTER_BOUND ( 'NONE', #8080, .T. ) ;
#513 = LINE ( 'NONE', #2604, #5932 ) ;
#514 = CARTESIAN_POINT ( 'NONE',  ( -50.35455173280956132, 20.99999999999997868, -16.35455173280956487 ) ) ;
#515 = CARTESIAN_POINT ( 'NONE',  ( -13.29089653438065355, 0.000000000000000000, 30.00000000000000711 ) ) ;
#516 = PLANE ( 'NONE',  #259 ) ;
#517 = VERTEX_POINT ( 'NONE', #828 ) ;
#518 = DIRECTION ( 'NONE',  ( 0.000000000000000000, 1.000000000000000000, 0.000000000000000000 ) ) ;
#519 = VERTEX_POINT ( 'NONE', #2375 ) ;
#520 = AXIS2_PLACEMENT_3D ( 'NONE', #9679, #46, #3075 ) ;
#521 = EDGE_LOOP ( 'NONE', ( #5145, #6238, #5208, #7509, #8618, #212 ) ) ;
#522 = ADVANCED_FACE ( 'NONE', ( #8447 ), #8493, .F. ) ;
#523 = CARTESIAN_POINT ( 'NONE',  ( 63.29089653438087026, -12.00000000000000000, 10.00000000000000711 ) ) ;
#524 = VECTOR ( 'NONE', #3196, 1000.000000000000000 ) ;
#525 = LINE ( 'NONE', #5255, #6109 ) ;
#526 = AXIS2_PLACEMENT_3D ( 'NONE', #7155, #4914, #6451 ) ;
#527 = AXIS2_PLACEMENT_3D ( 'NONE', #4921, #8589, #4819 ) ;
#528 = CARTESIAN_POINT ( 'NONE',  ( -13.29089653438065355, -12.00000000000000000, 30.00000000000000711 ) ) ;
#529 = LINE ( 'NONE', #3582, #4026 ) ;
#530 = ORIENTED_EDGE ( 'NONE', *, *, #4328, .F. ) ;
#531 = ORIENTED_EDGE ( 'NONE', *, *, #5730, .F. ) ;
#532 = VECTOR ( 'NONE', #7537, 1000.000000000000000 ) ;
#534 = LINE ( 'NONE', #6666, #8197 ) ;
#533 = VECTOR ( 'NONE', #8458, 1000.000000000000000 ) ;
#535 = DIRECTION ( 'NONE',  ( 0.5000000000000250910, 0.000000000000000000, -0.8660254037844242747 ) ) ;
#536 = LINE ( 'NONE', #3589, #6794 ) ;
#537 = CARTESIAN_POINT ( 'NONE',  ( -11.64544826719021664, -12.00000000000000000, 32.85000000000000142 ) ) ;
#538 = EDGE_CURVE ( 'NONE', #4747, #5429, #3131, .T. ) ;
#539 = EDGE_CURVE ( 'NONE', #8430, #5493, #6172, .T. ) ;
#540 = VERTEX_POINT ( 'NONE', #1618 ) ;
#541 = AXIS2_PLACEMENT_3D ( 'NONE', #8658, #1098, #4136 ) ;
#542 = VECTOR ( 'NONE', #5050, 1000.000000000000000 ) ;
#543 = DIRECTION ( 'NONE',  ( 0.000000000000000000, 1.000000000000000000, -0.000000000000000000 ) ) ;
#544 = CARTESIAN_POINT ( 'NONE',  ( -11.64544826719032145, -12.00000000000000000, 17.15000000000000568 ) ) ;
#545 = DIRECTION ( 'NONE',  ( 0.000000000000000000, 1.000000000000000000, 0.000000000000000000 ) ) ;
#546 = ORIENTED_EDGE ( 'NONE', *, *, #8467, .T. ) ;
#547 = EDGE_LOOP ( 'NONE', ( #7281, #2934, #9330, #9063, #9215, #1210 ) ) ;
#548 = CARTESIAN_POINT ( 'NONE',  ( -18.35455173280924157, -12.00000000000000000, 37.15000000000000568 ) ) ;
#549 = ORIENTED_EDGE ( 'NONE', *, *, #9575, .F. ) ;
#550 = CARTESIAN_POINT ( 'NONE',  ( -11.64544826719011361, -12.00000000000000000, 37.15000000000000568 ) ) ;
#551 = LINE ( 'NONE', #7381, #9479 ) ;
#552 = EDGE_CURVE ( 'NONE', #9733, #775, #927, .T. ) ;
#553 = EDGE_CURVE ( 'NONE', #5772, #4062, #1668, .T. ) ;
#554 = LINE ( 'NONE', #4445, #3930 ) ;
#555 = EDGE_CURVE ( 'NONE', #8794, #5005, #3749, .T. ) ;
#556 = EDGE_CURVE ( 'NONE', #4399, #313, #236, .T. ) ;
#557 = EDGE_LOOP ( 'NONE', ( #7248, #5702, #7809, #3925 ) ) ;
#558 = DIRECTION ( 'NONE',  ( 0.000000000000000000, 0.000000000000000000, -1.000000000000000000 ) ) ;
#559 = VECTOR ( 'NONE', #9646, 1000.000000000000000 ) ;
#560 = LINE ( 'NONE', #7387, #9011 ) ;
#561 = EDGE_LOOP ( 'NONE', ( #8151, #6564, #3230, #7200 ) ) ;
#562 = DIRECTION ( 'NONE',  ( 0.4999999999999998890, 0.000000000000000000, 0.8660254037844385966 ) ) ;
#563 = LINE ( 'NONE', #2254, #5604 ) ;
#564 = DIRECTION ( 'NONE',  ( -0.5000000000000002220, 0.000000000000000000, 0.8660254037844384856 ) ) ;
#565 = VECTOR ( 'NONE', #2363, 1000.000000000000114 ) ;
#566 = CARTESIAN_POINT ( 'NONE',  ( 51.64544826719043158, 0.000000000000000000, -2.850000000000000089 ) ) ;
#567 = ORIENTED_EDGE ( 'NONE', *, *, #680, .T. ) ;
#568 = CARTESIAN_POINT ( 'NONE',  ( -56.70910346561912974, -12.00000000000000000, 1.294402214996931218E-15 ) ) ;
#569 = ORIENTED_EDGE ( 'NONE', *, *, #6934, .F. ) ;
#570 = LINE ( 'NONE', #1459, #696 ) ;
#571 = ORIENTED_EDGE ( 'NONE', *, *, #2704, .T. ) ;
#572 = AXIS2_PLACEMENT_3D ( 'NONE', #7653, #6209, #823 ) ;
#573 = ORIENTED_EDGE ( 'NONE', *, *, #2538, .F. ) ;
#574 = FACE_OUTER_BOUND ( 'NONE', #1386, .T. ) ;
#575 = EDGE_LOOP ( 'NONE', ( #3477, #4308, #7305, #5906 ) ) ;
#576 = PLANE ( 'NONE',  #5821 ) ;
#577 = CARTESIAN_POINT ( 'NONE',  ( 21.64544826719001236, 0.000000000000000000, 47.14999999999999858 ) ) ;
#578 = DIRECTION ( 'NONE',  ( 0.000000000000000000, 0.000000000000000000, -1.000000000000000000 ) ) ;
#579 = AXIS2_PLACEMENT_3D ( 'NONE', #8806, #1945, #6386 ) ;
#580 = VERTEX_POINT ( 'NONE', #7051 ) ;
#581 = DIRECTION ( 'NONE',  ( 0.000000000000000000, 1.000000000000000000, 0.000000000000000000 ) ) ;
#583 = ORIENTED_EDGE ( 'NONE', *, *, #2217, .T. ) ;
#582 = FACE_OUTER_BOUND ( 'NONE', #2780, .T. ) ;
#584 = EDGE_LOOP ( 'NONE', ( #8322, #2794, #2543, #4758 ) ) ;
#585 = CARTESIAN_POINT ( 'NONE',  ( -68.35455173280956842, 0.000000000000000000, -48.35455173280956842 ) ) ;
#586 = AXIS2_PLACEMENT_3D ( 'NONE', #2999, #6631, #9651 ) ;
#587 = PLANE ( 'NONE',  #3607 ) ;
#588 = LINE ( 'NONE', #1331, #4241 ) ;
#589 = EDGE_LOOP ( 'NONE', ( #3802, #7070, #8669, #7737, #9023, #6665 ) ) ;
#590 = ORIENTED_EDGE ( 'NONE', *, *, #9729, .F. ) ;
#591 = VECTOR ( 'NONE', #7262, 1000.000000000000000 ) ;
#592 = VECTOR ( 'NONE', #4900, 1000.000000000000000 ) ;
#593 = AXIS2_PLACEMENT_3D ( 'NONE', #7013, #6864, #879 ) ;
#594 = LINE ( 'NONE', #6029, #7093 ) ;
#595 = CARTESIAN_POINT ( 'NONE',  ( -60.35455173280956132, 10.00000000000000178, -56.64544826719043158 ) ) ;
#596 = ORIENTED_EDGE ( 'NONE', *, *, #7618, .F. ) ;
#597 = DIRECTION ( 'NONE',  ( 0.8660254037844389297, 0.000000000000000000, -0.4999999999999995004 ) ) ;
#599 = ADVANCED_FACE ( 'NONE', ( #3270 ), #4770, .T. ) ;
#598 = VERTEX_POINT ( 'NONE', #2465 ) ;
#600 = LINE ( 'NONE', #3546, #5680 ) ;
#601 = VECTOR ( 'NONE', #1108, 1000.000000000000000 ) ;
#602 = EDGE_LOOP ( 'NONE', ( #2437, #6156, #8031, #4113 ) ) ;
#603 = LINE ( 'NONE', #6779, #4025 ) ;
#604 = CARTESIAN_POINT ( 'NONE',  ( 33.29089653438085605, 0.000000000000000000, 10.00000000000000888 ) ) ;
#605 = DIRECTION ( 'NONE',  ( -1.000000000000000000, 0.000000000000000000, 0.000000000000000000 ) ) ;
#606 = ORIENTED_EDGE ( 'NONE', *, *, #8694, .F. ) ;
#607 = DIRECTION ( 'NONE',  ( -0.4999999999999992228, 0.000000000000000000, 0.8660254037844390407 ) ) ;
#608 = VECTOR ( 'NONE', #3894, 999.9999999999998863 ) ;
#609 = ADVANCED_FACE ( 'NONE', ( #7475, #1390, #8074 ), #8995, .T. ) ;
#610 = LINE ( 'NONE', #6044, #1710 ) ;
#611 = ADVANCED_FACE ( 'NONE', ( #9643 ), #3542, .T. ) ;
#612 = VERTEX_POINT ( 'NONE', #5919 ) ;
#613 = CARTESIAN_POINT ( 'NONE',  ( 11.64544826719043158, -12.00000000000000000, 2.849999999999998312 ) ) ;
#614 = EDGE_CURVE ( 'NONE', #3754, #8567, #4436, .T. ) ;
#615 = CARTESIAN_POINT ( 'NONE',  ( -48.35455173280956132, -12.00000000000000000, 7.150000000000007461 ) ) ;
#616 = DIRECTION ( 'NONE',  ( -0.8660254037844388186, 0.000000000000000000, 0.4999999999999997224 ) ) ;
#617 = DIRECTION ( 'NONE',  ( 0.000000000000000000, 1.000000000000000000, 0.000000000000000000 ) ) ;
#618 = DIRECTION ( 'NONE',  ( 0.8660254037844389297, -0.000000000000000000, 0.4999999999999995004 ) ) ;
#619 = ORIENTED_EDGE ( 'NONE', *, *, #1715, .T. ) ;
#620 = PLANE ( 'NONE',  #6771 ) ;
#621 = ORIENTED_EDGE ( 'NONE', *, *, #5016, .F. ) ;
#622 = ADVANCED_FACE ( 'NONE', ( #1287 ), #5825, .T. ) ;
#623 = LINE ( 'NONE', #723, #1004 ) ;
#624 = ORIENTED_EDGE ( 'NONE', *, *, #4102, .F. ) ;
#625 = ADVANCED_FACE ( 'NONE', ( #2185 ), #2037, .F. ) ;
#626 = VERTEX_POINT ( 'NONE', #8216 ) ;
#627 = DIRECTION ( 'NONE',  ( 1.000000000000000000, 0.000000000000000000, -0.000000000000000000 ) ) ;
#628 = LINE ( 'NONE', #4421, #5179 ) ;
#629 = CARTESIAN_POINT ( 'NONE',  ( 0.000000000000000000, -12.00000000000000000, 0.000000000000000000 ) ) ;
#630 = CARTESIAN_POINT ( 'NONE',  ( 11.64544826719011361, 0.000000000000000000, 42.85000000000000142 ) ) ;
#631 = VERTEX_POINT ( 'NONE', #7322 ) ;
#632 = EDGE_CURVE ( 'NONE', #3060, #5108, #6719, .T. ) ;
#633 = ADVANCED_FACE ( 'NONE', ( #5220 ), #7373, .T. ) ;
#634 = DIRECTION ( 'NONE',  ( 0.000000000000000000, -1.074435003146972733E-16, -1.000000000000000000 ) ) ;
#635 = VERTEX_POINT ( 'NONE', #6770 ) ;
#636 = VERTEX_POINT ( 'NONE', #544 ) ;
#637 = CARTESIAN_POINT ( 'NONE',  ( 16.70910346561891302, -12.00000000000000000, 30.00000000000000711 ) ) ;
#638 = EDGE_LOOP ( 'NONE', ( #1738, #667, #411, #7222 ) ) ;
#639 = DIRECTION ( 'NONE',  ( 0.000000000000000000, 1.000000000000000000, 0.000000000000000000 ) ) ;
#640 = EDGE_CURVE ( 'NONE', #5105, #1830, #3592, .T. ) ;
#641 = CARTESIAN_POINT ( 'NONE',  ( -28.35455173280955421, 10.00000000000000000, 58.35455173280957553 ) ) ;
#642 = DIRECTION ( 'NONE',  ( 0.000000000000000000, 1.000000000000000000, -0.000000000000000000 ) ) ;
#643 = VERTEX_POINT ( 'NONE', #5029 ) ;
#644 = LINE ( 'NONE', #4378, #8862 ) ;
#645 = VERTEX_POINT ( 'NONE', #7426 ) ;
#646 = DIRECTION ( 'NONE',  ( 0.000000000000000000, 0.000000000000000000, -1.000000000000000000 ) ) ;
#647 = DIRECTION ( 'NONE',  ( 0.000000000000000000, -2.312964634635742895E-17, 1.000000000000000000 ) ) ;
#648 = ORIENTED_EDGE ( 'NONE', *, *, #3602, .F. ) ;
#649 = CARTESIAN_POINT ( 'NONE',  ( -18.35455173280945118, 0.000000000000000000, 22.85000000000000497 ) ) ;
#650 = FACE_OUTER_BOUND ( 'NONE', #2406, .T. ) ;
#651 = ADVANCED_FACE ( 'NONE', ( #2132 ), #8947, .T. ) ;
#652 = VERTEX_POINT ( 'NONE', #5871 ) ;
#653 = FACE_BOUND ( 'NONE', #547, .T. ) ;
#654 = CARTESIAN_POINT ( 'NONE',  ( -46.70910346561912974, -12.00000000000000000, 1.294402214996931218E-15 ) ) ;
#655 = PLANE ( 'NONE',  #2497 ) ;
#656 = ORIENTED_EDGE ( 'NONE', *, *, #4870, .T. ) ;
#657 = LINE ( 'NONE', #7639, #6567 ) ;
#658 = CARTESIAN_POINT ( 'NONE',  ( 6.709103465619016937, 0.000000000000000000, 20.00000000000000355 ) ) ;
#659 = ORIENTED_EDGE ( 'NONE', *, *, #4000, .F. ) ;
#660 = LINE ( 'NONE', #3660, #532 ) ;
#661 = PLANE ( 'NONE',  #6889 ) ;
#662 = DIRECTION ( 'NONE',  ( -0.5000000000000008882, 0.000000000000000000, -0.8660254037844381525 ) ) ;
#663 = CARTESIAN_POINT ( 'NONE',  ( 11.64544826719042447, 0.000000000000000000, -2.850000000000000089 ) ) ;
#664 = ADVANCED_FACE ( 'NONE', ( #8899 ), #2077, .T. ) ;
#665 = DIRECTION ( 'NONE',  ( 0.4999999999999998890, 0.000000000000000000, 0.8660254037844385966 ) ) ;
#666 = EDGE_CURVE ( 'NONE', #6439, #7580, #1337, .T. ) ;
#667 = ORIENTED_EDGE ( 'NONE', *, *, #8152, .F. ) ;
#668 = LINE ( 'NONE', #7258, #2353 ) ;
#669 = CARTESIAN_POINT ( 'NONE',  ( -60.35455173280956132, 20.99999999999997868, -16.35455173280956487 ) ) ;
#670 = VERTEX_POINT ( 'NONE', #4381 ) ;
#671 = ORIENTED_EDGE ( 'NONE', *, *, #2454, .T. ) ;
#672 = DIRECTION ( 'NONE',  ( 1.000000000000000000, 0.000000000000000000, -1.317819823453642871E-16 ) ) ;
#673 = EDGE_CURVE ( 'NONE', #8654, #1658, #594, .T. ) ;
#674 = PLANE ( 'NONE',  #3087 ) ;
#675 = CARTESIAN_POINT ( 'NONE',  ( 41.64544826719043158, 0.000000000000000000, 12.85000000000000675 ) ) ;
#676 = ADVANCED_FACE ( 'NONE', ( #5269 ), #6223, .T. ) ;
#677 = CARTESIAN_POINT ( 'NONE',  ( 60.35455173280956132, 10.00000000000000178, -56.64544826719043158 ) ) ;
#678 = LINE ( 'NONE', #3720, #2458 ) ;
#679 = EDGE_CURVE ( 'NONE', #5120, #9381, #155, .T. ) ;
#680 = EDGE_CURVE ( 'NONE', #8638, #6116, #8314, .T. ) ;
#681 = ORIENTED_EDGE ( 'NONE', *, *, #8957, .F. ) ;
#682 = DIRECTION ( 'NONE',  ( 0.000000000000000000, 1.000000000000000000, 0.000000000000000000 ) ) ;
#683 = ORIENTED_EDGE ( 'NONE', *, *, #9366, .F. ) ;
#684 = PLANE ( 'NONE',  #6608 ) ;
#685 = ORIENTED_EDGE ( 'NONE', *, *, #9190, .F. ) ;
#686 = LINE ( 'NONE', #742, #6506 ) ;
#687 = AXIS2_PLACEMENT_3D ( 'NONE', #6941, #2499, #8569 ) ;
#688 = AXIS2_PLACEMENT_3D ( 'NONE', #1373, #4426, #6710 ) ;
#689 = DIRECTION ( 'NONE',  ( 0.4999999999999992784, 0.000000000000000000, -0.8660254037844390407 ) ) ;
#690 = ORIENTED_EDGE ( 'NONE', *, *, #5309, .T. ) ;
#691 = ORIENTED_EDGE ( 'NONE', *, *, #4975, .T. ) ;
#692 = AXIS2_PLACEMENT_3D ( 'NONE', #507, #558, #5790 ) ;
#693 = AXIS2_PLACEMENT_3D ( 'NONE', #1249, #5694, #7328 ) ;
#694 = EDGE_CURVE ( 'NONE', #6977, #5499, #6922, .T. ) ;
#695 = CARTESIAN_POINT ( 'NONE',  ( 23.29089653438086316, -12.00000000000000000, 20.00000000000000355 ) ) ;
#696 = VECTOR ( 'NONE', #7500, 1000.000000000000000 ) ;
#697 = DIRECTION ( 'NONE',  ( 0.000000000000000000, -0.000000000000000000, -1.000000000000000000 ) ) ;
#698 = DIRECTION ( 'NONE',  ( 0.000000000000000000, 1.000000000000000000, 0.000000000000000000 ) ) ;
#699 = EDGE_LOOP ( 'NONE', ( #3322, #9560, #6320, #7817, #7690, #3523 ) ) ;
#700 = ORIENTED_EDGE ( 'NONE', *, *, #764, .T. ) ;
#701 = DIRECTION ( 'NONE',  ( -1.000000000000000000, -0.000000000000000000, -0.000000000000000000 ) ) ;
#702 = VERTEX_POINT ( 'NONE', #4681 ) ;
#703 = LINE ( 'NONE', #2839, #4508 ) ;
#704 = DIRECTION ( 'NONE',  ( 0.4999999999999998335, 0.000000000000000000, -0.8660254037844387076 ) ) ;
#705 = VECTOR ( 'NONE', #5355, 1000.000000000000000 ) ;
#706 = CARTESIAN_POINT ( 'NONE',  ( -18.35455173280934460, -12.00000000000000000, 27.15000000000000568 ) ) ;
#707 = VECTOR ( 'NONE', #5918, 1000.000000000000000 ) ;
#708 = VERTEX_POINT ( 'NONE', #9050 ) ;
#709 = DIRECTION ( 'NONE',  ( -1.000000000000000000, -0.000000000000000000, -0.000000000000000000 ) ) ;
#710 = PLANE ( 'NONE',  #2818 ) ;
#711 = EDGE_LOOP ( 'NONE', ( #6711, #3638, #7257, #4826, #5709, #6225 ) ) ;
#712 = LINE ( 'NONE', #7643, #4678 ) ;
#713 = FACE_OUTER_BOUND ( 'NONE', #7876, .T. ) ;
#714 = ORIENTED_EDGE ( 'NONE', *, *, #2318, .F. ) ;
#715 = CARTESIAN_POINT ( 'NONE',  ( -50.35455173280956132, 41.15544456622760805, -56.64544826719043868 ) ) ;
#716 = CARTESIAN_POINT ( 'NONE',  ( -11.64544826719000881, -12.00000000000000000, 47.14999999999999858 ) ) ;
#717 = CARTESIAN_POINT ( 'NONE',  ( -21.64544826719021486, -12.00000000000000000, 32.85000000000000142 ) ) ;
#718 = VERTEX_POINT ( 'NONE', #1484 ) ;
#719 = CARTESIAN_POINT ( 'NONE',  ( -28.35455173280955421, -12.00000000000000000, 2.849999999999997868 ) ) ;
#720 = VECTOR ( 'NONE', #1838, 1000.000000000000000 ) ;
#721 = ORIENTED_EDGE ( 'NONE', *, *, #3181, .F. ) ;
#722 = LINE ( 'NONE', #3018, #4738 ) ;
#723 = CARTESIAN_POINT ( 'NONE',  ( 60.35455173280956132, 10.00000000000000178, -56.64544826719043158 ) ) ;
#724 = ORIENTED_EDGE ( 'NONE', *, *, #2867, .T. ) ;
#725 = ORIENTED_EDGE ( 'NONE', *, *, #6183, .F. ) ;
#726 = LINE ( 'NONE', #9127, #6620 ) ;
#727 = VECTOR ( 'NONE', #4536, 1000.000000000000000 ) ;
#728 = DIRECTION ( 'NONE',  ( 0.000000000000000000, 1.000000000000000000, 0.000000000000000000 ) ) ;
#729 = DIRECTION ( 'NONE',  ( 1.000000000000000000, 0.000000000000000000, -0.000000000000000000 ) ) ;
#730 = DIRECTION ( 'NONE',  ( -1.000000000000000000, -0.000000000000000000, -0.000000000000000000 ) ) ;
#731 = DIRECTION ( 'NONE',  ( 0.000000000000000000, 1.000000000000000000, 0.000000000000000000 ) ) ;
#732 = VERTEX_POINT ( 'NONE', #3977 ) ;
#733 = AXIS2_PLACEMENT_3D ( 'NONE', #2524, #7859, #1122 ) ;
#734 = VECTOR ( 'NONE', #9527, 1000.000000000000114 ) ;
#735 = CARTESIAN_POINT ( 'NONE',  ( -21.64544826719031789, 0.000000000000000000, 22.85000000000000497 ) ) ;
#736 = ORIENTED_EDGE ( 'NONE', *, *, #2439, .T. ) ;
#737 = EDGE_CURVE ( 'NONE', #8922, #3985, #3037, .T. ) ;
#738 = ADVANCED_FACE ( 'NONE', ( #7018 ), #6077, .F. ) ;
#739 = DIRECTION ( 'NONE',  ( -1.734723475976807094E-16, -0.000000000000000000, -1.000000000000000000 ) ) ;
#740 = EDGE_CURVE ( 'NONE', #7153, #4703, #195, .T. ) ;
#741 = ORIENTED_EDGE ( 'NONE', *, *, #4631, .T. ) ;
#742 = CARTESIAN_POINT ( 'NONE',  ( 51.64544826719043158, 0.000000000000000000, 7.150000000000007461 ) ) ;
#743 = CARTESIAN_POINT ( 'NONE',  ( -21.64544826719001236, -12.00000000000000000, 47.14999999999999858 ) ) ;
#744 = VECTOR ( 'NONE', #5800, 1000.000000000000000 ) ;
#745 = LINE ( 'NONE', #7520, #1711 ) ;
#746 = ORIENTED_EDGE ( 'NONE', *, *, #1198, .T. ) ;
#747 = FACE_OUTER_BOUND ( 'NONE', #9818, .T. ) ;
#748 = EDGE_CURVE ( 'NONE', #4361, #2663, #9094, .T. ) ;
#749 = AXIS2_PLACEMENT_3D ( 'NONE', #4339, #8126, #5982 ) ;
#750 = CARTESIAN_POINT ( 'NONE',  ( 11.64544826719000881, 0.000000000000000000, 52.85000000000000142 ) ) ;
#751 = DIRECTION ( 'NONE',  ( 1.000000000000000000, 0.000000000000000000, -1.317819823453642871E-16 ) ) ;
#752 = ORIENTED_EDGE ( 'NONE', *, *, #508, .F. ) ;
#753 = ORIENTED_EDGE ( 'NONE', *, *, #6061, .T. ) ;
#754 = DIRECTION ( 'NONE',  ( 0.000000000000000000, 0.000000000000000000, 1.000000000000000000 ) ) ;
#755 = EDGE_CURVE ( 'NONE', #2846, #5561, #5322, .T. ) ;
#756 = LINE ( 'NONE', #8175, #3079 ) ;
#757 = CARTESIAN_POINT ( 'NONE',  ( -68.35455173280956842, 10.00000000000000000, -48.35455173280956842 ) ) ;
#758 = AXIS2_PLACEMENT_3D ( 'NONE', #3833, #701, #8318 ) ;
#759 = CARTESIAN_POINT ( 'NONE',  ( 8.354551732809134990, -12.00000000000000000, 47.14999999999999858 ) ) ;
#760 = AXIS2_PLACEMENT_3D ( 'NONE', #6425, #3495, #6376 ) ;
#761 = VECTOR ( 'NONE', #3730, 1000.000000000000114 ) ;
#762 = ORIENTED_EDGE ( 'NONE', *, *, #9240, .F. ) ;
#763 = DIRECTION ( 'NONE',  ( 0.000000000000000000, 1.000000000000000000, 0.000000000000000000 ) ) ;
#764 = EDGE_CURVE ( 'NONE', #8128, #8194, #8364, .T. ) ;
#765 = CARTESIAN_POINT ( 'NONE',  ( -51.64544826719043868, 0.000000000000000000, 2.850000000000001865 ) ) ;
#766 = AXIS2_PLACEMENT_3D ( 'NONE', #6637, #6684, #8327 ) ;
#767 = ORIENTED_EDGE ( 'NONE', *, *, #1592, .F. ) ;
#768 = VECTOR ( 'NONE', #2983, 1000.000000000000000 ) ;
#769 = LINE ( 'NONE', #3804, #7297 ) ;
#770 = ORIENTED_EDGE ( 'NONE', *, *, #8338, .F. ) ;
#771 = DIRECTION ( 'NONE',  ( 0.5000000000000008882, 0.000000000000000000, -0.8660254037844381525 ) ) ;
#772 = CARTESIAN_POINT ( 'NONE',  ( 61.64544826719043868, 0.000000000000000000, 2.849999999999998312 ) ) ;
#773 = CARTESIAN_POINT ( 'NONE',  ( 68.35455173280956842, 10.00000000000000000, 18.35455173280956842 ) ) ;
#774 = VECTOR ( 'NONE', #5435, 1000.000000000000000 ) ;
#775 = VERTEX_POINT ( 'NONE', #1537 ) ;
#776 = DIRECTION ( 'NONE',  ( -0.5000000000000004441, -0.000000000000000000, -0.8660254037844383745 ) ) ;
#777 = VERTEX_POINT ( 'NONE', #5421 ) ;
#778 = DIRECTION ( 'NONE',  ( 0.4999999999999999445, 0.000000000000000000, 0.8660254037844387076 ) ) ;
#779 = LINE ( 'NONE', #3813, #3721 ) ;
#780 = EDGE_LOOP ( 'NONE', ( #8568, #1405, #467, #3552 ) ) ;
#781 = PLANE ( 'NONE',  #7912 ) ;
#782 = PLANE ( 'NONE',  #2790 ) ;
#783 = DIRECTION ( 'NONE',  ( -0.8660254037844380415, 0.000000000000000000, 0.5000000000000009992 ) ) ;
#784 = LINE ( 'NONE', #6856, #260 ) ;
#785 = CARTESIAN_POINT ( 'NONE',  ( 8.354551732809138542, 0.000000000000000000, 52.85000000000000853 ) ) ;
#786 = FACE_OUTER_BOUND ( 'NONE', #3798, .T. ) ;
#787 = ORIENTED_EDGE ( 'NONE', *, *, #3599, .F. ) ;
#788 = DIRECTION ( 'NONE',  ( 0.000000000000000000, 1.000000000000000000, 0.000000000000000000 ) ) ;
#789 = EDGE_LOOP ( 'NONE', ( #4042, #7199, #4002, #531, #9048, #9227 ) ) ;
#790 = LINE ( 'NONE', #8408, #3439 ) ;
#791 = CARTESIAN_POINT ( 'NONE',  ( 21.64544826719011539, -12.00000000000000000, 37.15000000000000568 ) ) ;
#792 = FACE_OUTER_BOUND ( 'NONE', #1049, .T. ) ;
#793 = ORIENTED_EDGE ( 'NONE', *, *, #9472, .F. ) ;
#794 = CARTESIAN_POINT ( 'NONE',  ( -16.70910346561912263, -12.00000000000000000, 1.294402214996931218E-15 ) ) ;
#795 = ORIENTED_EDGE ( 'NONE', *, *, #3159, .F. ) ;
#796 = ADVANCED_FACE ( 'NONE', ( #7577 ), #2426, .T. ) ;
#797 = ADVANCED_FACE ( 'NONE', ( #6868 ), #2236, .T. ) ;
#798 = FACE_OUTER_BOUND ( 'NONE', #9066, .T. ) ;
#799 = DIRECTION ( 'NONE',  ( -0.5000000000000004441, 0.000000000000000000, -0.8660254037844383745 ) ) ;
#800 = LINE ( 'NONE', #7579, #8179 ) ;
#801 = ORIENTED_EDGE ( 'NONE', *, *, #1724, .F. ) ;
#802 = FACE_OUTER_BOUND ( 'NONE', #5335, .T. ) ;
#803 = DIRECTION ( 'NONE',  ( 0.8660254037844381525, 0.000000000000000000, -0.5000000000000008882 ) ) ;
#804 = FACE_BOUND ( 'NONE', #5720, .T. ) ;
#805 = CARTESIAN_POINT ( 'NONE',  ( 8.354551732809447628, -12.00000000000000000, 22.85000000000000497 ) ) ;
#806 = LINE ( 'NONE', #2485, #3304 ) ;
#807 = VERTEX_POINT ( 'NONE', #4732 ) ;
#808 = CARTESIAN_POINT ( 'NONE',  ( 41.64544826719043868, -12.00000000000000000, 2.849999999999998312 ) ) ;
#809 = ADVANCED_FACE ( 'NONE', ( #55 ), #3089, .T. ) ;
#810 = CARTESIAN_POINT ( 'NONE',  ( -60.35455173280956132, 41.15544456622760805, 18.35455173280956132 ) ) ;
#811 = EDGE_LOOP ( 'NONE', ( #1024, #3446, #569, #8171 ) ) ;
#812 = CARTESIAN_POINT ( 'NONE',  ( 18.35455173280924868, 0.000000000000000000, 42.85000000000000853 ) ) ;
#813 = ORIENTED_EDGE ( 'NONE', *, *, #5545, .T. ) ;
#814 = CARTESIAN_POINT ( 'NONE',  ( 50.35455173280956132, 30.15544456622761516, -48.64544826719049553 ) ) ;
#815 = CARTESIAN_POINT ( 'NONE',  ( 28.35455173280955421, 0.000000000000000000, -2.850000000000000089 ) ) ;
#816 = LINE ( 'NONE', #663, #5696 ) ;
#817 = ORIENTED_EDGE ( 'NONE', *, *, #8679, .T. ) ;
#818 = LINE ( 'NONE', #9264, #4067 ) ;
#819 = ORIENTED_EDGE ( 'NONE', *, *, #9604, .F. ) ;
#820 = CARTESIAN_POINT ( 'NONE',  ( -51.64544826719043158, -12.00000000000000000, -2.850000000000000089 ) ) ;
#821 = EDGE_CURVE ( 'NONE', #7903, #9514, #9146, .T. ) ;
#822 = DIRECTION ( 'NONE',  ( 0.000000000000000000, -1.000000000000000000, 0.000000000000000000 ) ) ;
#823 = DIRECTION ( 'NONE',  ( -0.5000000000000008882, 0.000000000000000000, 0.8660254037844381525 ) ) ;
#824 = CARTESIAN_POINT ( 'NONE',  ( -13.29089653438065355, -12.00000000000000000, 30.00000000000000711 ) ) ;
#825 = ORIENTED_EDGE ( 'NONE', *, *, #7978, .F. ) ;
#826 = CARTESIAN_POINT ( 'NONE',  ( 58.35455173280956842, 10.00000000000000000, -48.35455173280956842 ) ) ;
#827 = EDGE_LOOP ( 'NONE', ( #9456, #6217, #5926, #2588, #5667 ) ) ;
#828 = CARTESIAN_POINT ( 'NONE',  ( -50.35455173280956132, 14.99999999999997691, -48.64544826719049553 ) ) ;
#829 = DIRECTION ( 'NONE',  ( 0.000000000000000000, -1.000000000000000000, 0.000000000000000000 ) ) ;
#830 = DIRECTION ( 'NONE',  ( -1.000000000000000000, 0.000000000000000000, 0.000000000000000000 ) ) ;
#831 = ORIENTED_EDGE ( 'NONE', *, *, #184, .T. ) ;
#832 = DIRECTION ( 'NONE',  ( 1.000000000000000000, -0.000000000000000000, 8.673617379884034239E-17 ) ) ;
#833 = ORIENTED_EDGE ( 'NONE', *, *, #7716, .T. ) ;
#834 = CARTESIAN_POINT ( 'NONE',  ( 23.29089653438055052, -12.00000000000000000, 40.00000000000000000 ) ) ;
#835 = DIRECTION ( 'NONE',  ( 0.000000000000000000, 1.000000000000000000, 0.000000000000000000 ) ) ;
#836 = PLANE ( 'NONE',  #79 ) ;
#837 = EDGE_LOOP ( 'NONE', ( #4811, #4388, #263, #3811 ) ) ;
#838 = VECTOR ( 'NONE', #4301, 1000.000000000000000 ) ;
#840 = CARTESIAN_POINT ( 'NONE',  ( 18.35455173280924157, -12.00000000000000000, 37.15000000000000568 ) ) ;
#839 = VECTOR ( 'NONE', #8275, 1000.000000000000000 ) ;
#841 = LINE ( 'NONE', #2389, #4575 ) ;
#842 = EDGE_CURVE ( 'NONE', #308, #5613, #9202, .T. ) ;
#843 = DIRECTION ( 'NONE',  ( -0.4999999999999992228, 0.000000000000000000, -0.8660254037844390407 ) ) ;
#844 = DIRECTION ( 'NONE',  ( -1.317819823453642871E-16, 0.000000000000000000, 1.000000000000000000 ) ) ;
#845 = EDGE_LOOP ( 'NONE', ( #6338, #4821, #3535, #8208 ) ) ;
#846 = FACE_OUTER_BOUND ( 'NONE', #7659, .T. ) ;
#847 = VECTOR ( 'NONE', #4897, 1000.000000000000114 ) ;
#848 = VECTOR ( 'NONE', #3472, 1000.000000000000227 ) ;
#849 = LINE ( 'NONE', #9299, #4425 ) ;
#850 = EDGE_LOOP ( 'NONE', ( #549, #6128, #7376, #1918 ) ) ;
#851 = DIRECTION ( 'NONE',  ( 0.5000000000000008882, 0.000000000000000000, 0.8660254037844381525 ) ) ;
#852 = EDGE_CURVE ( 'NONE', #2223, #8682, #2385, .T. ) ;
#853 = DIRECTION ( 'NONE',  ( 0.000000000000000000, 0.000000000000000000, 1.000000000000000000 ) ) ;
#854 = ORIENTED_EDGE ( 'NONE', *, *, #2262, .F. ) ;
#855 = EDGE_CURVE ( 'NONE', #3246, #4233, #4163, .T. ) ;
#856 = VECTOR ( 'NONE', #2445, 1000.000000000000000 ) ;
#857 = EDGE_CURVE ( 'NONE', #1507, #908, #8683, .T. ) ;
#858 = VECTOR ( 'NONE', #3285, 1000.000000000000000 ) ;
#859 = EDGE_CURVE ( 'NONE', #9556, #1119, #6310, .T. ) ;
#860 = DIRECTION ( 'NONE',  ( 0.000000000000000000, 1.000000000000000000, 0.000000000000000000 ) ) ;
#861 = CARTESIAN_POINT ( 'NONE',  ( -60.35455173280956132, 20.99999999999997513, -48.64544826719049553 ) ) ;
#862 = DIRECTION ( 'NONE',  ( 0.5000000000000017764, 0.000000000000000000, -0.8660254037844377084 ) ) ;
#863 = ORIENTED_EDGE ( 'NONE', *, *, #2553, .T. ) ;
#864 = ORIENTED_EDGE ( 'NONE', *, *, #9281, .F. ) ;
#865 = PLANE ( 'NONE',  #9179 ) ;
#866 = DIRECTION ( 'NONE',  ( -0.000000000000000000, -1.074435003146972733E-16, -1.000000000000000000 ) ) ;
#867 = ORIENTED_EDGE ( 'NONE', *, *, #1091, .F. ) ;
#868 = ADVANCED_FACE ( 'NONE', ( #1920 ), #290, .T. ) ;
#869 = EDGE_CURVE ( 'NONE', #3529, #1190, #7055, .T. ) ;
#870 = CARTESIAN_POINT ( 'NONE',  ( 56.70910346561912974, -12.00000000000000000, 10.00000000000000711 ) ) ;
#871 = PLANE ( 'NONE',  #4715 ) ;
#872 = ORIENTED_EDGE ( 'NONE', *, *, #4453, .T. ) ;
#873 = CARTESIAN_POINT ( 'NONE',  ( -11.64544826719011361, -12.00000000000000000, 42.85000000000000142 ) ) ;
#874 = EDGE_LOOP ( 'NONE', ( #1008, #9274, #5795, #1255, #7599, #9297 ) ) ;
#875 = AXIS2_PLACEMENT_3D ( 'NONE', #8902, #5167, #5272 ) ;
#876 = FACE_OUTER_BOUND ( 'NONE', #2525, .T. ) ;
#877 = CARTESIAN_POINT ( 'NONE',  ( -61.64544826719043158, -12.00000000000000000, 12.85000000000000675 ) ) ;
#878 = ORIENTED_EDGE ( 'NONE', *, *, #6512, .T. ) ;
#879 = DIRECTION ( 'NONE',  ( 0.000000000000000000, 1.000000000000000000, -2.227185007473450511E-16 ) ) ;
#880 = VECTOR ( 'NONE', #4611, 1000.000000000000000 ) ;
#881 = DIRECTION ( 'NONE',  ( -0.5000000000000247580, -0.000000000000000000, -0.8660254037844242747 ) ) ;
#882 = VECTOR ( 'NONE', #1022, 999.9999999999998863 ) ;
#883 = EDGE_LOOP ( 'NONE', ( #4855, #7849, #6990, #5095 ) ) ;
#884 = LINE ( 'NONE', #3189, #2665 ) ;
#885 = CARTESIAN_POINT ( 'NONE',  ( 8.354551732809342823, -12.00000000000000000, 32.85000000000000142 ) ) ;
#886 = DIRECTION ( 'NONE',  ( 0.8660254037844389297, 0.000000000000000000, -0.4999999999999995004 ) ) ;
#887 = DIRECTION ( 'NONE',  ( 1.000000000000000000, -0.000000000000000000, -0.000000000000000000 ) ) ;
#888 = EDGE_LOOP ( 'NONE', ( #4938, #8879, #9462, #583, #5759, #2373 ) ) ;
#889 = CARTESIAN_POINT ( 'NONE',  ( -56.70910346561912974, -12.00000000000000000, 1.294402214996931218E-15 ) ) ;
#890 = PLANE ( 'NONE',  #2650 ) ;
#891 = VECTOR ( 'NONE', #5403, 1000.000000000000000 ) ;
#892 = FACE_BOUND ( 'NONE', #7941, .T. ) ;
#893 = DIRECTION ( 'NONE',  ( 0.4999999999999060196, 0.000000000000000000, 0.8660254037844928865 ) ) ;
#894 = LINE ( 'NONE', #7025, #4896 ) ;
#895 = VERTEX_POINT ( 'NONE', #4214 ) ;
#896 = AXIS2_PLACEMENT_3D ( 'NONE', #7140, #4143, #7938 ) ;
#897 = DIRECTION ( 'NONE',  ( -1.000000000000000000, 0.000000000000000000, 0.000000000000000000 ) ) ;
#898 = ORIENTED_EDGE ( 'NONE', *, *, #1542, .F. ) ;
#899 = DIRECTION ( 'NONE',  ( -0.000000000000000000, -0.000000000000000000, -1.000000000000000000 ) ) ;
#900 = VECTOR ( 'NONE', #4174, 1000.000000000000000 ) ;
#901 = VERTEX_POINT ( 'NONE', #4919 ) ;
#902 = EDGE_LOOP ( 'NONE', ( #4090, #898, #2667, #6194 ) ) ;
#903 = CIRCLE ( 'NONE', #760, 2.999999999999995559 ) ;
#904 = LINE ( 'NONE', #814, #3719 ) ;
#905 = DIRECTION ( 'NONE',  ( 0.000000000000000000, -1.000000000000000000, 0.000000000000000000 ) ) ;
#906 = AXIS2_PLACEMENT_3D ( 'NONE', #2840, #8272, #5878 ) ;
#907 = CARTESIAN_POINT ( 'NONE',  ( 51.64544826719043158, -12.00000000000000000, 12.85000000000000675 ) ) ;
#908 = VERTEX_POINT ( 'NONE', #4012 ) ;
#909 = CARTESIAN_POINT ( 'NONE',  ( -18.35455173280934460, -12.00000000000000000, 27.15000000000000568 ) ) ;
#910 = VECTOR ( 'NONE', #8480, 1000.000000000000000 ) ;
#911 = EDGE_CURVE ( 'NONE', #1926, #2010, #3273, .T. ) ;
#912 = EDGE_LOOP ( 'NONE', ( #867, #3110, #9742, #1494 ) ) ;
#913 = VECTOR ( 'NONE', #1921, 1000.000000000000000 ) ;
#914 = ADVANCED_FACE ( 'NONE', ( #5558 ), #8587, .T. ) ;
#915 = AXIS2_PLACEMENT_3D ( 'NONE', #474, #5094, #6446 ) ;
#916 = FACE_OUTER_BOUND ( 'NONE', #6866, .T. ) ;
#917 = FACE_OUTER_BOUND ( 'NONE', #2381, .T. ) ;
#918 = EDGE_LOOP ( 'NONE', ( #3281, #2226, #7907, #3050 ) ) ;
#919 = DIRECTION ( 'NONE',  ( 0.000000000000000000, 1.000000000000000000, 0.000000000000000000 ) ) ;
#920 = VECTOR ( 'NONE', #8363, 1000.000000000000000 ) ;
#921 = EDGE_LOOP ( 'NONE', ( #6499, #6559, #1819, #1655 ) ) ;
#922 = EDGE_CURVE ( 'NONE', #6524, #4200, #3219, .T. ) ;
#923 = VECTOR ( 'NONE', #639, 1000.000000000000000 ) ;
#924 = LINE ( 'NONE', #4006, #1483 ) ;
#925 = ORIENTED_EDGE ( 'NONE', *, *, #5783, .T. ) ;
#926 = EDGE_CURVE ( 'NONE', #4769, #5339, #9376, .T. ) ;
#927 = LINE ( 'NONE', #2416, #3121 ) ;
#928 = VERTEX_POINT ( 'NONE', #3420 ) ;
#929 = DIRECTION ( 'NONE',  ( 0.8660254037844391517, -0.000000000000000000, 0.4999999999999992784 ) ) ;
#930 = DIRECTION ( 'NONE',  ( -0.8660254037844383745, 0.000000000000000000, -0.5000000000000004441 ) ) ;
#931 = EDGE_LOOP ( 'NONE', ( #359, #5966, #5259, #7927, #8030, #3267 ) ) ;
#932 = CARTESIAN_POINT ( 'NONE',  ( -26.70910346561912618, 0.000000000000000000, 10.00000000000000355 ) ) ;
#933 = EDGE_CURVE ( 'NONE', #702, #463, #3328, .T. ) ;
#934 = DIRECTION ( 'NONE',  ( 0.5000000000000016653, 0.000000000000000000, 0.8660254037844377084 ) ) ;
#935 = DIRECTION ( 'NONE',  ( -0.5000000000000008882, -0.000000000000000000, -0.8660254037844381525 ) ) ;
#936 = CARTESIAN_POINT ( 'NONE',  ( 60.35455173280956132, 20.99999999999997513, -48.64544826719049553 ) ) ;
#937 = CARTESIAN_POINT ( 'NONE',  ( -48.35455173280956132, 0.000000000000000000, 12.85000000000000675 ) ) ;
#938 = LINE ( 'NONE', #3336, #1647 ) ;
#939 = ORIENTED_EDGE ( 'NONE', *, *, #2511, .T. ) ;
#940 = EDGE_CURVE ( 'NONE', #4523, #1849, #8545, .T. ) ;
#941 = PLANE ( 'NONE',  #3427 ) ;
#942 = DIRECTION ( 'NONE',  ( 0.8660254037844391517, -0.000000000000000000, 0.4999999999999992784 ) ) ;
#943 = FACE_BOUND ( 'NONE', #7195, .T. ) ;
#944 = CARTESIAN_POINT ( 'NONE',  ( 41.64544826719043158, 0.000000000000000000, 7.150000000000007461 ) ) ;
#945 = FACE_OUTER_BOUND ( 'NONE', #168, .T. ) ;
#946 = ORIENTED_EDGE ( 'NONE', *, *, #6639, .T. ) ;
#947 = VECTOR ( 'NONE', #8086, 1000.000000000000000 ) ;
#948 = CARTESIAN_POINT ( 'NONE',  ( -56.70910346561912974, 0.000000000000000000, 1.294402214996931218E-15 ) ) ;
#949 = VERTEX_POINT ( 'NONE', #9279 ) ;
#950 = EDGE_LOOP ( 'NONE', ( #4091, #6330, #4691, #691 ) ) ;
#952 = EDGE_CURVE ( 'NONE', #4329, #8379, #6364, .T. ) ;
#951 = DIRECTION ( 'NONE',  ( 0.000000000000000000, 1.000000000000000000, 0.000000000000000000 ) ) ;
#953 = ORIENTED_EDGE ( 'NONE', *, *, #4594, .T. ) ;
#954 = LINE ( 'NONE', #4700, #1002 ) ;
#955 = DIRECTION ( 'NONE',  ( 0.4999999999999996669, -0.000000000000000000, 0.8660254037844388186 ) ) ;
#956 = DIRECTION ( 'NONE',  ( -1.000000000000000000, 0.000000000000000000, -0.000000000000000000 ) ) ;
#957 = ORIENTED_EDGE ( 'NONE', *, *, #3043, .T. ) ;
#958 = LINE ( 'NONE', #7837, #7077 ) ;
#959 = DIRECTION ( 'NONE',  ( -1.000000000000000000, 0.000000000000000000, 0.000000000000000000 ) ) ;
#960 = ORIENTED_EDGE ( 'NONE', *, *, #2459, .F. ) ;
#961 = DIRECTION ( 'NONE',  ( -1.000000000000000000, 0.000000000000000000, -0.000000000000000000 ) ) ;
#962 = ORIENTED_EDGE ( 'NONE', *, *, #4514, .F. ) ;
#963 = CARTESIAN_POINT ( 'NONE',  ( 60.35455173280956132, 17.99999999999997868, -16.35455173280956487 ) ) ;
#964 = PLANE ( 'NONE',  #7752 ) ;
#965 = ADVANCED_FACE ( 'NONE', ( #8003 ), #6459, .T. ) ;
#966 = ORIENTED_EDGE ( 'NONE', *, *, #5065, .T. ) ;
#967 = DIRECTION ( 'NONE',  ( -1.000000000000000000, -0.000000000000000000, -0.000000000000000000 ) ) ;
#968 = CARTESIAN_POINT ( 'NONE',  ( 48.35455173280956132, 0.000000000000000000, 7.150000000000007461 ) ) ;
#969 = ORIENTED_EDGE ( 'NONE', *, *, #6038, .F. ) ;
#970 = CARTESIAN_POINT ( 'NONE',  ( -21.64544826719042447, -12.00000000000000000, 12.85000000000000675 ) ) ;
#971 = ADVANCED_FACE ( 'NONE', ( #7159 ), #8736, .T. ) ;
#972 = EDGE_LOOP ( 'NONE', ( #4489, #246, #4372, #957 ) ) ;
#973 = EDGE_CURVE ( 'NONE', #5081, #8404, #5506, .T. ) ;
#974 = ADVANCED_FACE ( 'NONE', ( #3370 ), #1731, .T. ) ;
#975 = DIRECTION ( 'NONE',  ( -0.4999999999999990008, 0.000000000000000000, -0.8660254037844391517 ) ) ;
#976 = ORIENTED_EDGE ( 'NONE', *, *, #205, .F. ) ;
#977 = DIRECTION ( 'NONE',  ( 0.5000000000000009992, -0.000000000000000000, -0.8660254037844380415 ) ) ;
#978 = EDGE_CURVE ( 'NONE', #2311, #7345, #8979, .T. ) ;
#979 = EDGE_LOOP ( 'NONE', ( #6778, #2127, #5643, #3697 ) ) ;
#980 = LINE ( 'NONE', #4019, #8540 ) ;
#981 = CARTESIAN_POINT ( 'NONE',  ( 36.70910346561912974, 0.000000000000000000, 0.000000000000000000 ) ) ;
#982 = ORIENTED_EDGE ( 'NONE', *, *, #4472, .F. ) ;
#983 = LINE ( 'NONE', #6224, #2120 ) ;
#984 = ORIENTED_EDGE ( 'NONE', *, *, #8409, .T. ) ;
#985 = CARTESIAN_POINT ( 'NONE',  ( -8.354551732809447628, -12.00000000000000000, 22.85000000000000497 ) ) ;
#986 = CARTESIAN_POINT ( 'NONE',  ( 21.64544826719042447, -12.00000000000000000, 12.85000000000000675 ) ) ;
#987 = FACE_BOUND ( 'NONE', #9687, .T. ) ;
#988 = DIRECTION ( 'NONE',  ( 0.000000000000000000, 1.000000000000000000, 0.000000000000000000 ) ) ;
#989 = FACE_OUTER_BOUND ( 'NONE', #4334, .T. ) ;
#990 = VERTEX_POINT ( 'NONE', #5757 ) ;
#991 = ADVANCED_FACE ( 'NONE', ( #1317 ), #8055, .T. ) ;
#992 = AXIS2_PLACEMENT_3D ( 'NONE', #119, #4641, #3888 ) ;
#993 = CARTESIAN_POINT ( 'NONE',  ( 23.29089653438086316, 0.000000000000000000, 10.00000000000000711 ) ) ;
#994 = ADVANCED_FACE ( 'NONE', ( #5147 ), #4366, .F. ) ;
#995 = ORIENTED_EDGE ( 'NONE', *, *, #7062, .F. ) ;
#996 = ORIENTED_EDGE ( 'NONE', *, *, #1526, .F. ) ;
#997 = CARTESIAN_POINT ( 'NONE',  ( 11.64544826719042447, -12.00000000000000000, 12.85000000000000675 ) ) ;
#998 = ORIENTED_EDGE ( 'NONE', *, *, #7312, .T. ) ;
#999 = ORIENTED_EDGE ( 'NONE', *, *, #4875, .F. ) ;
#1000 = CARTESIAN_POINT ( 'NONE',  ( -61.64544826719043158, 0.000000000000000000, 12.85000000000001030 ) ) ;
#1001 = CARTESIAN_POINT ( 'NONE',  ( -6.709103465618704298, -12.00000000000000000, 50.00000000000000000 ) ) ;
#1002 = VECTOR ( 'NONE', #1649, 1000.000000000000000 ) ;
#1003 = PLANE ( 'NONE',  #4255 ) ;
#1004 = VECTOR ( 'NONE', #2057, 1000.000000000000000 ) ;
#1005 = VERTEX_POINT ( 'NONE', #7350 ) ;
#1006 = CARTESIAN_POINT ( 'NONE',  ( -21.64544826719042447, 0.000000000000000000, 12.85000000000000675 ) ) ;
#1007 = AXIS2_PLACEMENT_3D ( 'NONE', #6014, #6561, #3580 ) ;
#1008 = ORIENTED_EDGE ( 'NONE', *, *, #496, .F. ) ;
#1009 = FACE_OUTER_BOUND ( 'NONE', #7657, .T. ) ;
#1010 = AXIS2_PLACEMENT_3D ( 'NONE', #2221, #7614, #43 ) ;
#1011 = VECTOR ( 'NONE', #5060, 1000.000000000000000 ) ;
#1012 = VERTEX_POINT ( 'NONE', #4267 ) ;
#1013 = LINE ( 'NONE', #4713, #5674 ) ;
#1014 = VECTOR ( 'NONE', #5829, 1000.000000000000000 ) ;
#1015 = VECTOR ( 'NONE', #2383, 1000.000000000000114 ) ;
#1016 = ORIENTED_EDGE ( 'NONE', *, *, #8583, .F. ) ;
#1017 = PLANE ( 'NONE',  #4860 ) ;
#1018 = CARTESIAN_POINT ( 'NONE',  ( -60.35455173280956132, 17.99999999999997868, -16.35455173280956487 ) ) ;
#1019 = ORIENTED_EDGE ( 'NONE', *, *, #8277, .T. ) ;
#1020 = ORIENTED_EDGE ( 'NONE', *, *, #6242, .T. ) ;
#1021 = ORIENTED_EDGE ( 'NONE', *, *, #5917, .F. ) ;
#1022 = DIRECTION ( 'NONE',  ( 0.5000000000000250910, 0.000000000000000000, 0.8660254037844242747 ) ) ;
#1023 = VECTOR ( 'NONE', #2866, 1000.000000000000000 ) ;
#1024 = ORIENTED_EDGE ( 'NONE', *, *, #3159, .T. ) ;
#1025 = LINE ( 'NONE', #9377, #913 ) ;
#1026 = ORIENTED_EDGE ( 'NONE', *, *, #8897, .F. ) ;
#1027 = DIRECTION ( 'NONE',  ( 0.4999999999999999445, 0.000000000000000000, 0.8660254037844387076 ) ) ;
#1028 = ADVANCED_FACE ( 'NONE', ( #8198 ), #9719, .T. ) ;
#1029 = EDGE_LOOP ( 'NONE', ( #5597, #7787, #4094, #2494, #406, #8312 ) ) ;
#1030 = VECTOR ( 'NONE', #5671, 1000.000000000000000 ) ;
#1031 = CARTESIAN_POINT ( 'NONE',  ( -41.64544826719043158, -12.00000000000000000, -2.850000000000000089 ) ) ;
#1032 = EDGE_CURVE ( 'NONE', #3722, #8331, #628, .T. ) ;
#1033 = PLANE ( 'NONE',  #4180 ) ;
#1034 = EDGE_CURVE ( 'NONE', #8815, #1480, #3631, .T. ) ;
#1035 = ORIENTED_EDGE ( 'NONE', *, *, #855, .T. ) ;
#1036 = DIRECTION ( 'NONE',  ( -0.000000000000000000, -1.000000000000000000, -0.000000000000000000 ) ) ;
#1037 = CARTESIAN_POINT ( 'NONE',  ( 8.354551732809550657, 0.000000000000000000, -2.850000000000000089 ) ) ;
#1038 = FACE_OUTER_BOUND ( 'NONE', #4162, .T. ) ;
#1039 = DIRECTION ( 'NONE',  ( -0.5000000000000002220, 0.000000000000000000, -0.8660254037844384856 ) ) ;
#1040 = PLANE ( 'NONE',  #8164 ) ;
#1041 = DIRECTION ( 'NONE',  ( -0.5000000000000008882, -0.000000000000000000, -0.8660254037844381525 ) ) ;
#1042 = AXIS2_PLACEMENT_3D ( 'NONE', #1775, #2615, #1077 ) ;
#1043 = CARTESIAN_POINT ( 'NONE',  ( -21.64544826719011539, -12.00000000000000000, 37.15000000000000568 ) ) ;
#1044 = ORIENTED_EDGE ( 'NONE', *, *, #6957, .T. ) ;
#1045 = EDGE_CURVE ( 'NONE', #4781, #732, #3525, .T. ) ;
#1046 = VECTOR ( 'NONE', #5462, 1000.000000000000000 ) ;
#1047 = ADVANCED_FACE ( 'NONE', ( #2910 ), #9576, .T. ) ;
#1048 = VECTOR ( 'NONE', #6355, 1000.000000000000000 ) ;
#1049 = EDGE_LOOP ( 'NONE', ( #1272, #8539, #8085, #8142 ) ) ;
#1050 = EDGE_LOOP ( 'NONE', ( #9223, #7892, #5698, #9370 ) ) ;
#1051 = LINE ( 'NONE', #7178, #5793 ) ;
#1052 = VERTEX_POINT ( 'NONE', #8779 ) ;
#1053 = ORIENTED_EDGE ( 'NONE', *, *, #1395, .T. ) ;
#1054 = LINE ( 'NONE', #2643, #2748 ) ;
#1055 = PLANE ( 'NONE',  #8676 ) ;
#1056 = DIRECTION ( 'NONE',  ( -0.4999999999999992228, 0.000000000000000000, 0.8660254037844390407 ) ) ;
#1057 = CARTESIAN_POINT ( 'NONE',  ( 11.64544826719021664, -12.00000000000000000, 27.15000000000000568 ) ) ;
#1058 = VECTOR ( 'NONE', #617, 1000.000000000000000 ) ;
#1059 = ORIENTED_EDGE ( 'NONE', *, *, #1104, .F. ) ;
#1060 = CARTESIAN_POINT ( 'NONE',  ( -18.35455173280955421, -12.00000000000000000, 2.849999999999997868 ) ) ;
#1061 = EDGE_CURVE ( 'NONE', #2311, #8646, #5205, .T. ) ;
#1062 = VERTEX_POINT ( 'NONE', #5810 ) ;
#1063 = DIRECTION ( 'NONE',  ( 0.4999999999999992784, 0.000000000000000000, -0.8660254037844390407 ) ) ;
#1064 = ORIENTED_EDGE ( 'NONE', *, *, #8383, .F. ) ;
#1065 = AXIS2_PLACEMENT_3D ( 'NONE', #8611, #3506, #6541 ) ;
#1066 = PLANE ( 'NONE',  #1371 ) ;
#1067 = CIRCLE ( 'NONE', #6638, 2.999999999999995559 ) ;
#1068 = VECTOR ( 'NONE', #3797, 1000.000000000000000 ) ;
#1069 = VECTOR ( 'NONE', #6568, 1000.000000000000227 ) ;
#1070 = ORIENTED_EDGE ( 'NONE', *, *, #973, .T. ) ;
#1071 = LINE ( 'NONE', #4157, #2440 ) ;
#1072 = ORIENTED_EDGE ( 'NONE', *, *, #1144, .T. ) ;
#1073 = VECTOR ( 'NONE', #4779, 1000.000000000000000 ) ;
#1074 = EDGE_LOOP ( 'NONE', ( #8633, #2087, #5717, #2261 ) ) ;
#1075 = EDGE_CURVE ( 'NONE', #2937, #2846, #8255, .T. ) ;
#1076 = ORIENTED_EDGE ( 'NONE', *, *, #748, .F. ) ;
#1077 = DIRECTION ( 'NONE',  ( -1.000000000000000000, 0.000000000000000000, -0.000000000000000000 ) ) ;
#1078 = ORIENTED_EDGE ( 'NONE', *, *, #3484, .T. ) ;
#1079 = PLANE ( 'NONE',  #527 ) ;
#1080 = EDGE_CURVE ( 'NONE', #3771, #4416, #3579, .T. ) ;
#1081 = AXIS2_PLACEMENT_3D ( 'NONE', #7106, #829, #6308 ) ;
#1082 = CARTESIAN_POINT ( 'NONE',  ( 16.70910346561891302, 0.000000000000000000, 30.00000000000000711 ) ) ;
#1083 = PLANE ( 'NONE',  #8782 ) ;
#1084 = ORIENTED_EDGE ( 'NONE', *, *, #9182, .F. ) ;
#1085 = FACE_OUTER_BOUND ( 'NONE', #6293, .T. ) ;
#1086 = PLANE ( 'NONE',  #9450 ) ;
#1087 = PLANE ( 'NONE',  #4093 ) ;
#1088 = DIRECTION ( 'NONE',  ( -1.000000000000000000, 0.000000000000000000, 0.000000000000000000 ) ) ;
#1089 = CARTESIAN_POINT ( 'NONE',  ( 16.70910346561880999, 0.000000000000000000, 40.00000000000000000 ) ) ;
#1090 = LINE ( 'NONE', #6530, #2977 ) ;
#1091 = EDGE_CURVE ( 'NONE', #1849, #3595, #6515, .T. ) ;
#1092 = EDGE_CURVE ( 'NONE', #8451, #9303, #9630, .T. ) ;
#1093 = EDGE_CURVE ( 'NONE', #777, #6116, #1269, .T. ) ;
#1094 = ORIENTED_EDGE ( 'NONE', *, *, #2538, .T. ) ;
#1095 = FACE_OUTER_BOUND ( 'NONE', #2154, .T. ) ;
#1096 = ORIENTED_EDGE ( 'NONE', *, *, #5910, .F. ) ;
#1097 = EDGE_LOOP ( 'NONE', ( #4234, #878, #5510, #2768, #2506, #8047 ) ) ;
#1098 = DIRECTION ( 'NONE',  ( 0.000000000000000000, -0.000000000000000000, 1.000000000000000000 ) ) ;
#1099 = ORIENTED_EDGE ( 'NONE', *, *, #3761, .F. ) ;
#1100 = VERTEX_POINT ( 'NONE', #8883 ) ;
#1101 = CARTESIAN_POINT ( 'NONE',  ( 16.70910346561912263, -12.00000000000000000, 10.00000000000000711 ) ) ;
#1102 = CARTESIAN_POINT ( 'NONE',  ( -18.35455173280935171, 0.000000000000000000, 27.15000000000000213 ) ) ;
#1103 = DIRECTION ( 'NONE',  ( -0.000000000000000000, -1.000000000000000000, -0.000000000000000000 ) ) ;
#1104 = EDGE_CURVE ( 'NONE', #237, #6669, #2064, .T. ) ;
#1105 = ADVANCED_FACE ( 'NONE', ( #7407 ), #576, .T. ) ;
#1106 = ORIENTED_EDGE ( 'NONE', *, *, #3359, .F. ) ;
#1107 = LINE ( 'NONE', #7289, #3973 ) ;
#1108 = DIRECTION ( 'NONE',  ( -1.000000000000000000, -0.000000000000000000, -0.000000000000000000 ) ) ;
#1109 = ORIENTED_EDGE ( 'NONE', *, *, #6214, .F. ) ;
#1110 = FACE_OUTER_BOUND ( 'NONE', #7466, .T. ) ;
#1111 = DIRECTION ( 'NONE',  ( 0.000000000000000000, 1.000000000000000000, 0.000000000000000000 ) ) ;
#1112 = EDGE_CURVE ( 'NONE', #3102, #223, #3767, .T. ) ;
#1113 = DIRECTION ( 'NONE',  ( -0.4999999999999992784, 0.000000000000000000, -0.8660254037844390407 ) ) ;
#1114 = VERTEX_POINT ( 'NONE', #2266 ) ;
#1115 = DIRECTION ( 'NONE',  ( 0.000000000000000000, 1.000000000000000000, 0.000000000000000000 ) ) ;
#1116 = VERTEX_POINT ( 'NONE', #6345 ) ;
#1117 = ORIENTED_EDGE ( 'NONE', *, *, #9676, .F. ) ;
#1118 = CARTESIAN_POINT ( 'NONE',  ( 68.35455173280956842, 10.00000000000000000, 18.35455173280956842 ) ) ;
#1119 = VERTEX_POINT ( 'NONE', #8613 ) ;
#1120 = CARTESIAN_POINT ( 'NONE',  ( 61.64544826719043158, 0.000000000000000000, 12.85000000000000675 ) ) ;
#1121 = ORIENTED_EDGE ( 'NONE', *, *, #6111, .T. ) ;
#1122 = DIRECTION ( 'NONE',  ( -0.5000000000000008882, 0.000000000000000000, 0.8660254037844381525 ) ) ;
#1123 = EDGE_CURVE ( 'NONE', #8214, #488, #7700, .T. ) ;
#1124 = CARTESIAN_POINT ( 'NONE',  ( 11.64544826719042447, -12.00000000000000000, -2.850000000000000089 ) ) ;
#1125 = CARTESIAN_POINT ( 'NONE',  ( -13.29089653438086316, -12.00000000000000000, 10.00000000000000711 ) ) ;
#1126 = EDGE_LOOP ( 'NONE', ( #7792, #2769, #5451, #2181, #7324, #4571 ) ) ;
#1127 = PLANE ( 'NONE',  #5139 ) ;
#1128 = CARTESIAN_POINT ( 'NONE',  ( -48.35455173280956132, -12.00000000000000000, 2.849999999999997868 ) ) ;
#1129 = PLANE ( 'NONE',  #3301 ) ;
#1130 = CARTESIAN_POINT ( 'NONE',  ( -16.70910346561870696, -12.00000000000000000, 50.00000000000000000 ) ) ;
#1131 = DIRECTION ( 'NONE',  ( 0.000000000000000000, 1.000000000000000000, 0.000000000000000000 ) ) ;
#1132 = CARTESIAN_POINT ( 'NONE',  ( 21.64544826719021842, -12.00000000000000000, 27.15000000000000568 ) ) ;
#1133 = CARTESIAN_POINT ( 'NONE',  ( -58.35455173280956132, -12.00000000000000000, 12.85000000000000675 ) ) ;
#1134 = VERTEX_POINT ( 'NONE', #3859 ) ;
#1135 = LINE ( 'NONE', #2830, #2763 ) ;
#1136 = LINE ( 'NONE', #9126, #2597 ) ;
#1137 = VERTEX_POINT ( 'NONE', #675 ) ;
#1138 = ORIENTED_EDGE ( 'NONE', *, *, #5925, .T. ) ;
#1139 = PLANE ( 'NONE',  #541 ) ;
#1140 = ORIENTED_EDGE ( 'NONE', *, *, #8936, .F. ) ;
#1141 = ORIENTED_EDGE ( 'NONE', *, *, #3615, .T. ) ;
#1142 = CARTESIAN_POINT ( 'NONE',  ( 21.64544826719011184, -12.00000000000000000, 42.85000000000000142 ) ) ;
#1143 = FACE_OUTER_BOUND ( 'NONE', #2740, .T. ) ;
#1144 = EDGE_CURVE ( 'NONE', #9381, #36, #7505, .T. ) ;
#1145 = FACE_OUTER_BOUND ( 'NONE', #3007, .T. ) ;
#1146 = ORIENTED_EDGE ( 'NONE', *, *, #6893, .F. ) ;
#1147 = CARTESIAN_POINT ( 'NONE',  ( 11.64544826719032145, 0.000000000000000000, 22.85000000000000497 ) ) ;
#1148 = EDGE_CURVE ( 'NONE', #8268, #3907, #6810, .T. ) ;
#1149 = DIRECTION ( 'NONE',  ( 0.000000000000000000, 0.000000000000000000, 1.000000000000000000 ) ) ;
#1150 = ADVANCED_FACE ( 'NONE', ( #6162 ), #4515, .T. ) ;
#1151 = ORIENTED_EDGE ( 'NONE', *, *, #9555, .T. ) ;
#1152 = EDGE_CURVE ( 'NONE', #5227, #6134, #9358, .T. ) ;
#1153 = CARTESIAN_POINT ( 'NONE',  ( -60.35455173280956132, 33.15544456622761516, -48.64544826719049553 ) ) ;
#1154 = VECTOR ( 'NONE', #297, 1000.000000000000000 ) ;
#1155 = VECTOR ( 'NONE', #682, 1000.000000000000000 ) ;
#1156 = DIRECTION ( 'NONE',  ( -0.5000000000000009992, -0.000000000000000000, -0.8660254037844380415 ) ) ;
#1157 = CARTESIAN_POINT ( 'NONE',  ( -13.29089653438086316, -12.00000000000000000, 10.00000000000000711 ) ) ;
#1158 = EDGE_CURVE ( 'NONE', #1292, #9671, #6752, .T. ) ;
#1159 = FACE_OUTER_BOUND ( 'NONE', #8148, .T. ) ;
#1160 = ORIENTED_EDGE ( 'NONE', *, *, #4740, .T. ) ;
#1161 = VECTOR ( 'NONE', #80, 1000.000000000000000 ) ;
#1162 = VECTOR ( 'NONE', #7276, 1000.000000000000000 ) ;
#1163 = ADVANCED_FACE ( 'NONE', ( #4661 ), #871, .F. ) ;
#1164 = LINE ( 'NONE', #9524, #6107 ) ;
#1165 = ORIENTED_EDGE ( 'NONE', *, *, #7798, .F. ) ;
#1166 = EDGE_CURVE ( 'NONE', #4416, #7935, #2220, .T. ) ;
#1167 = ORIENTED_EDGE ( 'NONE', *, *, #9484, .T. ) ;
#1168 = AXIS2_PLACEMENT_3D ( 'NONE', #9439, #5676, #8701 ) ;
#1169 = ORIENTED_EDGE ( 'NONE', *, *, #72, .T. ) ;
#1170 = VECTOR ( 'NONE', #405, 1000.000000000000000 ) ;
#1171 = DIRECTION ( 'NONE',  ( 1.000000000000000000, 0.000000000000000000, 1.317819823453642871E-16 ) ) ;
#1172 = DIRECTION ( 'NONE',  ( 0.8660254037844381525, -0.000000000000000000, 0.5000000000000008882 ) ) ;
#1173 = ORIENTED_EDGE ( 'NONE', *, *, #3138, .F. ) ;
#1174 = CARTESIAN_POINT ( 'NONE',  ( 8.354551732809134990, -12.00000000000000000, 52.85000000000000142 ) ) ;
#1175 = PLANE ( 'NONE',  #5449 ) ;
#1176 = ORIENTED_EDGE ( 'NONE', *, *, #2129, .F. ) ;
#1177 = CARTESIAN_POINT ( 'NONE',  ( 50.35455173280956132, 17.99999999999997868, -13.35455173280956487 ) ) ;
#1178 = DIRECTION ( 'NONE',  ( -0.8660254037844387076, 0.000000000000000000, 0.4999999999999999445 ) ) ;
#1179 = CARTESIAN_POINT ( 'NONE',  ( -60.35455173280956132, 10.00000000000000178, -56.64544826719043158 ) ) ;
#1180 = DIRECTION ( 'NONE',  ( 0.4999999999999998335, -0.000000000000000000, 0.8660254037844387076 ) ) ;
#1181 = LINE ( 'NONE', #454, #5193 ) ;
#1182 = EDGE_LOOP ( 'NONE', ( #1570, #1781, #1639, #567 ) ) ;
#1183 = CARTESIAN_POINT ( 'NONE',  ( -13.29089653438075835, -12.00000000000000000, 20.00000000000000355 ) ) ;
#1184 = ORIENTED_EDGE ( 'NONE', *, *, #740, .F. ) ;
#1185 = VERTEX_POINT ( 'NONE', #5354 ) ;
#1186 = LINE ( 'NONE', #4336, #9594 ) ;
#1187 = AXIS2_PLACEMENT_3D ( 'NONE', #9241, #886, #2339 ) ;
#1188 = ORIENTED_EDGE ( 'NONE', *, *, #6165, .F. ) ;
#1189 = EDGE_CURVE ( 'NONE', #7058, #2777, #6011, .T. ) ;
#1190 = VERTEX_POINT ( 'NONE', #9183 ) ;
#1191 = CARTESIAN_POINT ( 'NONE',  ( -43.29089653438087026, 0.000000000000000000, 10.00000000000000711 ) ) ;
#1192 = CARTESIAN_POINT ( 'NONE',  ( -11.64544826719021131, 0.000000000000000000, 32.85000000000000142 ) ) ;
#1193 = DIRECTION ( 'NONE',  ( -1.000000000000000000, -0.000000000000000000, -0.000000000000000000 ) ) ;
#1194 = CARTESIAN_POINT ( 'NONE',  ( 58.35455173280956132, -12.00000000000000000, -2.850000000000000089 ) ) ;
#1195 = VERTEX_POINT ( 'NONE', #8347 ) ;
#1196 = VECTOR ( 'NONE', #2123, 999.9999999999998863 ) ;
#1197 = LINE ( 'NONE', #3402, #6101 ) ;
#1198 = EDGE_CURVE ( 'NONE', #5658, #1590, #2967, .T. ) ;
#1199 = AXIS2_PLACEMENT_3D ( 'NONE', #4363, #4418, #627 ) ;
#1200 = PLANE ( 'NONE',  #3468 ) ;
#1201 = ORIENTED_EDGE ( 'NONE', *, *, #9424, .F. ) ;
#1202 = DIRECTION ( 'NONE',  ( 1.000000000000000000, -0.000000000000000000, -0.000000000000000000 ) ) ;
#1203 = DIRECTION ( 'NONE',  ( -0.000000000000000000, -1.000000000000000000, 2.227185007473450017E-16 ) ) ;
#1204 = CARTESIAN_POINT ( 'NONE',  ( -51.64544826719043158, -12.00000000000000000, -2.850000000000000089 ) ) ;
#1205 = CARTESIAN_POINT ( 'NONE',  ( 48.35455173280956132, -12.00000000000000000, 12.85000000000000675 ) ) ;
#1206 = VECTOR ( 'NONE', #9565, 1000.000000000000000 ) ;
#1207 = CARTESIAN_POINT ( 'NONE',  ( -31.64544826719042803, -12.00000000000000000, 12.85000000000000675 ) ) ;
#1208 = ADVANCED_FACE ( 'NONE', ( #1518 ), #9035, .T. ) ;
#1209 = EDGE_CURVE ( 'NONE', #5534, #1849, #784, .T. ) ;
#1210 = ORIENTED_EDGE ( 'NONE', *, *, #2853, .T. ) ;
#1211 = ORIENTED_EDGE ( 'NONE', *, *, #6533, .T. ) ;
#1212 = VECTOR ( 'NONE', #5677, 1000.000000000000000 ) ;
#1213 = CARTESIAN_POINT ( 'NONE',  ( 51.64544826719043868, -12.00000000000000000, 2.849999999999998312 ) ) ;
#1214 = ORIENTED_EDGE ( 'NONE', *, *, #7112, .F. ) ;
#1215 = ORIENTED_EDGE ( 'NONE', *, *, #6703, .T. ) ;
#1216 = VECTOR ( 'NONE', #1247, 1000.000000000000114 ) ;
#1217 = ORIENTED_EDGE ( 'NONE', *, *, #1695, .T. ) ;
#1218 = VECTOR ( 'NONE', #9697, 1000.000000000000000 ) ;
#1219 = CARTESIAN_POINT ( 'NONE',  ( 60.35455173280956132, 33.15544456622761516, -16.35455173280956487 ) ) ;
#1220 = EDGE_CURVE ( 'NONE', #5120, #5199, #7089, .T. ) ;
#1221 = AXIS2_PLACEMENT_3D ( 'NONE', #4376, #9730, #9590 ) ;
#1222 = LINE ( 'NONE', #3276, #4353 ) ;
#1223 = EDGE_CURVE ( 'NONE', #5544, #5623, #6112, .T. ) ;
#1224 = ORIENTED_EDGE ( 'NONE', *, *, #9790, .T. ) ;
#1225 = DIRECTION ( 'NONE',  ( -0.8660254037844391517, 0.000000000000000000, -0.4999999999999992784 ) ) ;
#1226 = VECTOR ( 'NONE', #3403, 1000.000000000000000 ) ;
#1227 = DIRECTION ( 'NONE',  ( 0.000000000000000000, 1.000000000000000000, 0.000000000000000000 ) ) ;
#1228 = VECTOR ( 'NONE', #4675, 1000.000000000000000 ) ;
#1229 = EDGE_LOOP ( 'NONE', ( #2711, #5015, #6066, #425 ) ) ;
#1230 = ORIENTED_EDGE ( 'NONE', *, *, #4947, .F. ) ;
#1231 = LINE ( 'NONE', #5214, #1983 ) ;
#1232 = DIRECTION ( 'NONE',  ( -1.000000000000000000, -0.000000000000000000, -0.000000000000000000 ) ) ;
#1233 = CARTESIAN_POINT ( 'NONE',  ( 50.35455173280956132, 0.000000000000000000, 0.000000000000000000 ) ) ;
#1234 = PLANE ( 'NONE',  #68 ) ;
#1235 = CARTESIAN_POINT ( 'NONE',  ( -38.35455173280954710, -0.000000000000000000, -2.849999999999998312 ) ) ;
#1236 = EDGE_CURVE ( 'NONE', #2449, #8286, #1567, .T. ) ;
#1237 = VECTOR ( 'NONE', #6195, 1000.000000000000000 ) ;
#1238 = ORIENTED_EDGE ( 'NONE', *, *, #6015, .T. ) ;
#1239 = CARTESIAN_POINT ( 'NONE',  ( 23.29089653438044749, -12.00000000000000000, 50.00000000000000000 ) ) ;
#1240 = ORIENTED_EDGE ( 'NONE', *, *, #6302, .F. ) ;
#1241 = EDGE_CURVE ( 'NONE', #9185, #3211, #5987, .T. ) ;
#1242 = CARTESIAN_POINT ( 'NONE',  ( -16.70910346561912263, -12.00000000000000000, 1.294402214996931218E-15 ) ) ;
#1243 = DIRECTION ( 'NONE',  ( 0.8660254037844381525, 0.000000000000000000, -0.5000000000000008882 ) ) ;
#1244 = LINE ( 'NONE', #4979, #376 ) ;
#1245 = ORIENTED_EDGE ( 'NONE', *, *, #7716, .F. ) ;
#1246 = VERTEX_POINT ( 'NONE', #2596 ) ;
#1247 = DIRECTION ( 'NONE',  ( -0.4999999999999992784, -0.000000000000000000, 0.8660254037844390407 ) ) ;
#1248 = VERTEX_POINT ( 'NONE', #5638 ) ;
#1249 = CARTESIAN_POINT ( 'NONE',  ( 18.35455173280924157, -12.00000000000000000, 37.15000000000000568 ) ) ;
#1250 = DIRECTION ( 'NONE',  ( 0.000000000000000000, 1.000000000000000000, 0.000000000000000000 ) ) ;
#1251 = CARTESIAN_POINT ( 'NONE',  ( -61.64544826719043158, -12.00000000000000000, 12.85000000000000675 ) ) ;
#1252 = VERTEX_POINT ( 'NONE', #318 ) ;
#1253 = CARTESIAN_POINT ( 'NONE',  ( -68.35455173280956842, 0.000000000000000000, -48.35455173280956842 ) ) ;
#1254 = DIRECTION ( 'NONE',  ( 0.8660254037844391517, -0.000000000000000000, 0.4999999999999992784 ) ) ;
#1255 = ORIENTED_EDGE ( 'NONE', *, *, #7369, .F. ) ;
#1256 = FACE_OUTER_BOUND ( 'NONE', #5721, .T. ) ;
#1257 = FACE_OUTER_BOUND ( 'NONE', #6511, .T. ) ;
#1258 = DIRECTION ( 'NONE',  ( 0.5000000000000009992, 0.000000000000000000, 0.8660254037844380415 ) ) ;
#1259 = LINE ( 'NONE', #6552, #9406 ) ;
#1260 = DIRECTION ( 'NONE',  ( 0.000000000000000000, 0.000000000000000000, 1.000000000000000000 ) ) ;
#1261 = DIRECTION ( 'NONE',  ( 0.4999999999999998890, 0.000000000000000000, -0.8660254037844385966 ) ) ;
#1262 = DIRECTION ( 'NONE',  ( 0.000000000000000000, 0.000000000000000000, -1.000000000000000000 ) ) ;
#1263 = ORIENTED_EDGE ( 'NONE', *, *, #6061, .F. ) ;
#1264 = ORIENTED_EDGE ( 'NONE', *, *, #5290, .T. ) ;
#1265 = LINE ( 'NONE', #3574, #9106 ) ;
#1266 = ORIENTED_EDGE ( 'NONE', *, *, #1241, .F. ) ;
#1267 = ORIENTED_EDGE ( 'NONE', *, *, #952, .F. ) ;
#1268 = EDGE_CURVE ( 'NONE', #9677, #2449, #7887, .T. ) ;
#1269 = LINE ( 'NONE', #2812, #114 ) ;
#1270 = EDGE_CURVE ( 'NONE', #9779, #5555, #4101, .T. ) ;
#1271 = DIRECTION ( 'NONE',  ( -0.4999999999999990008, 0.000000000000000000, -0.8660254037844391517 ) ) ;
#1272 = ORIENTED_EDGE ( 'NONE', *, *, #206, .F. ) ;
#1273 = DIRECTION ( 'NONE',  ( 0.000000000000000000, 1.000000000000000000, 0.000000000000000000 ) ) ;
#1274 = ORIENTED_EDGE ( 'NONE', *, *, #6849, .T. ) ;
#1275 = EDGE_CURVE ( 'NONE', #8257, #9716, #3628, .T. ) ;
#1276 = EDGE_LOOP ( 'NONE', ( #8446, #1927, #5239, #3193, #999 ) ) ;
#1277 = EDGE_CURVE ( 'NONE', #3693, #6977, #6110, .T. ) ;
#1278 = CARTESIAN_POINT ( 'NONE',  ( -11.64544826719011361, -12.00000000000000000, 42.85000000000000142 ) ) ;
#1279 = FACE_OUTER_BOUND ( 'NONE', #4073, .T. ) ;
#1280 = EDGE_CURVE ( 'NONE', #4496, #3693, #4466, .T. ) ;
#1281 = CARTESIAN_POINT ( 'NONE',  ( -58.35455173280956132, 0.000000000000000000, -8.354551732809563092 ) ) ;
#1282 = CARTESIAN_POINT ( 'NONE',  ( -13.29089653438086316, 0.000000000000000000, 3.038187096183830448E-15 ) ) ;
#1283 = DIRECTION ( 'NONE',  ( -0.000000000000000000, -1.000000000000000000, 2.227185007473450017E-16 ) ) ;
#1284 = ORIENTED_EDGE ( 'NONE', *, *, #8213, .T. ) ;
#1285 = ORIENTED_EDGE ( 'NONE', *, *, #2194, .F. ) ;
#1286 = EDGE_CURVE ( 'NONE', #4399, #8206, #8196, .T. ) ;
#1287 = FACE_OUTER_BOUND ( 'NONE', #8418, .T. ) ;
#1288 = PLANE ( 'NONE',  #3572 ) ;
#1289 = ORIENTED_EDGE ( 'NONE', *, *, #1764, .F. ) ;
#1290 = SURFACE_STYLE_USAGE ( .BOTH. , #8121 ) ;
#1291 = PLANE ( 'NONE',  #5361 ) ;
#1292 = VERTEX_POINT ( 'NONE', #3814 ) ;
#1293 = CARTESIAN_POINT ( 'NONE',  ( 0.000000000000000000, -12.00000000000000000, 0.000000000000000000 ) ) ;
#1294 = DIRECTION ( 'NONE',  ( 0.8660254037844381525, -0.000000000000000000, 0.5000000000000008882 ) ) ;
#1295 = LINE ( 'NONE', #7330, #2811 ) ;
#1296 = EDGE_LOOP ( 'NONE', ( #6756, #1753, #746, #2202 ) ) ;
#1297 = FACE_OUTER_BOUND ( 'NONE', #6840, .T. ) ;
#1298 = EDGE_CURVE ( 'NONE', #8606, #3260, #5252, .T. ) ;
#1299 = DIRECTION ( 'NONE',  ( 0.000000000000000000, 1.000000000000000000, 0.000000000000000000 ) ) ;
#1300 = EDGE_LOOP ( 'NONE', ( #8195, #9506, #8732, #5969 ) ) ;
#1301 = PLANE ( 'NONE',  #5138 ) ;
#1302 = DIRECTION ( 'NONE',  ( 0.5000000000000008882, -0.000000000000000000, -0.8660254037844381525 ) ) ;
#1303 = DIRECTION ( 'NONE',  ( 0.5000000000000008882, 0.000000000000000000, 0.8660254037844381525 ) ) ;
#1304 = LINE ( 'NONE', #6689, #9785 ) ;
#1305 = LINE ( 'NONE', #6507, #9490 ) ;
#1306 = ORIENTED_EDGE ( 'NONE', *, *, #2126, .T. ) ;
#1307 = CARTESIAN_POINT ( 'NONE',  ( 8.354551732809238018, -12.00000000000000000, 42.85000000000000142 ) ) ;
#1308 = EDGE_LOOP ( 'NONE', ( #3481, #1264, #1922, #4648, #8172, #7110 ) ) ;
#1309 = VECTOR ( 'NONE', #4500, 1000.000000000000114 ) ;
#1310 = LINE ( 'NONE', #4360, #6900 ) ;
#1311 = EDGE_LOOP ( 'NONE', ( #8750, #6333, #9418, #1325 ) ) ;
#1312 = VECTOR ( 'NONE', #2372, 1000.000000000000000 ) ;
#1313 = ORIENTED_EDGE ( 'NONE', *, *, #6418, .F. ) ;
#1314 = VECTOR ( 'NONE', #3455, 1000.000000000000114 ) ;
#1315 = CARTESIAN_POINT ( 'NONE',  ( -16.70910346561912263, -12.00000000000000000, 1.294402214996931218E-15 ) ) ;
#1316 = EDGE_LOOP ( 'NONE', ( #6032, #7010, #6322, #2686 ) ) ;
#1317 = FACE_OUTER_BOUND ( 'NONE', #5873, .T. ) ;
#1318 = VECTOR ( 'NONE', #4129, 1000.000000000000000 ) ;
#1319 = CARTESIAN_POINT ( 'NONE',  ( -58.35455173280956132, -12.00000000000000000, -2.850000000000000089 ) ) ;
#1320 = VECTOR ( 'NONE', #4462, 1000.000000000000000 ) ;
#1321 = VERTEX_POINT ( 'NONE', #1315 ) ;
#1322 = ADVANCED_FACE ( 'NONE', ( #5300 ), #782, .F. ) ;
#1323 = CARTESIAN_POINT ( 'NONE',  ( 18.35455173280934460, 0.000000000000000000, 27.15000000000000568 ) ) ;
#1324 = VERTEX_POINT ( 'NONE', #5351 ) ;
#1325 = ORIENTED_EDGE ( 'NONE', *, *, #6570, .T. ) ;
#1326 = VECTOR ( 'NONE', #2947, 1000.000000000000114 ) ;
#1328 = CARTESIAN_POINT ( 'NONE',  ( -50.35455173280956132, 10.00000000000000178, -56.64544826719043158 ) ) ;
#1327 = VECTOR ( 'NONE', #6030, 1000.000000000000000 ) ;
#1329 = LINE ( 'NONE', #2680, #591 ) ;
#1330 = CARTESIAN_POINT ( 'NONE',  ( -53.29089653438087026, -12.00000000000000000, 10.00000000000000711 ) ) ;
#1331 = CARTESIAN_POINT ( 'NONE',  ( -18.35455173280955776, 0.000000000000000000, 12.85000000000000675 ) ) ;
#1332 = EDGE_CURVE ( 'NONE', #8076, #7121, #726, .T. ) ;
#1333 = ORIENTED_EDGE ( 'NONE', *, *, #8440, .F. ) ;
#1334 = ADVANCED_FACE ( 'NONE', ( #5144 ), #1368, .T. ) ;
#1335 = CIRCLE ( 'NONE', #367, 2.999999999999995559 ) ;
#1336 = EDGE_CURVE ( 'NONE', #2463, #718, #1513, .T. ) ;
#1337 = LINE ( 'NONE', #9792, #4547 ) ;
#1338 = CARTESIAN_POINT ( 'NONE',  ( -23.29089653438086316, 0.000000000000000000, 3.038187096183830448E-15 ) ) ;
#1339 = ORIENTED_EDGE ( 'NONE', *, *, #3903, .F. ) ;
#1340 = VERTEX_POINT ( 'NONE', #9032 ) ;
#1341 = FACE_OUTER_BOUND ( 'NONE', #3673, .T. ) ;
#1342 = EDGE_LOOP ( 'NONE', ( #9573, #6916, #5964, #1942 ) ) ;
#1343 = PLANE ( 'NONE',  #2276 ) ;
#1344 = DIRECTION ( 'NONE',  ( 0.000000000000000000, 0.000000000000000000, 1.000000000000000000 ) ) ;
#1345 = CARTESIAN_POINT ( 'NONE',  ( -36.70910346561912974, -12.00000000000000000, 10.00000000000000711 ) ) ;
#1346 = ORIENTED_EDGE ( 'NONE', *, *, #7431, .F. ) ;
#1347 = DIRECTION ( 'NONE',  ( 0.8660254037844381525, -0.000000000000000000, 0.5000000000000008882 ) ) ;
#1348 = ADVANCED_FACE ( 'NONE', ( #574 ), #3674, .T. ) ;
#1349 = VECTOR ( 'NONE', #3832, 1000.000000000000000 ) ;
#1350 = DIRECTION ( 'NONE',  ( -0.5000000000000004441, 0.000000000000000000, 0.8660254037844383745 ) ) ;
#1351 = EDGE_LOOP ( 'NONE', ( #9571, #3345, #725, #4015 ) ) ;
#1352 = DIRECTION ( 'NONE',  ( -1.000000000000000000, 0.000000000000000000, 0.000000000000000000 ) ) ;
#1353 = DIRECTION ( 'NONE',  ( -1.000000000000000000, -0.000000000000000000, -0.000000000000000000 ) ) ;
#1354 = PLANE ( 'NONE',  #2646 ) ;
#1355 = VECTOR ( 'NONE', #1923, 1000.000000000000000 ) ;
#1356 = CARTESIAN_POINT ( 'NONE',  ( 58.35455173280956132, -12.00000000000000000, -2.850000000000000089 ) ) ;
#1357 = EDGE_CURVE ( 'NONE', #6025, #9808, #9079, .T. ) ;
#1358 = AXIS2_PLACEMENT_3D ( 'NONE', #6914, #1527, #4577 ) ;
#1359 = VERTEX_POINT ( 'NONE', #2314 ) ;
#1360 = ADVANCED_FACE ( 'NONE', ( #3022 ), #2907, .F. ) ;
#1361 = DIRECTION ( 'NONE',  ( -1.000000000000000000, 0.000000000000000000, -0.000000000000000000 ) ) ;
#1362 = ORIENTED_EDGE ( 'NONE', *, *, #7396, .F. ) ;
#1363 = DIRECTION ( 'NONE',  ( 0.000000000000000000, 1.000000000000000000, 0.000000000000000000 ) ) ;
#1364 = LINE ( 'NONE', #3671, #5132 ) ;
#1365 = EDGE_LOOP ( 'NONE', ( #3783, #1346, #1509, #9038 ) ) ;
#1366 = AXIS2_PLACEMENT_3D ( 'NONE', #7797, #5551, #3319 ) ;
#1367 = VERTEX_POINT ( 'NONE', #2162 ) ;
#1368 = PLANE ( 'NONE',  #1199 ) ;
#1369 = DIRECTION ( 'NONE',  ( -0.5000000000000008882, 0.000000000000000000, 0.8660254037844381525 ) ) ;
#1370 = LINE ( 'NONE', #4470, #7847 ) ;
#1371 = AXIS2_PLACEMENT_3D ( 'NONE', #1205, #8728, #1913 ) ;
#1372 = ORIENTED_EDGE ( 'NONE', *, *, #2796, .F. ) ;
#1373 = CARTESIAN_POINT ( 'NONE',  ( 21.64544826719042447, -12.00000000000000000, 52.85000000000000853 ) ) ;
#1374 = ORIENTED_EDGE ( 'NONE', *, *, #1729, .T. ) ;
#1375 = EDGE_CURVE ( 'NONE', #6884, #298, #39, .T. ) ;
#1376 = EDGE_LOOP ( 'NONE', ( #3218, #5852, #8997, #2122 ) ) ;
#1377 = VECTOR ( 'NONE', #61, 1000.000000000000000 ) ;
#1378 = DIRECTION ( 'NONE',  ( 0.8660254037844392627, -0.000000000000000000, 0.4999999999999990008 ) ) ;
#1379 = AXIS2_PLACEMENT_3D ( 'NONE', #5086, #9607, #3452 ) ;
#1380 = AXIS2_PLACEMENT_3D ( 'NONE', #5620, #4130, #452 ) ;
#1381 = ORIENTED_EDGE ( 'NONE', *, *, #2376, .F. ) ;
#1382 = DIRECTION ( 'NONE',  ( 0.000000000000000000, 1.000000000000000000, -5.372175015734863666E-17 ) ) ;
#1383 = PLANE ( 'NONE',  #9432 ) ;
#1384 = CARTESIAN_POINT ( 'NONE',  ( 16.70910346561912263, 0.000000000000000000, 10.00000000000000711 ) ) ;
#1385 = VERTEX_POINT ( 'NONE', #6854 ) ;
#1386 = EDGE_LOOP ( 'NONE', ( #8581, #7157, #7677, #8485 ) ) ;
#1387 = VECTOR ( 'NONE', #9403, 1000.000000000000000 ) ;
#1388 = VECTOR ( 'NONE', #832, 1000.000000000000000 ) ;
#1389 = VECTOR ( 'NONE', #9020, 1000.000000000000114 ) ;
#1390 = FACE_BOUND ( 'NONE', #3422, .T. ) ;
#1391 = CARTESIAN_POINT ( 'NONE',  ( -36.70910346561912974, -12.00000000000000000, 10.00000000000000711 ) ) ;
#1392 = ORIENTED_EDGE ( 'NONE', *, *, #4196, .T. ) ;
#1393 = DIRECTION ( 'NONE',  ( -0.8660254037844389297, 0.000000000000000000, -0.4999999999999995004 ) ) ;
#1394 = VECTOR ( 'NONE', #4644, 1000.000000000000000 ) ;
#1395 = EDGE_CURVE ( 'NONE', #3366, #1246, #3714, .T. ) ;
#1396 = ORIENTED_EDGE ( 'NONE', *, *, #4807, .F. ) ;
#1397 = ADVANCED_FACE ( 'NONE', ( #8924 ), #2218, .T. ) ;
#1398 = FACE_BOUND ( 'NONE', #6699, .T. ) ;
#1399 = DIRECTION ( 'NONE',  ( 0.5000000000000009992, -0.000000000000000000, -0.8660254037844380415 ) ) ;
#1400 = DIRECTION ( 'NONE',  ( 0.000000000000000000, 5.372175015734863666E-17, 1.000000000000000000 ) ) ;
#1401 = ORIENTED_EDGE ( 'NONE', *, *, #6886, .T. ) ;
#1402 = CARTESIAN_POINT ( 'NONE',  ( -21.64544826719001236, -0.000000000000000000, 47.14999999999999858 ) ) ;
#1403 = VECTOR ( 'NONE', #9639, 1000.000000000000000 ) ;
#1404 = DIRECTION ( 'NONE',  ( 1.000000000000000000, 0.000000000000000000, 1.317819823453642871E-16 ) ) ;
#1405 = ORIENTED_EDGE ( 'NONE', *, *, #1729, .F. ) ;
#1406 = CARTESIAN_POINT ( 'NONE',  ( -60.35455173280956132, 17.99999999999997868, -51.64544826719048842 ) ) ;
#1407 = EDGE_CURVE ( 'NONE', #446, #8802, #1462, .T. ) ;
#1408 = ADVANCED_FACE ( 'NONE', ( #279 ), #7697, .T. ) ;
#1409 = EDGE_CURVE ( 'NONE', #3177, #211, #2512, .T. ) ;
#1410 = CARTESIAN_POINT ( 'NONE',  ( 8.354551732809447628, 0.000000000000000000, 17.15000000000000568 ) ) ;
#1411 = DIRECTION ( 'NONE',  ( 0.000000000000000000, -1.000000000000000000, 0.000000000000000000 ) ) ;
#1412 = LINE ( 'NONE', #7546, #135 ) ;
#1413 = ORIENTED_EDGE ( 'NONE', *, *, #9778, .T. ) ;
#1414 = CARTESIAN_POINT ( 'NONE',  ( -63.29089653438087026, -12.00000000000000000, 3.038187096183830448E-15 ) ) ;
#1415 = VERTEX_POINT ( 'NONE', #9369 ) ;
#1416 = PLANE ( 'NONE',  #5848 ) ;
#1417 = CARTESIAN_POINT ( 'NONE',  ( -8.354551732809134990, 0.000000000000000000, 47.14999999999999858 ) ) ;
#1418 = ORIENTED_EDGE ( 'NONE', *, *, #5241, .T. ) ;
#1419 = ORIENTED_EDGE ( 'NONE', *, *, #8707, .T. ) ;
#1420 = DIRECTION ( 'NONE',  ( 0.5000000000000008882, 0.000000000000000000, 0.8660254037844381525 ) ) ;
#1421 = CARTESIAN_POINT ( 'NONE',  ( 11.64544826719032145, -12.00000000000000000, 22.85000000000000497 ) ) ;
#1422 = CARTESIAN_POINT ( 'NONE',  ( -33.29089653438086316, -12.00000000000000000, 10.00000000000000711 ) ) ;
#1423 = CARTESIAN_POINT ( 'NONE',  ( -63.29089653438087026, -12.00000000000000000, 10.00000000000000711 ) ) ;
#1424 = VERTEX_POINT ( 'NONE', #5495 ) ;
#1425 = DIRECTION ( 'NONE',  ( 1.317819823453642871E-16, -0.000000000000000000, 1.000000000000000000 ) ) ;
#1426 = ORIENTED_EDGE ( 'NONE', *, *, #2829, .F. ) ;
#1427 = DIRECTION ( 'NONE',  ( -1.000000000000000000, -0.000000000000000000, -0.000000000000000000 ) ) ;
#1428 = ORIENTED_EDGE ( 'NONE', *, *, #4697, .F. ) ;
#1429 = CARTESIAN_POINT ( 'NONE',  ( -21.64544826719021842, 0.000000000000000000, 27.15000000000000568 ) ) ;
#1430 = LINE ( 'NONE', #7362, #1818 ) ;
#1431 = CARTESIAN_POINT ( 'NONE',  ( 11.64544826719021664, -12.00000000000000000, 27.15000000000000568 ) ) ;
#1432 = ORIENTED_EDGE ( 'NONE', *, *, #8720, .F. ) ;
#1433 = CARTESIAN_POINT ( 'NONE',  ( 36.70910346561912974, 0.000000000000000000, 10.00000000000000711 ) ) ;
#1434 = LINE ( 'NONE', #4484, #6595 ) ;
#1435 = VERTEX_POINT ( 'NONE', #2557 ) ;
#1436 = ORIENTED_EDGE ( 'NONE', *, *, #5890, .T. ) ;
#1437 = PLANE ( 'NONE',  #6171 ) ;
#1438 = ORIENTED_EDGE ( 'NONE', *, *, #6882, .T. ) ;
#1439 = CARTESIAN_POINT ( 'NONE',  ( -8.354551732809550657, 0.000000000000000000, 7.150000000000007461 ) ) ;
#1440 = CARTESIAN_POINT ( 'NONE',  ( -11.64544826719032145, -12.00000000000000000, 22.85000000000000497 ) ) ;
#1441 = CARTESIAN_POINT ( 'NONE',  ( -13.29089653438086316, -12.00000000000000000, 3.038187096183830448E-15 ) ) ;
#1442 = ADVANCED_FACE ( 'NONE', ( #7753 ), #3212, .F. ) ;
#1443 = ORIENTED_EDGE ( 'NONE', *, *, #1706, .T. ) ;
#1444 = LINE ( 'NONE', #9805, #2905 ) ;
#1445 = DIRECTION ( 'NONE',  ( 0.4999999999999995004, 0.000000000000000000, -0.8660254037844389297 ) ) ;
#1446 = ORIENTED_EDGE ( 'NONE', *, *, #8763, .T. ) ;
#1447 = CARTESIAN_POINT ( 'NONE',  ( 11.64544826719032145, 0.000000000000000000, 17.15000000000000568 ) ) ;
#1448 = CARTESIAN_POINT ( 'NONE',  ( 18.35455173280924512, -12.00000000000000000, 42.85000000000000142 ) ) ;
#1449 = VERTEX_POINT ( 'NONE', #229 ) ;
#1450 = DIRECTION ( 'NONE',  ( -1.000000000000000000, -0.000000000000000000, -0.000000000000000000 ) ) ;
#1451 = CARTESIAN_POINT ( 'NONE',  ( -21.64544826719032145, 0.000000000000000000, 17.15000000000000568 ) ) ;
#1452 = CARTESIAN_POINT ( 'NONE',  ( -53.29089653438087026, 0.000000000000000000, 3.038187096183830448E-15 ) ) ;
#1453 = ORIENTED_EDGE ( 'NONE', *, *, #8405, .T. ) ;
#1454 = CARTESIAN_POINT ( 'NONE',  ( 16.70910346561901960, -12.00000000000000000, 20.00000000000000355 ) ) ;
#1455 = EDGE_CURVE ( 'NONE', #1062, #308, #3174, .T. ) ;
#1456 = ADVANCED_FACE ( 'NONE', ( #92 ), #9271, .T. ) ;
#1457 = ORIENTED_EDGE ( 'NONE', *, *, #5364, .F. ) ;
#1458 = EDGE_CURVE ( 'NONE', #4802, #502, #3856, .T. ) ;
#1459 = CARTESIAN_POINT ( 'NONE',  ( 6.709103465619016937, -12.00000000000000000, 20.00000000000000355 ) ) ;
#1460 = VERTEX_POINT ( 'NONE', #8533 ) ;
#1461 = VERTEX_POINT ( 'NONE', #4805 ) ;
#1462 = LINE ( 'NONE', #4513, #1048 ) ;
#1463 = VERTEX_POINT ( 'NONE', #7000 ) ;
#1464 = DIRECTION ( 'NONE',  ( 0.8660254037844378194, -0.000000000000000000, 0.5000000000000016653 ) ) ;
#1465 = CARTESIAN_POINT ( 'NONE',  ( 31.64544826719042803, 0.000000000000000000, -2.850000000000000089 ) ) ;
#1466 = DIRECTION ( 'NONE',  ( -0.8660254037844383745, 0.000000000000000000, -0.5000000000000004441 ) ) ;
#1467 = EDGE_CURVE ( 'NONE', #9263, #3831, #4397, .T. ) ;
#1468 = EDGE_LOOP ( 'NONE', ( #6004, #4907, #1607, #1886 ) ) ;
#1469 = EDGE_CURVE ( 'NONE', #3650, #519, #9224, .T. ) ;
#1470 = DIRECTION ( 'NONE',  ( 0.000000000000000000, -1.000000000000000000, 1.074435003146972733E-16 ) ) ;
#1471 = DIRECTION ( 'NONE',  ( 0.000000000000000000, -0.000000000000000000, 1.000000000000000000 ) ) ;
#1472 = VERTEX_POINT ( 'NONE', #4659 ) ;
#1473 = DIRECTION ( 'NONE',  ( 0.000000000000000000, 1.000000000000000000, 0.000000000000000000 ) ) ;
#1474 = AXIS2_PLACEMENT_3D ( 'NONE', #1633, #5327, #7671 ) ;
#1475 = VECTOR ( 'NONE', #2676, 1000.000000000000000 ) ;
#1476 = CARTESIAN_POINT ( 'NONE',  ( -28.35455173280955421, 0.000000000000000000, 12.85000000000000675 ) ) ;
#1477 = ORIENTED_EDGE ( 'NONE', *, *, #7386, .T. ) ;
#1478 = CARTESIAN_POINT ( 'NONE',  ( -26.70910346561912618, 0.000000000000000000, 1.734723475976807094E-15 ) ) ;
#1479 = ADVANCED_FACE ( 'NONE', ( #5401 ), #964, .T. ) ;
#1480 = VERTEX_POINT ( 'NONE', #9178 ) ;
#1481 = PLANE ( 'NONE',  #9655 ) ;
#1482 = VECTOR ( 'NONE', #3008, 1000.000000000000000 ) ;
#1483 = VECTOR ( 'NONE', #3966, 1000.000000000000000 ) ;
#1484 = CARTESIAN_POINT ( 'NONE',  ( 21.64544826719043513, 0.000000000000000000, 2.849999999999998312 ) ) ;
#1485 = DIRECTION ( 'NONE',  ( 1.000000000000000000, -0.000000000000000000, -0.000000000000000000 ) ) ;
#1486 = EDGE_LOOP ( 'NONE', ( #3213, #7998, #365, #7145 ) ) ;
#1487 = DIRECTION ( 'NONE',  ( 0.000000000000000000, 1.000000000000000000, 0.000000000000000000 ) ) ;
#1488 = LINE ( 'NONE', #9054, #3139 ) ;
#1489 = LINE ( 'NONE', #7434, #5455 ) ;
#1490 = CARTESIAN_POINT ( 'NONE',  ( -11.64544826719042447, -12.00000000000000000, 12.85000000000000675 ) ) ;
#1491 = VECTOR ( 'NONE', #9352, 1000.000000000000000 ) ;
#1492 = CARTESIAN_POINT ( 'NONE',  ( 6.709103465618912132, -12.00000000000000000, 30.00000000000000711 ) ) ;
#1493 = VECTOR ( 'NONE', #1036, 1000.000000000000000 ) ;
#1494 = ORIENTED_EDGE ( 'NONE', *, *, #5461, .T. ) ;
#1495 = CARTESIAN_POINT ( 'NONE',  ( -41.64544826719043868, 0.000000000000000000, 2.849999999999998312 ) ) ;
#1496 = FACE_OUTER_BOUND ( 'NONE', #4106, .T. ) ;
#1497 = VERTEX_POINT ( 'NONE', #1659 ) ;
#1499 = ADVANCED_FACE ( 'NONE', ( #8438 ), #6249, .T. ) ;
#1498 = DIRECTION ( 'NONE',  ( 0.4999999999999992784, -0.000000000000000000, 0.8660254037844390407 ) ) ;
#1500 = PLANE ( 'NONE',  #4595 ) ;
#1501 = ORIENTED_EDGE ( 'NONE', *, *, #1148, .F. ) ;
#1502 = LINE ( 'NONE', #3661, #2930 ) ;
#1503 = CARTESIAN_POINT ( 'NONE',  ( 23.29089653438086316, 0.000000000000000000, 3.038187096183830448E-15 ) ) ;
#1504 = VECTOR ( 'NONE', #7038, 1000.000000000000000 ) ;
#1505 = CARTESIAN_POINT ( 'NONE',  ( 18.35455173280955421, 0.000000000000000000, 7.150000000000007461 ) ) ;
#1506 = EDGE_CURVE ( 'NONE', #5099, #5081, #6955, .T. ) ;
#1507 = VERTEX_POINT ( 'NONE', #5446 ) ;
#1508 = VECTOR ( 'NONE', #4173, 1000.000000000000000 ) ;
#1509 = ORIENTED_EDGE ( 'NONE', *, *, #2742, .T. ) ;
#1510 = CARTESIAN_POINT ( 'NONE',  ( -16.70910346561901960, 0.000000000000000000, 20.00000000000000355 ) ) ;
#1511 = DIRECTION ( 'NONE',  ( 1.000000000000000000, 0.000000000000000000, -0.000000000000000000 ) ) ;
#1512 = ORIENTED_EDGE ( 'NONE', *, *, #2565, .F. ) ;
#1513 = LINE ( 'NONE', #5200, #7584 ) ;
#1514 = VECTOR ( 'NONE', #6862, 1000.000000000000000 ) ;
#1515 = LINE ( 'NONE', #1421, #6585 ) ;
#1516 = EDGE_CURVE ( 'NONE', #1497, #8592, #1013, .T. ) ;
#1517 = ADVANCED_FACE ( 'NONE', ( #3960 ), #180, .T. ) ;
#1518 = FACE_OUTER_BOUND ( 'NONE', #5653, .T. ) ;
#1519 = PLANE ( 'NONE',  #2119 ) ;
#1520 = DIRECTION ( 'NONE',  ( -1.000000000000000000, 0.000000000000000000, 0.000000000000000000 ) ) ;
#1521 = VERTEX_POINT ( 'NONE', #1866 ) ;
#1522 = AXIS2_PLACEMENT_3D ( 'NONE', #719, #2155, #8246 ) ;
#1523 = VECTOR ( 'NONE', #1420, 1000.000000000000000 ) ;
#1524 = CARTESIAN_POINT ( 'NONE',  ( -60.35455173280956132, 20.99999999999997513, -48.64544826719049553 ) ) ;
#1525 = ORIENTED_EDGE ( 'NONE', *, *, #1941, .T. ) ;
#1526 = EDGE_CURVE ( 'NONE', #8192, #5733, #4153, .T. ) ;
#1527 = DIRECTION ( 'NONE',  ( -1.000000000000000000, -0.000000000000000000, -0.000000000000000000 ) ) ;
#1528 = ADVANCED_FACE ( 'NONE', ( #8821 ), #7296, .T. ) ;
#1529 = PLANE ( 'NONE',  #3482 ) ;
#1530 = EDGE_CURVE ( 'NONE', #5068, #73, #7341, .T. ) ;
#1531 = LINE ( 'NONE', #4582, #9320 ) ;
#1532 = VECTOR ( 'NONE', #422, 1000.000000000000000 ) ;
#1533 = LINE ( 'NONE', #794, #4586 ) ;
#1534 = VERTEX_POINT ( 'NONE', #2656 ) ;
#1535 = DIRECTION ( 'NONE',  ( -0.4999999999999990563, -0.000000000000000000, 0.8660254037844391517 ) ) ;
#1536 = VECTOR ( 'NONE', #1634, 1000.000000000000000 ) ;
#1537 = CARTESIAN_POINT ( 'NONE',  ( 33.29089653438086316, -12.00000000000000000, 10.00000000000000711 ) ) ;
#1538 = DIRECTION ( 'NONE',  ( 0.8660254037844388186, -0.000000000000000000, 0.4999999999999997224 ) ) ;
#1539 = VERTEX_POINT ( 'NONE', #2006 ) ;
#1540 = FACE_OUTER_BOUND ( 'NONE', #2443, .T. ) ;
#1541 = CARTESIAN_POINT ( 'NONE',  ( -61.64544826719043868, -12.00000000000000000, 2.849999999999998312 ) ) ;
#1542 = EDGE_CURVE ( 'NONE', #3260, #7115, #9521, .T. ) ;
#1543 = DIRECTION ( 'NONE',  ( -0.000000000000000000, 2.148870006293945467E-16, -1.000000000000000000 ) ) ;
#1544 = DIRECTION ( 'NONE',  ( 0.000000000000000000, 1.000000000000000000, 0.000000000000000000 ) ) ;
#1545 = AXIS2_PLACEMENT_3D ( 'NONE', #4079, #942, #3981 ) ;
#1546 = DIRECTION ( 'NONE',  ( -1.000000000000000000, 0.000000000000000000, -0.000000000000000000 ) ) ;
#1547 = VECTOR ( 'NONE', #5026, 1000.000000000000000 ) ;
#1548 = VECTOR ( 'NONE', #9522, 1000.000000000000114 ) ;
#1549 = ORIENTED_EDGE ( 'NONE', *, *, #3175, .F. ) ;
#1550 = DIRECTION ( 'NONE',  ( 1.000000000000000000, 0.000000000000000000, -1.317819823453642871E-16 ) ) ;
#1551 = LINE ( 'NONE', #2352, #7769 ) ;
#1552 = VECTOR ( 'NONE', #176, 1000.000000000000000 ) ;
#1553 = ORIENTED_EDGE ( 'NONE', *, *, #614, .F. ) ;
#1554 = LINE ( 'NONE', #2355, #8788 ) ;
#1555 = DIRECTION ( 'NONE',  ( 0.5000000000000016653, 0.000000000000000000, 0.8660254037844377084 ) ) ;
#1556 = ORIENTED_EDGE ( 'NONE', *, *, #5591, .T. ) ;
#1557 = DIRECTION ( 'NONE',  ( 0.4999999999999998890, 0.000000000000000000, -0.8660254037844385966 ) ) ;
#1558 = DIRECTION ( 'NONE',  ( 0.000000000000000000, -2.312964634635742895E-17, 1.000000000000000000 ) ) ;
#1559 = LINE ( 'NONE', #6846, #4742 ) ;
#1560 = VECTOR ( 'NONE', #9049, 1000.000000000000000 ) ;
#1561 = ORIENTED_EDGE ( 'NONE', *, *, #5549, .F. ) ;
#1562 = CARTESIAN_POINT ( 'NONE',  ( -23.29089653438086316, 0.000000000000000000, 20.00000000000000355 ) ) ;
#1563 = ORIENTED_EDGE ( 'NONE', *, *, #3540, .T. ) ;
#1564 = CARTESIAN_POINT ( 'NONE',  ( 23.29089653438065710, -12.00000000000000000, 30.00000000000000711 ) ) ;
#1565 = LINE ( 'NONE', #4657, #8167 ) ;
#1566 = DIRECTION ( 'NONE',  ( 0.000000000000000000, 0.000000000000000000, 1.000000000000000000 ) ) ;
#1567 = LINE ( 'NONE', #4618, #6944 ) ;
#1568 = CARTESIAN_POINT ( 'NONE',  ( 21.64544826719032145, -12.00000000000000000, 17.15000000000000568 ) ) ;
#1569 = CARTESIAN_POINT ( 'NONE',  ( -6.709103465619120854, -12.00000000000000000, 10.00000000000000711 ) ) ;
#1570 = ORIENTED_EDGE ( 'NONE', *, *, #1093, .F. ) ;
#1571 = CARTESIAN_POINT ( 'NONE',  ( -31.64544826719042803, -12.00000000000000000, 7.150000000000007461 ) ) ;
#1572 = ORIENTED_EDGE ( 'NONE', *, *, #2943, .F. ) ;
#1573 = CARTESIAN_POINT ( 'NONE',  ( 48.35455173280956132, -12.00000000000000000, -2.850000000000000089 ) ) ;
#1574 = CARTESIAN_POINT ( 'NONE',  ( 28.35455173280955421, 10.00000000000000000, 58.35455173280957553 ) ) ;
#1575 = CARTESIAN_POINT ( 'NONE',  ( 58.35455173280956842, 0.000000000000000000, -48.35455173280956842 ) ) ;
#1576 = VERTEX_POINT ( 'NONE', #5003 ) ;
#1577 = PLANE ( 'NONE',  #2507 ) ;
#1578 = EDGE_CURVE ( 'NONE', #1576, #7945, #3466, .T. ) ;
#1579 = CARTESIAN_POINT ( 'NONE',  ( 41.64544826719043868, -12.00000000000000000, 2.849999999999998312 ) ) ;
#1580 = EDGE_CURVE ( 'NONE', #373, #3366, #7193, .T. ) ;
#1581 = EDGE_CURVE ( 'NONE', #2280, #3754, #5705, .T. ) ;
#1582 = CARTESIAN_POINT ( 'NONE',  ( 21.64544826719042803, -12.00000000000000000, -2.850000000000000089 ) ) ;
#1583 = FACE_OUTER_BOUND ( 'NONE', #7981, .T. ) ;
#1584 = VERTEX_POINT ( 'NONE', #514 ) ;
#1585 = FACE_OUTER_BOUND ( 'NONE', #8519, .T. ) ;
#1586 = ADVANCED_FACE ( 'NONE', ( #4910 ), #1066, .T. ) ;
#1587 = FACE_BOUND ( 'NONE', #2417, .T. ) ;
#1588 = DIRECTION ( 'NONE',  ( -0.5000000000000009992, 0.000000000000000000, -0.8660254037844380415 ) ) ;
#1589 = CARTESIAN_POINT ( 'NONE',  ( 48.35455173280956132, -12.00000000000000000, 12.85000000000000675 ) ) ;
#1590 = VERTEX_POINT ( 'NONE', #4857 ) ;
#1591 = PLANE ( 'NONE',  #992 ) ;
#1592 = EDGE_CURVE ( 'NONE', #9234, #6068, #2605, .T. ) ;
#1593 = EDGE_CURVE ( 'NONE', #9086, #8099, #3566, .T. ) ;
#1594 = CARTESIAN_POINT ( 'NONE',  ( -18.35455173280955066, -0.000000000000000000, 7.150000000000007461 ) ) ;
#1595 = ORIENTED_EDGE ( 'NONE', *, *, #4834, .F. ) ;
#1596 = FACE_OUTER_BOUND ( 'NONE', #7443, .T. ) ;
#1597 = CARTESIAN_POINT ( 'NONE',  ( 8.354551732809238018, -12.00000000000000000, 37.15000000000000568 ) ) ;
#1598 = EDGE_LOOP ( 'NONE', ( #3861, #1549, #4326, #7899 ) ) ;
#1599 = EDGE_CURVE ( 'NONE', #6696, #635, #473, .T. ) ;
#1600 = CARTESIAN_POINT ( 'NONE',  ( 51.64544826719043158, -12.00000000000000000, 7.150000000000007461 ) ) ;
#1601 = LINE ( 'NONE', #29, #7900 ) ;
#1602 = DIRECTION ( 'NONE',  ( 0.4999999999999992228, 0.000000000000000000, 0.8660254037844390407 ) ) ;
#1603 = ORIENTED_EDGE ( 'NONE', *, *, #7415, .T. ) ;
#1604 = EDGE_CURVE ( 'NONE', #3284, #517, #2007, .T. ) ;
#1605 = LINE ( 'NONE', #8389, #565 ) ;
#1606 = EDGE_CURVE ( 'NONE', #4213, #8205, #7994, .T. ) ;
#1607 = ORIENTED_EDGE ( 'NONE', *, *, #869, .T. ) ;
#1608 = LINE ( 'NONE', #8617, #910 ) ;
#1609 = DIRECTION ( 'NONE',  ( 0.4999999999999998335, 0.000000000000000000, -0.8660254037844387076 ) ) ;
#1610 = ORIENTED_EDGE ( 'NONE', *, *, #7676, .T. ) ;
#1611 = DIRECTION ( 'NONE',  ( -1.000000000000000000, 0.000000000000000000, -0.000000000000000000 ) ) ;
#1612 = LINE ( 'NONE', #41, #9745 ) ;
#1613 = CARTESIAN_POINT ( 'NONE',  ( 23.29089653438086316, -12.00000000000000000, 10.00000000000000711 ) ) ;
#1614 = CARTESIAN_POINT ( 'NONE',  ( 31.64544826719042803, -12.00000000000000000, 7.150000000000007461 ) ) ;
#1615 = ORIENTED_EDGE ( 'NONE', *, *, #2240, .T. ) ;
#1616 = FACE_OUTER_BOUND ( 'NONE', #1342, .T. ) ;
#1617 = VERTEX_POINT ( 'NONE', #1157 ) ;
#1618 = CARTESIAN_POINT ( 'NONE',  ( 11.64544826719021664, -12.00000000000000000, 32.85000000000000142 ) ) ;
#1619 = ORIENTED_EDGE ( 'NONE', *, *, #5241, .F. ) ;
#1620 = CARTESIAN_POINT ( 'NONE',  ( -8.354551732809342823, -12.00000000000000000, 32.85000000000000142 ) ) ;
#1621 = ORIENTED_EDGE ( 'NONE', *, *, #3261, .T. ) ;
#1622 = DIRECTION ( 'NONE',  ( 1.000000000000000000, -0.000000000000000000, -0.000000000000000000 ) ) ;
#1623 = ORIENTED_EDGE ( 'NONE', *, *, #5289, .T. ) ;
#1624 = CARTESIAN_POINT ( 'NONE',  ( -50.35455173280956132, 33.15544456622761516, -48.64544826719049553 ) ) ;
#1625 = DIRECTION ( 'NONE',  ( -0.4999999999999990563, -0.000000000000000000, 0.8660254037844391517 ) ) ;
#1626 = CARTESIAN_POINT ( 'NONE',  ( -41.64544826719043158, 0.000000000000000000, -2.850000000000000089 ) ) ;
#1627 = CARTESIAN_POINT ( 'NONE',  ( 56.70910346561912974, 0.000000000000000000, 10.00000000000000533 ) ) ;
#1628 = VERTEX_POINT ( 'NONE', #9465 ) ;
#1629 = VECTOR ( 'NONE', #1625, 1000.000000000000114 ) ;
#1631 = CARTESIAN_POINT ( 'NONE',  ( 11.64544826719042447, 0.000000000000000000, 12.85000000000000675 ) ) ;
#1630 = VECTOR ( 'NONE', #1550, 1000.000000000000000 ) ;
#1632 = DIRECTION ( 'NONE',  ( -0.5000000000000008882, 0.000000000000000000, -0.8660254037844381525 ) ) ;
#1633 = CARTESIAN_POINT ( 'NONE',  ( 0.000000000000000000, 10.00000000000000000, 0.000000000000000000 ) ) ;
#1634 = DIRECTION ( 'NONE',  ( 0.000000000000000000, 1.000000000000000000, 0.000000000000000000 ) ) ;
#1635 = EDGE_CURVE ( 'NONE', #7302, #9086, #4111, .T. ) ;
#1636 = CARTESIAN_POINT ( 'NONE',  ( 18.35455173280955421, -12.00000000000000000, 2.849999999999997868 ) ) ;
#1637 = ADVANCED_FACE ( 'NONE', ( #3409 ), #7152, .F. ) ;
#1638 = ADVANCED_FACE ( 'NONE', ( #326 ), #2751, .T. ) ;
#1639 = ORIENTED_EDGE ( 'NONE', *, *, #2322, .T. ) ;
#1640 = VECTOR ( 'NONE', #6582, 1000.000000000000000 ) ;
#1641 = VECTOR ( 'NONE', #498, 999.9999999999998863 ) ;
#1642 = CARTESIAN_POINT ( 'NONE',  ( -50.35455173280956132, 14.99999999999997691, -48.64544826719049553 ) ) ;
#1643 = ORIENTED_EDGE ( 'NONE', *, *, #4994, .F. ) ;
#1644 = LINE ( 'NONE', #6046, #1960 ) ;
#1645 = ORIENTED_EDGE ( 'NONE', *, *, #7059, .T. ) ;
#1646 = VECTOR ( 'NONE', #6237, 1000.000000000000000 ) ;
#1647 = VECTOR ( 'NONE', #3978, 1000.000000000000000 ) ;
#1648 = VERTEX_POINT ( 'NONE', #772 ) ;
#1649 = DIRECTION ( 'NONE',  ( 0.000000000000000000, 1.000000000000000000, 0.000000000000000000 ) ) ;
#1650 = FACE_OUTER_BOUND ( 'NONE', #5009, .T. ) ;
#1651 = CARTESIAN_POINT ( 'NONE',  ( 11.64544826719011361, 0.000000000000000000, 37.15000000000000568 ) ) ;
#1652 = EDGE_CURVE ( 'NONE', #9682, #517, #7491, .T. ) ;
#1653 = ORIENTED_EDGE ( 'NONE', *, *, #7154, .T. ) ;
#1654 = VECTOR ( 'NONE', #7339, 1000.000000000000000 ) ;
#1655 = ORIENTED_EDGE ( 'NONE', *, *, #3152, .T. ) ;
#1656 = LINE ( 'NONE', #6157, #2182 ) ;
#1657 = DIRECTION ( 'NONE',  ( 0.000000000000000000, 0.000000000000000000, 1.000000000000000000 ) ) ;
#1658 = VERTEX_POINT ( 'NONE', #3807 ) ;
#1659 = CARTESIAN_POINT ( 'NONE',  ( -51.64544826719043868, -12.00000000000000000, 2.849999999999998312 ) ) ;
#1660 = ADVANCED_FACE ( 'NONE', ( #4501 ), #6646, .T. ) ;
#1661 = EDGE_CURVE ( 'NONE', #8904, #1463, #4456, .T. ) ;
#1662 = VECTOR ( 'NONE', #9681, 1000.000000000000000 ) ;
#1663 = ORIENTED_EDGE ( 'NONE', *, *, #1123, .T. ) ;
#1664 = EDGE_CURVE ( 'NONE', #8061, #1324, #9815, .T. ) ;
#1665 = DIRECTION ( 'NONE',  ( 0.5000000000000008882, 0.000000000000000000, 0.8660254037844381525 ) ) ;
#1666 = VERTEX_POINT ( 'NONE', #8135 ) ;
#1667 = VECTOR ( 'NONE', #4009, 1000.000000000000000 ) ;
#1668 = LINE ( 'NONE', #5503, #4705 ) ;
#1669 = ORIENTED_EDGE ( 'NONE', *, *, #6948, .F. ) ;
#1670 = PLANE ( 'NONE',  #3470 ) ;
#1671 = FACE_OUTER_BOUND ( 'NONE', #9548, .T. ) ;
#1672 = AXIS2_PLACEMENT_3D ( 'NONE', #5152, #6664, #8930 ) ;
#1673 = ORIENTED_EDGE ( 'NONE', *, *, #4933, .F. ) ;
#1674 = DIRECTION ( 'NONE',  ( 1.000000000000000000, -0.000000000000000000, -0.000000000000000000 ) ) ;
#1675 = VECTOR ( 'NONE', #7143, 1000.000000000000000 ) ;
#1676 = ORIENTED_EDGE ( 'NONE', *, *, #7003, .T. ) ;
#1677 = CARTESIAN_POINT ( 'NONE',  ( 60.35455173280956132, 30.15544456622761516, -16.35455173280956487 ) ) ;
#1678 = EDGE_CURVE ( 'NONE', #5452, #4220, #5285, .T. ) ;
#1679 = CARTESIAN_POINT ( 'NONE',  ( -58.35455173280956132, 0.000000000000000000, -2.850000000000000089 ) ) ;
#1680 = LINE ( 'NONE', #3226, #8157 ) ;
#1681 = DIRECTION ( 'NONE',  ( -0.5000000000000004441, 0.000000000000000000, 0.8660254037844383745 ) ) ;
#1682 = LINE ( 'NONE', #7818, #6744 ) ;
#1683 = ORIENTED_EDGE ( 'NONE', *, *, #6232, .T. ) ;
#1685 = ADVANCED_FACE ( 'NONE', ( #5846 ), #8915, .T. ) ;
#1684 = DIRECTION ( 'NONE',  ( -0.4999999999999992784, -0.000000000000000000, 0.8660254037844390407 ) ) ;
#1686 = PLANE ( 'NONE',  #4893 ) ;
#1687 = VECTOR ( 'NONE', #3675, 1000.000000000000000 ) ;
#1688 = FACE_BOUND ( 'NONE', #393, .T. ) ;
#1689 = CARTESIAN_POINT ( 'NONE',  ( -41.64544826719043868, -12.00000000000000000, 2.849999999999998312 ) ) ;
#1690 = CARTESIAN_POINT ( 'NONE',  ( -36.70910346561912974, -12.00000000000000000, 10.00000000000000711 ) ) ;
#1691 = ORIENTED_EDGE ( 'NONE', *, *, #2436, .T. ) ;
#1692 = AXIS2_PLACEMENT_3D ( 'NONE', #2094, #5093, #662 ) ;
#1693 = LINE ( 'NONE', #9211, #6972 ) ;
#1694 = ORIENTED_EDGE ( 'NONE', *, *, #680, .F. ) ;
#1695 = EDGE_CURVE ( 'NONE', #1119, #6467, #7545, .T. ) ;
#1696 = ORIENTED_EDGE ( 'NONE', *, *, #8886, .F. ) ;
#1697 = DIRECTION ( 'NONE',  ( 0.000000000000000000, 1.000000000000000000, 0.000000000000000000 ) ) ;
#1698 = EDGE_CURVE ( 'NONE', #7239, #6377, #2052, .T. ) ;
#1699 = AXIS2_PLACEMENT_3D ( 'NONE', #2526, #4122, #7815 ) ;
#1700 = ORIENTED_EDGE ( 'NONE', *, *, #973, .F. ) ;
#1701 = ORIENTED_EDGE ( 'NONE', *, *, #4478, .F. ) ;
#1702 = VECTOR ( 'NONE', #8559, 1000.000000000000000 ) ;
#1703 = DIRECTION ( 'NONE',  ( 1.000000000000000000, 0.000000000000000000, -1.317819823453642871E-16 ) ) ;
#1704 = CARTESIAN_POINT ( 'NONE',  ( 50.35455173280956132, 10.00000000000000000, 18.35455173280956842 ) ) ;
#1705 = VECTOR ( 'NONE', #1790, 1000.000000000000000 ) ;
#1706 = EDGE_CURVE ( 'NONE', #106, #9781, #7596, .T. ) ;
#1707 = DIRECTION ( 'NONE',  ( -1.000000000000000000, 0.000000000000000000, 0.000000000000000000 ) ) ;
#1708 = VERTEX_POINT ( 'NONE', #8188 ) ;
#1709 = LINE ( 'NONE', #9119, #5164 ) ;
#1710 = VECTOR ( 'NONE', #7535, 1000.000000000000000 ) ;
#1711 = VECTOR ( 'NONE', #3645, 1000.000000000000000 ) ;
#1712 = ADVANCED_FACE ( 'NONE', ( #7451 ), #1354, .T. ) ;
#1713 = VECTOR ( 'NONE', #3757, 1000.000000000000000 ) ;
#1714 = CARTESIAN_POINT ( 'NONE',  ( -60.35455173280956132, 0.000000000000000000, 0.000000000000000000 ) ) ;
#1715 = EDGE_CURVE ( 'NONE', #718, #4368, #2896, .T. ) ;
#1716 = EDGE_LOOP ( 'NONE', ( #996, #3416, #9118, #9042 ) ) ;
#1717 = EDGE_CURVE ( 'NONE', #1435, #7134, #4554, .T. ) ;
#1718 = DIRECTION ( 'NONE',  ( -1.000000000000000000, -0.000000000000000000, -0.000000000000000000 ) ) ;
#1719 = CARTESIAN_POINT ( 'NONE',  ( 0.000000000000000000, -12.00000000000000000, 0.000000000000000000 ) ) ;
#1720 = VECTOR ( 'NONE', #935, 1000.000000000000000 ) ;
#1721 = VERTEX_POINT ( 'NONE', #4403 ) ;
#1722 = EDGE_CURVE ( 'NONE', #3595, #580, #1304, .T. ) ;
#1723 = CARTESIAN_POINT ( 'NONE',  ( 11.64544826719000881, -12.00000000000000000, 47.14999999999999858 ) ) ;
#1724 = EDGE_CURVE ( 'NONE', #9653, #445, #9704, .T. ) ;
#1725 = VECTOR ( 'NONE', #2722, 1000.000000000000000 ) ;
#1726 = CARTESIAN_POINT ( 'NONE',  ( 50.35455173280956132, 36.15544456622761516, -48.64544826719049553 ) ) ;
#1727 = ORIENTED_EDGE ( 'NONE', *, *, #6643, .F. ) ;
#1728 = DIRECTION ( 'NONE',  ( 0.000000000000000000, 1.000000000000000000, 0.000000000000000000 ) ) ;
#1729 = EDGE_CURVE ( 'NONE', #2002, #4269, #7394, .T. ) ;
#1730 = ORIENTED_EDGE ( 'NONE', *, *, #7808, .T. ) ;
#1731 = PLANE ( 'NONE',  #8053 ) ;
#1732 = VERTEX_POINT ( 'NONE', #5185 ) ;
#1733 = CYLINDRICAL_SURFACE ( 'NONE', #5527, 2.999999999999995559 ) ;
#1734 = DIRECTION ( 'NONE',  ( 0.4999999999999992784, -0.000000000000000000, 0.8660254037844390407 ) ) ;
#1735 = ORIENTED_EDGE ( 'NONE', *, *, #5900, .F. ) ;
#1736 = CARTESIAN_POINT ( 'NONE',  ( 21.64544826719042447, -12.00000000000000000, 12.85000000000000675 ) ) ;
#1737 = CARTESIAN_POINT ( 'NONE',  ( -13.29089653438055052, -12.00000000000000000, 40.00000000000000000 ) ) ;
#1738 = ORIENTED_EDGE ( 'NONE', *, *, #6227, .F. ) ;
#1739 = CARTESIAN_POINT ( 'NONE',  ( 11.64544826719042447, 0.000000000000000000, 7.150000000000007461 ) ) ;
#1740 = ORIENTED_EDGE ( 'NONE', *, *, #9251, .F. ) ;
#1741 = LINE ( 'NONE', #60, #8812 ) ;
#1742 = DIRECTION ( 'NONE',  ( 1.000000000000000000, -0.000000000000000000, -0.000000000000000000 ) ) ;
#1743 = CARTESIAN_POINT ( 'NONE',  ( 21.64544826719001236, -12.00000000000000000, 47.14999999999999858 ) ) ;
#1744 = CARTESIAN_POINT ( 'NONE',  ( -46.70910346561912974, -12.00000000000000000, 10.00000000000000711 ) ) ;
#1745 = LINE ( 'NONE', #252, #6958 ) ;
#1746 = LINE ( 'NONE', #6140, #126 ) ;
#1747 = ORIENTED_EDGE ( 'NONE', *, *, #2061, .T. ) ;
#1748 = LINE ( 'NONE', #1642, #7458 ) ;
#1749 = EDGE_LOOP ( 'NONE', ( #9340, #1683, #2568, #510, #5855, #6309 ) ) ;
#1750 = VERTEX_POINT ( 'NONE', #9756 ) ;
#1751 = PLANE ( 'NONE',  #6120 ) ;
#1752 = ORIENTED_EDGE ( 'NONE', *, *, #7314, .F. ) ;
#1753 = ORIENTED_EDGE ( 'NONE', *, *, #6910, .F. ) ;
#1754 = CARTESIAN_POINT ( 'NONE',  ( -21.64544826719021842, -12.00000000000000000, 27.15000000000000568 ) ) ;
#1755 = DIRECTION ( 'NONE',  ( 0.000000000000000000, -0.000000000000000000, -1.000000000000000000 ) ) ;
#1756 = LINE ( 'NONE', #9357, #281 ) ;
#1757 = ORIENTED_EDGE ( 'NONE', *, *, #2393, .T. ) ;
#1758 = DIRECTION ( 'NONE',  ( 1.000000000000000000, 0.000000000000000000, 0.000000000000000000 ) ) ;
#1759 = EDGE_CURVE ( 'NONE', #6517, #8503, #2950, .T. ) ;
#1760 = DIRECTION ( 'NONE',  ( -0.5000000000000004441, 0.000000000000000000, 0.8660254037844383745 ) ) ;
#1761 = VERTEX_POINT ( 'NONE', #9070 ) ;
#1762 = CARTESIAN_POINT ( 'NONE',  ( -58.35455173280956132, 10.00000000000000000, -8.354551732809563092 ) ) ;
#1763 = LINE ( 'NONE', #4057, #7097 ) ;
#1764 = EDGE_CURVE ( 'NONE', #8404, #9634, #4701, .T. ) ;
#1765 = EDGE_CURVE ( 'NONE', #8585, #8815, #6888, .T. ) ;
#1766 = PRODUCT ( 'Elevator base mount', 'Elevator base mount', '', ( #6895 ) ) ;
#1767 = EDGE_CURVE ( 'NONE', #7878, #5733, #5341, .T. ) ;
#1768 = ADVANCED_FACE ( 'NONE', ( #8385 ), #81, .T. ) ;
#1769 = VERTEX_POINT ( 'NONE', #7739 ) ;
#1770 = CARTESIAN_POINT ( 'NONE',  ( 28.35455173280955421, -12.00000000000000000, 2.849999999999997868 ) ) ;
#1771 = LINE ( 'NONE', #5359, #8940 ) ;
#1772 = ORIENTED_EDGE ( 'NONE', *, *, #334, .F. ) ;
#1773 = CARTESIAN_POINT ( 'NONE',  ( 41.64544826719043158, -12.00000000000000000, 7.150000000000007461 ) ) ;
#1774 = ORIENTED_EDGE ( 'NONE', *, *, #9186, .T. ) ;
#1775 = CARTESIAN_POINT ( 'NONE',  ( 18.35455173280955421, -12.00000000000000000, 7.150000000000007461 ) ) ;
#1776 = EDGE_CURVE ( 'NONE', #1367, #3177, #2451, .T. ) ;
#1777 = ORIENTED_EDGE ( 'NONE', *, *, #5386, .T. ) ;
#1778 = CARTESIAN_POINT ( 'NONE',  ( -11.64544826719021664, -12.00000000000000000, 27.15000000000000568 ) ) ;
#1779 = EDGE_CURVE ( 'NONE', #3299, #2020, #6241, .T. ) ;
#1780 = LINE ( 'NONE', #1677, #7578 ) ;
#1781 = ORIENTED_EDGE ( 'NONE', *, *, #292, .F. ) ;
#1782 = DIRECTION ( 'NONE',  ( 0.000000000000000000, 1.000000000000000000, 0.000000000000000000 ) ) ;
#1783 = DIRECTION ( 'NONE',  ( 0.000000000000000000, 0.000000000000000000, -1.000000000000000000 ) ) ;
#1784 = EDGE_LOOP ( 'NONE', ( #2666, #2444, #4621, #795 ) ) ;
#1785 = DIRECTION ( 'NONE',  ( 0.5000000000000005551, 0.000000000000000000, 0.8660254037844382635 ) ) ;
#1786 = EDGE_LOOP ( 'NONE', ( #659, #8796, #7384, #6940 ) ) ;
#1787 = CARTESIAN_POINT ( 'NONE',  ( 28.35455173280955421, -12.00000000000000000, -2.850000000000000089 ) ) ;
#1788 = FACE_OUTER_BOUND ( 'NONE', #265, .T. ) ;
#1789 = FACE_OUTER_BOUND ( 'NONE', #845, .T. ) ;
#1790 = DIRECTION ( 'NONE',  ( 0.5000000000000008882, 0.000000000000000000, 0.8660254037844381525 ) ) ;
#1791 = EDGE_CURVE ( 'NONE', #5140, #7524, #9217, .T. ) ;
#1792 = CARTESIAN_POINT ( 'NONE',  ( 38.35455173280955421, -12.00000000000000000, -2.850000000000000089 ) ) ;
#1793 = VERTEX_POINT ( 'NONE', #7646 ) ;
#1794 = AXIS2_PLACEMENT_3D ( 'NONE', #4546, #6784, #4600 ) ;
#1795 = AXIS2_PLACEMENT_3D ( 'NONE', #5836, #4146, #7185 ) ;
#1796 = ORIENTED_EDGE ( 'NONE', *, *, #3412, .F. ) ;
#1797 = ORIENTED_EDGE ( 'NONE', *, *, #6761, .T. ) ;
#1798 = DIRECTION ( 'NONE',  ( -0.8660254037844381525, 0.000000000000000000, 0.5000000000000008882 ) ) ;
#1799 = VERTEX_POINT ( 'NONE', #5486 ) ;
#1800 = ORIENTED_EDGE ( 'NONE', *, *, #1407, .T. ) ;
#1801 = LINE ( 'NONE', #7284, #7045 ) ;
#1802 = CARTESIAN_POINT ( 'NONE',  ( 60.35455173280956132, 10.00000000000000178, -48.35455173280956842 ) ) ;
#1803 = VECTOR ( 'NONE', #5471, 1000.000000000000000 ) ;
#1804 = LINE ( 'NONE', #6344, #8543 ) ;
#1805 = DIRECTION ( 'NONE',  ( -0.5000000000000005551, -0.000000000000000000, -0.8660254037844382635 ) ) ;
#1806 = AXIS2_PLACEMENT_3D ( 'NONE', #3906, #822, #1898 ) ;
#1807 = ORIENTED_EDGE ( 'NONE', *, *, #2271, .F. ) ;
#1808 = VECTOR ( 'NONE', #8686, 1000.000000000000000 ) ;
#1809 = VERTEX_POINT ( 'NONE', #815 ) ;
#1810 = PLANE ( 'NONE',  #5525 ) ;
#1811 = AXIS2_PLACEMENT_3D ( 'NONE', #2847, #8237, #9702 ) ;
#1812 = VECTOR ( 'NONE', #5519, 1000.000000000000000 ) ;
#1813 = ORIENTED_EDGE ( 'NONE', *, *, #640, .T. ) ;
#1814 = CARTESIAN_POINT ( 'NONE',  ( -11.64544826719043158, 0.000000000000000000, 2.849999999999998312 ) ) ;
#1815 = ADVANCED_FACE ( 'NONE', ( #4650 ), #6151, .F. ) ;
#1816 = CARTESIAN_POINT ( 'NONE',  ( -58.35455173280956132, -12.00000000000000000, 2.849999999999997868 ) ) ;
#1817 = VECTOR ( 'NONE', #6938, 1000.000000000000000 ) ;
#1818 = VECTOR ( 'NONE', #8941, 1000.000000000000000 ) ;
#1819 = ORIENTED_EDGE ( 'NONE', *, *, #6643, .T. ) ;
#1820 = FACE_OUTER_BOUND ( 'NONE', #7819, .T. ) ;
#1821 = CARTESIAN_POINT ( 'NONE',  ( -28.35455173280955421, -12.00000000000000000, -2.850000000000000089 ) ) ;
#1822 = VERTEX_POINT ( 'NONE', #2404 ) ;
#1823 = ORIENTED_EDGE ( 'NONE', *, *, #7640, .F. ) ;
#1824 = EDGE_CURVE ( 'NONE', #1324, #3985, #7834, .T. ) ;
#1825 = EDGE_CURVE ( 'NONE', #1658, #9199, #4752, .T. ) ;
#1826 = ORIENTED_EDGE ( 'NONE', *, *, #869, .F. ) ;
#1827 = CARTESIAN_POINT ( 'NONE',  ( 46.70910346561912974, -12.00000000000000000, 1.294402214996931218E-15 ) ) ;
#1828 = ORIENTED_EDGE ( 'NONE', *, *, #142, .T. ) ;
#1829 = CARTESIAN_POINT ( 'NONE',  ( 13.29089653438044571, 0.000000000000000000, 50.00000000000000000 ) ) ;
#1830 = VERTEX_POINT ( 'NONE', #861 ) ;
#1831 = CARTESIAN_POINT ( 'NONE',  ( 11.64544826719000881, -12.00000000000000000, 52.85000000000000142 ) ) ;
#1832 = ORIENTED_EDGE ( 'NONE', *, *, #6353, .T. ) ;
#1833 = MECHANICAL_DESIGN_GEOMETRIC_PRESENTATION_REPRESENTATION (  '', ( #4379 ), #4058 ) ;
#1834 = LINE ( 'NONE', #4824, #3939 ) ;
#1835 = FACE_OUTER_BOUND ( 'NONE', #1365, .T. ) ;
#1836 = ORIENTED_EDGE ( 'NONE', *, *, #1061, .T. ) ;
#1837 = CARTESIAN_POINT ( 'NONE',  ( 18.35455173280944763, -12.00000000000000000, 17.15000000000000568 ) ) ;
#1838 = DIRECTION ( 'NONE',  ( 0.000000000000000000, 1.000000000000000000, 0.000000000000000000 ) ) ;
#1839 = PLANE ( 'NONE',  #1545 ) ;
#1840 = EDGE_CURVE ( 'NONE', #9808, #1252, #6942, .T. ) ;
#1841 = AXIS2_PLACEMENT_3D ( 'NONE', #8307, #3780, #6820 ) ;
#1842 = LINE ( 'NONE', #4928, #4198 ) ;
#1843 = DIRECTION ( 'NONE',  ( 0.000000000000000000, 1.000000000000000000, 0.000000000000000000 ) ) ;
#1844 = VECTOR ( 'NONE', #7660, 1000.000000000000000 ) ;
#1845 = DIRECTION ( 'NONE',  ( 0.000000000000000000, -0.000000000000000000, -1.000000000000000000 ) ) ;
#1846 = ORIENTED_EDGE ( 'NONE', *, *, #9714, .T. ) ;
#1847 = VECTOR ( 'NONE', #6903, 1000.000000000000000 ) ;
#1848 = DIRECTION ( 'NONE',  ( 0.4999999999999995004, 0.000000000000000000, 0.8660254037844389297 ) ) ;
#1849 = VERTEX_POINT ( 'NONE', #3253 ) ;
#1850 = VERTEX_POINT ( 'NONE', #5439 ) ;
#1851 = LINE ( 'NONE', #9302, #7862 ) ;
#1852 = ORIENTED_EDGE ( 'NONE', *, *, #2234, .T. ) ;
#1853 = VERTEX_POINT ( 'NONE', #2500 ) ;
#1854 = LINE ( 'NONE', #5036, #847 ) ;
#1855 = LINE ( 'NONE', #9397, #6472 ) ;
#1856 = EDGE_CURVE ( 'NONE', #3500, #9204, #2304, .T. ) ;
#1857 = FACE_OUTER_BOUND ( 'NONE', #8137, .T. ) ;
#1858 = VECTOR ( 'NONE', #3108, 1000.000000000000000 ) ;
#1859 = ORIENTED_EDGE ( 'NONE', *, *, #8441, .T. ) ;
#1860 = CARTESIAN_POINT ( 'NONE',  ( -28.35455173280955421, -12.00000000000000000, 12.85000000000000675 ) ) ;
#1861 = CARTESIAN_POINT ( 'NONE',  ( -61.64544826719043158, -12.00000000000000000, 12.85000000000000675 ) ) ;
#1862 = AXIS2_PLACEMENT_3D ( 'NONE', #3738, #6082, #754 ) ;
#1863 = ORIENTED_EDGE ( 'NONE', *, *, #1034, .F. ) ;
#1864 = VECTOR ( 'NONE', #1843, 1000.000000000000000 ) ;
#1865 = CARTESIAN_POINT ( 'NONE',  ( 18.35455173280934460, 0.000000000000000000, 27.15000000000000568 ) ) ;
#1866 = CARTESIAN_POINT ( 'NONE',  ( -48.35455173280956132, -0.000000000000000000, 7.150000000000007461 ) ) ;
#1867 = DIRECTION ( 'NONE',  ( 0.000000000000000000, 0.000000000000000000, -1.000000000000000000 ) ) ;
#1868 = VECTOR ( 'NONE', #1232, 1000.000000000000000 ) ;
#1869 = VECTOR ( 'NONE', #4598, 1000.000000000000114 ) ;
#1870 = VECTOR ( 'NONE', #4956, 1000.000000000000114 ) ;
#1871 = ORIENTED_EDGE ( 'NONE', *, *, #3310, .T. ) ;
#1872 = EDGE_CURVE ( 'NONE', #8023, #6404, #4798, .T. ) ;
#1873 = DIRECTION ( 'NONE',  ( -1.000000000000000000, 0.000000000000000000, 0.000000000000000000 ) ) ;
#1874 = ORIENTED_EDGE ( 'NONE', *, *, #3100, .T. ) ;
#1875 = AXIS2_PLACEMENT_3D ( 'NONE', #7292, #1254, #2649 ) ;
#1876 = EDGE_LOOP ( 'NONE', ( #9591, #8696, #6796, #8304 ) ) ;
#1877 = ORIENTED_EDGE ( 'NONE', *, *, #1357, .F. ) ;
#1878 = CARTESIAN_POINT ( 'NONE',  ( -36.70910346561912974, -12.00000000000000000, 10.00000000000000711 ) ) ;
#1879 = VERTEX_POINT ( 'NONE', #1704 ) ;
#1880 = LINE ( 'NONE', #1120, #70 ) ;
#1881 = ORIENTED_EDGE ( 'NONE', *, *, #2611, .F. ) ;
#1882 = VECTOR ( 'NONE', #7240, 1000.000000000000000 ) ;
#1883 = ADVANCED_FACE ( 'NONE', ( #1650 ), #6201, .T. ) ;
#1884 = DIRECTION ( 'NONE',  ( -1.000000000000000000, -0.000000000000000000, -0.000000000000000000 ) ) ;
#1885 = CARTESIAN_POINT ( 'NONE',  ( -28.35455173280955421, 0.000000000000000000, 7.150000000000007461 ) ) ;
#1886 = ORIENTED_EDGE ( 'NONE', *, *, #3551, .T. ) ;
#1887 = CARTESIAN_POINT ( 'NONE',  ( 0.000000000000000000, -12.00000000000000000, 0.000000000000000000 ) ) ;
#1888 = PLANE ( 'NONE',  #5482 ) ;
#1889 = CARTESIAN_POINT ( 'NONE',  ( 0.000000000000000000, -12.00000000000000000, 0.000000000000000000 ) ) ;
#1890 = LINE ( 'NONE', #6423, #2601 ) ;
#1891 = LINE ( 'NONE', #1089, #4248 ) ;
#1892 = FACE_OUTER_BOUND ( 'NONE', #4158, .T. ) ;
#1893 = FACE_OUTER_BOUND ( 'NONE', #9090, .T. ) ;
#1894 = EDGE_CURVE ( 'NONE', #2918, #8592, #1601, .T. ) ;
#1895 = ORIENTED_EDGE ( 'NONE', *, *, #9351, .F. ) ;
#1896 = EDGE_CURVE ( 'NONE', #8002, #4528, #3206, .T. ) ;
#1897 = ADVANCED_FACE ( 'NONE', ( #6437 ), #4098, .T. ) ;
#1898 = DIRECTION ( 'NONE',  ( 0.000000000000000000, -0.000000000000000000, -1.000000000000000000 ) ) ;
#1899 = EDGE_LOOP ( 'NONE', ( #4778, #1823, #3538, #7180 ) ) ;
#1900 = ORIENTED_EDGE ( 'NONE', *, *, #4861, .F. ) ;
#1901 = DIRECTION ( 'NONE',  ( 0.000000000000000000, -0.000000000000000000, -1.000000000000000000 ) ) ;
#1902 = ORIENTED_EDGE ( 'NONE', *, *, #4391, .F. ) ;
#1903 = VERTEX_POINT ( 'NONE', #4189 ) ;
#1904 = LINE ( 'NONE', #5579, #4190 ) ;
#1905 = DIRECTION ( 'NONE',  ( 0.5000000000000250910, 0.000000000000000000, 0.8660254037844242747 ) ) ;
#1906 = DIRECTION ( 'NONE',  ( 0.4999999999999992784, -0.000000000000000000, 0.8660254037844390407 ) ) ;
#1907 = ORIENTED_EDGE ( 'NONE', *, *, #2384, .F. ) ;
#1908 = CARTESIAN_POINT ( 'NONE',  ( -28.35455173280955421, 10.00000000000000000, 18.35455173280956842 ) ) ;
#1909 = EDGE_CURVE ( 'NONE', #3029, #5596, #4849, .T. ) ;
#1910 = CARTESIAN_POINT ( 'NONE',  ( -58.35455173280956132, -12.00000000000000000, 7.150000000000007461 ) ) ;
#1911 = ORIENTED_EDGE ( 'NONE', *, *, #7618, .T. ) ;
#1912 = LINE ( 'NONE', #8093, #6913 ) ;
#1913 = DIRECTION ( 'NONE',  ( 0.4999999999999992228, 0.000000000000000000, 0.8660254037844390407 ) ) ;
#1914 = DIRECTION ( 'NONE',  ( 0.000000000000000000, 0.000000000000000000, -1.000000000000000000 ) ) ;
#1915 = ORIENTED_EDGE ( 'NONE', *, *, #7498, .F. ) ;
#1916 = CARTESIAN_POINT ( 'NONE',  ( -63.29089653438087026, -12.00000000000000000, 3.038187096183830448E-15 ) ) ;
#1917 = EDGE_LOOP ( 'NONE', ( #3441, #1428, #1419, #2187 ) ) ;
#1918 = ORIENTED_EDGE ( 'NONE', *, *, #3442, .T. ) ;
#1919 = ORIENTED_EDGE ( 'NONE', *, *, #2062, .F. ) ;
#1920 = FACE_OUTER_BOUND ( 'NONE', #9667, .T. ) ;
#1921 = DIRECTION ( 'NONE',  ( 0.000000000000000000, 1.000000000000000000, 0.000000000000000000 ) ) ;
#1922 = ORIENTED_EDGE ( 'NONE', *, *, #5076, .T. ) ;
#1923 = DIRECTION ( 'NONE',  ( 1.000000000000000000, 0.000000000000000000, -1.317819823453642871E-16 ) ) ;
#1924 = CARTESIAN_POINT ( 'NONE',  ( -48.35455173280956132, -12.00000000000000000, -2.850000000000000089 ) ) ;
#1925 = LINE ( 'NONE', #442, #4978 ) ;
#1926 = VERTEX_POINT ( 'NONE', #3306 ) ;
#1927 = ORIENTED_EDGE ( 'NONE', *, *, #640, .F. ) ;
#1928 = CARTESIAN_POINT ( 'NONE',  ( -21.64544826719011539, -0.000000000000000000, 37.15000000000000568 ) ) ;
#1929 = CARTESIAN_POINT ( 'NONE',  ( -23.29089653438086316, -12.00000000000000000, 3.038187096183830448E-15 ) ) ;
#1930 = ADVANCED_FACE ( 'NONE', ( #9454 ), #6343, .T. ) ;
#1931 = DIRECTION ( 'NONE',  ( -0.8660254037844387076, 0.000000000000000000, 0.4999999999999998335 ) ) ;
#1932 = CARTESIAN_POINT ( 'NONE',  ( 18.35455173280913499, -12.00000000000000000, 47.14999999999999858 ) ) ;
#1933 = LINE ( 'NONE', #7128, #6809 ) ;
#1934 = EDGE_LOOP ( 'NONE', ( #2816, #5520, #455, #2115, #2530, #3680 ) ) ;
#1935 = CARTESIAN_POINT ( 'NONE',  ( -8.354551732809134990, -12.00000000000000000, 52.85000000000000142 ) ) ;
#1936 = LINE ( 'NONE', #8948, #7855 ) ;
#1937 = ORIENTED_EDGE ( 'NONE', *, *, #7154, .F. ) ;
#1938 = ORIENTED_EDGE ( 'NONE', *, *, #7141, .T. ) ;
#1939 = DIRECTION ( 'NONE',  ( 0.000000000000000000, -1.000000000000000000, 0.000000000000000000 ) ) ;
#1940 = EDGE_LOOP ( 'NONE', ( #477, #2715, #5087, #8603 ) ) ;
#1941 = EDGE_CURVE ( 'NONE', #3342, #4291, #7884, .T. ) ;
#1942 = ORIENTED_EDGE ( 'NONE', *, *, #2441, .T. ) ;
#1943 = ADVANCED_FACE ( 'NONE', ( #5580 ), #1055, .T. ) ;
#1944 = LINE ( 'NONE', #4848, #7693 ) ;
#1945 = DIRECTION ( 'NONE',  ( 0.8660254037844389297, -0.000000000000000000, 0.4999999999999995004 ) ) ;
#1946 = CARTESIAN_POINT ( 'NONE',  ( -16.70910346561891302, -12.00000000000000000, 30.00000000000000711 ) ) ;
#1947 = ORIENTED_EDGE ( 'NONE', *, *, #6037, .F. ) ;
#1948 = CARTESIAN_POINT ( 'NONE',  ( 60.35455173280956132, 30.15544456622761516, -48.64544826719049553 ) ) ;
#1949 = DIRECTION ( 'NONE',  ( -0.000000000000000000, 2.148870006293945467E-16, -1.000000000000000000 ) ) ;
#1950 = ORIENTED_EDGE ( 'NONE', *, *, #5418, .T. ) ;
#1951 = DIRECTION ( 'NONE',  ( 0.000000000000000000, 0.000000000000000000, 1.000000000000000000 ) ) ;
#1952 = VECTOR ( 'NONE', #2138, 1000.000000000000000 ) ;
#1953 = CIRCLE ( 'NONE', #7688, 2.999999999999995559 ) ;
#1954 = EDGE_CURVE ( 'NONE', #6763, #9304, #4987, .T. ) ;
#1955 = CARTESIAN_POINT ( 'NONE',  ( 28.35455173280955421, 10.00000000000000000, 58.35455173280957553 ) ) ;
#1956 = CARTESIAN_POINT ( 'NONE',  ( -16.70910346561901960, 0.000000000000000000, 20.00000000000000355 ) ) ;
#1957 = LINE ( 'NONE', #7194, #9175 ) ;
#1958 = ORIENTED_EDGE ( 'NONE', *, *, #2726, .T. ) ;
#1959 = VECTOR ( 'NONE', #9654, 1000.000000000000000 ) ;
#1960 = VECTOR ( 'NONE', #899, 1000.000000000000000 ) ;
#1961 = VECTOR ( 'NONE', #8855, 1000.000000000000000 ) ;
#1962 = CARTESIAN_POINT ( 'NONE',  ( -8.354551732809552433, 0.000000000000000000, 7.150000000000007461 ) ) ;
#1963 = ORIENTED_EDGE ( 'NONE', *, *, #8811, .T. ) ;
#1964 = ADVANCED_FACE ( 'NONE', ( #1143 ), #7233, .T. ) ;
#1965 = VERTEX_POINT ( 'NONE', #1192 ) ;
#1966 = AXIS2_PLACEMENT_3D ( 'NONE', #2003, #7391, #2050 ) ;
#1967 = ORIENTED_EDGE ( 'NONE', *, *, #5158, .F. ) ;
#1968 = VECTOR ( 'NONE', #5323, 1000.000000000000000 ) ;
#1969 = CARTESIAN_POINT ( 'NONE',  ( -26.70910346561912618, -12.00000000000000000, 10.00000000000000711 ) ) ;
#1970 = EDGE_CURVE ( 'NONE', #2846, #9824, #1855, .T. ) ;
#1971 = PLANE ( 'NONE',  #8081 ) ;
#1972 = ORIENTED_EDGE ( 'NONE', *, *, #1678, .T. ) ;
#1973 = LINE ( 'NONE', #5948, #6963 ) ;
#1974 = DIRECTION ( 'NONE',  ( -1.000000000000000000, -0.000000000000000000, -0.000000000000000000 ) ) ;
#1975 = EDGE_LOOP ( 'NONE', ( #995, #9383, #1836, #2946 ) ) ;
#1976 = VECTOR ( 'NONE', #2502, 1000.000000000000000 ) ;
#1977 = DIRECTION ( 'NONE',  ( 0.000000000000000000, 1.000000000000000000, 0.000000000000000000 ) ) ;
#1978 = VECTOR ( 'NONE', #4104, 1000.000000000000114 ) ;
#1979 = FACE_OUTER_BOUND ( 'NONE', #2210, .T. ) ;
#1980 = LINE ( 'NONE', #251, #3724 ) ;
#1981 = CARTESIAN_POINT ( 'NONE',  ( 8.354551732809550657, -12.00000000000000000, 2.849999999999997868 ) ) ;
#1982 = DIRECTION ( 'NONE',  ( -0.5000000000000248690, 0.000000000000000000, 0.8660254037844242747 ) ) ;
#1983 = VECTOR ( 'NONE', #2873, 1000.000000000000114 ) ;
#1984 = EDGE_LOOP ( 'NONE', ( #8120, #5713, #2879, #3485 ) ) ;
#1985 = LINE ( 'NONE', #3497, #5946 ) ;
#1986 = DIRECTION ( 'NONE',  ( 0.5000000000000009992, 0.000000000000000000, -0.8660254037844380415 ) ) ;
#1987 = DIRECTION ( 'NONE',  ( 0.000000000000000000, -0.000000000000000000, -1.000000000000000000 ) ) ;
#1988 = VERTEX_POINT ( 'NONE', #9356 ) ;
#1989 = CARTESIAN_POINT ( 'NONE',  ( -38.35455173280955421, -12.00000000000000000, 12.85000000000000675 ) ) ;
#1990 = AXIS2_PLACEMENT_3D ( 'NONE', #3790, #3191, #4589 ) ;
#1991 = ORIENTED_EDGE ( 'NONE', *, *, #2422, .F. ) ;
#1992 = CARTESIAN_POINT ( 'NONE',  ( -21.64544826719032145, -12.00000000000000000, 17.15000000000000568 ) ) ;
#1993 = CARTESIAN_POINT ( 'NONE',  ( 38.35455173280955421, -12.00000000000000000, 12.85000000000000675 ) ) ;
#1994 = LINE ( 'NONE', #7939, #3461 ) ;
#1995 = ORIENTED_EDGE ( 'NONE', *, *, #6227, .T. ) ;
#1996 = VECTOR ( 'NONE', #4271, 1000.000000000000000 ) ;
#1997 = CARTESIAN_POINT ( 'NONE',  ( -6.709103465618808215, -12.00000000000000000, 40.00000000000000000 ) ) ;
#1998 = VECTOR ( 'NONE', #672, 1000.000000000000000 ) ;
#1999 = ADVANCED_FACE ( 'NONE', ( #357 ), #4239, .T. ) ;
#2000 = ORIENTED_EDGE ( 'NONE', *, *, #6761, .F. ) ;
#2001 = DIRECTION ( 'NONE',  ( 0.000000000000000000, 1.000000000000000000, 0.000000000000000000 ) ) ;
#2002 = VERTEX_POINT ( 'NONE', #268 ) ;
#2003 = CARTESIAN_POINT ( 'NONE',  ( 50.35455173280956132, 33.15544456622761516, -16.35455173280956487 ) ) ;
#2004 = LINE ( 'NONE', #5797, #85 ) ;
#2005 = LINE ( 'NONE', #4954, #2902 ) ;
#2006 = CARTESIAN_POINT ( 'NONE',  ( -18.35455173280955421, -12.00000000000000000, 2.849999999999997868 ) ) ;
#2007 = CIRCLE ( 'NONE', #5824, 2.999999999999995559 ) ;
#2008 = CARTESIAN_POINT ( 'NONE',  ( 53.29089653438087026, -12.00000000000000000, 3.038187096183830448E-15 ) ) ;
#2009 = ADVANCED_FACE ( 'NONE', ( #465 ), #6493, .T. ) ;
#2010 = VERTEX_POINT ( 'NONE', #1102 ) ;
#2011 = EDGE_CURVE ( 'NONE', #5493, #4313, #2593, .T. ) ;
#2012 = VERTEX_POINT ( 'NONE', #1802 ) ;
#2013 = EDGE_CURVE ( 'NONE', #6126, #2884, #3397, .T. ) ;
#2014 = VECTOR ( 'NONE', #8463, 1000.000000000000000 ) ;
#2015 = CARTESIAN_POINT ( 'NONE',  ( -50.35455173280956132, 33.15544456622761516, -16.35455173280956487 ) ) ;
#2016 = ORIENTED_EDGE ( 'NONE', *, *, #6418, .T. ) ;
#2017 = EDGE_CURVE ( 'NONE', #9781, #5084, #5695, .T. ) ;
#2018 = ORIENTED_EDGE ( 'NONE', *, *, #8383, .T. ) ;
#2019 = AXIS2_PLACEMENT_3D ( 'NONE', #501, #8999, #9647 ) ;
#2020 = VERTEX_POINT ( 'NONE', #9512 ) ;
#2021 = VECTOR ( 'NONE', #8495, 1000.000000000000000 ) ;
#2022 = DIRECTION ( 'NONE',  ( -0.4999999999999990563, -0.000000000000000000, 0.8660254037844391517 ) ) ;
#2023 = VERTEX_POINT ( 'NONE', #413 ) ;
#2024 = CARTESIAN_POINT ( 'NONE',  ( 8.354551732809550657, -12.00000000000000000, 12.85000000000000675 ) ) ;
#2025 = VECTOR ( 'NONE', #8784, 1000.000000000000000 ) ;
#2026 = PLANE ( 'NONE',  #2430 ) ;
#2027 = ORIENTED_EDGE ( 'NONE', *, *, #4010, .F. ) ;
#2028 = VECTOR ( 'NONE', #7365, 1000.000000000000000 ) ;
#2029 = ORIENTED_EDGE ( 'NONE', *, *, #152, .T. ) ;
#2030 = DIRECTION ( 'NONE',  ( -0.5000000000000004441, 0.000000000000000000, -0.8660254037844383745 ) ) ;
#2031 = DIRECTION ( 'NONE',  ( 0.000000000000000000, 1.000000000000000000, 0.000000000000000000 ) ) ;
#2032 = CARTESIAN_POINT ( 'NONE',  ( 60.35455173280956132, 17.99999999999997868, -48.64544826719049553 ) ) ;
#2033 = AXIS2_PLACEMENT_3D ( 'NONE', #6220, #54, #4727 ) ;
#2034 = CARTESIAN_POINT ( 'NONE',  ( 36.70910346561912974, -12.00000000000000000, 1.294402214996931218E-15 ) ) ;
#2035 = ORIENTED_EDGE ( 'NONE', *, *, #3004, .T. ) ;
#2036 = LINE ( 'NONE', #5078, #8488 ) ;
#2037 = CYLINDRICAL_SURFACE ( 'NONE', #3911, 2.999999999999995559 ) ;
#2038 = LINE ( 'NONE', #8752, #5457 ) ;
#2039 = ORIENTED_EDGE ( 'NONE', *, *, #8465, .F. ) ;
#2040 = PLANE ( 'NONE',  #8971 ) ;
#2041 = CARTESIAN_POINT ( 'NONE',  ( -53.29089653438087026, -12.00000000000000000, 3.038187096183830448E-15 ) ) ;
#2042 = ORIENTED_EDGE ( 'NONE', *, *, #4917, .F. ) ;
#2043 = CARTESIAN_POINT ( 'NONE',  ( -33.29089653438086316, 0.000000000000000000, 3.038187096183830448E-15 ) ) ;
#2044 = DIRECTION ( 'NONE',  ( 1.000000000000000000, -0.000000000000000000, -0.000000000000000000 ) ) ;
#2045 = CARTESIAN_POINT ( 'NONE',  ( -61.64544826719043868, 0.000000000000000000, 2.849999999999998312 ) ) ;
#2046 = EDGE_LOOP ( 'NONE', ( #2994, #6235, #1217, #4796 ) ) ;
#2047 = CARTESIAN_POINT ( 'NONE',  ( 61.64544826719043158, -12.00000000000000000, 7.150000000000007461 ) ) ;
#2048 = PLANE ( 'NONE',  #7280 ) ;
#2049 = ORIENTED_EDGE ( 'NONE', *, *, #4149, .T. ) ;
#2050 = DIRECTION ( 'NONE',  ( 0.000000000000000000, 0.000000000000000000, 1.000000000000000000 ) ) ;
#2051 = DIRECTION ( 'NONE',  ( 0.000000000000000000, 1.000000000000000000, 0.000000000000000000 ) ) ;
#2052 = LINE ( 'NONE', #8967, #8994 ) ;
#2053 = LINE ( 'NONE', #8729, #282 ) ;
#2054 = ORIENTED_EDGE ( 'NONE', *, *, #5307, .T. ) ;
#2055 = FACE_OUTER_BOUND ( 'NONE', #6581, .T. ) ;
#2056 = ORIENTED_EDGE ( 'NONE', *, *, #475, .F. ) ;
#2057 = DIRECTION ( 'NONE',  ( 0.000000000000000000, -1.000000000000000000, 2.227185007473450017E-16 ) ) ;
#2058 = ORIENTED_EDGE ( 'NONE', *, *, #2614, .F. ) ;
#2059 = VERTEX_POINT ( 'NONE', #4943 ) ;
#2060 = ADVANCED_FACE ( 'NONE', ( #2695 ), #7984, .T. ) ;
#2061 = EDGE_CURVE ( 'NONE', #6298, #223, #6726, .T. ) ;
#2062 = EDGE_CURVE ( 'NONE', #9786, #2453, #551, .T. ) ;
#2063 = ADVANCED_FACE ( 'NONE', ( #2888 ), #5230, .T. ) ;
#2064 = LINE ( 'NONE', #5103, #8511 ) ;
#2065 = LINE ( 'NONE', #4367, #6604 ) ;
#2066 = VERTEX_POINT ( 'NONE', #4293 ) ;
#2067 = FACE_OUTER_BOUND ( 'NONE', #5189, .T. ) ;
#2068 = DIRECTION ( 'NONE',  ( 1.317819823453642871E-16, -0.000000000000000000, 1.000000000000000000 ) ) ;
#2069 = VERTEX_POINT ( 'NONE', #2139 ) ;
#2070 = DIRECTION ( 'NONE',  ( -0.4999999999999990563, -0.000000000000000000, 0.8660254037844391517 ) ) ;
#2071 = EDGE_CURVE ( 'NONE', #8444, #327, #3743, .T. ) ;
#2072 = LINE ( 'NONE', #2628, #2672 ) ;
#2073 = ADVANCED_FACE ( 'NONE', ( #5085 ), #3604, .T. ) ;
#2074 = CARTESIAN_POINT ( 'NONE',  ( 8.354551732809550657, 0.000000000000000000, 2.849999999999997868 ) ) ;
#2075 = ORIENTED_EDGE ( 'NONE', *, *, #3587, .T. ) ;
#2076 = ORIENTED_EDGE ( 'NONE', *, *, #8038, .F. ) ;
#2077 = PLANE ( 'NONE',  #5813 ) ;
#2078 = CARTESIAN_POINT ( 'NONE',  ( -6.709103465619120854, -12.00000000000000000, 1.294402214996931218E-15 ) ) ;
#2079 = VERTEX_POINT ( 'NONE', #5172 ) ;
#2080 = LINE ( 'NONE', #4335, #5329 ) ;
#2081 = DIRECTION ( 'NONE',  ( 0.000000000000000000, 1.000000000000000000, 0.000000000000000000 ) ) ;
#2082 = ADVANCED_FACE ( 'NONE', ( #6036 ), #7529, .T. ) ;
#2083 = ORIENTED_EDGE ( 'NONE', *, *, #7514, .T. ) ;
#2084 = FACE_OUTER_BOUND ( 'NONE', #2828, .T. ) ;
#2085 = CARTESIAN_POINT ( 'NONE',  ( -48.35455173280956132, -12.00000000000000000, 7.150000000000007461 ) ) ;
#2086 = DIRECTION ( 'NONE',  ( 1.000000000000000000, -0.000000000000000000, 1.734723475976807094E-16 ) ) ;
#2087 = ORIENTED_EDGE ( 'NONE', *, *, #9, .F. ) ;
#2088 = CARTESIAN_POINT ( 'NONE',  ( 23.29089653438085961, 0.000000000000000000, 3.469446951953614189E-15 ) ) ;
#2089 = CARTESIAN_POINT ( 'NONE',  ( 41.64544826719043868, -12.00000000000000000, 2.849999999999998312 ) ) ;
#2090 = ORIENTED_EDGE ( 'NONE', *, *, #9516, .F. ) ;
#2091 = CARTESIAN_POINT ( 'NONE',  ( -38.35455173280955421, -12.00000000000000000, 2.849999999999997868 ) ) ;
#2092 = DIRECTION ( 'NONE',  ( 0.000000000000000000, 1.000000000000000000, 0.000000000000000000 ) ) ;
#2093 = DIRECTION ( 'NONE',  ( 0.4999999999999998890, 0.000000000000000000, -0.8660254037844385966 ) ) ;
#2094 = CARTESIAN_POINT ( 'NONE',  ( 21.64544826719042803, -12.00000000000000000, 7.150000000000007461 ) ) ;
#2095 = CARTESIAN_POINT ( 'NONE',  ( -21.64544826719011184, 0.000000000000000000, 42.85000000000000142 ) ) ;
#2096 = ORIENTED_EDGE ( 'NONE', *, *, #8734, .F. ) ;
#2097 = DIRECTION ( 'NONE',  ( 0.5000000000000003331, 0.000000000000000000, 0.8660254037844383745 ) ) ;
#2098 = ADVANCED_FACE ( 'NONE', ( #8223 ), #8906, .T. ) ;
#2099 = EDGE_LOOP ( 'NONE', ( #2803, #7347, #7484, #8496 ) ) ;
#2100 = VECTOR ( 'NONE', #4909, 1000.000000000000000 ) ;
#2101 = CARTESIAN_POINT ( 'NONE',  ( 58.35455173280956842, -0.000000000000000000, 12.85000000000000675 ) ) ;
#2102 = VERTEX_POINT ( 'NONE', #8320 ) ;
#2103 = VECTOR ( 'NONE', #1227, 1000.000000000000000 ) ;
#2104 = VERTEX_POINT ( 'NONE', #3654 ) ;
#2105 = CARTESIAN_POINT ( 'NONE',  ( -53.29089653438087026, 0.000000000000000000, 10.00000000000000711 ) ) ;
#2106 = ORIENTED_EDGE ( 'NONE', *, *, #8520, .F. ) ;
#2107 = CARTESIAN_POINT ( 'NONE',  ( 18.35455173280934815, -12.00000000000000000, 32.85000000000000142 ) ) ;
#2108 = VECTOR ( 'NONE', #7265, 1000.000000000000114 ) ;
#2109 = FACE_OUTER_BOUND ( 'NONE', #921, .T. ) ;
#2110 = AXIS2_PLACEMENT_3D ( 'NONE', #2015, #3522, #3415 ) ;
#2111 = ORIENTED_EDGE ( 'NONE', *, *, #6695, .F. ) ;
#2112 = EDGE_CURVE ( 'NONE', #6708, #9779, #8176, .T. ) ;
#2113 = DIRECTION ( 'NONE',  ( 0.000000000000000000, -0.000000000000000000, -1.000000000000000000 ) ) ;
#2115 = ORIENTED_EDGE ( 'NONE', *, *, #7413, .T. ) ;
#2114 = CYLINDRICAL_SURFACE ( 'NONE', #1672, 2.999999999999999112 ) ;
#2116 = EDGE_CURVE ( 'NONE', #652, #5105, #5194, .T. ) ;
#2117 = EDGE_CURVE ( 'NONE', #4584, #1584, #6483, .T. ) ;
#2118 = ORIENTED_EDGE ( 'NONE', *, *, #7498, .T. ) ;
#2119 = AXIS2_PLACEMENT_3D ( 'NONE', #677, #9829, #6164 ) ;
#2121 = FACE_OUTER_BOUND ( 'NONE', #9404, .T. ) ;
#2120 = VECTOR ( 'NONE', #4023, 1000.000000000000114 ) ;
#2122 = ORIENTED_EDGE ( 'NONE', *, *, #8721, .T. ) ;
#2123 = DIRECTION ( 'NONE',  ( 0.4999999999999999445, 0.000000000000000000, 0.8660254037844387076 ) ) ;
#2124 = PLANE ( 'NONE',  #1221 ) ;
#2125 = CARTESIAN_POINT ( 'NONE',  ( -68.35455173280956842, 0.000000000000000000, 18.35455173280956842 ) ) ;
#2126 = EDGE_CURVE ( 'NONE', #8809, #8444, #504, .T. ) ;
#2127 = ORIENTED_EDGE ( 'NONE', *, *, #4579, .F. ) ;
#2128 = VECTOR ( 'NONE', #8500, 1000.000000000000000 ) ;
#2129 = EDGE_CURVE ( 'NONE', #1809, #5160, #3549, .T. ) ;
#2130 = EDGE_CURVE ( 'NONE', #990, #4287, #7435, .T. ) ;
#2131 = EDGE_CURVE ( 'NONE', #9603, #7903, #6780, .T. ) ;
#2132 = FACE_OUTER_BOUND ( 'NONE', #1876, .T. ) ;
#2133 = CARTESIAN_POINT ( 'NONE',  ( 21.64544826719032145, 0.000000000000000000, 17.15000000000000568 ) ) ;
#2134 = ORIENTED_EDGE ( 'NONE', *, *, #679, .F. ) ;
#2135 = FILL_AREA_STYLE_COLOUR ( '', #4212 ) ;
#2136 = PLANE ( 'NONE',  #2019 ) ;
#2137 = EDGE_LOOP ( 'NONE', ( #6627, #3946, #5019, #7955, #7399, #9276 ) ) ;
#2138 = DIRECTION ( 'NONE',  ( 0.000000000000000000, 1.000000000000000000, 0.000000000000000000 ) ) ;
#2139 = CARTESIAN_POINT ( 'NONE',  ( -23.29089653438044749, -12.00000000000000000, 50.00000000000000000 ) ) ;
#2140 = VECTOR ( 'NONE', #1707, 1000.000000000000000 ) ;
#2141 = PLANE ( 'NONE',  #9641 ) ;
#2142 = VERTEX_POINT ( 'NONE', #604 ) ;
#2143 = CARTESIAN_POINT ( 'NONE',  ( 28.35455173280955421, -12.00000000000000000, 2.849999999999997868 ) ) ;
#2144 = EDGE_CURVE ( 'NONE', #2720, #9300, #9696, .T. ) ;
#2145 = AXIS2_PLACEMENT_3D ( 'NONE', #7358, #1378, #7468 ) ;
#2146 = CARTESIAN_POINT ( 'NONE',  ( 11.64544826719031967, 0.000000000000000000, 17.15000000000000568 ) ) ;
#2147 = VERTEX_POINT ( 'NONE', #2939 ) ;
#2148 = DIRECTION ( 'NONE',  ( 1.000000000000000000, 0.000000000000000000, -0.000000000000000000 ) ) ;
#2149 = CARTESIAN_POINT ( 'NONE',  ( -18.35455173280924157, 0.000000000000000000, 37.15000000000000568 ) ) ;
#2150 = CARTESIAN_POINT ( 'NONE',  ( 53.29089653438087026, -12.00000000000000000, 10.00000000000000711 ) ) ;
#2151 = VECTOR ( 'NONE', #1734, 1000.000000000000114 ) ;
#2152 = FACE_OUTER_BOUND ( 'NONE', #6987, .T. ) ;
#2153 = AXIS2_PLACEMENT_3D ( 'NONE', #4668, #1471, #6965 ) ;
#2154 = EDGE_LOOP ( 'NONE', ( #1230, #57, #6843, #2054 ) ) ;
#2155 = DIRECTION ( 'NONE',  ( 0.8660254037844388186, -0.000000000000000000, 0.4999999999999997224 ) ) ;
#2156 = ORIENTED_EDGE ( 'NONE', *, *, #6589, .T. ) ;
#2157 = LINE ( 'NONE', #5293, #4419 ) ;
#2158 = LINE ( 'NONE', #5249, #4521 ) ;
#2159 = ORIENTED_EDGE ( 'NONE', *, *, #5910, .T. ) ;
#2160 = VECTOR ( 'NONE', #7253, 1000.000000000000000 ) ;
#2161 = ORIENTED_EDGE ( 'NONE', *, *, #6449, .F. ) ;
#2162 = CARTESIAN_POINT ( 'NONE',  ( 50.35455173280956132, 10.00000000000000178, -56.64544826719043158 ) ) ;
#2163 = FACE_OUTER_BOUND ( 'NONE', #7594, .T. ) ;
#2164 = ORIENTED_EDGE ( 'NONE', *, *, #8288, .F. ) ;
#2165 = DIRECTION ( 'NONE',  ( 0.5000000000000008882, -0.000000000000000000, -0.8660254037844381525 ) ) ;
#2166 = CARTESIAN_POINT ( 'NONE',  ( 28.35455173280955421, -0.000000000000000000, 2.849999999999996536 ) ) ;
#2167 = AXIS2_PLACEMENT_3D ( 'NONE', #7285, #316, #3350 ) ;
#2168 = VERTEX_POINT ( 'NONE', #654 ) ;
#2169 = CARTESIAN_POINT ( 'NONE',  ( 58.35455173280956132, -12.00000000000000000, 12.85000000000000675 ) ) ;
#2170 = ORIENTED_EDGE ( 'NONE', *, *, #6886, .F. ) ;
#2171 = VERTEX_POINT ( 'NONE', #3695 ) ;
#2172 = AXIS2_PLACEMENT_3D ( 'NONE', #4289, #7279, #461 ) ;
#2173 = FACE_OUTER_BOUND ( 'NONE', #7854, .T. ) ;
#2174 = ADVANCED_FACE ( 'NONE', ( #6192 ), #6834, .T. ) ;
#2175 = VECTOR ( 'NONE', #4492, 999.9999999999998863 ) ;
#2176 = VECTOR ( 'NONE', #6680, 1000.000000000000114 ) ;
#2177 = ORIENTED_EDGE ( 'NONE', *, *, #2675, .T. ) ;
#2178 = FACE_OUTER_BOUND ( 'NONE', #2541, .T. ) ;
#2179 = DIRECTION ( 'NONE',  ( 1.000000000000000000, -0.000000000000000000, -0.000000000000000000 ) ) ;
#2180 = ORIENTED_EDGE ( 'NONE', *, *, #2209, .T. ) ;
#2181 = ORIENTED_EDGE ( 'NONE', *, *, #1872, .T. ) ;
#2182 = VECTOR ( 'NONE', #9176, 1000.000000000000000 ) ;
#2183 = AXIS2_PLACEMENT_3D ( 'NONE', #2569, #1172, #439 ) ;
#2184 = VECTOR ( 'NONE', #5707, 1000.000000000000000 ) ;
#2185 = FACE_OUTER_BOUND ( 'NONE', #7857, .T. ) ;
#2186 = DIRECTION ( 'NONE',  ( 0.5000000000000003331, -0.000000000000000000, 0.8660254037844383745 ) ) ;
#2187 = ORIENTED_EDGE ( 'NONE', *, *, #487, .T. ) ;
#2188 = ORIENTED_EDGE ( 'NONE', *, *, #9120, .F. ) ;
#2189 = PLANE ( 'NONE',  #6956 ) ;
#2190 = VECTOR ( 'NONE', #5373, 1000.000000000000000 ) ;
#2191 = VERTEX_POINT ( 'NONE', #5524 ) ;
#2192 = FACE_BOUND ( 'NONE', #2137, .T. ) ;
#2193 = CARTESIAN_POINT ( 'NONE',  ( -18.35455173280924157, 0.000000000000000000, 37.15000000000000568 ) ) ;
#2194 = EDGE_CURVE ( 'NONE', #4652, #6026, #9208, .T. ) ;
#2195 = LINE ( 'NONE', #2294, #8228 ) ;
#2196 = EDGE_CURVE ( 'NONE', #2552, #9540, #3197, .T. ) ;
#2197 = ADVANCED_FACE ( 'NONE', ( #8373 ), #9247, .T. ) ;
#2198 = EDGE_LOOP ( 'NONE', ( #1553, #5319, #7197, #8609 ) ) ;
#2199 = FACE_OUTER_BOUND ( 'NONE', #1975, .T. ) ;
#2200 = VECTOR ( 'NONE', #8410, 1000.000000000000000 ) ;
#2201 = DIRECTION ( 'NONE',  ( 0.5000000000000008882, -0.000000000000000000, -0.8660254037844381525 ) ) ;
#2202 = ORIENTED_EDGE ( 'NONE', *, *, #3681, .T. ) ;
#2203 = LINE ( 'NONE', #3560, #6907 ) ;
#2204 = CARTESIAN_POINT ( 'NONE',  ( 43.29089653438087026, -12.00000000000000000, 3.038187096183830448E-15 ) ) ;
#2205 = DIRECTION ( 'NONE',  ( 1.000000000000000000, -0.000000000000000000, 1.317819823453642871E-16 ) ) ;
#2206 = CARTESIAN_POINT ( 'NONE',  ( -6.709103465618912132, -12.00000000000000000, 30.00000000000000711 ) ) ;
#2207 = EDGE_CURVE ( 'NONE', #9738, #2245, #7780, .T. ) ;
#2208 = DIRECTION ( 'NONE',  ( 0.000000000000000000, -1.000000000000000000, 0.000000000000000000 ) ) ;
#2209 = EDGE_CURVE ( 'NONE', #7704, #3342, #202, .T. ) ;
#2210 = EDGE_LOOP ( 'NONE', ( #9312, #8561, #4337, #4538 ) ) ;
#2211 = DIRECTION ( 'NONE',  ( 0.000000000000000000, 1.000000000000000000, -0.000000000000000000 ) ) ;
#2212 = ORIENTED_EDGE ( 'NONE', *, *, #1275, .T. ) ;
#2213 = CARTESIAN_POINT ( 'NONE',  ( -58.35455173280956842, 10.00000000000000000, -48.35455173280956842 ) ) ;
#2214 = DIRECTION ( 'NONE',  ( 0.8660254037844392627, 0.000000000000000000, -0.4999999999999990008 ) ) ;
#2215 = EDGE_LOOP ( 'NONE', ( #6634, #339, #2941, #3992 ) ) ;
#2216 = ORIENTED_EDGE ( 'NONE', *, *, #5663, .T. ) ;
#2217 = EDGE_CURVE ( 'NONE', #9634, #235, #9101, .T. ) ;
#2218 = PLANE ( 'NONE',  #5345 ) ;
#2219 = CARTESIAN_POINT ( 'NONE',  ( 18.35455173280955421, 0.000000000000000000, -2.850000000000000089 ) ) ;
#2220 = LINE ( 'NONE', #5582, #423 ) ;
#2221 = CARTESIAN_POINT ( 'NONE',  ( -16.70910346561912263, -12.00000000000000000, 1.294402214996931218E-15 ) ) ;
#2222 = CARTESIAN_POINT ( 'NONE',  ( -6.709103465618912132, 0.000000000000000000, 30.00000000000000711 ) ) ;
#2223 = VERTEX_POINT ( 'NONE', #9154 ) ;
#2224 = EDGE_CURVE ( 'NONE', #2877, #6968, #7672, .T. ) ;
#2225 = CARTESIAN_POINT ( 'NONE',  ( 63.29089653438087026, -12.00000000000000000, 3.038187096183830448E-15 ) ) ;
#2226 = ORIENTED_EDGE ( 'NONE', *, *, #8574, .F. ) ;
#2227 = EDGE_LOOP ( 'NONE', ( #9529, #5930, #2238, #4635 ) ) ;
#2228 = LINE ( 'NONE', #6565, #98 ) ;
#2229 = ORIENTED_EDGE ( 'NONE', *, *, #4729, .T. ) ;
#2230 = FACE_OUTER_BOUND ( 'NONE', #8718, .T. ) ;
#2231 = CARTESIAN_POINT ( 'NONE',  ( -21.64544826719021842, 0.000000000000000000, 32.85000000000000142 ) ) ;
#2232 = ORIENTED_EDGE ( 'NONE', *, *, #9472, .T. ) ;
#2233 = ORIENTED_EDGE ( 'NONE', *, *, #5257, .F. ) ;
#2234 = EDGE_CURVE ( 'NONE', #8098, #1793, #8507, .T. ) ;
#2235 = LINE ( 'NONE', #5416, #6498 ) ;
#2236 = PLANE ( 'NONE',  #4063 ) ;
#2237 = CARTESIAN_POINT ( 'NONE',  ( -31.64544826719043513, -12.00000000000000000, 2.849999999999998312 ) ) ;
#2238 = ORIENTED_EDGE ( 'NONE', *, *, #4266, .T. ) ;
#2240 = EDGE_CURVE ( 'NONE', #636, #7964, #161, .T. ) ;
#2239 = ORIENTED_EDGE ( 'NONE', *, *, #3788, .F. ) ;
#2241 = CARTESIAN_POINT ( 'NONE',  ( 36.70910346561912974, 0.000000000000000000, 1.294402214996931218E-15 ) ) ;
#2242 = CARTESIAN_POINT ( 'NONE',  ( 8.354551732809238018, 0.000000000000000000, 37.15000000000000568 ) ) ;
#2243 = CARTESIAN_POINT ( 'NONE',  ( -18.35455173280945118, -12.00000000000000000, 22.85000000000000497 ) ) ;
#2244 = CARTESIAN_POINT ( 'NONE',  ( 11.64544826719011006, 0.000000000000000000, 37.15000000000000568 ) ) ;
#2245 = VERTEX_POINT ( 'NONE', #7636 ) ;
#2246 = CARTESIAN_POINT ( 'NONE',  ( -21.64544826719042803, -12.00000000000000000, 7.150000000000007461 ) ) ;
#2247 = FACE_OUTER_BOUND ( 'NONE', #7902, .T. ) ;
#2248 = EDGE_CURVE ( 'NONE', #1340, #6766, #437, .T. ) ;
#2250 = EDGE_CURVE ( 'NONE', #8205, #6086, #2345, .T. ) ;
#2249 = ORIENTED_EDGE ( 'NONE', *, *, #310, .T. ) ;
#2251 = EDGE_CURVE ( 'NONE', #7278, #2377, #3149, .T. ) ;
#2252 = DIRECTION ( 'NONE',  ( 0.000000000000000000, 1.000000000000000000, 0.000000000000000000 ) ) ;
#2253 = ORIENTED_EDGE ( 'NONE', *, *, #2986, .T. ) ;
#2254 = CARTESIAN_POINT ( 'NONE',  ( -16.70910346561912263, -12.00000000000000000, 10.00000000000000711 ) ) ;
#2255 = CARTESIAN_POINT ( 'NONE',  ( -21.64544826719043513, -12.00000000000000000, 2.849999999999998312 ) ) ;
#2256 = CARTESIAN_POINT ( 'NONE',  ( 18.35455173280955776, -12.00000000000000000, 52.85000000000000853 ) ) ;
#2257 = ORIENTED_EDGE ( 'NONE', *, *, #6551, .T. ) ;
#2258 = EDGE_LOOP ( 'NONE', ( #9301, #6514, #9723, #4145 ) ) ;
#2259 = LINE ( 'NONE', #9362, #4253 ) ;
#2260 = CARTESIAN_POINT ( 'NONE',  ( -8.354551732809550657, -0.000000000000000000, -2.849999999999999645 ) ) ;
#2261 = ORIENTED_EDGE ( 'NONE', *, *, #1824, .T. ) ;
#2262 = EDGE_CURVE ( 'NONE', #2663, #7173, #7725, .T. ) ;
#2263 = CARTESIAN_POINT ( 'NONE',  ( -28.35455173280955421, 10.00000000000000000, 18.35455173280956842 ) ) ;
#2264 = CARTESIAN_POINT ( 'NONE',  ( -61.64544826719043868, -12.00000000000000000, 2.849999999999998312 ) ) ;
#2265 = DIRECTION ( 'NONE',  ( 0.000000000000000000, 1.000000000000000000, 0.000000000000000000 ) ) ;
#2266 = CARTESIAN_POINT ( 'NONE',  ( -51.64544826719043158, -12.00000000000000000, 12.85000000000000675 ) ) ;
#2267 = DIRECTION ( 'NONE',  ( 0.4999999999999060196, -0.000000000000000000, -0.8660254037844928865 ) ) ;
#2268 = DIRECTION ( 'NONE',  ( 0.000000000000000000, 1.000000000000000000, 0.000000000000000000 ) ) ;
#2269 = EDGE_LOOP ( 'NONE', ( #4095, #7299, #2489, #1972 ) ) ;
#2270 = VECTOR ( 'NONE', #3637, 1000.000000000000000 ) ;
#2271 = EDGE_CURVE ( 'NONE', #9725, #6141, #3045, .T. ) ;
#2272 = FACE_OUTER_BOUND ( 'NONE', #6048, .T. ) ;
#2273 = ORIENTED_EDGE ( 'NONE', *, *, #821, .F. ) ;
#2274 = FACE_OUTER_BOUND ( 'NONE', #7107, .T. ) ;
#2275 = CARTESIAN_POINT ( 'NONE',  ( -13.29089653438086316, -12.00000000000000000, 3.038187096183830448E-15 ) ) ;
#2276 = AXIS2_PLACEMENT_3D ( 'NONE', #4389, #6679, #5171 ) ;
#2277 = VECTOR ( 'NONE', #427, 1000.000000000000000 ) ;
#2278 = CARTESIAN_POINT ( 'NONE',  ( 26.70910346561912618, -12.00000000000000000, 10.00000000000000711 ) ) ;
#2279 = AXIS2_PLACEMENT_3D ( 'NONE', #7351, #8835, #8256 ) ;
#2280 = VERTEX_POINT ( 'NONE', #944 ) ;
#2281 = LINE ( 'NONE', #104, #4741 ) ;
#2282 = VERTEX_POINT ( 'NONE', #3983 ) ;
#2283 = LINE ( 'NONE', #5320, #920 ) ;
#2284 = VECTOR ( 'NONE', #730, 1000.000000000000000 ) ;
#2285 = VECTOR ( 'NONE', #1485, 1000.000000000000000 ) ;
#2286 = CARTESIAN_POINT ( 'NONE',  ( -56.70910346561912974, -12.00000000000000000, 10.00000000000000711 ) ) ;
#2287 = LINE ( 'NONE', #7476, #231 ) ;
#2288 = ORIENTED_EDGE ( 'NONE', *, *, #7190, .F. ) ;
#2289 = LINE ( 'NONE', #5424, #3744 ) ;
#2290 = DIRECTION ( 'NONE',  ( -0.5000000000000004441, 0.000000000000000000, 0.8660254037844383745 ) ) ;
#2291 = FACE_OUTER_BOUND ( 'NONE', #5959, .T. ) ;
#2292 = CARTESIAN_POINT ( 'NONE',  ( 18.35455173280955421, -12.00000000000000000, 7.150000000000007461 ) ) ;
#2293 = AXIS2_PLACEMENT_3D ( 'NONE', #3990, #353, #7934 ) ;
#2294 = CARTESIAN_POINT ( 'NONE',  ( -8.354551732809342823, -12.00000000000000000, 32.85000000000000142 ) ) ;
#2295 = VECTOR ( 'NONE', #4825, 1000.000000000000000 ) ;
#2296 = ORIENTED_EDGE ( 'NONE', *, *, #363, .F. ) ;
#2297 = DIRECTION ( 'NONE',  ( -0.8660254037844391517, 0.000000000000000000, -0.4999999999999992784 ) ) ;
#2298 = LINE ( 'NONE', #8426, #5531 ) ;
#2299 = ORIENTED_EDGE ( 'NONE', *, *, #7141, .F. ) ;
#2300 = PLANE ( 'NONE',  #7702 ) ;
#2301 = CARTESIAN_POINT ( 'NONE',  ( 21.64544826719042447, 0.000000000000000000, 12.85000000000000675 ) ) ;
#2302 = VERTEX_POINT ( 'NONE', #1490 ) ;
#2303 = LINE ( 'NONE', #3755, #5126 ) ;
#2304 = LINE ( 'NONE', #1001, #9469 ) ;
#2305 = LINE ( 'NONE', #5942, #9642 ) ;
#2306 = EDGE_LOOP ( 'NONE', ( #825, #4940, #2993, #817 ) ) ;
#2307 = EDGE_CURVE ( 'NONE', #8514, #446, #7585, .T. ) ;
#2308 = DIRECTION ( 'NONE',  ( 0.000000000000000000, 1.000000000000000000, 0.000000000000000000 ) ) ;
#2309 = ADVANCED_FACE ( 'NONE', ( #6529 ), #3493, .F. ) ;
#2310 = VECTOR ( 'NONE', #395, 1000.000000000000000 ) ;
#2311 = VERTEX_POINT ( 'NONE', #9539 ) ;
#2312 = CARTESIAN_POINT ( 'NONE',  ( 61.64544826719043158, 0.000000000000000000, 7.150000000000010125 ) ) ;
#2313 = LINE ( 'NONE', #7652, #69 ) ;
#2314 = CARTESIAN_POINT ( 'NONE',  ( -21.64544826719010828, 0.000000000000000000, 42.85000000000000142 ) ) ;
#2315 = VECTOR ( 'NONE', #5408, 999.9999999999998863 ) ;
#2316 = CARTESIAN_POINT ( 'NONE',  ( -23.29089653438086316, -12.00000000000000000, 10.00000000000000711 ) ) ;
#2317 = CARTESIAN_POINT ( 'NONE',  ( 6.709103465618704298, -12.00000000000000000, 50.00000000000000000 ) ) ;
#2318 = EDGE_CURVE ( 'NONE', #5222, #6708, #7171, .T. ) ;
#2319 = CARTESIAN_POINT ( 'NONE',  ( -18.35455173280934815, 0.000000000000000000, 32.85000000000000142 ) ) ;
#2320 = PLANE ( 'NONE',  #6755 ) ;
#2321 = EDGE_CURVE ( 'NONE', #2519, #1340, #2338, .T. ) ;
#2322 = EDGE_CURVE ( 'NONE', #5555, #8638, #2724, .T. ) ;
#2323 = ORIENTED_EDGE ( 'NONE', *, *, #5367, .F. ) ;
#2324 = VECTOR ( 'NONE', #6602, 1000.000000000000000 ) ;
#2325 = VECTOR ( 'NONE', #2862, 1000.000000000000000 ) ;
#2326 = PLANE ( 'NONE',  #8477 ) ;
#2327 = ORIENTED_EDGE ( 'NONE', *, *, #9322, .F. ) ;
#2328 = DIRECTION ( 'NONE',  ( 0.4999999999999999445, -0.000000000000000000, -0.8660254037844387076 ) ) ;
#2329 = DIRECTION ( 'NONE',  ( 0.8660254037843843067, -0.000000000000000000, 0.5000000000000942579 ) ) ;
#2330 = LINE ( 'NONE', #5368, #4422 ) ;
#2331 = VECTOR ( 'NONE', #3847, 1000.000000000000114 ) ;
#2332 = ORIENTED_EDGE ( 'NONE', *, *, #5101, .T. ) ;
#2333 = DIRECTION ( 'NONE',  ( -0.000000000000000000, -0.000000000000000000, 1.000000000000000000 ) ) ;
#2334 = ORIENTED_EDGE ( 'NONE', *, *, #6281, .F. ) ;
#2335 = DIRECTION ( 'NONE',  ( 0.4999999999999992784, -0.000000000000000000, 0.8660254037844390407 ) ) ;
#2336 = EDGE_CURVE ( 'NONE', #7502, #3711, #4033, .T. ) ;
#2337 = LINE ( 'NONE', #5374, #707 ) ;
#2338 = CIRCLE ( 'NONE', #6633, 2.999999999999995559 ) ;
#2339 = DIRECTION ( 'NONE',  ( -0.4999999999999995004, 0.000000000000000000, -0.8660254037844389297 ) ) ;
#2340 = CARTESIAN_POINT ( 'NONE',  ( 0.000000000000000000, -12.00000000000000000, 0.000000000000000000 ) ) ;
#2341 = ORIENTED_EDGE ( 'NONE', *, *, #242, .F. ) ;
#2342 =( NAMED_UNIT ( * ) PLANE_ANGLE_UNIT ( ) SI_UNIT ( $, .RADIAN. ) );
#2343 = DIRECTION ( 'NONE',  ( -0.4999999999999990563, 0.000000000000000000, 0.8660254037844391517 ) ) ;
#2344 = FACE_BOUND ( 'NONE', #2727, .T. ) ;
#2345 = LINE ( 'NONE', #6928, #8684 ) ;
#2346 = VECTOR ( 'NONE', #1742, 1000.000000000000000 ) ;
#2347 = DIRECTION ( 'NONE',  ( 0.000000000000000000, 1.000000000000000000, 0.000000000000000000 ) ) ;
#2348 = AXIS2_PLACEMENT_3D ( 'NONE', #2645, #8865, #7234 ) ;
#2349 = AXIS2_PLACEMENT_3D ( 'NONE', #2032, #6619, #492 ) ;
#2350 = EDGE_LOOP ( 'NONE', ( #8753, #5215, #6674, #5822 ) ) ;
#2351 = CARTESIAN_POINT ( 'NONE',  ( 60.35455173280956132, 14.99999999999997691, -48.64544826719049553 ) ) ;
#2352 = CARTESIAN_POINT ( 'NONE',  ( -11.64544826719032145, 0.000000000000000000, 22.85000000000000497 ) ) ;
#2353 = VECTOR ( 'NONE', #778, 999.9999999999998863 ) ;
#2354 = ORIENTED_EDGE ( 'NONE', *, *, #4263, .F. ) ;
#2355 = CARTESIAN_POINT ( 'NONE',  ( -13.29089653438086316, -12.00000000000000000, 10.00000000000000711 ) ) ;
#2356 = DIRECTION ( 'NONE',  ( 0.000000000000000000, 2.148870006293945467E-16, -1.000000000000000000 ) ) ;
#2357 = ORIENTED_EDGE ( 'NONE', *, *, #141, .F. ) ;
#2358 = FACE_OUTER_BOUND ( 'NONE', #3348, .T. ) ;
#2359 = CARTESIAN_POINT ( 'NONE',  ( -6.709103465619016937, 0.000000000000000000, 20.00000000000000355 ) ) ;
#2360 = CARTESIAN_POINT ( 'NONE',  ( 8.354551732809550657, -12.00000000000000000, 2.849999999999997868 ) ) ;
#2361 = AXIS2_PLACEMENT_3D ( 'NONE', #3702, #4454, #2356 ) ;
#2362 = ORIENTED_EDGE ( 'NONE', *, *, #4931, .F. ) ;
#2363 = DIRECTION ( 'NONE',  ( 0.4999999999999990008, -0.000000000000000000, 0.8660254037844391517 ) ) ;
#2364 = CARTESIAN_POINT ( 'NONE',  ( 21.64544826719031789, -12.00000000000000000, 22.85000000000000497 ) ) ;
#2365 = PLANE ( 'NONE',  #4350 ) ;
#2366 = EDGE_CURVE ( 'NONE', #1100, #8413, #7220, .T. ) ;
#2367 = DIRECTION ( 'NONE',  ( -1.000000000000000000, -0.000000000000000000, -0.000000000000000000 ) ) ;
#2368 = DIRECTION ( 'NONE',  ( 0.5000000000000015543, 0.000000000000000000, 0.8660254037844377084 ) ) ;
#2369 = CARTESIAN_POINT ( 'NONE',  ( -11.64544826719000881, -12.00000000000000000, 47.14999999999999858 ) ) ;
#2370 = CARTESIAN_POINT ( 'NONE',  ( -51.64544826719043158, -12.00000000000000000, -2.850000000000000089 ) ) ;
#2371 = ORIENTED_EDGE ( 'NONE', *, *, #2207, .T. ) ;
#2372 = DIRECTION ( 'NONE',  ( -0.5000000000000009992, 0.000000000000000000, 0.8660254037844380415 ) ) ;
#2373 = ORIENTED_EDGE ( 'NONE', *, *, #2808, .T. ) ;
#2374 = EDGE_CURVE ( 'NONE', #6399, #3510, #7074, .T. ) ;
#2375 = CARTESIAN_POINT ( 'NONE',  ( -13.29089653438044571, 0.000000000000000000, 50.00000000000000000 ) ) ;
#2376 = EDGE_CURVE ( 'NONE', #3353, #6714, #8558, .T. ) ;
#2377 = VERTEX_POINT ( 'NONE', #4836 ) ;
#2378 = DIRECTION ( 'NONE',  ( 1.000000000000000000, 0.000000000000000000, -1.317819823453642871E-16 ) ) ;
#2379 = ORIENTED_EDGE ( 'NONE', *, *, #7354, .T. ) ;
#2380 = CARTESIAN_POINT ( 'NONE',  ( 13.29089653438044571, 0.000000000000000000, 50.00000000000000000 ) ) ;
#2381 = EDGE_LOOP ( 'NONE', ( #3964, #3406, #403, #3596 ) ) ;
#2382 = DIRECTION ( 'NONE',  ( 1.000000000000000000, -0.000000000000000000, -0.000000000000000000 ) ) ;
#2383 = DIRECTION ( 'NONE',  ( 0.5000000000000017764, -0.000000000000000000, -0.8660254037844375974 ) ) ;
#2384 = EDGE_CURVE ( 'NONE', #6467, #708, #1745, .T. ) ;
#2385 = LINE ( 'NONE', #8457, #7573 ) ;
#2386 = FACE_OUTER_BOUND ( 'NONE', #8247, .T. ) ;
#2387 = ORIENTED_EDGE ( 'NONE', *, *, #7558, .T. ) ;
#2388 = CARTESIAN_POINT ( 'NONE',  ( -36.70910346561912974, -12.00000000000000000, 1.294402214996931218E-15 ) ) ;
#2389 = CARTESIAN_POINT ( 'NONE',  ( -50.35455173280956132, 10.00000000000000000, 18.35455173280956842 ) ) ;
#2390 = EDGE_CURVE ( 'NONE', #4246, #7917, #7823, .T. ) ;
#2391 = LINE ( 'NONE', #1744, #7844 ) ;
#2392 = CARTESIAN_POINT ( 'NONE',  ( -11.64544826719032145, -12.00000000000000000, 22.85000000000000497 ) ) ;
#2393 = EDGE_CURVE ( 'NONE', #3774, #3029, #4227, .T. ) ;
#2394 = PLANE ( 'NONE',  #3777 ) ;
#2395 = ORIENTED_EDGE ( 'NONE', *, *, #4448, .F. ) ;
#2396 = EDGE_CURVE ( 'NONE', #2537, #612, #7126, .T. ) ;
#2397 = DIRECTION ( 'NONE',  ( 0.000000000000000000, 1.000000000000000000, 0.000000000000000000 ) ) ;
#2398 = EDGE_CURVE ( 'NONE', #8773, #6154, #5725, .T. ) ;
#2399 = ORIENTED_EDGE ( 'NONE', *, *, #7218, .F. ) ;
#2400 = DIRECTION ( 'NONE',  ( -0.8660254037844389297, 0.000000000000000000, 0.4999999999999995004 ) ) ;
#2401 = CARTESIAN_POINT ( 'NONE',  ( -11.64544826719042447, 0.000000000000000000, 12.85000000000000675 ) ) ;
#2402 = ORIENTED_EDGE ( 'NONE', *, *, #8139, .F. ) ;
#2403 = CARTESIAN_POINT ( 'NONE',  ( -61.64544826719043868, -12.00000000000000000, 2.849999999999998312 ) ) ;
#2404 = CARTESIAN_POINT ( 'NONE',  ( -60.35455173280956132, 30.15544456622761516, -48.64544826719049553 ) ) ;
#2405 = LINE ( 'NONE', #9307, #2140 ) ;
#2406 = EDGE_LOOP ( 'NONE', ( #7432, #7642, #4506, #3326 ) ) ;
#2407 = CARTESIAN_POINT ( 'NONE',  ( 60.35455173280956132, 20.99999999999997868, -16.35455173280956487 ) ) ;
#2408 = DIRECTION ( 'NONE',  ( 0.000000000000000000, 0.000000000000000000, -1.000000000000000000 ) ) ;
#2409 = LINE ( 'NONE', #7694, #5788 ) ;
#2410 = ORIENTED_EDGE ( 'NONE', *, *, #538, .T. ) ;
#2411 = DIRECTION ( 'NONE',  ( -0.4999999999999990563, -0.000000000000000000, 0.8660254037844391517 ) ) ;
#2412 = EDGE_CURVE ( 'NONE', #6501, #5120, #3437, .T. ) ;
#2413 = ORIENTED_EDGE ( 'NONE', *, *, #632, .F. ) ;
#2414 = DIRECTION ( 'NONE',  ( 0.000000000000000000, 1.000000000000000000, 0.000000000000000000 ) ) ;
#2415 = VERTEX_POINT ( 'NONE', #5570 ) ;
#2416 = CARTESIAN_POINT ( 'NONE',  ( 33.29089653438086316, -12.00000000000000000, 10.00000000000000711 ) ) ;
#2417 = EDGE_LOOP ( 'NONE', ( #5578, #8117, #8783, #1757, #5059, #2253 ) ) ;
#2418 = FACE_OUTER_BOUND ( 'NONE', #6733, .T. ) ;
#2419 = ORIENTED_EDGE ( 'NONE', *, *, #6075, .T. ) ;
#2420 = CARTESIAN_POINT ( 'NONE',  ( 21.64544826719021486, -12.00000000000000000, 32.85000000000000142 ) ) ;
#2421 = ORIENTED_EDGE ( 'NONE', *, *, #4440, .F. ) ;
#2422 = EDGE_CURVE ( 'NONE', #928, #9824, #2683, .T. ) ;
#2423 = EDGE_CURVE ( 'NONE', #2168, #8076, #6326, .T. ) ;
#2424 = DIRECTION ( 'NONE',  ( -1.000000000000000000, 0.000000000000000000, 0.000000000000000000 ) ) ;
#2425 = LINE ( 'NONE', #5465, #2128 ) ;
#2426 = PLANE ( 'NONE',  #1990 ) ;
#2427 = LINE ( 'NONE', #7166, #5625 ) ;
#2428 = ORIENTED_EDGE ( 'NONE', *, *, #7567, .T. ) ;
#2429 = VECTOR ( 'NONE', #7151, 1000.000000000000000 ) ;
#2431 = LINE ( 'NONE', #8504, #4858 ) ;
#2430 = AXIS2_PLACEMENT_3D ( 'NONE', #4219, #6521, #5863 ) ;
#2432 = DIRECTION ( 'NONE',  ( 0.5000000000000003331, -0.000000000000000000, 0.8660254037844383745 ) ) ;
#2433 = PLANE ( 'NONE',  #1474 ) ;
#2434 = CARTESIAN_POINT ( 'NONE',  ( -6.709103465618704298, -12.00000000000000000, 50.00000000000000000 ) ) ;
#2435 = DIRECTION ( 'NONE',  ( 1.000000000000000000, 0.000000000000000000, -0.000000000000000000 ) ) ;
#2436 = EDGE_CURVE ( 'NONE', #8002, #3809, #2580, .T. ) ;
#2437 = ORIENTED_EDGE ( 'NONE', *, *, #6361, .F. ) ;
#2438 = VECTOR ( 'NONE', #6630, 1000.000000000000000 ) ;
#2439 = EDGE_CURVE ( 'NONE', #3950, #4236, #1891, .T. ) ;
#2440 = VECTOR ( 'NONE', #518, 1000.000000000000000 ) ;
#2441 = EDGE_CURVE ( 'NONE', #8778, #7478, #9440, .T. ) ;
#2442 = DIRECTION ( 'NONE',  ( 8.673617379884034239E-17, 0.000000000000000000, -1.000000000000000000 ) ) ;
#2443 = EDGE_LOOP ( 'NONE', ( #1643, #4980, #1019, #4065 ) ) ;
#2444 = ORIENTED_EDGE ( 'NONE', *, *, #3224, .T. ) ;
#2445 = DIRECTION ( 'NONE',  ( 0.000000000000000000, 1.000000000000000000, 0.000000000000000000 ) ) ;
#2446 = VERTEX_POINT ( 'NONE', #5217 ) ;
#2447 = VECTOR ( 'NONE', #7701, 1000.000000000000000 ) ;
#2448 = AXIS2_PLACEMENT_3D ( 'NONE', #7720, #887, #3192 ) ;
#2449 = VERTEX_POINT ( 'NONE', #1431 ) ;
#2450 = DIRECTION ( 'NONE',  ( 0.000000000000000000, 0.000000000000000000, 1.000000000000000000 ) ) ;
#2451 = LINE ( 'NONE', #7790, #8058 ) ;
#2452 = CARTESIAN_POINT ( 'NONE',  ( 16.70910346561912263, -12.00000000000000000, 10.00000000000000711 ) ) ;
#2453 = VERTEX_POINT ( 'NONE', #1235 ) ;
#2454 = EDGE_CURVE ( 'NONE', #4200, #6298, #5113, .T. ) ;
#2455 = DIRECTION ( 'NONE',  ( -0.5000000000000001110, 0.000000000000000000, 0.8660254037844384856 ) ) ;
#2456 = DIRECTION ( 'NONE',  ( 1.000000000000000000, -0.000000000000000000, 0.000000000000000000 ) ) ;
#2457 = ORIENTED_EDGE ( 'NONE', *, *, #1045, .F. ) ;
#2458 = VECTOR ( 'NONE', #4519, 1000.000000000000000 ) ;
#2459 = EDGE_CURVE ( 'NONE', #1195, #5142, #588, .T. ) ;
#2460 = VECTOR ( 'NONE', #4926, 1000.000000000000000 ) ;
#2461 = ORIENTED_EDGE ( 'NONE', *, *, #2917, .T. ) ;
#2462 = CARTESIAN_POINT ( 'NONE',  ( -11.64544826719021664, -12.00000000000000000, 27.15000000000000568 ) ) ;
#2463 = VERTEX_POINT ( 'NONE', #3643 ) ;
#2464 = AXIS2_PLACEMENT_3D ( 'NONE', #8854, #646, #6672 ) ;
#2465 = CARTESIAN_POINT ( 'NONE',  ( 18.35455173280955421, -0.000000000000000000, 12.85000000000000497 ) ) ;
#2466 = ORIENTED_EDGE ( 'NONE', *, *, #8468, .T. ) ;
#2467 = DIRECTION ( 'NONE',  ( 0.8660254037844384856, -0.000000000000000000, 0.5000000000000004441 ) ) ;
#2468 = CARTESIAN_POINT ( 'NONE',  ( 23.29089653438086316, -12.00000000000000000, 3.038187096183830448E-15 ) ) ;
#2469 = VECTOR ( 'NONE', #4305, 1000.000000000000000 ) ;
#2470 = EDGE_LOOP ( 'NONE', ( #5711, #8391, #6678, #5651, #9500, #1874 ) ) ;
#2471 = CARTESIAN_POINT ( 'NONE',  ( 8.354551732809550657, -0.000000000000000000, 2.849999999999997424 ) ) ;
#2472 = VECTOR ( 'NONE', #332, 1000.000000000000000 ) ;
#2473 = VERTEX_POINT ( 'NONE', #1981 ) ;
#2474 = CARTESIAN_POINT ( 'NONE',  ( -48.35455173280956132, -12.00000000000000000, 7.150000000000007461 ) ) ;
#2475 = LINE ( 'NONE', #6316, #4245 ) ;
#2476 = PLANE ( 'NONE',  #4689 ) ;
#2477 = ORIENTED_EDGE ( 'NONE', *, *, #1286, .F. ) ;
#2478 = LINE ( 'NONE', #1739, #8635 ) ;
#2479 = ORIENTED_EDGE ( 'NONE', *, *, #72, .F. ) ;
#2480 = DIRECTION ( 'NONE',  ( 1.000000000000000000, -0.000000000000000000, -0.000000000000000000 ) ) ;
#2481 = DIRECTION ( 'NONE',  ( -0.5000000000000005551, 0.000000000000000000, -0.8660254037844382635 ) ) ;
#2482 = VECTOR ( 'NONE', #3012, 1000.000000000000000 ) ;
#2483 = PLANE ( 'NONE',  #5773 ) ;
#2484 = DIRECTION ( 'NONE',  ( -1.000000000000000000, -0.000000000000000000, -0.000000000000000000 ) ) ;
#2485 = CARTESIAN_POINT ( 'NONE',  ( -51.64544826719043158, -12.00000000000000000, 12.85000000000000675 ) ) ;
#2486 = ORIENTED_EDGE ( 'NONE', *, *, #5673, .T. ) ;
#2487 = VECTOR ( 'NONE', #5832, 1000.000000000000000 ) ;
#2488 = CARTESIAN_POINT ( 'NONE',  ( 8.354551732809342823, 0.000000000000000000, 27.15000000000000568 ) ) ;
#2489 = ORIENTED_EDGE ( 'NONE', *, *, #3125, .T. ) ;
#2490 = VERTEX_POINT ( 'NONE', #8263 ) ;
#2491 = LINE ( 'NONE', #997, #8797 ) ;
#2492 = EDGE_CURVE ( 'NONE', #3417, #8773, #536, .T. ) ;
#2493 = VECTOR ( 'NONE', #4872, 1000.000000000000114 ) ;
#2494 = ORIENTED_EDGE ( 'NONE', *, *, #3961, .T. ) ;
#2495 = EDGE_CURVE ( 'NONE', #5564, #8128, #4479, .T. ) ;
#2496 = EDGE_LOOP ( 'NONE', ( #9389, #7135, #6394, #7691 ) ) ;
#2497 = AXIS2_PLACEMENT_3D ( 'NONE', #759, #3696, #9652 ) ;
#2498 = EDGE_CURVE ( 'NONE', #9243, #4236, #6668, .T. ) ;
#2499 = DIRECTION ( 'NONE',  ( 0.000000000000000000, 0.000000000000000000, -1.000000000000000000 ) ) ;
#2500 = CARTESIAN_POINT ( 'NONE',  ( -58.35455173280956132, 10.00000000000000000, -8.354551732809563092 ) ) ;
#2501 = AXIS2_PLACEMENT_3D ( 'NONE', #3518, #1867, #3467 ) ;
#2502 = DIRECTION ( 'NONE',  ( -0.5000000000000009992, -0.000000000000000000, -0.8660254037844380415 ) ) ;
#2503 = ORIENTED_EDGE ( 'NONE', *, *, #3890, .T. ) ;
#2504 = CARTESIAN_POINT ( 'NONE',  ( -16.70910346561880999, 0.000000000000000000, 39.99999999999999289 ) ) ;
#2505 = VECTOR ( 'NONE', #136, 1000.000000000000000 ) ;
#2506 = ORIENTED_EDGE ( 'NONE', *, *, #3761, .T. ) ;
#2507 = AXIS2_PLACEMENT_3D ( 'NONE', #7014, #3220, #4627 ) ;
#2508 = CARTESIAN_POINT ( 'NONE',  ( 18.35455173280955421, -12.00000000000000000, 2.849999999999997868 ) ) ;
#2509 = ORIENTED_EDGE ( 'NONE', *, *, #8338, .T. ) ;
#2510 = ADVANCED_FACE ( 'NONE', ( #8793 ), #2124, .T. ) ;
#2511 = EDGE_CURVE ( 'NONE', #1793, #645, #4432, .T. ) ;
#2512 = LINE ( 'NONE', #1762, #7898 ) ;
#2513 = AXIS2_PLACEMENT_3D ( 'NONE', #1624, #7717, #9329 ) ;
#2514 = ORIENTED_EDGE ( 'NONE', *, *, #2611, .T. ) ;
#2515 = LINE ( 'NONE', #5553, #3274 ) ;
#2516 = CARTESIAN_POINT ( 'NONE',  ( 50.35455173280956132, 17.99999999999997868, -16.35455173280956487 ) ) ;
#2517 = ORIENTED_EDGE ( 'NONE', *, *, #8453, .F. ) ;
#2518 = ADVANCED_FACE ( 'NONE', ( #7471 ), #7420, .T. ) ;
#2519 = VERTEX_POINT ( 'NONE', #5157 ) ;
#2520 = ORIENTED_EDGE ( 'NONE', *, *, #3114, .T. ) ;
#2521 = DIRECTION ( 'NONE',  ( 0.000000000000000000, 0.000000000000000000, -1.000000000000000000 ) ) ;
#2522 = ORIENTED_EDGE ( 'NONE', *, *, #3310, .F. ) ;
#2523 = LINE ( 'NONE', #6409, #9107 ) ;
#2524 = CARTESIAN_POINT ( 'NONE',  ( -11.64544826719042447, -12.00000000000000000, 7.150000000000007461 ) ) ;
#2525 = EDGE_LOOP ( 'NONE', ( #7951, #2354, #6896, #3173 ) ) ;
#2526 = CARTESIAN_POINT ( 'NONE',  ( 6.709103465619120854, -12.00000000000000000, 1.294402214996931218E-15 ) ) ;
#2527 = LINE ( 'NONE', #936, #5632 ) ;
#2528 = ORIENTED_EDGE ( 'NONE', *, *, #4072, .T. ) ;
#2529 = DIRECTION ( 'NONE',  ( 0.000000000000000000, 0.000000000000000000, -1.000000000000000000 ) ) ;
#2530 = ORIENTED_EDGE ( 'NONE', *, *, #1189, .T. ) ;
#2531 = LINE ( 'NONE', #1787, #3418 ) ;
#2532 = LINE ( 'NONE', #5568, #3459 ) ;
#2533 = CARTESIAN_POINT ( 'NONE',  ( -60.35455173280956132, 30.15544456622761516, -48.64544826719049553 ) ) ;
#2534 = CARTESIAN_POINT ( 'NONE',  ( 18.35455173280955776, -12.00000000000000000, 12.85000000000000675 ) ) ;
#2535 = CARTESIAN_POINT ( 'NONE',  ( 11.64544826719000703, 0.000000000000000000, 47.14999999999999858 ) ) ;
#2536 = ADVANCED_FACE ( 'NONE', ( #9684 ), #2926, .F. ) ;
#2537 = VERTEX_POINT ( 'NONE', #5820 ) ;
#2538 = EDGE_CURVE ( 'NONE', #7964, #9346, #2876, .T. ) ;
#2539 = CARTESIAN_POINT ( 'NONE',  ( -46.70910346561912974, -12.00000000000000000, 10.00000000000000711 ) ) ;
#2540 = ORIENTED_EDGE ( 'NONE', *, *, #7431, .T. ) ;
#2541 = EDGE_LOOP ( 'NONE', ( #8933, #3575, #2118, #7367 ) ) ;
#2542 = CARTESIAN_POINT ( 'NONE',  ( 51.64544826719043158, 0.000000000000000000, 12.85000000000000675 ) ) ;
#2543 = ORIENTED_EDGE ( 'NONE', *, *, #3314, .T. ) ;
#2544 = VERTEX_POINT ( 'NONE', #5915 ) ;
#2545 = CARTESIAN_POINT ( 'NONE',  ( -28.35455173280955421, 10.00000000000000000, 18.35455173280956842 ) ) ;
#2546 = CARTESIAN_POINT ( 'NONE',  ( -53.29089653438087026, -12.00000000000000000, 10.00000000000000711 ) ) ;
#2547 = DIRECTION ( 'NONE',  ( 0.000000000000000000, 0.000000000000000000, 1.000000000000000000 ) ) ;
#2548 = CARTESIAN_POINT ( 'NONE',  ( -6.709103465619120854, -12.00000000000000000, 1.294402214996931218E-15 ) ) ;
#2549 = VERTEX_POINT ( 'NONE', #8942 ) ;
#2550 = LINE ( 'NONE', #4053, #3733 ) ;
#2551 = EDGE_CURVE ( 'NONE', #8328, #8764, #5867, .T. ) ;
#2552 = VERTEX_POINT ( 'NONE', #5770 ) ;
#2553 = EDGE_CURVE ( 'NONE', #502, #6068, #8846, .T. ) ;
#2554 = FACE_BOUND ( 'NONE', #1276, .T. ) ;
#2555 = ORIENTED_EDGE ( 'NONE', *, *, #3556, .T. ) ;
#2556 = CARTESIAN_POINT ( 'NONE',  ( -18.35455173280955776, 0.000000000000000000, 52.85000000000000853 ) ) ;
#2557 = CARTESIAN_POINT ( 'NONE',  ( -6.709103465618912132, -12.00000000000000000, 30.00000000000000711 ) ) ;
#2558 = EDGE_CURVE ( 'NONE', #2104, #1732, #5517, .T. ) ;
#2559 = EDGE_CURVE ( 'NONE', #8293, #1799, #5075, .T. ) ;
#2560 = DIRECTION ( 'NONE',  ( -1.000000000000000000, 0.000000000000000000, 0.000000000000000000 ) ) ;
#2561 = EDGE_CURVE ( 'NONE', #8062, #9653, #7363, .T. ) ;
#2562 = DIRECTION ( 'NONE',  ( -0.5000000000000004441, 0.000000000000000000, 0.8660254037844383745 ) ) ;
#2563 = ORIENTED_EDGE ( 'NONE', *, *, #6041, .T. ) ;
#2564 = EDGE_LOOP ( 'NONE', ( #4981, #4013, #3672, #9350 ) ) ;
#2565 = EDGE_CURVE ( 'NONE', #612, #3774, #8895, .T. ) ;
#2566 = ORIENTED_EDGE ( 'NONE', *, *, #859, .T. ) ;
#2567 = CARTESIAN_POINT ( 'NONE',  ( -18.35455173280924512, -12.00000000000000000, 42.85000000000000142 ) ) ;
#2568 = ORIENTED_EDGE ( 'NONE', *, *, #8897, .T. ) ;
#2569 = CARTESIAN_POINT ( 'NONE',  ( 43.29089653438087026, -12.00000000000000000, 10.00000000000000711 ) ) ;
#2570 = DIRECTION ( 'NONE',  ( 0.000000000000000000, 1.000000000000000000, 0.000000000000000000 ) ) ;
#2571 = VERTEX_POINT ( 'NONE', #1575 ) ;
#2572 = DIRECTION ( 'NONE',  ( -0.4999999999999985012, 0.000000000000000000, 0.8660254037844393737 ) ) ;
#2573 = DIRECTION ( 'NONE',  ( 0.000000000000000000, -1.074435003146972733E-16, -1.000000000000000000 ) ) ;
#2574 = VERTEX_POINT ( 'NONE', #1476 ) ;
#2575 = CARTESIAN_POINT ( 'NONE',  ( 28.35455173280955421, -0.000000000000000000, 12.85000000000000853 ) ) ;
#2576 = ORIENTED_EDGE ( 'NONE', *, *, #5257, .T. ) ;
#2577 = CARTESIAN_POINT ( 'NONE',  ( 23.29089653438086316, -12.00000000000000000, 3.038187096183830448E-15 ) ) ;
#2578 = PLANE ( 'NONE',  #8681 ) ;
#2579 = CARTESIAN_POINT ( 'NONE',  ( -8.354551732809550657, -12.00000000000000000, 2.849999999999997868 ) ) ;
#2580 = LINE ( 'NONE', #4929, #8536 ) ;
#2581 = DIRECTION ( 'NONE',  ( 0.5000000000000017764, 0.000000000000000000, 0.8660254037844375974 ) ) ;
#2582 = ORIENTED_EDGE ( 'NONE', *, *, #7130, .F. ) ;
#2583 = VECTOR ( 'NONE', #1303, 1000.000000000000000 ) ;
#2584 = VECTOR ( 'NONE', #5719, 1000.000000000000000 ) ;
#2585 = CARTESIAN_POINT ( 'NONE',  ( -11.64544826719000881, -12.00000000000000000, 52.85000000000000142 ) ) ;
#2586 = VECTOR ( 'NONE', #9458, 1000.000000000000000 ) ;
#2587 = ORIENTED_EDGE ( 'NONE', *, *, #3421, .F. ) ;
#2588 = ORIENTED_EDGE ( 'NONE', *, *, #2321, .T. ) ;
#2589 = LINE ( 'NONE', #3447, #6594 ) ;
#2590 = ORIENTED_EDGE ( 'NONE', *, *, #555, .T. ) ;
#2591 = EDGE_LOOP ( 'NONE', ( #3872, #1333, #5410, #1621 ) ) ;
#2592 = CARTESIAN_POINT ( 'NONE',  ( -18.35455173280924512, 0.000000000000000000, 42.85000000000000142 ) ) ;
#2593 = LINE ( 'NONE', #9553, #8844 ) ;
#2594 = VECTOR ( 'NONE', #7073, 1000.000000000000000 ) ;
#2595 = CARTESIAN_POINT ( 'NONE',  ( 60.35455173280956132, 33.15544456622761516, -13.35455173280956842 ) ) ;
#2596 = CARTESIAN_POINT ( 'NONE',  ( -8.354551732809550657, -12.00000000000000000, 7.150000000000007461 ) ) ;
#2597 = VECTOR ( 'NONE', #6207, 1000.000000000000000 ) ;
#2598 = ORIENTED_EDGE ( 'NONE', *, *, #9186, .F. ) ;
#2599 = DIRECTION ( 'NONE',  ( 0.000000000000000000, 1.000000000000000000, 0.000000000000000000 ) ) ;
#2600 = PLANE ( 'NONE',  #4905 ) ;
#2601 = VECTOR ( 'NONE', #8600, 1000.000000000000114 ) ;
#2602 = ORIENTED_EDGE ( 'NONE', *, *, #7112, .T. ) ;
#2603 = FACE_OUTER_BOUND ( 'NONE', #8786, .T. ) ;
#2604 = CARTESIAN_POINT ( 'NONE',  ( -21.64544826719042447, -12.00000000000000000, 52.85000000000000853 ) ) ;
#2605 = LINE ( 'NONE', #4251, #4231 ) ;
#2606 = ADVANCED_FACE ( 'NONE', ( #2418 ), #6, .T. ) ;
#2607 = VECTOR ( 'NONE', #8820, 1000.000000000000114 ) ;
#2608 = VERTEX_POINT ( 'NONE', #6915 ) ;
#2609 = DIRECTION ( 'NONE',  ( 1.000000000000000000, 0.000000000000000000, 0.000000000000000000 ) ) ;
#2610 = EDGE_LOOP ( 'NONE', ( #8767, #590, #1035, #5812 ) ) ;
#2611 = EDGE_CURVE ( 'NONE', #4709, #8491, #5411, .T. ) ;
#2612 = EDGE_LOOP ( 'NONE', ( #6072, #9325, #1561, #5548 ) ) ;
#2613 = ADVANCED_FACE ( 'NONE', ( #3823 ), #1670, .F. ) ;
#2614 = EDGE_CURVE ( 'NONE', #645, #598, #9046, .T. ) ;
#2615 = DIRECTION ( 'NONE',  ( 0.000000000000000000, 0.000000000000000000, -1.000000000000000000 ) ) ;
#2616 = EDGE_LOOP ( 'NONE', ( #204, #4124, #2821, #2661, #8218, #8975 ) ) ;
#2617 = CARTESIAN_POINT ( 'NONE',  ( -11.64544826719042447, -12.00000000000000000, 12.85000000000000675 ) ) ;
#2618 = VERTEX_POINT ( 'NONE', #8449 ) ;
#2619 = CARTESIAN_POINT ( 'NONE',  ( 21.64544826719042447, 0.000000000000000000, -2.849999999999999201 ) ) ;
#2620 = AXIS2_PLACEMENT_3D ( 'NONE', #637, #8154, #5110 ) ;
#2621 = CARTESIAN_POINT ( 'NONE',  ( -51.64544826719043158, -12.00000000000000000, 7.150000000000007461 ) ) ;
#2622 = CARTESIAN_POINT ( 'NONE',  ( -53.29089653438087026, 0.000000000000000000, 10.00000000000000711 ) ) ;
#2623 = ORIENTED_EDGE ( 'NONE', *, *, #1872, .F. ) ;
#2624 = DIRECTION ( 'NONE',  ( 0.000000000000000000, 1.000000000000000000, 0.000000000000000000 ) ) ;
#2625 = FACE_OUTER_BOUND ( 'NONE', #3895, .T. ) ;
#2626 = PLANE ( 'NONE',  #8225 ) ;
#2627 = EDGE_CURVE ( 'NONE', #1460, #1666, #3869, .T. ) ;
#2628 = CARTESIAN_POINT ( 'NONE',  ( 38.35455173280955421, -12.00000000000000000, 2.849999999999997868 ) ) ;
#2629 = VECTOR ( 'NONE', #5609, 1000.000000000000000 ) ;
#2630 = DIRECTION ( 'NONE',  ( 1.000000000000000000, 0.000000000000000000, 1.317819823453642871E-16 ) ) ;
#2631 = EDGE_CURVE ( 'NONE', #1134, #1114, #6969, .T. ) ;
#2632 = CARTESIAN_POINT ( 'NONE',  ( -41.64544826719043158, -12.00000000000000000, 7.150000000000007461 ) ) ;
#2633 = AXIS2_PLACEMENT_3D ( 'NONE', #6185, #7773, #6132 ) ;
#2634 = CARTESIAN_POINT ( 'NONE',  ( -60.35455173280956132, 33.15544456622761516, -48.64544826719049553 ) ) ;
#2635 = ORIENTED_EDGE ( 'NONE', *, *, #3257, .F. ) ;
#2636 = AXIS2_PLACEMENT_3D ( 'NONE', #2567, #2467, #5601 ) ;
#2637 = DIRECTION ( 'NONE',  ( -0.8660254037844242747, 0.000000000000000000, 0.5000000000000250910 ) ) ;
#2638 = VERTEX_POINT ( 'NONE', #6023 ) ;
#2639 = ORIENTED_EDGE ( 'NONE', *, *, #6600, .T. ) ;
#2640 = DIRECTION ( 'NONE',  ( -0.5000000000000005551, 0.000000000000000000, 0.8660254037844382635 ) ) ;
#2641 = EDGE_LOOP ( 'NONE', ( #2642, #6074, #4186, #131 ) ) ;
#2642 = ORIENTED_EDGE ( 'NONE', *, *, #3019, .F. ) ;
#2643 = CARTESIAN_POINT ( 'NONE',  ( -8.354551732809342823, -12.00000000000000000, 27.15000000000000568 ) ) ;
#2644 = CARTESIAN_POINT ( 'NONE',  ( 28.35455173280955421, 0.000000000000000000, 7.150000000000007461 ) ) ;
#2645 = CARTESIAN_POINT ( 'NONE',  ( -23.29089653438055052, -12.00000000000000000, 40.00000000000000000 ) ) ;
#2646 = AXIS2_PLACEMENT_3D ( 'NONE', #716, #8335, #564 ) ;
#2647 = VERTEX_POINT ( 'NONE', #7571 ) ;
#2648 = CARTESIAN_POINT ( 'NONE',  ( -63.29089653438087026, -12.00000000000000000, 10.00000000000000711 ) ) ;
#2649 = DIRECTION ( 'NONE',  ( 0.4999999999999992228, 0.000000000000000000, -0.8660254037844390407 ) ) ;
#2650 = AXIS2_PLACEMENT_3D ( 'NONE', #9151, #6775, #7582 ) ;
#2651 = ORIENTED_EDGE ( 'NONE', *, *, #7130, .T. ) ;
#2652 = AXIS2_PLACEMENT_3D ( 'NONE', #9554, #5636, #4144 ) ;
#2653 = AXIS2_PLACEMENT_3D ( 'NONE', #7329, #8955, #8864 ) ;
#2654 = CARTESIAN_POINT ( 'NONE',  ( 31.64544826719043513, 0.000000000000000000, 2.849999999999998312 ) ) ;
#2655 = LINE ( 'NONE', #6396, #6121 ) ;
#2656 = CARTESIAN_POINT ( 'NONE',  ( 8.354551732809550657, 0.000000000000000000, 7.150000000000007461 ) ) ;
#2657 = DIRECTION ( 'NONE',  ( -0.5000000000000004441, 0.000000000000000000, 0.8660254037844383745 ) ) ;
#2658 = VECTOR ( 'NONE', #7335, 1000.000000000000000 ) ;
#2659 = AXIS2_PLACEMENT_3D ( 'NONE', #2634, #7971, #5678 ) ;
#2660 = VECTOR ( 'NONE', #8916, 1000.000000000000000 ) ;
#2661 = ORIENTED_EDGE ( 'NONE', *, *, #7629, .F. ) ;
#2662 = CARTESIAN_POINT ( 'NONE',  ( -46.70910346561912974, 0.000000000000000000, 10.00000000000000711 ) ) ;
#2663 = VERTEX_POINT ( 'NONE', #2231 ) ;
#2664 = ADVANCED_FACE ( 'NONE', ( #792 ), #3186, .T. ) ;
#2665 = VECTOR ( 'NONE', #6130, 1000.000000000000227 ) ;
#2666 = ORIENTED_EDGE ( 'NONE', *, *, #2248, .F. ) ;
#2667 = ORIENTED_EDGE ( 'NONE', *, *, #5364, .T. ) ;
#2668 = DIRECTION ( 'NONE',  ( 1.000000000000000000, -0.000000000000000000, 8.673617379884034239E-17 ) ) ;
#2669 = ORIENTED_EDGE ( 'NONE', *, *, #4631, .F. ) ;
#2670 = LINE ( 'NONE', #5716, #8627 ) ;
#2671 = ORIENTED_EDGE ( 'NONE', *, *, #4331, .F. ) ;
#2672 = VECTOR ( 'NONE', #7264, 1000.000000000000000 ) ;
#2673 = CARTESIAN_POINT ( 'NONE',  ( -41.64544826719043868, -12.00000000000000000, 2.849999999999998312 ) ) ;
#2674 = DIRECTION ( 'NONE',  ( 0.000000000000000000, 1.000000000000000000, 0.000000000000000000 ) ) ;
#2675 = EDGE_CURVE ( 'NONE', #4814, #6381, #8309, .T. ) ;
#2676 = DIRECTION ( 'NONE',  ( -0.5000000000000008882, 0.000000000000000000, 0.8660254037844381525 ) ) ;
#2677 = ADVANCED_FACE ( 'NONE', ( #9089 ), #3081, .T. ) ;
#2678 = ORIENTED_EDGE ( 'NONE', *, *, #6232, .F. ) ;
#2679 = LINE ( 'NONE', #985, #9283 ) ;
#2680 = CARTESIAN_POINT ( 'NONE',  ( -8.354551732809550657, -12.00000000000000000, 2.849999999999997868 ) ) ;
#2681 = LINE ( 'NONE', #1330, #1403 ) ;
#2682 = FACE_OUTER_BOUND ( 'NONE', #6340, .T. ) ;
#2683 = LINE ( 'NONE', #8601, #1705 ) ;
#2684 = ORIENTED_EDGE ( 'NONE', *, *, #377, .T. ) ;
#2685 = CARTESIAN_POINT ( 'NONE',  ( -18.35455173280913499, -12.00000000000000000, 47.14999999999999858 ) ) ;
#2686 = ORIENTED_EDGE ( 'NONE', *, *, #3438, .T. ) ;
#2687 = EDGE_CURVE ( 'NONE', #2927, #4362, #9137, .T. ) ;
#2688 = LINE ( 'NONE', #5872, #1961 ) ;
#2689 = ORIENTED_EDGE ( 'NONE', *, *, #2013, .F. ) ;
#2690 = ORIENTED_EDGE ( 'NONE', *, *, #5762, .T. ) ;
#2691 = CARTESIAN_POINT ( 'NONE',  ( 8.354551732809447628, -12.00000000000000000, 17.15000000000000568 ) ) ;
#2692 = ORIENTED_EDGE ( 'NONE', *, *, #2498, .T. ) ;
#2693 = ORIENTED_EDGE ( 'NONE', *, *, #9787, .F. ) ;
#2694 = CARTESIAN_POINT ( 'NONE',  ( 38.35455173280956132, -0.000000000000000000, 2.849999999999998312 ) ) ;
#2695 = FACE_OUTER_BOUND ( 'NONE', #1598, .T. ) ;
#2696 = CARTESIAN_POINT ( 'NONE',  ( -26.70910346561912618, -12.00000000000000000, 1.294402214996931218E-15 ) ) ;
#2697 = ORIENTED_EDGE ( 'NONE', *, *, #7626, .F. ) ;
#2698 = PLANE ( 'NONE',  #4988 ) ;
#2699 = EDGE_CURVE ( 'NONE', #7300, #6056, #9196, .T. ) ;
#2700 = EDGE_CURVE ( 'NONE', #8794, #2171, #2330, .T. ) ;
#2701 = FACE_OUTER_BOUND ( 'NONE', #9701, .T. ) ;
#2702 = ORIENTED_EDGE ( 'NONE', *, *, #1409, .T. ) ;
#2703 = DIRECTION ( 'NONE',  ( -1.000000000000000000, 0.000000000000000000, -0.000000000000000000 ) ) ;
#2704 = EDGE_CURVE ( 'NONE', #5142, #8735, #1531, .T. ) ;
#2705 = DIRECTION ( 'NONE',  ( 0.000000000000000000, 0.000000000000000000, 1.000000000000000000 ) ) ;
#2706 = DIRECTION ( 'NONE',  ( -0.5000000000000008882, -0.000000000000000000, -0.8660254037844381525 ) ) ;
#2707 = CARTESIAN_POINT ( 'NONE',  ( 16.70910346561870696, -12.00000000000000000, 50.00000000000000000 ) ) ;
#2708 = EDGE_LOOP ( 'NONE', ( #7100, #4417, #1267, #946, #2486, #319, #7933, #7334 ) ) ;
#2709 = DIRECTION ( 'NONE',  ( -0.4999999999999995004, 0.000000000000000000, -0.8660254037844389297 ) ) ;
#2710 = EDGE_LOOP ( 'NONE', ( #1426, #5628, #2323, #7081, #8842, #2334 ) ) ;
#2711 = ORIENTED_EDGE ( 'NONE', *, *, #8811, .F. ) ;
#2712 = DIRECTION ( 'NONE',  ( -0.8660254037844381525, 0.000000000000000000, -0.5000000000000008882 ) ) ;
#2713 = DIRECTION ( 'NONE',  ( 0.000000000000000000, 0.000000000000000000, 1.000000000000000000 ) ) ;
#2714 = DIRECTION ( 'NONE',  ( -0.4999999999999990563, 0.000000000000000000, -0.8660254037844391517 ) ) ;
#2715 = ORIENTED_EDGE ( 'NONE', *, *, #8161, .F. ) ;
#2716 = DIRECTION ( 'NONE',  ( -0.4999999999999992228, 0.000000000000000000, 0.8660254037844390407 ) ) ;
#2717 = DIRECTION ( 'NONE',  ( 0.5000000000000017764, -0.000000000000000000, -0.8660254037844375974 ) ) ;
#2718 = CARTESIAN_POINT ( 'NONE',  ( 50.35455173280956132, 33.15544456622761516, -48.64544826719049553 ) ) ;
#2719 = ORIENTED_EDGE ( 'NONE', *, *, #3411, .F. ) ;
#2720 = VERTEX_POINT ( 'NONE', #8411 ) ;
#2721 = CARTESIAN_POINT ( 'NONE',  ( -50.35455173280956132, 10.00000000000000000, -8.354551732809563092 ) ) ;
#2722 = DIRECTION ( 'NONE',  ( 0.000000000000000000, 1.000000000000000000, 0.000000000000000000 ) ) ;
#2723 = LINE ( 'NONE', #2579, #8632 ) ;
#2724 = LINE ( 'NONE', #9344, #7906 ) ;
#2725 = DIRECTION ( 'NONE',  ( -0.8660254037844242747, 0.000000000000000000, -0.5000000000000248690 ) ) ;
#2726 = EDGE_CURVE ( 'NONE', #8735, #4395, #4626, .T. ) ;
#2727 = EDGE_LOOP ( 'NONE', ( #1094, #1797, #8359, #1151, #5583, #2049 ) ) ;
#2728 = DIRECTION ( 'NONE',  ( -0.8660254037844380415, 0.000000000000000000, -0.5000000000000009992 ) ) ;
#2729 = CARTESIAN_POINT ( 'NONE',  ( -21.64544826719031789, -12.00000000000000000, 22.85000000000000497 ) ) ;
#2730 = EDGE_LOOP ( 'NONE', ( #960, #9711, #5688, #6848 ) ) ;
#2731 = ORIENTED_EDGE ( 'NONE', *, *, #2224, .T. ) ;
#2732 = DIRECTION ( 'NONE',  ( 0.000000000000000000, 1.074435003146972733E-16, 1.000000000000000000 ) ) ;
#2733 = ORIENTED_EDGE ( 'NONE', *, *, #3893, .F. ) ;
#2734 = DIRECTION ( 'NONE',  ( -1.000000000000000000, -0.000000000000000000, -0.000000000000000000 ) ) ;
#2735 = CARTESIAN_POINT ( 'NONE',  ( 11.64544826719032145, 0.000000000000000000, 22.85000000000000497 ) ) ;
#2736 = EDGE_CURVE ( 'NONE', #6383, #1761, #3132, .T. ) ;
#2737 = LINE ( 'NONE', #8084, #6173 ) ;
#2738 = EDGE_CURVE ( 'NONE', #5296, #6543, #6176, .T. ) ;
#2739 = ADVANCED_FACE ( 'NONE', ( #9662 ), #7948, .T. ) ;
#2740 = EDGE_LOOP ( 'NONE', ( #6244, #683, #8124, #8111 ) ) ;
#2741 = LINE ( 'NONE', #5041, #947 ) ;
#2742 = EDGE_CURVE ( 'NONE', #7029, #6389, #1305, .T. ) ;
#2743 = DIRECTION ( 'NONE',  ( 0.000000000000000000, -0.000000000000000000, -1.000000000000000000 ) ) ;
#2744 = EDGE_LOOP ( 'NONE', ( #3792, #1109, #4298, #5976 ) ) ;
#2745 = CARTESIAN_POINT ( 'NONE',  ( -61.64544826719043158, 0.000000000000000000, -2.850000000000000089 ) ) ;
#2746 = DIRECTION ( 'NONE',  ( -1.000000000000000000, -0.000000000000000000, -0.000000000000000000 ) ) ;
#2747 = DIRECTION ( 'NONE',  ( 0.000000000000000000, -2.312964634635742895E-17, 1.000000000000000000 ) ) ;
#2748 = VECTOR ( 'NONE', #8715, 1000.000000000000000 ) ;
#2749 = VECTOR ( 'NONE', #7164, 1000.000000000000000 ) ;
#2750 = CARTESIAN_POINT ( 'NONE',  ( 48.35455173280956132, -12.00000000000000000, 2.849999999999997868 ) ) ;
#2751 = PLANE ( 'NONE',  #7425 ) ;
#2752 = AXIS2_PLACEMENT_3D ( 'NONE', #1778, #5014, #6313 ) ;
#2753 = DIRECTION ( 'NONE',  ( 1.000000000000000000, -0.000000000000000000, -0.000000000000000000 ) ) ;
#2754 = ORIENTED_EDGE ( 'NONE', *, *, #9251, .T. ) ;
#2755 = VECTOR ( 'NONE', #6855, 1000.000000000000000 ) ;
#2756 = VECTOR ( 'NONE', #8051, 1000.000000000000000 ) ;
#2757 = ORIENTED_EDGE ( 'NONE', *, *, #3127, .F. ) ;
#2758 = FACE_OUTER_BOUND ( 'NONE', #7624, .T. ) ;
#2759 = ORIENTED_EDGE ( 'NONE', *, *, #764, .F. ) ;
#2760 = EDGE_LOOP ( 'NONE', ( #1653, #9034, #2517, #9327, #7096, #5782 ) ) ;
#2761 = VECTOR ( 'NONE', #951, 1000.000000000000000 ) ;
#2762 = ORIENTED_EDGE ( 'NONE', *, *, #6522, .F. ) ;
#2763 = VECTOR ( 'NONE', #7320, 1000.000000000000000 ) ;
#2764 = CARTESIAN_POINT ( 'NONE',  ( 18.35455173280913499, -12.00000000000000000, 47.14999999999999858 ) ) ;
#2765 = DIRECTION ( 'NONE',  ( 0.000000000000000000, 1.000000000000000000, 0.000000000000000000 ) ) ;
#2766 = EDGE_LOOP ( 'NONE', ( #7785, #6203, #7032, #6539, #480, #122 ) ) ;
#2767 = DIRECTION ( 'NONE',  ( 0.5000000000000008882, 0.000000000000000000, 0.8660254037844381525 ) ) ;
#2768 = ORIENTED_EDGE ( 'NONE', *, *, #740, .T. ) ;
#2769 = ORIENTED_EDGE ( 'NONE', *, *, #9411, .T. ) ;
#2770 = ORIENTED_EDGE ( 'NONE', *, *, #4912, .F. ) ;
#2771 = LINE ( 'NONE', #5817, #4543 ) ;
#2772 = VECTOR ( 'NONE', #6705, 1000.000000000000000 ) ;
#2773 = DIRECTION ( 'NONE',  ( 0.000000000000000000, 1.000000000000000000, -0.000000000000000000 ) ) ;
#2774 = DIRECTION ( 'NONE',  ( 0.000000000000000000, 0.000000000000000000, 1.000000000000000000 ) ) ;
#2775 = ORIENTED_EDGE ( 'NONE', *, *, #496, .T. ) ;
#2776 = FACE_OUTER_BOUND ( 'NONE', #2616, .T. ) ;
#2777 = VERTEX_POINT ( 'NONE', #371 ) ;
#2778 = DIRECTION ( 'NONE',  ( 0.000000000000000000, 0.000000000000000000, -1.000000000000000000 ) ) ;
#2779 = CARTESIAN_POINT ( 'NONE',  ( 23.29089653438086316, -12.00000000000000000, 20.00000000000000355 ) ) ;
#2780 = EDGE_LOOP ( 'NONE', ( #5459, #4655, #3559, #8576 ) ) ;
#2781 = DIRECTION ( 'NONE',  ( 0.8660254037844383745, 0.000000000000000000, -0.5000000000000006661 ) ) ;
#2782 = DIRECTION ( 'NONE',  ( -1.000000000000000000, -0.000000000000000000, -0.000000000000000000 ) ) ;
#2783 = ORIENTED_EDGE ( 'NONE', *, *, #7268, .F. ) ;
#2784 = LINE ( 'NONE', #8271, #4989 ) ;
#2785 = CARTESIAN_POINT ( 'NONE',  ( -46.70910346561912974, -12.00000000000000000, 10.00000000000000711 ) ) ;
#2786 = DIRECTION ( 'NONE',  ( 0.8660254037844388186, -0.000000000000000000, 0.4999999999999997224 ) ) ;
#2787 = EDGE_LOOP ( 'NONE', ( #2027, #4274, #7784, #4549 ) ) ;
#2788 = VECTOR ( 'NONE', #3621, 1000.000000000000000 ) ;
#2789 = CARTESIAN_POINT ( 'NONE',  ( 18.35455173280913499, -12.00000000000000000, 47.14999999999999858 ) ) ;
#2790 = AXIS2_PLACEMENT_3D ( 'NONE', #3766, #8977, #6805 ) ;
#2791 = EDGE_CURVE ( 'NONE', #1750, #4952, #9467, .T. ) ;
#2792 = CARTESIAN_POINT ( 'NONE',  ( -21.64544826719042803, -12.00000000000000000, -2.850000000000000089 ) ) ;
#2793 = EDGE_CURVE ( 'NONE', #4246, #5245, #5646, .T. ) ;
#2794 = ORIENTED_EDGE ( 'NONE', *, *, #7188, .F. ) ;
#2795 = DIRECTION ( 'NONE',  ( 0.000000000000000000, 0.000000000000000000, 1.000000000000000000 ) ) ;
#2796 = EDGE_CURVE ( 'NONE', #1822, #5166, #2053, .T. ) ;
#2797 = CARTESIAN_POINT ( 'NONE',  ( 23.29089653438086316, -12.00000000000000000, 3.038187096183830448E-15 ) ) ;
#2798 = CARTESIAN_POINT ( 'NONE',  ( 31.64544826719043513, -12.00000000000000000, 2.849999999999998312 ) ) ;
#2799 = DIRECTION ( 'NONE',  ( 0.000000000000000000, 1.000000000000000000, 0.000000000000000000 ) ) ;
#2800 = VECTOR ( 'NONE', #5243, 1000.000000000000000 ) ;
#2801 = DIRECTION ( 'NONE',  ( 0.000000000000000000, -0.000000000000000000, -1.000000000000000000 ) ) ;
#2802 = DIRECTION ( 'NONE',  ( -0.8660254037844384856, 0.000000000000000000, 0.5000000000000004441 ) ) ;
#2803 = ORIENTED_EDGE ( 'NONE', *, *, #9741, .F. ) ;
#2804 = EDGE_CURVE ( 'NONE', #1539, #1321, #8772, .T. ) ;
#2805 = AXIS2_PLACEMENT_3D ( 'NONE', #5328, #7024, #1588 ) ;
#2806 = DIRECTION ( 'NONE',  ( 0.5000000000000008882, 0.000000000000000000, 0.8660254037844381525 ) ) ;
#2807 = ORIENTED_EDGE ( 'NONE', *, *, #6960, .F. ) ;
#2808 = EDGE_CURVE ( 'NONE', #2608, #9671, #3410, .T. ) ;
#2809 = ORIENTED_EDGE ( 'NONE', *, *, #2240, .F. ) ;
#2810 = VECTOR ( 'NONE', #8858, 1000.000000000000000 ) ;
#2811 = VECTOR ( 'NONE', #5038, 1000.000000000000000 ) ;
#2812 = CARTESIAN_POINT ( 'NONE',  ( 21.64544826719042803, 0.000000000000000000, 7.150000000000007461 ) ) ;
#2813 = AXIS2_PLACEMENT_3D ( 'NONE', #2008, #5052, #1261 ) ;
#2814 = CARTESIAN_POINT ( 'NONE',  ( 8.354551732809342823, -12.00000000000000000, 27.15000000000000568 ) ) ;
#2815 = DIRECTION ( 'NONE',  ( -1.000000000000000000, -0.000000000000000000, -0.000000000000000000 ) ) ;
#2816 = ORIENTED_EDGE ( 'NONE', *, *, #4912, .T. ) ;
#2817 = EDGE_CURVE ( 'NONE', #5211, #5692, #4911, .T. ) ;
#2818 = AXIS2_PLACEMENT_3D ( 'NONE', #4548, #4449, #5279 ) ;
#2819 = FACE_OUTER_BOUND ( 'NONE', #3762, .T. ) ;
#2820 = ORIENTED_EDGE ( 'NONE', *, *, #7698, .T. ) ;
#2821 = ORIENTED_EDGE ( 'NONE', *, *, #4601, .F. ) ;
#2822 = CARTESIAN_POINT ( 'NONE',  ( -8.354551732809550657, -12.00000000000000000, 12.85000000000000675 ) ) ;
#2823 = CARTESIAN_POINT ( 'NONE',  ( -18.35455173280955421, 0.000000000000000000, 2.849999999999997868 ) ) ;
#2824 = CARTESIAN_POINT ( 'NONE',  ( 21.64544826719011184, -12.00000000000000000, 42.85000000000000142 ) ) ;
#2825 = DIRECTION ( 'NONE',  ( 0.000000000000000000, 0.000000000000000000, -1.000000000000000000 ) ) ;
#2826 = DIRECTION ( 'NONE',  ( 1.000000000000000000, -0.000000000000000000, -0.000000000000000000 ) ) ;
#2827 = VECTOR ( 'NONE', #6735, 1000.000000000000000 ) ;
#2828 = EDGE_LOOP ( 'NONE', ( #5977, #2056, #9348, #7860 ) ) ;
#2829 = EDGE_CURVE ( 'NONE', #3102, #7084, #1957, .T. ) ;
#2830 = CARTESIAN_POINT ( 'NONE',  ( 6.709103465618808215, -12.00000000000000000, 40.00000000000000000 ) ) ;
#2831 = DIRECTION ( 'NONE',  ( -0.5000000000000008882, 0.000000000000000000, -0.8660254037844381525 ) ) ;
#2832 = LINE ( 'NONE', #4232, #6419 ) ;
#2833 = ORIENTED_EDGE ( 'NONE', *, *, #5292, .F. ) ;
#2834 = CARTESIAN_POINT ( 'NONE',  ( -41.64544826719043158, -12.00000000000000000, -2.850000000000000089 ) ) ;
#2835 = CARTESIAN_POINT ( 'NONE',  ( -8.354551732809447628, -12.00000000000000000, 17.15000000000000568 ) ) ;
#2836 = EDGE_CURVE ( 'NONE', #4341, #7270, #5751, .T. ) ;
#2837 = ADVANCED_FACE ( 'NONE', ( #8044 ), #6647, .T. ) ;
#2838 = VERTEX_POINT ( 'NONE', #7995 ) ;
#2839 = CARTESIAN_POINT ( 'NONE',  ( -21.64544826719042803, 0.000000000000000000, -2.850000000000000089 ) ) ;
#2840 = CARTESIAN_POINT ( 'NONE',  ( -61.64544826719043158, -12.00000000000000000, 7.150000000000007461 ) ) ;
#2841 = DIRECTION ( 'NONE',  ( 0.000000000000000000, 1.000000000000000000, 0.000000000000000000 ) ) ;
#2842 = ORIENTED_EDGE ( 'NONE', *, *, #4321, .T. ) ;
#2843 = CARTESIAN_POINT ( 'NONE',  ( -58.35455173280956132, -12.00000000000000000, 7.150000000000007461 ) ) ;
#2844 = ADVANCED_FACE ( 'NONE', ( #1159 ), #8095, .T. ) ;
#2845 = PLANE ( 'NONE',  #8689 ) ;
#2846 = VERTEX_POINT ( 'NONE', #1207 ) ;
#2847 = CARTESIAN_POINT ( 'NONE',  ( 26.70910346561912618, -12.00000000000000000, 10.00000000000000711 ) ) ;
#2848 = LINE ( 'NONE', #5886, #6655 ) ;
#2849 = LINE ( 'NONE', #9814, #5131 ) ;
#2850 = CARTESIAN_POINT ( 'NONE',  ( 0.000000000000000000, -12.00000000000000000, 0.000000000000000000 ) ) ;
#2851 = LINE ( 'NONE', #6098, #5365 ) ;
#2852 = ORIENTED_EDGE ( 'NONE', *, *, #9741, .T. ) ;
#2853 = EDGE_CURVE ( 'NONE', #8682, #8068, #5847, .T. ) ;
#2854 = CARTESIAN_POINT ( 'NONE',  ( -58.35455173280956842, 0.000000000000000000, -48.35455173280956842 ) ) ;
#2855 = EDGE_CURVE ( 'NONE', #6068, #1965, #7298, .T. ) ;
#2856 = ADVANCED_FACE ( 'NONE', ( #5801 ), #8822, .T. ) ;
#2857 = ORIENTED_EDGE ( 'NONE', *, *, #6964, .T. ) ;
#2858 = ADVANCED_FACE ( 'NONE', ( #4304 ), #3568, .T. ) ;
#2859 = DIRECTION ( 'NONE',  ( -1.000000000000000000, 0.000000000000000000, 0.000000000000000000 ) ) ;
#2860 = VERTEX_POINT ( 'NONE', #8874 ) ;
#2861 = ORIENTED_EDGE ( 'NONE', *, *, #6948, .T. ) ;
#2862 = DIRECTION ( 'NONE',  ( 0.000000000000000000, 1.000000000000000000, 0.000000000000000000 ) ) ;
#2863 = VERTEX_POINT ( 'NONE', #7395 ) ;
#2864 = DIRECTION ( 'NONE',  ( 0.5000000000000003331, 0.000000000000000000, 0.8660254037844383745 ) ) ;
#2865 = LINE ( 'NONE', #5902, #4357 ) ;
#2866 = DIRECTION ( 'NONE',  ( 0.4999999999999996669, -0.000000000000000000, 0.8660254037844388186 ) ) ;
#2867 = EDGE_CURVE ( 'NONE', #373, #3727, #2897, .T. ) ;
#2868 = ADVANCED_FACE ( 'NONE', ( #2152 ), #5187, .T. ) ;
#2869 = EDGE_LOOP ( 'NONE', ( #5802, #5271, #831, #9568 ) ) ;
#2870 = CARTESIAN_POINT ( 'NONE',  ( -11.64544826719043158, -12.00000000000000000, 2.849999999999998312 ) ) ;
#2871 = EDGE_LOOP ( 'NONE', ( #2820, #753, #2371, #3419, #1401, #9425 ) ) ;
#2872 = EDGE_LOOP ( 'NONE', ( #3501, #4076, #5552, #690 ) ) ;
#2873 = DIRECTION ( 'NONE',  ( -0.4999999999999985012, 0.000000000000000000, -0.8660254037844393737 ) ) ;
#2874 = ORIENTED_EDGE ( 'NONE', *, *, #2436, .F. ) ;
#2875 = DIRECTION ( 'NONE',  ( 0.000000000000000000, 5.372175015734863666E-17, 1.000000000000000000 ) ) ;
#2876 = LINE ( 'NONE', #5965, #9803 ) ;
#2877 = VERTEX_POINT ( 'NONE', #5286 ) ;
#2878 = LINE ( 'NONE', #7473, #6329 ) ;
#2879 = ORIENTED_EDGE ( 'NONE', *, *, #3294, .T. ) ;
#2880 = DIRECTION ( 'NONE',  ( -1.000000000000000000, 0.000000000000000000, 0.000000000000000000 ) ) ;
#2881 = DIRECTION ( 'NONE',  ( 0.4999999999999995004, 0.000000000000000000, 0.8660254037844389297 ) ) ;
#2882 = LINE ( 'NONE', #2078, #9415 ) ;
#2883 = ORIENTED_EDGE ( 'NONE', *, *, #6242, .F. ) ;
#2884 = VERTEX_POINT ( 'NONE', #3705 ) ;
#2885 = LINE ( 'NONE', #5780, #5191 ) ;
#2886 = ORIENTED_EDGE ( 'NONE', *, *, #6216, .T. ) ;
#2887 = CARTESIAN_POINT ( 'NONE',  ( 23.29089653438065710, -12.00000000000000000, 30.00000000000000711 ) ) ;
#2888 = FACE_OUTER_BOUND ( 'NONE', #9574, .T. ) ;
#2889 = LINE ( 'NONE', #1492, #3630 ) ;
#2890 = VERTEX_POINT ( 'NONE', #4457 ) ;
#2891 = LINE ( 'NONE', #1495, #1630 ) ;
#2892 = CARTESIAN_POINT ( 'NONE',  ( -13.29089653438086316, -12.00000000000000000, 3.038187096183830448E-15 ) ) ;
#2893 = ORIENTED_EDGE ( 'NONE', *, *, #2943, .T. ) ;
#2894 = DIRECTION ( 'NONE',  ( 1.000000000000000000, -0.000000000000000000, 1.317819823453642871E-16 ) ) ;
#2895 = CARTESIAN_POINT ( 'NONE',  ( -23.29089653438055052, -12.00000000000000000, 40.00000000000000000 ) ) ;
#2896 = LINE ( 'NONE', #1503, #3289 ) ;
#2897 = LINE ( 'NONE', #9705, #8393 ) ;
#2898 = VERTEX_POINT ( 'NONE', #8189 ) ;
#2899 = CARTESIAN_POINT ( 'NONE',  ( 26.70910346561912618, -12.00000000000000000, 1.294402214996931218E-15 ) ) ;
#2900 = ORIENTED_EDGE ( 'NONE', *, *, #1375, .T. ) ;
#2901 = CARTESIAN_POINT ( 'NONE',  ( -11.64544826719042447, -0.000000000000000000, 7.150000000000007461 ) ) ;
#2902 = VECTOR ( 'NONE', #4202, 1000.000000000000114 ) ;
#2903 = FACE_OUTER_BOUND ( 'NONE', #2215, .T. ) ;
#2904 = ORIENTED_EDGE ( 'NONE', *, *, #6027, .T. ) ;
#2905 = VECTOR ( 'NONE', #709, 1000.000000000000000 ) ;
#2906 = EDGE_LOOP ( 'NONE', ( #2216, #5741, #7519, #6724 ) ) ;
#2907 = PLANE ( 'NONE',  #4556 ) ;
#2908 = PLANE ( 'NONE',  #9585 ) ;
#2909 = ORIENTED_EDGE ( 'NONE', *, *, #8301, .F. ) ;
#2910 = FACE_OUTER_BOUND ( 'NONE', #3448, .T. ) ;
#2911 = AXIS2_PLACEMENT_3D ( 'NONE', #1754, #5438, #6992 ) ;
#2912 = DIRECTION ( 'NONE',  ( 0.000000000000000000, 0.000000000000000000, -1.000000000000000000 ) ) ;
#2913 = VECTOR ( 'NONE', #1987, 1000.000000000000000 ) ;
#2914 = ORIENTED_EDGE ( 'NONE', *, *, #4102, .T. ) ;
#2915 = CARTESIAN_POINT ( 'NONE',  ( -16.70910346561870696, -12.00000000000000000, 50.00000000000000000 ) ) ;
#2916 = ORIENTED_EDGE ( 'NONE', *, *, #821, .T. ) ;
#2917 = EDGE_CURVE ( 'NONE', #8262, #5534, #2305, .T. ) ;
#2918 = VERTEX_POINT ( 'NONE', #1452 ) ;
#2919 = VECTOR ( 'NONE', #4619, 1000.000000000000000 ) ;
#2920 = EDGE_CURVE ( 'NONE', #7580, #1576, #2851, .T. ) ;
#2922 = DIRECTION ( 'NONE',  ( 0.4999999999999989453, 0.000000000000000000, 0.8660254037844391517 ) ) ;
#2921 = AXIS2_PLACEMENT_3D ( 'NONE', #7973, #543, #7424 ) ;
#2923 = EDGE_CURVE ( 'NONE', #2898, #5108, #7598, .T. ) ;
#2924 = VERTEX_POINT ( 'NONE', #1356 ) ;
#2925 = DIRECTION ( 'NONE',  ( -0.5000000000000008882, -0.000000000000000000, -0.8660254037844381525 ) ) ;
#2926 = PLANE ( 'NONE',  #444 ) ;
#2927 = VERTEX_POINT ( 'NONE', #2952 ) ;
#2928 = LINE ( 'NONE', #537, #6966 ) ;
#2929 = ORIENTED_EDGE ( 'NONE', *, *, #978, .T. ) ;
#2930 = VECTOR ( 'NONE', #6844, 1000.000000000000114 ) ;
#2931 = CARTESIAN_POINT ( 'NONE',  ( -60.35455173280956132, 33.15544456622761516, -48.64544826719049553 ) ) ;
#2932 = CARTESIAN_POINT ( 'NONE',  ( 28.35455173280955421, -12.00000000000000000, 12.85000000000000675 ) ) ;
#2933 = ORIENTED_EDGE ( 'NONE', *, *, #2988, .T. ) ;
#2934 = ORIENTED_EDGE ( 'NONE', *, *, #5547, .T. ) ;
#2935 = DIRECTION ( 'NONE',  ( 1.317819823453642871E-16, -0.000000000000000000, 1.000000000000000000 ) ) ;
#2936 = ADVANCED_FACE ( 'NONE', ( #8336 ), #6740, .T. ) ;
#2937 = VERTEX_POINT ( 'NONE', #6890 ) ;
#2938 = FACE_BOUND ( 'NONE', #5572, .T. ) ;
#2939 = CARTESIAN_POINT ( 'NONE',  ( -11.64544826719031967, 0.000000000000000000, 22.85000000000000853 ) ) ;
#2940 = FACE_OUTER_BOUND ( 'NONE', #1468, .T. ) ;
#2941 = ORIENTED_EDGE ( 'NONE', *, *, #2836, .T. ) ;
#2942 = PLANE ( 'NONE',  #8158 ) ;
#2943 = EDGE_CURVE ( 'NONE', #6116, #1793, #7492, .T. ) ;
#2944 = VECTOR ( 'NONE', #9596, 1000.000000000000000 ) ;
#2945 = FACE_OUTER_BOUND ( 'NONE', #4628, .T. ) ;
#2946 = ORIENTED_EDGE ( 'NONE', *, *, #4522, .T. ) ;
#2947 = DIRECTION ( 'NONE',  ( -0.5000000000000004441, 0.000000000000000000, 0.8660254037844383745 ) ) ;
#2948 = DIRECTION ( 'NONE',  ( 0.000000000000000000, 1.000000000000000000, 0.000000000000000000 ) ) ;
#2949 = CARTESIAN_POINT ( 'NONE',  ( -53.29089653438087026, -12.00000000000000000, 3.038187096183830448E-15 ) ) ;
#2950 = LINE ( 'NONE', #5993, #8836 ) ;
#2951 = VECTOR ( 'NONE', #6204, 1000.000000000000000 ) ;
#2952 = CARTESIAN_POINT ( 'NONE',  ( -21.64544826719001236, -12.00000000000000000, 47.14999999999999858 ) ) ;
#2953 = AXIS2_PLACEMENT_3D ( 'NONE', #1219, #4314, #5064 ) ;
#2954 = EDGE_LOOP ( 'NONE', ( #5031, #21, #3368, #1752 ) ) ;
#2955 = PLANE ( 'NONE',  #5819 ) ;
#2956 = EDGE_CURVE ( 'NONE', #5452, #1539, #1559, .T. ) ;
#2957 = ORIENTED_EDGE ( 'NONE', *, *, #4886, .T. ) ;
#2958 = DIRECTION ( 'NONE',  ( -0.5000000000000004441, 0.000000000000000000, -0.8660254037844383745 ) ) ;
#2959 = DIRECTION ( 'NONE',  ( 0.000000000000000000, 1.000000000000000000, 0.000000000000000000 ) ) ;
#2960 = EDGE_LOOP ( 'NONE', ( #232, #8375, #4746, #7158, #52, #2852 ) ) ;
#2961 = AXIS2_PLACEMENT_3D ( 'NONE', #6993, #4049, #8432 ) ;
#2962 = ORIENTED_EDGE ( 'NONE', *, *, #2130, .F. ) ;
#2963 = DIRECTION ( 'NONE',  ( 0.000000000000000000, 1.000000000000000000, -0.000000000000000000 ) ) ;
#2964 = DIRECTION ( 'NONE',  ( -0.4999999999999990563, 0.000000000000000000, -0.8660254037844391517 ) ) ;
#2965 = EDGE_CURVE ( 'NONE', #8379, #2282, #8243, .T. ) ;
#2966 = EDGE_CURVE ( 'NONE', #1062, #6086, #1412, .T. ) ;
#2967 = LINE ( 'NONE', #2369, #8370 ) ;
#2968 = CARTESIAN_POINT ( 'NONE',  ( -13.29089653438086316, -12.00000000000000000, 10.00000000000000711 ) ) ;
#2969 = CARTESIAN_POINT ( 'NONE',  ( 23.29089653438086316, 0.000000000000000000, 20.00000000000000355 ) ) ;
#2970 = AXIS2_PLACEMENT_3D ( 'NONE', #5539, #128, #1755 ) ;
#2971 = EDGE_LOOP ( 'NONE', ( #9583, #3279, #3870, #8754 ) ) ;
#2972 = DIRECTION ( 'NONE',  ( 0.5000000000000250910, -0.000000000000000000, -0.8660254037844242747 ) ) ;
#2973 = ORIENTED_EDGE ( 'NONE', *, *, #4472, .T. ) ;
#2974 = ORIENTED_EDGE ( 'NONE', *, *, #7496, .F. ) ;
#2975 = AXIS2_PLACEMENT_3D ( 'NONE', #9740, #2935, #5978 ) ;
#2976 = DIRECTION ( 'NONE',  ( -1.000000000000000000, 0.000000000000000000, 0.000000000000000000 ) ) ;
#2977 = VECTOR ( 'NONE', #4930, 1000.000000000000000 ) ;
#2978 = VECTOR ( 'NONE', #3340, 1000.000000000000114 ) ;
#2979 = ORIENTED_EDGE ( 'NONE', *, *, #4394, .F. ) ;
#2980 = CARTESIAN_POINT ( 'NONE',  ( 38.35455173280955421, -12.00000000000000000, 7.150000000000007461 ) ) ;
#2981 = DIRECTION ( 'NONE',  ( 0.5000000000000001110, -0.000000000000000000, 0.8660254037844385966 ) ) ;
#2982 = ORIENTED_EDGE ( 'NONE', *, *, #6639, .F. ) ;
#2983 = DIRECTION ( 'NONE',  ( -0.4999999999999995004, -0.000000000000000000, 0.8660254037844389297 ) ) ;
#2984 = ORIENTED_EDGE ( 'NONE', *, *, #7676, .F. ) ;
#2985 = VECTOR ( 'NONE', #164, 1000.000000000000000 ) ;
#2986 = EDGE_CURVE ( 'NONE', #5596, #7414, #816, .T. ) ;
#2987 = CIRCLE ( 'NONE', #6010, 2.999999999999995559 ) ;
#2988 = EDGE_CURVE ( 'NONE', #354, #7832, #4609, .T. ) ;
#2989 = AXIS2_PLACEMENT_3D ( 'NONE', #8387, #2208, #6052 ) ;
#2990 = DIRECTION ( 'NONE',  ( -0.5000000000000004441, 0.000000000000000000, 0.8660254037844383745 ) ) ;
#2991 = DIRECTION ( 'NONE',  ( 1.000000000000000000, 0.000000000000000000, 0.000000000000000000 ) ) ;
#2992 = CARTESIAN_POINT ( 'NONE',  ( -18.35455173280924157, -12.00000000000000000, 37.15000000000000568 ) ) ;
#2993 = ORIENTED_EDGE ( 'NONE', *, *, #5807, .T. ) ;
#2994 = ORIENTED_EDGE ( 'NONE', *, *, #9194, .F. ) ;
#2995 = DIRECTION ( 'NONE',  ( -1.000000000000000000, 0.000000000000000000, 0.000000000000000000 ) ) ;
#2996 = AXIS2_PLACEMENT_3D ( 'NONE', #615, #5001, #8818 ) ;
#2997 = ORIENTED_EDGE ( 'NONE', *, *, #8577, .F. ) ;
#2998 = DIRECTION ( 'NONE',  ( 0.000000000000000000, 0.000000000000000000, -1.000000000000000000 ) ) ;
#2999 = CARTESIAN_POINT ( 'NONE',  ( 0.000000000000000000, -12.00000000000000000, 0.000000000000000000 ) ) ;
#3000 = CARTESIAN_POINT ( 'NONE',  ( 28.35455173280955421, -12.00000000000000000, 2.849999999999997868 ) ) ;
#3001 = EDGE_CURVE ( 'NONE', #1853, #9230, #5244, .T. ) ;
#3002 = ORIENTED_EDGE ( 'NONE', *, *, #1277, .F. ) ;
#3003 = LINE ( 'NONE', #5278, #6410 ) ;
#3004 = EDGE_CURVE ( 'NONE', #4416, #2663, #6690, .T. ) ;
#3005 = AXIS2_PLACEMENT_3D ( 'NONE', #9588, #3684, #7470 ) ;
#3006 = CARTESIAN_POINT ( 'NONE',  ( 13.29089653438086316, 0.000000000000000000, 10.00000000000000711 ) ) ;
#3007 = EDGE_LOOP ( 'NONE', ( #3576, #9448, #1772, #4052, #8595, #5489 ) ) ;
#3008 = DIRECTION ( 'NONE',  ( 0.5000000000000942579, 0.000000000000000000, -0.8660254037843843067 ) ) ;
#3009 = LINE ( 'NONE', #1597, #7930 ) ;
#3010 = ORIENTED_EDGE ( 'NONE', *, *, #5798, .T. ) ;
#3011 = CARTESIAN_POINT ( 'NONE',  ( 33.29089653438086316, -12.00000000000000000, 3.038187096183830448E-15 ) ) ;
#3012 = DIRECTION ( 'NONE',  ( 0.5000000000000009992, -0.000000000000000000, -0.8660254037844380415 ) ) ;
#3013 = DIRECTION ( 'NONE',  ( 0.000000000000000000, 1.000000000000000000, 0.000000000000000000 ) ) ;
#3014 = EDGE_CURVE ( 'NONE', #5245, #8274, #3849, .T. ) ;
#3015 = ORIENTED_EDGE ( 'NONE', *, *, #6781, .T. ) ;
#3016 = DIRECTION ( 'NONE',  ( -0.4999999999999992228, 0.000000000000000000, 0.8660254037844390407 ) ) ;
#3017 = ORIENTED_EDGE ( 'NONE', *, *, #5730, .T. ) ;
#3018 = CARTESIAN_POINT ( 'NONE',  ( -13.29089653438044571, -12.00000000000000000, 50.00000000000000000 ) ) ;
#3019 = EDGE_CURVE ( 'NONE', #1359, #6524, #7647, .T. ) ;
#3020 = DIRECTION ( 'NONE',  ( -1.000000000000000000, 0.000000000000000000, 0.000000000000000000 ) ) ;
#3021 = ORIENTED_EDGE ( 'NONE', *, *, #2956, .F. ) ;
#3022 = FACE_OUTER_BOUND ( 'NONE', #2710, .T. ) ;
#3023 = PLANE ( 'NONE',  #381 ) ;
#3024 = DIRECTION ( 'NONE',  ( 0.000000000000000000, 1.000000000000000000, 0.000000000000000000 ) ) ;
#3025 = CARTESIAN_POINT ( 'NONE',  ( 23.29089653438044749, -12.00000000000000000, 50.00000000000000000 ) ) ;
#3026 = LINE ( 'NONE', #5305, #6282 ) ;
#3027 = ORIENTED_EDGE ( 'NONE', *, *, #2631, .F. ) ;
#3028 = DIRECTION ( 'NONE',  ( -0.8660254037844391517, 0.000000000000000000, -0.4999999999999990563 ) ) ;
#3029 = VERTEX_POINT ( 'NONE', #5135 ) ;
#3030 = CARTESIAN_POINT ( 'NONE',  ( -21.64544826719042803, -12.00000000000000000, -2.850000000000000089 ) ) ;
#3031 = LINE ( 'NONE', #4369, #1996 ) ;
#3032 = DIRECTION ( 'NONE',  ( 0.000000000000000000, 0.000000000000000000, 1.000000000000000000 ) ) ;
#3033 = VERTEX_POINT ( 'NONE', #3953 ) ;
#3034 = LINE ( 'NONE', #6263, #7762 ) ;
#3035 = ORIENTED_EDGE ( 'NONE', *, *, #922, .F. ) ;
#3036 = LINE ( 'NONE', #6028, #3945 ) ;
#3037 = LINE ( 'NONE', #1626, #6612 ) ;
#3038 = LINE ( 'NONE', #7631, #6908 ) ;
#3039 = EDGE_LOOP ( 'NONE', ( #1214, #2979, #2582, #1669, #5251, #7068 ) ) ;
#3040 = CARTESIAN_POINT ( 'NONE',  ( -13.29089653438044571, -12.00000000000000000, 50.00000000000000000 ) ) ;
#3041 = CYLINDRICAL_SURFACE ( 'NONE', #758, 2.999999999999995559 ) ;
#3042 = ADVANCED_FACE ( 'NONE', ( #7088 ), #6152, .T. ) ;
#3043 = EDGE_CURVE ( 'NONE', #1012, #1534, #1804, .T. ) ;
#3044 = DIRECTION ( 'NONE',  ( 0.000000000000000000, -1.000000000000000000, 0.000000000000000000 ) ) ;
#3045 = LINE ( 'NONE', #1689, #6167 ) ;
#3046 = CARTESIAN_POINT ( 'NONE',  ( -11.64544826719011361, -12.00000000000000000, 37.15000000000000568 ) ) ;
#3047 = ORIENTED_EDGE ( 'NONE', *, *, #3716, .T. ) ;
#3048 = LINE ( 'NONE', #2143, #8325 ) ;
#3049 = PLANE ( 'NONE',  #766 ) ;
#3050 = ORIENTED_EDGE ( 'NONE', *, *, #7799, .T. ) ;
#3051 = CARTESIAN_POINT ( 'NONE',  ( 16.70910346561891302, -12.00000000000000000, 30.00000000000000711 ) ) ;
#3052 = ADVANCED_FACE ( 'NONE', ( #5540 ), #1003, .T. ) ;
#3053 = DIRECTION ( 'NONE',  ( 0.4999999999999997224, 0.000000000000000000, 0.8660254037844388186 ) ) ;
#3054 = ORIENTED_EDGE ( 'NONE', *, *, #1075, .F. ) ;
#3055 = EDGE_CURVE ( 'NONE', #445, #6399, #6994, .T. ) ;
#3056 = ADVANCED_FACE ( 'NONE', ( #3166 ), #4051, .T. ) ;
#3057 = LINE ( 'NONE', #1410, #4846 ) ;
#3058 = DIRECTION ( 'NONE',  ( 0.000000000000000000, 1.000000000000000000, 0.000000000000000000 ) ) ;
#3059 = DIRECTION ( 'NONE',  ( 0.000000000000000000, 1.000000000000000000, 0.000000000000000000 ) ) ;
#3060 = VERTEX_POINT ( 'NONE', #6202 ) ;
#3061 = EDGE_CURVE ( 'NONE', #2537, #2473, #8523, .T. ) ;
#3062 = ORIENTED_EDGE ( 'NONE', *, *, #7851, .F. ) ;
#3063 = LINE ( 'NONE', #6519, #3636 ) ;
#3064 = FACE_OUTER_BOUND ( 'NONE', #289, .T. ) ;
#3065 = ADVANCED_FACE ( 'NONE', ( #7740 ), #269, .F. ) ;
#3066 = DIRECTION ( 'NONE',  ( 1.000000000000000000, 0.000000000000000000, 0.000000000000000000 ) ) ;
#3067 = DIRECTION ( 'NONE',  ( -0.8660254037844378194, 0.000000000000000000, 0.5000000000000016653 ) ) ;
#3068 = DIRECTION ( 'NONE',  ( 0.000000000000000000, 1.000000000000000000, 0.000000000000000000 ) ) ;
#3069 = CARTESIAN_POINT ( 'NONE',  ( -58.35455173280956132, 0.000000000000000000, -8.354551732809563092 ) ) ;
#3070 = EDGE_CURVE ( 'NONE', #8451, #3722, #5394, .T. ) ;
#3071 = CARTESIAN_POINT ( 'NONE',  ( -18.35455173280944763, 0.000000000000000000, 17.15000000000000568 ) ) ;
#3072 = EDGE_LOOP ( 'NONE', ( #530, #1807, #7564, #8552 ) ) ;
#3073 = VECTOR ( 'NONE', #5018, 1000.000000000000000 ) ;
#3074 = VECTOR ( 'NONE', #6294, 1000.000000000000000 ) ;
#3075 = DIRECTION ( 'NONE',  ( 1.000000000000000000, 0.000000000000000000, -0.000000000000000000 ) ) ;
#3076 = ORIENTED_EDGE ( 'NONE', *, *, #9427, .F. ) ;
#3077 = CARTESIAN_POINT ( 'NONE',  ( -68.35455173280956842, 10.00000000000000000, -48.35455173280956842 ) ) ;
#3078 = LINE ( 'NONE', #6667, #1196 ) ;
#3079 = VECTOR ( 'NONE', #5981, 1000.000000000000000 ) ;
#3080 = VECTOR ( 'NONE', #6605, 1000.000000000000227 ) ;
#3081 = PLANE ( 'NONE',  #5843 ) ;
#3082 = VECTOR ( 'NONE', #9481, 1000.000000000000000 ) ;
#3083 = ORIENTED_EDGE ( 'NONE', *, *, #2011, .T. ) ;
#3084 = DIRECTION ( 'NONE',  ( 0.4999999999999999445, -0.000000000000000000, -0.8660254037844387076 ) ) ;
#3085 = ORIENTED_EDGE ( 'NONE', *, *, #6978, .T. ) ;
#3086 = CARTESIAN_POINT ( 'NONE',  ( -38.35455173280955421, -12.00000000000000000, -2.850000000000000089 ) ) ;
#3087 = AXIS2_PLACEMENT_3D ( 'NONE', #5402, #783, #9128 ) ;
#3088 = AXIS2_PLACEMENT_3D ( 'NONE', #4125, #6271, #4782 ) ;
#3089 = PLANE ( 'NONE',  #2633 ) ;
#3090 = CARTESIAN_POINT ( 'NONE',  ( -31.64544826719043513, -12.00000000000000000, 2.849999999999998312 ) ) ;
#3091 = ORIENTED_EDGE ( 'NONE', *, *, #6337, .F. ) ;
#3092 = DIRECTION ( 'NONE',  ( 0.4999999999999998890, 0.000000000000000000, 0.8660254037844385966 ) ) ;
#3093 = DIRECTION ( 'NONE',  ( -0.8660254037844391517, 0.000000000000000000, -0.4999999999999990563 ) ) ;
#3094 = FACE_BOUND ( 'NONE', #521, .T. ) ;
#3095 = DIRECTION ( 'NONE',  ( -1.000000000000000000, -0.000000000000000000, -0.000000000000000000 ) ) ;
#3096 = LINE ( 'NONE', #5526, #8851 ) ;
#3097 = VECTOR ( 'NONE', #2747, 1000.000000000000000 ) ;
#3098 = ORIENTED_EDGE ( 'NONE', *, *, #3181, .T. ) ;
#3099 = CARTESIAN_POINT ( 'NONE',  ( -21.64544826719042447, -12.00000000000000000, 12.85000000000000675 ) ) ;
#3100 = EDGE_CURVE ( 'NONE', #7945, #5756, #2405, .T. ) ;
#3101 = CARTESIAN_POINT ( 'NONE',  ( 8.354551732809550657, 0.000000000000000000, 12.85000000000000675 ) ) ;
#3102 = VERTEX_POINT ( 'NONE', #3308 ) ;
#3103 = DIRECTION ( 'NONE',  ( -0.8660254037844391517, 0.000000000000000000, -0.4999999999999990563 ) ) ;
#3104 = AXIS2_PLACEMENT_3D ( 'NONE', #6292, #2547, #9169 ) ;
#3105 = FACE_OUTER_BOUND ( 'NONE', #950, .T. ) ;
#3106 = ORIENTED_EDGE ( 'NONE', *, *, #5971, .F. ) ;
#3107 = DIRECTION ( 'NONE',  ( -8.673617379884034239E-17, 0.000000000000000000, -1.000000000000000000 ) ) ;
#3108 = DIRECTION ( 'NONE',  ( 1.000000000000000000, -0.000000000000000000, -0.000000000000000000 ) ) ;
#3109 = DIRECTION ( 'NONE',  ( 0.8660254037844377084, -0.000000000000000000, 0.5000000000000017764 ) ) ;
#3110 = ORIENTED_EDGE ( 'NONE', *, *, #940, .F. ) ;
#3111 = CARTESIAN_POINT ( 'NONE',  ( -41.64544826719043868, -12.00000000000000000, 2.849999999999998312 ) ) ;
#3112 = ADVANCED_FACE ( 'NONE', ( #5581 ), #5440, .F. ) ;
#3113 = VECTOR ( 'NONE', #1977, 1000.000000000000000 ) ;
#3114 = EDGE_CURVE ( 'NONE', #6154, #3353, #7687, .T. ) ;
#3115 = ORIENTED_EDGE ( 'NONE', *, *, #2561, .T. ) ;
#3116 = EDGE_CURVE ( 'NONE', #4841, #6884, #1756, .T. ) ;
#3117 = DIRECTION ( 'NONE',  ( 1.000000000000000000, 0.000000000000000000, 0.000000000000000000 ) ) ;
#3118 = CARTESIAN_POINT ( 'NONE',  ( 23.29089653438055052, -12.00000000000000000, 40.00000000000000000 ) ) ;
#3119 = AXIS2_PLACEMENT_3D ( 'NONE', #8876, #6650, #3016 ) ;
#3120 = CARTESIAN_POINT ( 'NONE',  ( 60.35455173280956132, 17.99999999999997868, -16.35455173280956487 ) ) ;
#3121 = VECTOR ( 'NONE', #5454, 1000.000000000000000 ) ;
#3122 = DIRECTION ( 'NONE',  ( 1.000000000000000000, 0.000000000000000000, 0.000000000000000000 ) ) ;
#3123 = DIRECTION ( 'NONE',  ( 1.000000000000000000, 0.000000000000000000, 0.000000000000000000 ) ) ;
#3124 = LINE ( 'NONE', #2968, #2447 ) ;
#3125 = EDGE_CURVE ( 'NONE', #50, #5452, #172, .T. ) ;
#3126 = VERTEX_POINT ( 'NONE', #8612 ) ;
#3127 = EDGE_CURVE ( 'NONE', #1005, #7524, #4850, .T. ) ;
#3128 = VECTOR ( 'NONE', #1805, 1000.000000000000227 ) ;
#3129 = CYLINDRICAL_SURFACE ( 'NONE', #4820, 2.999999999999999112 ) ;
#3130 = ORIENTED_EDGE ( 'NONE', *, *, #2017, .T. ) ;
#3131 = LINE ( 'NONE', #6215, #1514 ) ;
#3132 = LINE ( 'NONE', #101, #5206 ) ;
#3133 = VECTOR ( 'NONE', #9019, 1000.000000000000114 ) ;
#3134 = VERTEX_POINT ( 'NONE', #7886 ) ;
#3135 = CARTESIAN_POINT ( 'NONE',  ( -60.35455173280956132, 17.99999999999997868, -48.64544826719049553 ) ) ;
#3136 = ADVANCED_FACE ( 'NONE', ( #9261 ), #6243, .T. ) ;
#3137 = ORIENTED_EDGE ( 'NONE', *, *, #5076, .F. ) ;
#3138 = EDGE_CURVE ( 'NONE', #5613, #5077, #3995, .T. ) ;
#3139 = VECTOR ( 'NONE', #113, 1000.000000000000000 ) ;
#3140 = LINE ( 'NONE', #4632, #2190 ) ;
#3141 = DIRECTION ( 'NONE',  ( 0.000000000000000000, 1.000000000000000000, 0.000000000000000000 ) ) ;
#3142 = VECTOR ( 'NONE', #9058, 1000.000000000000114 ) ;
#3143 = DIRECTION ( 'NONE',  ( 1.000000000000000000, -0.000000000000000000, -0.000000000000000000 ) ) ;
#3144 = CARTESIAN_POINT ( 'NONE',  ( -8.354551732809550657, -12.00000000000000000, 2.849999999999997868 ) ) ;
#3145 = ORIENTED_EDGE ( 'NONE', *, *, #7570, .T. ) ;
#3146 = EDGE_CURVE ( 'NONE', #4341, #1926, #8807, .T. ) ;
#3147 = CARTESIAN_POINT ( 'NONE',  ( -60.35455173280956132, 17.99999999999997868, -48.64544826719049553 ) ) ;
#3148 = DIRECTION ( 'NONE',  ( 0.000000000000000000, -0.000000000000000000, -1.000000000000000000 ) ) ;
#3149 = LINE ( 'NONE', #4687, #129 ) ;
#3150 = VECTOR ( 'NONE', #7238, 1000.000000000000000 ) ;
#3151 = DIRECTION ( 'NONE',  ( -0.4999999999999995004, 0.000000000000000000, -0.8660254037844389297 ) ) ;
#3152 = EDGE_CURVE ( 'NONE', #5557, #291, #4990, .T. ) ;
#3153 = AXIS2_PLACEMENT_3D ( 'NONE', #8509, #9294, #7727 ) ;
#3154 = VECTOR ( 'NONE', #8968, 1000.000000000000000 ) ;
#3155 = ORIENTED_EDGE ( 'NONE', *, *, #3019, .T. ) ;
#3156 = LINE ( 'NONE', #993, #9817 ) ;
#3157 = AXIS2_PLACEMENT_3D ( 'NONE', #6393, #5792, #1149 ) ;
#3158 = DIRECTION ( 'NONE',  ( -1.000000000000000000, 0.000000000000000000, 0.000000000000000000 ) ) ;
#3159 = EDGE_CURVE ( 'NONE', #6766, #3752, #1994, .T. ) ;
#3160 = EDGE_LOOP ( 'NONE', ( #6919, #7650, #7831, #4261, #6945, #6236 ) ) ;
#3161 = LINE ( 'NONE', #3051, #5786 ) ;
#3162 = CARTESIAN_POINT ( 'NONE',  ( 16.70910346561870696, -12.00000000000000000, 50.00000000000000000 ) ) ;
#3163 = ORIENTED_EDGE ( 'NONE', *, *, #8884, .T. ) ;
#3164 = DIRECTION ( 'NONE',  ( -1.000000000000000000, 0.000000000000000000, 8.673617379884034239E-17 ) ) ;
#3165 = CARTESIAN_POINT ( 'NONE',  ( -18.35455173280955421, 0.000000000000000000, 2.849999999999997868 ) ) ;
#3166 = FACE_OUTER_BOUND ( 'NONE', #283, .T. ) ;
#3167 = VECTOR ( 'NONE', #3987, 1000.000000000000114 ) ;
#3168 = VERTEX_POINT ( 'NONE', #7985 ) ;
#3169 = SHAPE_DEFINITION_REPRESENTATION ( #5417, #3521 ) ;
#3170 = ORIENTED_EDGE ( 'NONE', *, *, #6592, .F. ) ;
#3171 = CARTESIAN_POINT ( 'NONE',  ( -48.35455173280956132, -12.00000000000000000, 2.849999999999997868 ) ) ;
#3172 = CARTESIAN_POINT ( 'NONE',  ( -18.35455173280945118, -12.00000000000000000, 22.85000000000000497 ) ) ;
#3173 = ORIENTED_EDGE ( 'NONE', *, *, #9604, .T. ) ;
#3174 = LINE ( 'NONE', #870, #8673 ) ;
#3175 = EDGE_CURVE ( 'NONE', #9733, #8027, #1295, .T. ) ;
#3176 = ADVANCED_FACE ( 'NONE', ( #3351 ), #6438, .F. ) ;
#3177 = VERTEX_POINT ( 'NONE', #6387 ) ;
#3178 = CARTESIAN_POINT ( 'NONE',  ( -31.64544826719042803, 0.000000000000000000, -2.850000000000000089 ) ) ;
#3179 = ORIENTED_EDGE ( 'NONE', *, *, #4950, .T. ) ;
#3180 = CARTESIAN_POINT ( 'NONE',  ( 31.64544826719042803, -12.00000000000000000, 12.85000000000000675 ) ) ;
#3181 = EDGE_CURVE ( 'NONE', #540, #2720, #2737, .T. ) ;
#3182 = FACE_OUTER_BOUND ( 'NONE', #561, .T. ) ;
#3183 = ORIENTED_EDGE ( 'NONE', *, *, #1840, .T. ) ;
#3184 = EDGE_CURVE ( 'NONE', #8802, #8472, #5833, .T. ) ;
#3185 = EDGE_CURVE ( 'NONE', #8972, #6439, #7183, .T. ) ;
#3186 = PLANE ( 'NONE',  #3778 ) ;
#3187 = EDGE_LOOP ( 'NONE', ( #7004, #9052, #4485, #7972, #7836, #6279 ) ) ;
#3188 = DIRECTION ( 'NONE',  ( 0.000000000000000000, 1.000000000000000000, -0.000000000000000000 ) ) ;
#3189 = CARTESIAN_POINT ( 'NONE',  ( -21.64544826719032145, -12.00000000000000000, 17.15000000000000568 ) ) ;
#3190 = DIRECTION ( 'NONE',  ( 0.4999999999999996669, -0.000000000000000000, 0.8660254037844388186 ) ) ;
#3191 = DIRECTION ( 'NONE',  ( -0.8660254037844391517, 0.000000000000000000, -0.4999999999999990563 ) ) ;
#3192 = DIRECTION ( 'NONE',  ( 0.000000000000000000, 0.000000000000000000, -1.000000000000000000 ) ) ;
#3193 = ORIENTED_EDGE ( 'NONE', *, *, #3751, .F. ) ;
#3194 = CARTESIAN_POINT ( 'NONE',  ( -13.29089653438086316, -12.00000000000000000, 3.038187096183830448E-15 ) ) ;
#3195 = FACE_OUTER_BOUND ( 'NONE', #7006, .T. ) ;
#3196 = DIRECTION ( 'NONE',  ( 0.000000000000000000, 1.000000000000000000, 0.000000000000000000 ) ) ;
#3197 = LINE ( 'NONE', #116, #3296 ) ;
#3198 = CARTESIAN_POINT ( 'NONE',  ( 51.64544826719043158, -12.00000000000000000, 12.85000000000000675 ) ) ;
#3199 = ORIENTED_EDGE ( 'NONE', *, *, #2307, .T. ) ;
#3200 = FACE_OUTER_BOUND ( 'NONE', #2708, .T. ) ;
#3201 = ORIENTED_EDGE ( 'NONE', *, *, #5475, .T. ) ;
#3202 = ORIENTED_EDGE ( 'NONE', *, *, #7400, .F. ) ;
#3203 = DIRECTION ( 'NONE',  ( 0.4999999999999996669, 0.000000000000000000, -0.8660254037844388186 ) ) ;
#3204 = ORIENTED_EDGE ( 'NONE', *, *, #7567, .F. ) ;
#3205 = CARTESIAN_POINT ( 'NONE',  ( 33.29089653438086316, -12.00000000000000000, 3.038187096183830448E-15 ) ) ;
#3206 = LINE ( 'NONE', #6291, #6623 ) ;
#3207 = DIRECTION ( 'NONE',  ( 0.000000000000000000, 1.000000000000000000, 0.000000000000000000 ) ) ;
#3208 = ORIENTED_EDGE ( 'NONE', *, *, #3537, .F. ) ;
#3209 = LINE ( 'NONE', #909, #2951 ) ;
#3210 = DIRECTION ( 'NONE',  ( 0.4999999999999996669, -0.000000000000000000, 0.8660254037844388186 ) ) ;
#3211 = VERTEX_POINT ( 'NONE', #9398 ) ;
#3212 = PLANE ( 'NONE',  #9152 ) ;
#3213 = ORIENTED_EDGE ( 'NONE', *, *, #6533, .F. ) ;
#3214 = CARTESIAN_POINT ( 'NONE',  ( -28.35455173280955421, -12.00000000000000000, 7.150000000000007461 ) ) ;
#3215 = ORIENTED_EDGE ( 'NONE', *, *, #3185, .T. ) ;
#3216 = CARTESIAN_POINT ( 'NONE',  ( -58.35455173280956132, 10.00000000000000000, -8.354551732809563092 ) ) ;
#3217 = LINE ( 'NONE', #1773, #453 ) ;
#3218 = ORIENTED_EDGE ( 'NONE', *, *, #8103, .F. ) ;
#3219 = LINE ( 'NONE', #5714, #7891 ) ;
#3220 = DIRECTION ( 'NONE',  ( 0.000000000000000000, 0.000000000000000000, -1.000000000000000000 ) ) ;
#3221 = CARTESIAN_POINT ( 'NONE',  ( 43.29089653438087026, -12.00000000000000000, 3.038187096183830448E-15 ) ) ;
#3222 = ADVANCED_FACE ( 'NONE', ( #1145 ), #505, .F. ) ;
#3224 = EDGE_CURVE ( 'NONE', #1340, #3264, #8127, .T. ) ;
#3223 = CARTESIAN_POINT ( 'NONE',  ( -23.29089653438065710, -12.00000000000000000, 30.00000000000000711 ) ) ;
#3225 = EDGE_CURVE ( 'NONE', #237, #1850, #5739, .T. ) ;
#3226 = CARTESIAN_POINT ( 'NONE',  ( 18.35455173280955421, 0.000000000000000000, -2.850000000000000089 ) ) ;
#3227 = ADVANCED_FACE ( 'NONE', ( #4240 ), #4191, .T. ) ;
#3228 = DIRECTION ( 'NONE',  ( 0.000000000000000000, 1.000000000000000000, 0.000000000000000000 ) ) ;
#3229 = CARTESIAN_POINT ( 'NONE',  ( 23.29089653438086316, -12.00000000000000000, 10.00000000000000711 ) ) ;
#3230 = ORIENTED_EDGE ( 'NONE', *, *, #7629, .T. ) ;
#3231 = AXIS2_PLACEMENT_3D ( 'NONE', #3653, #2998, #7380 ) ;
#3233 = CARTESIAN_POINT ( 'NONE',  ( 6.709103465618915685, 0.000000000000000000, 30.00000000000001421 ) ) ;
#3232 = AXIS2_PLACEMENT_3D ( 'NONE', #5985, #2297, #3657 ) ;
#3234 = DIRECTION ( 'NONE',  ( 0.4999999999999998890, 0.000000000000000000, -0.8660254037844385966 ) ) ;
#3235 = DIRECTION ( 'NONE',  ( 0.000000000000000000, 1.000000000000000000, 0.000000000000000000 ) ) ;
#3236 = CARTESIAN_POINT ( 'NONE',  ( -43.29089653438087026, -12.00000000000000000, 3.038187096183830448E-15 ) ) ;
#3237 = VERTEX_POINT ( 'NONE', #466 ) ;
#3238 = AXIS2_PLACEMENT_3D ( 'NONE', #7236, #7942, #468 ) ;
#3239 = VECTOR ( 'NONE', #1352, 1000.000000000000000 ) ;
#3240 = VECTOR ( 'NONE', #6402, 1000.000000000000000 ) ;
#3241 = ADVANCED_FACE ( 'NONE', ( #1857 ), #9455, .T. ) ;
#3242 = ADVANCED_FACE ( 'NONE', ( #414 ), #3507, .T. ) ;
#3243 = LINE ( 'NONE', #6283, #145 ) ;
#3244 = VERTEX_POINT ( 'NONE', #6495 ) ;
#3245 = FACE_OUTER_BOUND ( 'NONE', #1716, .T. ) ;
#3246 = VERTEX_POINT ( 'NONE', #9513 ) ;
#3247 = DIRECTION ( 'NONE',  ( 0.000000000000000000, 0.000000000000000000, -1.000000000000000000 ) ) ;
#3248 = VERTEX_POINT ( 'NONE', #2045 ) ;
#3249 = VECTOR ( 'NONE', #5734, 1000.000000000000000 ) ;
#3250 = VECTOR ( 'NONE', #3444, 1000.000000000000000 ) ;
#3251 = ORIENTED_EDGE ( 'NONE', *, *, #1894, .F. ) ;
#3252 = CARTESIAN_POINT ( 'NONE',  ( 18.35455173280934815, 0.000000000000000000, 32.85000000000000142 ) ) ;
#3253 = CARTESIAN_POINT ( 'NONE',  ( -38.35455173280955421, 0.000000000000000000, 12.85000000000000675 ) ) ;
#3254 = DIRECTION ( 'NONE',  ( 0.4999999999999996669, -0.000000000000000000, 0.8660254037844388186 ) ) ;
#3255 = VERTEX_POINT ( 'NONE', #2696 ) ;
#3256 = CARTESIAN_POINT ( 'NONE',  ( -18.35455173280945118, -12.00000000000000000, 22.85000000000000497 ) ) ;
#3257 = EDGE_CURVE ( 'NONE', #3134, #7050, #8761, .T. ) ;
#3258 = ADVANCED_FACE ( 'NONE', ( #9801 ), #7437, .T. ) ;
#3259 = CARTESIAN_POINT ( 'NONE',  ( 13.29089653438086316, -12.00000000000000000, 3.038187096183830448E-15 ) ) ;
#3260 = VERTEX_POINT ( 'NONE', #5330 ) ;
#3261 = EDGE_CURVE ( 'NONE', #6696, #8068, #8907, .T. ) ;
#3262 = CARTESIAN_POINT ( 'NONE',  ( -11.64544826719021664, -12.00000000000000000, 27.15000000000000568 ) ) ;
#3263 = AXIS2_PLACEMENT_3D ( 'NONE', #8986, #2976, #9636 ) ;
#3264 = VERTEX_POINT ( 'NONE', #8958 ) ;
#3265 = DIRECTION ( 'NONE',  ( -0.5000000000000002220, 0.000000000000000000, -0.8660254037844384856 ) ) ;
#3266 = CARTESIAN_POINT ( 'NONE',  ( 58.35455173280956132, -12.00000000000000000, 2.849999999999997868 ) ) ;
#3267 = ORIENTED_EDGE ( 'NONE', *, *, #1791, .T. ) ;
#3268 = VECTOR ( 'NONE', #4962, 1000.000000000000000 ) ;
#3269 = ORIENTED_EDGE ( 'NONE', *, *, #5868, .T. ) ;
#3270 = FACE_OUTER_BOUND ( 'NONE', #2730, .T. ) ;
#3271 = PLANE ( 'NONE',  #1081 ) ;
#3272 = EDGE_LOOP ( 'NONE', ( #6571, #5633, #7352, #8036, #2479, #5176 ) ) ;
#3273 = LINE ( 'NONE', #4066, #6144 ) ;
#3274 = VECTOR ( 'NONE', #8582, 1000.000000000000114 ) ;
#3275 = ORIENTED_EDGE ( 'NONE', *, *, #3963, .F. ) ;
#3276 = CARTESIAN_POINT ( 'NONE',  ( 60.35455173280956132, 10.00000000000000178, -56.64544826719043158 ) ) ;
#3277 = ADVANCED_FACE ( 'NONE', ( #4392 ), #2141, .F. ) ;
#3278 = AXIS2_PLACEMENT_3D ( 'NONE', #9826, #9672, #6701 ) ;
#3279 = ORIENTED_EDGE ( 'NONE', *, *, #5228, .F. ) ;
#3280 = CARTESIAN_POINT ( 'NONE',  ( -43.29089653438087026, 0.000000000000000000, 3.038187096183830448E-15 ) ) ;
#3281 = ORIENTED_EDGE ( 'NONE', *, *, #2920, .F. ) ;
#3282 = CARTESIAN_POINT ( 'NONE',  ( 6.709103465618704298, -12.00000000000000000, 50.00000000000000000 ) ) ;
#3283 = DIRECTION ( 'NONE',  ( 1.000000000000000000, 0.000000000000000000, -1.317819823453642871E-16 ) ) ;
#3284 = VERTEX_POINT ( 'NONE', #6039 ) ;
#3285 = DIRECTION ( 'NONE',  ( -1.000000000000000000, -0.000000000000000000, -0.000000000000000000 ) ) ;
#3286 = ORIENTED_EDGE ( 'NONE', *, *, #1152, .F. ) ;
#3287 = PLANE ( 'NONE',  #8659 ) ;
#3288 = DIRECTION ( 'NONE',  ( 0.8660254037844380415, -0.000000000000000000, 0.5000000000000009992 ) ) ;
#3289 = VECTOR ( 'NONE', #6793, 999.9999999999998863 ) ;
#3290 = CARTESIAN_POINT ( 'NONE',  ( 16.70910346561912263, -12.00000000000000000, 10.00000000000000711 ) ) ;
#3291 = DIRECTION ( 'NONE',  ( -1.000000000000000000, -0.000000000000000000, -0.000000000000000000 ) ) ;
#3292 = LINE ( 'NONE', #1589, #9477 ) ;
#3293 = ADVANCED_FACE ( 'NONE', ( #2940 ), #8178, .T. ) ;
#3294 = EDGE_CURVE ( 'NONE', #5772, #2191, #8374, .T. ) ;
#3295 = ORIENTED_EDGE ( 'NONE', *, *, #2131, .T. ) ;
#3296 = VECTOR ( 'NONE', #6138, 1000.000000000000000 ) ;
#3297 = CARTESIAN_POINT ( 'NONE',  ( -60.35455173280956132, 30.15544456622761516, -16.35455173280956487 ) ) ;
#3298 = ORIENTED_EDGE ( 'NONE', *, *, #4017, .F. ) ;
#3299 = VERTEX_POINT ( 'NONE', #4544 ) ;
#3300 = LINE ( 'NONE', #7977, #3249 ) ;
#3301 = AXIS2_PLACEMENT_3D ( 'NONE', #1889, #4927, #6324 ) ;
#3302 = ORIENTED_EDGE ( 'NONE', *, *, #6706, .F. ) ;
#3303 = EDGE_LOOP ( 'NONE', ( #1919, #976, #7990, #3145 ) ) ;
#3304 = VECTOR ( 'NONE', #254, 1000.000000000000000 ) ;
#3305 = DIRECTION ( 'NONE',  ( 0.5000000000000003331, 0.000000000000000000, -0.8660254037844383745 ) ) ;
#3306 = CARTESIAN_POINT ( 'NONE',  ( -16.70910346561890947, 0.000000000000000000, 30.00000000000000355 ) ) ;
#3307 = VECTOR ( 'NONE', #2179, 1000.000000000000000 ) ;
#3308 = CARTESIAN_POINT ( 'NONE',  ( -21.64544826719011539, -12.00000000000000000, 37.15000000000000568 ) ) ;
#3309 = DIRECTION ( 'NONE',  ( 0.000000000000000000, 1.000000000000000000, 0.000000000000000000 ) ) ;
#3310 = EDGE_CURVE ( 'NONE', #5296, #1435, #2195, .T. ) ;
#3311 = ORIENTED_EDGE ( 'NONE', *, *, #3838, .F. ) ;
#3312 = DIRECTION ( 'NONE',  ( 0.5000000000000008882, 0.000000000000000000, 0.8660254037844381525 ) ) ;
#3313 = VECTOR ( 'NONE', #1063, 1000.000000000000114 ) ;
#3314 = EDGE_CURVE ( 'NONE', #3988, #4322, #9059, .T. ) ;
#3315 = VERTEX_POINT ( 'NONE', #5123 ) ;
#3316 = VECTOR ( 'NONE', #4583, 1000.000000000000114 ) ;
#3317 = DIRECTION ( 'NONE',  ( 1.000000000000000000, -0.000000000000000000, -0.000000000000000000 ) ) ;
#3318 = ORIENTED_EDGE ( 'NONE', *, *, #5430, .T. ) ;
#3319 = DIRECTION ( 'NONE',  ( -0.5000000000000004441, 0.000000000000000000, -0.8660254037844383745 ) ) ;
#3320 = AXIS2_PLACEMENT_3D ( 'NONE', #4647, #6883, #3053 ) ;
#3321 = EDGE_CURVE ( 'NONE', #6389, #157, #2889, .T. ) ;
#3322 = ORIENTED_EDGE ( 'NONE', *, *, #7062, .T. ) ;
#3323 = PLANE ( 'NONE',  #8202 ) ;
#3324 = DIRECTION ( 'NONE',  ( 0.000000000000000000, 0.000000000000000000, 1.000000000000000000 ) ) ;
#3325 = ORIENTED_EDGE ( 'NONE', *, *, #4807, .T. ) ;
#3326 = ORIENTED_EDGE ( 'NONE', *, *, #4161, .T. ) ;
#3327 = ORIENTED_EDGE ( 'NONE', *, *, #5067, .F. ) ;
#3328 = LINE ( 'NONE', #7201, #6453 ) ;
#3329 = VERTEX_POINT ( 'NONE', #5276 ) ;
#3330 = FACE_OUTER_BOUND ( 'NONE', #8640, .T. ) ;
#3331 = ORIENTED_EDGE ( 'NONE', *, *, #4816, .T. ) ;
#3332 = ORIENTED_EDGE ( 'NONE', *, *, #6512, .F. ) ;
#3333 = LINE ( 'NONE', #1736, #1073 ) ;
#3334 = PLANE ( 'NONE',  #4199 ) ;
#3335 = ORIENTED_EDGE ( 'NONE', *, *, #4139, .T. ) ;
#3336 = CARTESIAN_POINT ( 'NONE',  ( 18.35455173280955421, 0.000000000000000000, 2.849999999999997868 ) ) ;
#3337 = DIRECTION ( 'NONE',  ( 0.4999999999999998890, 0.000000000000000000, 0.8660254037844385966 ) ) ;
#3338 = FACE_OUTER_BOUND ( 'NONE', #1899, .T. ) ;
#3339 = FACE_OUTER_BOUND ( 'NONE', #5881, .T. ) ;
#3340 = DIRECTION ( 'NONE',  ( -0.4999999999999990563, 0.000000000000000000, -0.8660254037844391517 ) ) ;
#3341 = DIRECTION ( 'NONE',  ( -1.000000000000000000, 0.000000000000000000, 0.000000000000000000 ) ) ;
#3342 = VERTEX_POINT ( 'NONE', #4340 ) ;
#3343 = CARTESIAN_POINT ( 'NONE',  ( -18.35455173280955421, -12.00000000000000000, 7.150000000000007461 ) ) ;
#3344 = ORIENTED_EDGE ( 'NONE', *, *, #7177, .F. ) ;
#3345 = ORIENTED_EDGE ( 'NONE', *, *, #4488, .F. ) ;
#3346 = DIRECTION ( 'NONE',  ( -0.4999999999999995004, 0.000000000000000000, 0.8660254037844389297 ) ) ;
#3347 = EDGE_LOOP ( 'NONE', ( #2188, #9378, #6463, #2522, #331, #3076 ) ) ;
#3348 = EDGE_LOOP ( 'NONE', ( #8896, #5935, #2387, #8459 ) ) ;
#3349 = LINE ( 'NONE', #3450, #7370 ) ;
#3350 = DIRECTION ( 'NONE',  ( -1.000000000000000000, 0.000000000000000000, -0.000000000000000000 ) ) ;
#3351 = FACE_OUTER_BOUND ( 'NONE', #789, .T. ) ;
#3352 = CARTESIAN_POINT ( 'NONE',  ( 23.29089653438086316, -12.00000000000000000, 10.00000000000000711 ) ) ;
#3353 = VERTEX_POINT ( 'NONE', #2244 ) ;
#3354 = CARTESIAN_POINT ( 'NONE',  ( 46.70910346561912974, -12.00000000000000000, 10.00000000000000711 ) ) ;
#3355 = EDGE_CURVE ( 'NONE', #8870, #8061, #7383, .T. ) ;
#3356 = FACE_OUTER_BOUND ( 'NONE', #3527, .T. ) ;
#3357 = EDGE_CURVE ( 'NONE', #775, #7080, #3655, .T. ) ;
#3358 = ORIENTED_EDGE ( 'NONE', *, *, #1941, .F. ) ;
#3359 = EDGE_CURVE ( 'NONE', #3211, #5884, #5929, .T. ) ;
#3360 = CARTESIAN_POINT ( 'NONE',  ( 48.35455173280956132, -12.00000000000000000, 7.150000000000007461 ) ) ;
#3361 = LINE ( 'NONE', #4110, #8004 ) ;
#3362 = DIRECTION ( 'NONE',  ( 0.000000000000000000, 0.000000000000000000, -1.000000000000000000 ) ) ;
#3363 = ORIENTED_EDGE ( 'NONE', *, *, #361, .F. ) ;
#3364 = EDGE_CURVE ( 'NONE', #178, #5199, #554, .T. ) ;
#3365 = CARTESIAN_POINT ( 'NONE',  ( -11.64544826719000881, 0.000000000000000000, 52.85000000000000142 ) ) ;
#3366 = VERTEX_POINT ( 'NONE', #7483 ) ;
#3367 = ADVANCED_FACE ( 'NONE', ( #7586 ), #655, .T. ) ;
#3368 = ORIENTED_EDGE ( 'NONE', *, *, #5162, .F. ) ;
#3369 = ORIENTED_EDGE ( 'NONE', *, *, #4504, .F. ) ;
#3370 = FACE_OUTER_BOUND ( 'NONE', #3741, .T. ) ;
#3371 = VERTEX_POINT ( 'NONE', #6727 ) ;
#3372 = LINE ( 'NONE', #4069, #8326 ) ;
#3373 = ORIENTED_EDGE ( 'NONE', *, *, #3537, .T. ) ;
#3374 = EDGE_CURVE ( 'NONE', #8588, #4709, #5879, .T. ) ;
#3375 = CARTESIAN_POINT ( 'NONE',  ( 11.64544826719042447, 0.000000000000000000, 7.150000000000007461 ) ) ;
#3376 = CARTESIAN_POINT ( 'NONE',  ( -31.64544826719042803, 0.000000000000000000, 7.150000000000007461 ) ) ;
#3377 = ORIENTED_EDGE ( 'NONE', *, *, #2675, .F. ) ;
#3378 = DIRECTION ( 'NONE',  ( -0.000000000000000000, -0.000000000000000000, -1.000000000000000000 ) ) ;
#3379 = DIRECTION ( 'NONE',  ( 0.4999999999999990008, 0.000000000000000000, -0.8660254037844391517 ) ) ;
#3380 = LINE ( 'NONE', #5672, #6315 ) ;
#3381 = FACE_OUTER_BOUND ( 'NONE', #2269, .T. ) ;
#3382 = EDGE_CURVE ( 'NONE', #7270, #5247, #7530, .T. ) ;
#3383 = CARTESIAN_POINT ( 'NONE',  ( -8.354551732809447628, -12.00000000000000000, 17.15000000000000568 ) ) ;
#3384 = DIRECTION ( 'NONE',  ( -0.4999999999999995004, -0.000000000000000000, 0.8660254037844389297 ) ) ;
#3385 = PLANE ( 'NONE',  #5842 ) ;
#3386 = ORIENTED_EDGE ( 'NONE', *, *, #7003, .F. ) ;
#3387 = ADVANCED_FACE ( 'NONE', ( #945 ), #8464, .T. ) ;
#3388 = AXIS2_PLACEMENT_3D ( 'NONE', #9520, #2705, #5749 ) ;
#3389 = VECTOR ( 'NONE', #8584, 1000.000000000000000 ) ;
#3390 = CARTESIAN_POINT ( 'NONE',  ( 26.70910346561912263, 0.000000000000000000, 1.734723475976807094E-15 ) ) ;
#3391 = VERTEX_POINT ( 'NONE', #9155 ) ;
#3392 = ORIENTED_EDGE ( 'NONE', *, *, #4757, .F. ) ;
#3393 = CARTESIAN_POINT ( 'NONE',  ( -58.35455173280956132, 0.000000000000000000, 12.85000000000000675 ) ) ;
#3394 = EDGE_LOOP ( 'NONE', ( #8890, #9286, #9335, #925 ) ) ;
#3395 = ORIENTED_EDGE ( 'NONE', *, *, #7685, .F. ) ;
#3396 = DIRECTION ( 'NONE',  ( 0.4999999999999995004, 0.000000000000000000, -0.8660254037844389297 ) ) ;
#3397 = LINE ( 'NONE', #2644, #5834 ) ;
#3398 = VECTOR ( 'NONE', #464, 1000.000000000000000 ) ;
#3399 = DIRECTION ( 'NONE',  ( -1.000000000000000000, -0.000000000000000000, -0.000000000000000000 ) ) ;
#3400 = AXIS2_PLACEMENT_3D ( 'NONE', #4560, #5854, #1511 ) ;
#3401 = ORIENTED_EDGE ( 'NONE', *, *, #2923, .T. ) ;
#3402 = CARTESIAN_POINT ( 'NONE',  ( -28.35455173280955421, 10.00000000000000000, 58.35455173280957553 ) ) ;
#3403 = DIRECTION ( 'NONE',  ( 0.000000000000000000, 1.000000000000000000, 0.000000000000000000 ) ) ;
#3404 = VECTOR ( 'NONE', #7592, 1000.000000000000000 ) ;
#3405 = VECTOR ( 'NONE', #698, 1000.000000000000000 ) ;
#3406 = ORIENTED_EDGE ( 'NONE', *, *, #6411, .T. ) ;
#3407 = CARTESIAN_POINT ( 'NONE',  ( 58.35455173280956132, 10.00000000000000000, -8.354551732809563092 ) ) ;
#3408 = CARTESIAN_POINT ( 'NONE',  ( 21.64544826719042803, 0.000000000000000000, 7.150000000000007461 ) ) ;
#3409 = FACE_OUTER_BOUND ( 'NONE', #4533, .T. ) ;
#3410 = LINE ( 'NONE', #566, #1548 ) ;
#3411 = EDGE_CURVE ( 'NONE', #6362, #4992, #894, .T. ) ;
#3412 = EDGE_CURVE ( 'NONE', #1114, #3693, #806, .T. ) ;
#3413 = AXIS2_PLACEMENT_3D ( 'NONE', #963, #1718, #4762 ) ;
#3414 = EDGE_CURVE ( 'NONE', #6523, #5140, #3292, .T. ) ;
#3415 = DIRECTION ( 'NONE',  ( 0.000000000000000000, 0.000000000000000000, 1.000000000000000000 ) ) ;
#3416 = ORIENTED_EDGE ( 'NONE', *, *, #7366, .F. ) ;
#3417 = VERTEX_POINT ( 'NONE', #4789 ) ;
#3418 = VECTOR ( 'NONE', #7071, 1000.000000000000000 ) ;
#3419 = ORIENTED_EDGE ( 'NONE', *, *, #5474, .T. ) ;
#3420 = CARTESIAN_POINT ( 'NONE',  ( -33.29089653438086316, 0.000000000000000000, 10.00000000000000711 ) ) ;
#3421 = EDGE_CURVE ( 'NONE', #5223, #8809, #3096, .T. ) ;
#3422 = EDGE_LOOP ( 'NONE', ( #546, #3504, #7970, #8804, #7952 ) ) ;
#3423 = DIRECTION ( 'NONE',  ( 1.000000000000000000, -0.000000000000000000, -0.000000000000000000 ) ) ;
#3424 = EDGE_CURVE ( 'NONE', #1324, #9725, #5383, .T. ) ;
#3425 = ORIENTED_EDGE ( 'NONE', *, *, #5498, .F. ) ;
#3426 = CARTESIAN_POINT ( 'NONE',  ( 8.354551732809447628, -12.00000000000000000, 17.15000000000000568 ) ) ;
#3427 = AXIS2_PLACEMENT_3D ( 'NONE', #3040, #4636, #6080 ) ;
#3428 = DIRECTION ( 'NONE',  ( 0.5000000000000003331, -0.000000000000000000, 0.8660254037844383745 ) ) ;
#3429 = LINE ( 'NONE', #8011, #2749 ) ;
#3430 = ORIENTED_EDGE ( 'NONE', *, *, #9489, .T. ) ;
#3431 = LINE ( 'NONE', #394, #4046 ) ;
#3432 = DIRECTION ( 'NONE',  ( -0.4999999999999995004, 0.000000000000000000, -0.8660254037844389297 ) ) ;
#3433 = DIRECTION ( 'NONE',  ( 0.8660254037844383745, 0.000000000000000000, -0.5000000000000006661 ) ) ;
#3434 = PLANE ( 'NONE',  #5706 ) ;
#3435 = VECTOR ( 'NONE', #9024, 999.9999999999998863 ) ;
#3436 = DIRECTION ( 'NONE',  ( 0.4999999999999998335, 0.000000000000000000, 0.8660254037844387076 ) ) ;
#3437 = LINE ( 'NONE', #8746, #6001 ) ;
#3438 = EDGE_CURVE ( 'NONE', #1539, #8023, #1746, .T. ) ;
#3439 = VECTOR ( 'NONE', #739, 1000.000000000000000 ) ;
#3440 = PLANE ( 'NONE',  #8542 ) ;
#3441 = ORIENTED_EDGE ( 'NONE', *, *, #1661, .F. ) ;
#3442 = EDGE_CURVE ( 'NONE', #7084, #9282, #6230, .T. ) ;
#3443 = AXIS2_PLACEMENT_3D ( 'NONE', #2764, #5859, #5954 ) ;
#3444 = DIRECTION ( 'NONE',  ( -1.000000000000000000, -0.000000000000000000, -0.000000000000000000 ) ) ;
#3445 = ORIENTED_EDGE ( 'NONE', *, *, #8224, .T. ) ;
#3446 = ORIENTED_EDGE ( 'NONE', *, *, #4861, .T. ) ;
#3447 = CARTESIAN_POINT ( 'NONE',  ( 8.354551732809447628, -12.00000000000000000, 22.85000000000000497 ) ) ;
#3448 = EDGE_LOOP ( 'NONE', ( #9670, #793, #2602, #6357 ) ) ;
#3449 = ORIENTED_EDGE ( 'NONE', *, *, #4008, .F. ) ;
#3450 = CARTESIAN_POINT ( 'NONE',  ( 21.64544826719021486, -12.00000000000000000, 32.85000000000000142 ) ) ;
#3451 = DIRECTION ( 'NONE',  ( -1.000000000000000000, -0.000000000000000000, -0.000000000000000000 ) ) ;
#3452 = DIRECTION ( 'NONE',  ( 1.000000000000000000, 0.000000000000000000, -0.000000000000000000 ) ) ;
#3453 = VECTOR ( 'NONE', #2411, 1000.000000000000114 ) ;
#3454 = VERTEX_POINT ( 'NONE', #7674 ) ;
#3455 = DIRECTION ( 'NONE',  ( -0.5000000000000004441, -0.000000000000000000, -0.8660254037844383745 ) ) ;
#3456 = EDGE_LOOP ( 'NONE', ( #1727, #8306, #8837, #7344, #4264, #5574 ) ) ;
#3457 = ADVANCED_FACE ( 'NONE', ( #7075 ), #2394, .T. ) ;
#3458 = CARTESIAN_POINT ( 'NONE',  ( -50.35455173280956132, 36.15544456622761516, -48.64544826719049553 ) ) ;
#3459 = VECTOR ( 'NONE', #8599, 1000.000000000000000 ) ;
#3460 = ORIENTED_EDGE ( 'NONE', *, *, #1767, .F. ) ;
#3461 = VECTOR ( 'NONE', #1193, 1000.000000000000000 ) ;
#3462 = VECTOR ( 'NONE', #988, 1000.000000000000000 ) ;
#3463 = CYLINDRICAL_SURFACE ( 'NONE', #6332, 2.999999999999995559 ) ;
#3464 = LINE ( 'NONE', #8092, #7203 ) ;
#3465 = LINE ( 'NONE', #4152, #3578 ) ;
#3466 = LINE ( 'NONE', #6505, #8377 ) ;
#3467 = DIRECTION ( 'NONE',  ( -1.000000000000000000, 0.000000000000000000, -0.000000000000000000 ) ) ;
#3468 = AXIS2_PLACEMENT_3D ( 'NONE', #9613, #3511, #2743 ) ;
#3469 = AXIS2_PLACEMENT_3D ( 'NONE', #6970, #3188, #6219 ) ;
#3470 = AXIS2_PLACEMENT_3D ( 'NONE', #3781, #6821, #3032 ) ;
#3471 = EDGE_LOOP ( 'NONE', ( #8145, #6196, #8656, #3959, #571, #1958 ) ) ;
#3472 = DIRECTION ( 'NONE',  ( -0.5000000000000001110, 0.000000000000000000, 0.8660254037844384856 ) ) ;
#3473 = ORIENTED_EDGE ( 'NONE', *, *, #4010, .T. ) ;
#3474 = CIRCLE ( 'NONE', #2513, 2.999999999999995559 ) ;
#3475 = EDGE_CURVE ( 'NONE', #1853, #8257, #9248, .T. ) ;
#3476 = EDGE_CURVE ( 'NONE', #8567, #1769, #3885, .T. ) ;
#3477 = ORIENTED_EDGE ( 'NONE', *, *, #2553, .F. ) ;
#3478 = CARTESIAN_POINT ( 'NONE',  ( 38.35455173280955421, -12.00000000000000000, -2.850000000000000089 ) ) ;
#3479 = LINE ( 'NONE', #6704, #78 ) ;
#3480 = DIRECTION ( 'NONE',  ( 1.000000000000000000, -0.000000000000000000, 1.317819823453642871E-16 ) ) ;
#3481 = ORIENTED_EDGE ( 'NONE', *, *, #7268, .T. ) ;
#3482 = AXIS2_PLACEMENT_3D ( 'NONE', #3728, #2329, #5315 ) ;
#3483 = CARTESIAN_POINT ( 'NONE',  ( -36.70910346561912974, -12.00000000000000000, 1.294402214996931218E-15 ) ) ;
#3484 = EDGE_CURVE ( 'NONE', #1449, #4918, #3837, .T. ) ;
#3485 = ORIENTED_EDGE ( 'NONE', *, *, #7177, .T. ) ;
#3486 = EDGE_LOOP ( 'NONE', ( #1362, #9134, #9831, #4446 ) ) ;
#3487 = EDGE_CURVE ( 'NONE', #8654, #7711, #6983, .T. ) ;
#3488 = CARTESIAN_POINT ( 'NONE',  ( 61.64544826719043158, -12.00000000000000000, -2.850000000000000089 ) ) ;
#3489 = PLANE ( 'NONE',  #431 ) ;
#3490 = ADVANCED_FACE ( 'NONE', ( #989 ), #9209, .T. ) ;
#3491 = LINE ( 'NONE', #6527, #1725 ) ;
#3492 = FACE_OUTER_BOUND ( 'NONE', #333, .T. ) ;
#3493 = PLANE ( 'NONE',  #1380 ) ;
#3494 = EDGE_LOOP ( 'NONE', ( #273, #5629, #2861, #149 ) ) ;
#3495 = DIRECTION ( 'NONE',  ( -1.000000000000000000, 0.000000000000000000, 0.000000000000000000 ) ) ;
#3496 = ORIENTED_EDGE ( 'NONE', *, *, #1469, .T. ) ;
#3497 = CARTESIAN_POINT ( 'NONE',  ( 16.70910346561880999, -12.00000000000000000, 40.00000000000000000 ) ) ;
#3498 = ADVANCED_FACE ( 'NONE', ( #3940 ), #162, .T. ) ;
#3499 = CARTESIAN_POINT ( 'NONE',  ( -8.354551732809342823, -12.00000000000000000, 32.85000000000000142 ) ) ;
#3500 = VERTEX_POINT ( 'NONE', #5473 ) ;
#3501 = ORIENTED_EDGE ( 'NONE', *, *, #1825, .F. ) ;
#3502 = CARTESIAN_POINT ( 'NONE',  ( -18.35455173280955421, -12.00000000000000000, -2.850000000000000089 ) ) ;
#3503 = ORIENTED_EDGE ( 'NONE', *, *, #1776, .T. ) ;
#3504 = ORIENTED_EDGE ( 'NONE', *, *, #1604, .T. ) ;
#3505 = PLANE ( 'NONE',  #6898 ) ;
#3506 = DIRECTION ( 'NONE',  ( -0.8660254037844383745, 0.000000000000000000, -0.5000000000000004441 ) ) ;
#3507 = PLANE ( 'NONE',  #1379 ) ;
#3508 = VERTEX_POINT ( 'NONE', #4034 ) ;
#3509 = DIRECTION ( 'NONE',  ( -0.5000000000000004441, -0.000000000000000000, -0.8660254037844383745 ) ) ;
#3510 = VERTEX_POINT ( 'NONE', #2535 ) ;
#3511 = DIRECTION ( 'NONE',  ( 0.000000000000000000, -1.000000000000000000, 0.000000000000000000 ) ) ;
#3512 = EDGE_LOOP ( 'NONE', ( #1663, #2332, #1938, #4004, #4210, #5032 ) ) ;
#3513 = FACE_OUTER_BOUND ( 'NONE', #9502, .T. ) ;
#3514 = FACE_OUTER_BOUND ( 'NONE', #8981, .T. ) ;
#3515 = LINE ( 'NONE', #3360, #1654 ) ;
#3516 = LINE ( 'NONE', #5284, #6434 ) ;
#3517 = CARTESIAN_POINT ( 'NONE',  ( 11.64544826719042447, -12.00000000000000000, 7.150000000000007461 ) ) ;
#3518 = CARTESIAN_POINT ( 'NONE',  ( 58.35455173280956132, -12.00000000000000000, 7.150000000000007461 ) ) ;
#3519 = ORIENTED_EDGE ( 'NONE', *, *, #4205, .F. ) ;
#3520 = ORIENTED_EDGE ( 'NONE', *, *, #3903, .T. ) ;
#3521 = ADVANCED_BREP_SHAPE_REPRESENTATION ( 'Elevator base mount', ( #33, #4225 ), #8050 ) ;
#3522 = DIRECTION ( 'NONE',  ( -1.000000000000000000, 0.000000000000000000, 0.000000000000000000 ) ) ;
#3523 = ORIENTED_EDGE ( 'NONE', *, *, #3957, .T. ) ;
#3524 = ORIENTED_EDGE ( 'NONE', *, *, #7369, .T. ) ;
#3525 = LINE ( 'NONE', #6702, #3758 ) ;
#3526 = CARTESIAN_POINT ( 'NONE',  ( -11.64544826719042447, -12.00000000000000000, -2.850000000000000089 ) ) ;
#3527 = EDGE_LOOP ( 'NONE', ( #5869, #228, #9510, #5779 ) ) ;
#3528 = LINE ( 'NONE', #4123, #2584 ) ;
#3529 = VERTEX_POINT ( 'NONE', #1690 ) ;
#3530 = ORIENTED_EDGE ( 'NONE', *, *, #4038, .T. ) ;
#3531 = ADVANCED_FACE ( 'NONE', ( #4739 ), #5571, .T. ) ;
#3532 = PLANE ( 'NONE',  #2620 ) ;
#3533 = FACE_OUTER_BOUND ( 'NONE', #4561, .T. ) ;
#3534 = CARTESIAN_POINT ( 'NONE',  ( -58.35455173280956132, -12.00000000000000000, 12.85000000000000675 ) ) ;
#3535 = ORIENTED_EDGE ( 'NONE', *, *, #6250, .T. ) ;
#3536 = DIRECTION ( 'NONE',  ( 0.000000000000000000, -1.000000000000000000, 0.000000000000000000 ) ) ;
#3537 = EDGE_CURVE ( 'NONE', #9282, #1359, #5622, .T. ) ;
#3538 = ORIENTED_EDGE ( 'NONE', *, *, #1268, .T. ) ;
#3539 = ADVANCED_FACE ( 'NONE', ( #8653 ), #7269, .T. ) ;
#3540 = EDGE_CURVE ( 'NONE', #3126, #2608, #1181, .T. ) ;
#3541 = DIRECTION ( 'NONE',  ( -0.5000000000000009992, 0.000000000000000000, 0.8660254037844380415 ) ) ;
#3542 = PLANE ( 'NONE',  #9142 ) ;
#3543 = LINE ( 'NONE', #8217, #4680 ) ;
#3544 = VERTEX_POINT ( 'NONE', #4083 ) ;
#3545 = EDGE_LOOP ( 'NONE', ( #4591, #8756, #189, #7026 ) ) ;
#3546 = CARTESIAN_POINT ( 'NONE',  ( 13.29089653438065355, -12.00000000000000000, 30.00000000000000711 ) ) ;
#3547 = ORIENTED_EDGE ( 'NONE', *, *, #2126, .F. ) ;
#3548 = CARTESIAN_POINT ( 'NONE',  ( 33.29089653438086316, -12.00000000000000000, 10.00000000000000711 ) ) ;
#3549 = LINE ( 'NONE', #4491, #2176 ) ;
#3550 = DIRECTION ( 'NONE',  ( 0.4999999999999999445, 0.000000000000000000, 0.8660254037844387076 ) ) ;
#3551 = EDGE_CURVE ( 'NONE', #1190, #580, #1090, .T. ) ;
#3552 = ORIENTED_EDGE ( 'NONE', *, *, #5158, .T. ) ;
#3553 = LINE ( 'NONE', #6544, #2586 ) ;
#3554 = UNCERTAINTY_MEASURE_WITH_UNIT (LENGTH_MEASURE( 1.000000000000000082E-05 ), #7600, 'distance_accuracy_value', 'NONE');
#3555 = VECTOR ( 'NONE', #7465, 1000.000000000000114 ) ;
#3556 = EDGE_CURVE ( 'NONE', #1628, #5166, #903, .T. ) ;
#3557 = DIRECTION ( 'NONE',  ( 0.000000000000000000, 1.000000000000000000, 0.000000000000000000 ) ) ;
#3558 = ADVANCED_FACE ( 'NONE', ( #1893 ), #9541, .T. ) ;
#3559 = ORIENTED_EDGE ( 'NONE', *, *, #8038, .T. ) ;
#3560 = CARTESIAN_POINT ( 'NONE',  ( 31.64544826719042803, -12.00000000000000000, 7.150000000000007461 ) ) ;
#3561 = PLANE ( 'NONE',  #8868 ) ;
#3562 = DIRECTION ( 'NONE',  ( -0.8660254037844928865, 0.000000000000000000, 0.4999999999999060751 ) ) ;
#3563 = VECTOR ( 'NONE', #7645, 1000.000000000000000 ) ;
#3564 = VECTOR ( 'NONE', #8677, 1000.000000000000000 ) ;
#3565 = CARTESIAN_POINT ( 'NONE',  ( 48.35455173280956132, -12.00000000000000000, 7.150000000000007461 ) ) ;
#3566 = LINE ( 'NONE', #7947, #6785 ) ;
#3567 = AXIS2_PLACEMENT_3D ( 'NONE', #8056, #5605, #8639 ) ;
#3568 = PLANE ( 'NONE',  #6494 ) ;
#3569 = ADVANCED_FACE ( 'NONE', ( #5771 ), #7874, .T. ) ;
#3570 = PLANE ( 'NONE',  #1522 ) ;
#3571 = VECTOR ( 'NONE', #7699, 1000.000000000000000 ) ;
#3572 = AXIS2_PLACEMENT_3D ( 'NONE', #7375, #3594, #6869 ) ;
#3573 = ORIENTED_EDGE ( 'NONE', *, *, #8721, .F. ) ;
#3574 = CARTESIAN_POINT ( 'NONE',  ( -21.64544826719042803, -12.00000000000000000, -2.850000000000000089 ) ) ;
#3575 = ORIENTED_EDGE ( 'NONE', *, *, #5488, .F. ) ;
#3576 = ORIENTED_EDGE ( 'NONE', *, *, #9778, .F. ) ;
#3577 = AXIS2_PLACEMENT_3D ( 'NONE', #7830, #8566, #264 ) ;
#3578 = VECTOR ( 'NONE', #1156, 1000.000000000000000 ) ;
#3579 = LINE ( 'NONE', #8834, #9774 ) ;
#3580 = DIRECTION ( 'NONE',  ( 0.5000000000000005551, 0.000000000000000000, -0.8660254037844382635 ) ) ;
#3581 = DIRECTION ( 'NONE',  ( -0.8660254037844391517, 0.000000000000000000, 0.4999999999999992784 ) ) ;
#3582 = CARTESIAN_POINT ( 'NONE',  ( -41.64544826719043158, 0.000000000000000000, 7.150000000000007461 ) ) ;
#3583 = ORIENTED_EDGE ( 'NONE', *, *, #7640, .T. ) ;
#3584 = CARTESIAN_POINT ( 'NONE',  ( 8.354551732809447628, 0.000000000000000000, 17.15000000000000568 ) ) ;
#3585 = LINE ( 'NONE', #6617, #4726 ) ;
#3586 = PLANE ( 'NONE',  #457 ) ;
#3587 = EDGE_CURVE ( 'NONE', #1480, #9304, #4282, .T. ) ;
#3588 = CARTESIAN_POINT ( 'NONE',  ( 23.29089653438044749, -12.00000000000000000, 50.00000000000000000 ) ) ;
#3589 = CARTESIAN_POINT ( 'NONE',  ( 13.29089653438055052, -12.00000000000000000, 40.00000000000000000 ) ) ;
#3590 = CLOSED_SHELL ( 'NONE', ( #7800, #6053, #625, #5641, #1322, #738, #6213, #3277, #486, #90, #3065, #4137, #6392, #5924, #2309, #1163, #8774, #1442, #6776, #6762, #3848, #4084, #6989, #3227, #6476, #9717, #9236, #868, #1408, #9308, #8622, #4568, #7852, #7928, #8839, #4345, #2060, #433, #3052, #7255, #3539, #7503, #8242, #6265, #4946, #3258, #4630, #7462, #8532, #797, #5415, #965, #9132, #4467, #5161, #1964, #7811, #3881, #448, #1943, #4393, #4207, #622, #1348, #2856, #3457, #8048, #796, #1768, #3387, #312, #7910, #6878, #6234, #7333, #1397, #2844, #7705, #676, #314, #2098, #9160, #1637, #6391, #4277, #5111, #6758, #4784, #8826, #3839, #3900, #2664, #809, #2868, #40, #7067, #6662, #3600, #9666, #3919, #971, #1334, #3241, #1360, #9493, #1999, #3531, #7956, #4574, #4520, #5708, #8877, #6378, #1208, #5420, #8634, #100, #7310, #5431, #5861, #6950, #599, #8560, #7001, #7012, #2009, #1499, #7144, #4151, #9589, #9295, #2613, #4050, #1528, #8046, #8952, #5912, #271, #3614, #1028, #9012, #7304, #2063, #2510, #1897, #3112, #9602, #9656, #8415, #5970, #7735, #9067, #5437, #3569, #3729, #8993, #5150, #4699, #5196, #9181, #1456, #4822, #3293, #8454, #3242, #4165, #5753, #2082, #9250, #6587, #3627, #8435, #7538, #9611, #8591, #186, #3905, #9668, #4695, #7675, #2536, #4806, #4273, #6786, #2677, #9141, #8229, #4932, #7992, #7929, #7419, #7557, #5175, #5898, #664, #6531, #7267, #8860, #9195, #9616, #7448, #4629, #8348, #2197, #633, #1105, #651, #7011, #6339, #1047, #8049, #5791, #4710, #1883, #2518, #1517, #2837, #30, #3056, #7002, #991, #330, #8982, #7495, #8621, #3986, #387, #430, #7732, #2936, #4087, #8123, #6398, #9750, #974, #8096, #2073, #6051, #3558, #6280, #9410, #9445, #4404, #8518, #1150, #7982, #9419, #3136, #914, #1685, #19, #1712, #9245, #2174, #6636, #5178, #87, #3176, #9545, #3042, #8425, #9363, #7207, #6040, #3222, #5729, #4767, #216, #1930, #323, #7008, #7838, #3367, #9582, #7980, #4208, #7433, #8165, #1660, #1479, #3498, #1586, #9618, #6709, #611, #2858, #4411, #4997, #7871, #9442, #2739, #4021, #8351, #8001, #4516, #6901, #53, #5590, #7850, #1638, #6826, #8308, #4311, #1815, #3835, #9317, #4759, #4643, #8934, #6835, #5655, #9122, #609, #7129, #2606, #3490, #372, #9064, #7689, #9601, #4464, #522, #8186, #994, #5226, #9238 ) ) ;
#3591 = ORIENTED_EDGE ( 'NONE', *, *, #2627, .F. ) ;
#3592 = LINE ( 'NONE', #6624, #2944 ) ;
#3593 = VECTOR ( 'NONE', #4704, 1000.000000000000114 ) ;
#3594 = DIRECTION ( 'NONE',  ( 0.8660254037844387076, -0.000000000000000000, 0.4999999999999999445 ) ) ;
#3595 = VERTEX_POINT ( 'NONE', #5726 ) ;
#3596 = ORIENTED_EDGE ( 'NONE', *, *, #9108, .F. ) ;
#3597 = CARTESIAN_POINT ( 'NONE',  ( 18.35455173280913499, 0.000000000000000000, 47.14999999999999858 ) ) ;
#3598 = AXIS2_PLACEMENT_3D ( 'NONE', #3216, #7566, #9136 ) ;
#3599 = EDGE_CURVE ( 'NONE', #6380, #2777, #305, .T. ) ;
#3600 = ADVANCED_FACE ( 'NONE', ( #8747 ), #3385, .T. ) ;
#3601 = ORIENTED_EDGE ( 'NONE', *, *, #4975, .F. ) ;
#3602 = EDGE_CURVE ( 'NONE', #5916, #3134, #493, .T. ) ;
#3603 = DIRECTION ( 'NONE',  ( 0.4999999999999995004, -0.000000000000000000, 0.8660254037844389297 ) ) ;
#3604 = PLANE ( 'NONE',  #586 ) ;
#3605 = DIRECTION ( 'NONE',  ( -0.8660254037844388186, 0.000000000000000000, 0.4999999999999997224 ) ) ;
#3606 = ORIENTED_EDGE ( 'NONE', *, *, #614, .T. ) ;
#3607 = AXIS2_PLACEMENT_3D ( 'NONE', #3642, #6764, #6022 ) ;
#3608 = LINE ( 'NONE', #6440, #8787 ) ;
#3609 = VECTOR ( 'NONE', #3066, 1000.000000000000000 ) ;
#3610 = EDGE_CURVE ( 'NONE', #4844, #1822, #7283, .T. ) ;
#3611 = FACE_OUTER_BOUND ( 'NONE', #6199, .T. ) ;
#3612 = VERTEX_POINT ( 'NONE', #9592 ) ;
#3613 = FACE_OUTER_BOUND ( 'NONE', #5661, .T. ) ;
#3614 = ADVANCED_FACE ( 'NONE', ( #2776 ), #3440, .F. ) ;
#3615 = EDGE_CURVE ( 'NONE', #3454, #895, #1933, .T. ) ;
#3616 = CARTESIAN_POINT ( 'NONE',  ( 21.64544826719043513, -12.00000000000000000, 2.849999999999998312 ) ) ;
#3617 = CARTESIAN_POINT ( 'NONE',  ( 13.29089653438044571, -12.00000000000000000, 50.00000000000000000 ) ) ;
#3618 = VECTOR ( 'NONE', #8759, 1000.000000000000000 ) ;
#3619 = CARTESIAN_POINT ( 'NONE',  ( -6.709103465619120854, 0.000000000000000000, 10.00000000000000711 ) ) ;
#3620 = EDGE_LOOP ( 'NONE', ( #2299, #8685, #6042, #724 ) ) ;
#3621 = DIRECTION ( 'NONE',  ( -1.000000000000000000, -0.000000000000000000, -0.000000000000000000 ) ) ;
#3622 = EDGE_LOOP ( 'NONE', ( #5469, #6741, #8236, #2719, #3991, #2106, #2296, #4606, #4510, #5669, #1937, #1021 ) ) ;
#3623 = AXIS2_PLACEMENT_3D ( 'NONE', #5738, #1294, #6583 ) ;
#3624 = PLANE ( 'NONE',  #3400 ) ;
#3625 = ORIENTED_EDGE ( 'NONE', *, *, #3602, .T. ) ;
#3626 = ORIENTED_EDGE ( 'NONE', *, *, #1652, .F. ) ;
#3627 = ADVANCED_FACE ( 'NONE', ( #8704 ), #9388, .T. ) ;
#3628 = LINE ( 'NONE', #7460, #9628 ) ;
#3629 = AXIS2_PLACEMENT_3D ( 'NONE', #1743, #4031, #1039 ) ;
#3630 = VECTOR ( 'NONE', #2841, 1000.000000000000000 ) ;
#3631 = LINE ( 'NONE', #3478, #1687 ) ;
#3632 = VECTOR ( 'NONE', #4154, 1000.000000000000114 ) ;
#3633 = EDGE_CURVE ( 'NONE', #4503, #5755, #8021, .T. ) ;
#3634 = DIRECTION ( 'NONE',  ( -1.000000000000000000, 0.000000000000000000, -0.000000000000000000 ) ) ;
#3635 = VERTEX_POINT ( 'NONE', #2034 ) ;
#3636 = VECTOR ( 'NONE', #9026, 1000.000000000000000 ) ;
#3637 = DIRECTION ( 'NONE',  ( 0.000000000000000000, 1.000000000000000000, 0.000000000000000000 ) ) ;
#3638 = ORIENTED_EDGE ( 'NONE', *, *, #8143, .F. ) ;
#3639 = VERTEX_POINT ( 'NONE', #5266 ) ;
#3640 = DIRECTION ( 'NONE',  ( 0.000000000000000000, -0.000000000000000000, 1.000000000000000000 ) ) ;
#3641 = DIRECTION ( 'NONE',  ( 0.000000000000000000, 1.000000000000000000, 0.000000000000000000 ) ) ;
#3642 = CARTESIAN_POINT ( 'NONE',  ( 11.64544826719042447, -12.00000000000000000, 12.85000000000000675 ) ) ;
#3643 = CARTESIAN_POINT ( 'NONE',  ( 21.64544826719043513, -12.00000000000000000, 2.849999999999998312 ) ) ;
#3644 = AXIS2_PLACEMENT_3D ( 'NONE', #7539, #6790, #9754 ) ;
#3645 = DIRECTION ( 'NONE',  ( 0.000000000000000000, 1.000000000000000000, 0.000000000000000000 ) ) ;
#3646 = EDGE_LOOP ( 'NONE', ( #9680, #7562, #5904, #6255 ) ) ;
#3647 = DIRECTION ( 'NONE',  ( 0.000000000000000000, 1.000000000000000000, 0.000000000000000000 ) ) ;
#3648 = LINE ( 'NONE', #5165, #2913 ) ;
#3649 = ORIENTED_EDGE ( 'NONE', *, *, #5453, .F. ) ;
#3650 = VERTEX_POINT ( 'NONE', #8311 ) ;
#3651 = CARTESIAN_POINT ( 'NONE',  ( 6.709103465619120854, -12.00000000000000000, 10.00000000000000711 ) ) ;
#3652 = ORIENTED_EDGE ( 'NONE', *, *, #5602, .F. ) ;
#3653 = CARTESIAN_POINT ( 'NONE',  ( 48.35455173280956132, -12.00000000000000000, 7.150000000000007461 ) ) ;
#3654 = CARTESIAN_POINT ( 'NONE',  ( 60.35455173280956132, 20.99999999999997513, -48.64544826719049553 ) ) ;
#3655 = LINE ( 'NONE', #8321, #1218 ) ;
#3656 = ORIENTED_EDGE ( 'NONE', *, *, #2855, .F. ) ;
#3657 = DIRECTION ( 'NONE',  ( -0.4999999999999992228, 0.000000000000000000, 0.8660254037844390407 ) ) ;
#3658 = DIRECTION ( 'NONE',  ( 0.000000000000000000, 1.000000000000000000, 0.000000000000000000 ) ) ;
#3659 = ORIENTED_EDGE ( 'NONE', *, *, #5337, .T. ) ;
#3660 = CARTESIAN_POINT ( 'NONE',  ( 38.35455173280955421, -12.00000000000000000, 2.849999999999997868 ) ) ;
#3661 = CARTESIAN_POINT ( 'NONE',  ( 46.70910346561912974, 0.000000000000000000, 1.294402214996931218E-15 ) ) ;
#3662 = DIRECTION ( 'NONE',  ( -0.000000000000000000, -0.000000000000000000, -1.000000000000000000 ) ) ;
#3663 = CARTESIAN_POINT ( 'NONE',  ( -8.354551732809550657, -12.00000000000000000, -2.850000000000000089 ) ) ;
#3664 = VERTEX_POINT ( 'NONE', #1478 ) ;
#3665 = CARTESIAN_POINT ( 'NONE',  ( 13.29089653438065355, -12.00000000000000000, 30.00000000000000711 ) ) ;
#3666 = EDGE_CURVE ( 'NONE', #7696, #6298, #2878, .T. ) ;
#3667 = EDGE_CURVE ( 'NONE', #8274, #2245, #644, .T. ) ;
#3668 = EDGE_LOOP ( 'NONE', ( #6306, #8401, #1165, #9084, #3363 ) ) ;
#3669 = EDGE_CURVE ( 'NONE', #1822, #8794, #4532, .T. ) ;
#3670 = FACE_OUTER_BOUND ( 'NONE', #811, .T. ) ;
#3671 = CARTESIAN_POINT ( 'NONE',  ( 41.64544826719043158, 0.000000000000000000, 12.85000000000000675 ) ) ;
#3672 = ORIENTED_EDGE ( 'NONE', *, *, #2130, .T. ) ;
#3673 = EDGE_LOOP ( 'NONE', ( #8388, #7457, #8724, #966 ) ) ;
#3674 = PLANE ( 'NONE',  #3278 ) ;
#3675 = DIRECTION ( 'NONE',  ( -1.000000000000000000, -0.000000000000000000, -0.000000000000000000 ) ) ;
#3676 = CARTESIAN_POINT ( 'NONE',  ( 8.354551732809550657, -12.00000000000000000, -2.850000000000000089 ) ) ;
#3677 = EDGE_LOOP ( 'NONE', ( #5063, #5384, #3524, #103 ) ) ;
#3678 = EDGE_CURVE ( 'NONE', #5223, #6977, #745, .T. ) ;
#3679 = CARTESIAN_POINT ( 'NONE',  ( -11.64544826719032145, -12.00000000000000000, 22.85000000000000497 ) ) ;
#3680 = ORIENTED_EDGE ( 'NONE', *, *, #7218, .T. ) ;
#3681 = EDGE_CURVE ( 'NONE', #1590, #519, #9732, .T. ) ;
#3682 = LINE ( 'NONE', #1328, #9612 ) ;
#3683 = ORIENTED_EDGE ( 'NONE', *, *, #1336, .T. ) ;
#3684 = DIRECTION ( 'NONE',  ( 0.8660254037844387076, -0.000000000000000000, 0.4999999999999999445 ) ) ;
#3685 = DIRECTION ( 'NONE',  ( 0.5000000000000001110, 0.000000000000000000, -0.8660254037844385966 ) ) ;
#3686 = ORIENTED_EDGE ( 'NONE', *, *, #857, .F. ) ;
#3687 = CARTESIAN_POINT ( 'NONE',  ( -18.35455173280955776, -12.00000000000000000, 12.85000000000000675 ) ) ;
#3688 = DIRECTION ( 'NONE',  ( -0.8660254037844381525, 0.000000000000000000, -0.5000000000000008882 ) ) ;
#3689 = EDGE_LOOP ( 'NONE', ( #9804, #8427, #1453, #5556, #3707, #2576 ) ) ;
#3690 = EDGE_CURVE ( 'NONE', #8379, #702, #6823, .T. ) ;
#3691 = CARTESIAN_POINT ( 'NONE',  ( 58.35455173280956132, -12.00000000000000000, 12.85000000000000675 ) ) ;
#3692 = PLANE ( 'NONE',  #2975 ) ;
#3693 = VERTEX_POINT ( 'NONE', #6670 ) ;
#3694 = FACE_BOUND ( 'NONE', #1934, .T. ) ;
#3695 = CARTESIAN_POINT ( 'NONE',  ( -50.35455173280956132, 30.15544456622761516, -16.35455173280956487 ) ) ;
#3696 = DIRECTION ( 'NONE',  ( 0.000000000000000000, 0.000000000000000000, -1.000000000000000000 ) ) ;
#3697 = ORIENTED_EDGE ( 'NONE', *, *, #4331, .T. ) ;
#3698 = FACE_OUTER_BOUND ( 'NONE', #1300, .T. ) ;
#3699 = CARTESIAN_POINT ( 'NONE',  ( -18.35455173280934815, 0.000000000000000000, 32.85000000000000142 ) ) ;
#3700 = ORIENTED_EDGE ( 'NONE', *, *, #3789, .T. ) ;
#3701 = CARTESIAN_POINT ( 'NONE',  ( -18.35455173280934460, -12.00000000000000000, 27.15000000000000568 ) ) ;
#3702 = CARTESIAN_POINT ( 'NONE',  ( -60.35455173280956132, 36.15544456622761516, -48.64544826719049553 ) ) ;
#3703 = DIRECTION ( 'NONE',  ( 0.000000000000000000, -0.000000000000000000, -1.000000000000000000 ) ) ;
#3704 = CARTESIAN_POINT ( 'NONE',  ( -60.35455173280956132, 14.99999999999997691, -48.64544826719049553 ) ) ;
#3705 = CARTESIAN_POINT ( 'NONE',  ( 28.35455173280955421, 0.000000000000000000, 7.150000000000007461 ) ) ;
#3706 = LINE ( 'NONE', #6742, #3593 ) ;
#3707 = ORIENTED_EDGE ( 'NONE', *, *, #2627, .T. ) ;
#3708 = DIRECTION ( 'NONE',  ( 0.5000000000000008882, 0.000000000000000000, 0.8660254037844381525 ) ) ;
#3709 = VECTOR ( 'NONE', #5263, 999.9999999999998863 ) ;
#3710 = CARTESIAN_POINT ( 'NONE',  ( -8.354551732809134990, -12.00000000000000000, 47.14999999999999858 ) ) ;
#3711 = VERTEX_POINT ( 'NONE', #8848 ) ;
#3712 = VECTOR ( 'NONE', #3864, 1000.000000000000000 ) ;
#3713 = ORIENTED_EDGE ( 'NONE', *, *, #4617, .T. ) ;
#3714 = LINE ( 'NONE', #7609, #4070 ) ;
#3715 = EDGE_CURVE ( 'NONE', #8849, #1965, #2928, .T. ) ;
#3716 = EDGE_CURVE ( 'NONE', #4295, #8472, #9686, .T. ) ;
#3717 = CARTESIAN_POINT ( 'NONE',  ( 28.35455173280955421, 10.00000000000000000, 18.35455173280956842 ) ) ;
#3718 = LINE ( 'NONE', #9771, #5304 ) ;
#3719 = VECTOR ( 'NONE', #2450, 1000.000000000000000 ) ;
#3720 = CARTESIAN_POINT ( 'NONE',  ( -21.64544826719011184, -12.00000000000000000, 42.85000000000000142 ) ) ;
#3721 = VECTOR ( 'NONE', #6698, 1000.000000000000000 ) ;
#3722 = VERTEX_POINT ( 'NONE', #932 ) ;
#3723 = LINE ( 'NONE', #6757, #6731 ) ;
#3724 = VECTOR ( 'NONE', #5023, 1000.000000000000000 ) ;
#3726 = LINE ( 'NONE', #4374, #1662 ) ;
#3725 = VECTOR ( 'NONE', #2880, 1000.000000000000000 ) ;
#3727 = VERTEX_POINT ( 'NONE', #3825 ) ;
#3728 = CARTESIAN_POINT ( 'NONE',  ( -18.35455173280955776, -12.00000000000000000, 52.85000000000000853 ) ) ;
#3729 = ADVANCED_FACE ( 'NONE', ( #6865 ), #1577, .T. ) ;
#3730 = DIRECTION ( 'NONE',  ( -0.4999999999999992784, -0.000000000000000000, 0.8660254037844390407 ) ) ;
#3731 = ORIENTED_EDGE ( 'NONE', *, *, #3184, .T. ) ;
#3732 = ORIENTED_EDGE ( 'NONE', *, *, #494, .T. ) ;
#3733 = VECTOR ( 'NONE', #274, 1000.000000000000000 ) ;
#3734 = CARTESIAN_POINT ( 'NONE',  ( 51.64544826719043158, -12.00000000000000000, 7.150000000000007461 ) ) ;
#3735 = PLANE ( 'NONE',  #9595 ) ;
#3736 = ORIENTED_EDGE ( 'NONE', *, *, #5967, .T. ) ;
#3737 = ORIENTED_EDGE ( 'NONE', *, *, #26, .T. ) ;
#3738 = CARTESIAN_POINT ( 'NONE',  ( 50.35455173280956132, 33.15544456622761516, -16.35455173280956487 ) ) ;
#3739 = EDGE_CURVE ( 'NONE', #5071, #4211, #2987, .T. ) ;
#3740 = EDGE_CURVE ( 'NONE', #4183, #1879, #9140, .T. ) ;
#3741 = EDGE_LOOP ( 'NONE', ( #1512, #7160, #5090, #2973 ) ) ;
#3742 = PLANE ( 'NONE',  #3231 ) ;
#3743 = LINE ( 'NONE', #2085, #9006 ) ;
#3744 = VECTOR ( 'NONE', #198, 1000.000000000000000 ) ;
#3745 = DIRECTION ( 'NONE',  ( -1.000000000000000000, 0.000000000000000000, 0.000000000000000000 ) ) ;
#3746 = VERTEX_POINT ( 'NONE', #4014 ) ;
#3747 = DIRECTION ( 'NONE',  ( 0.5000000000000008882, -0.000000000000000000, -0.8660254037844381525 ) ) ;
#3748 = EDGE_CURVE ( 'NONE', #4313, #7414, #3034, .T. ) ;
#3749 = CIRCLE ( 'NONE', #5652, 2.999999999999995559 ) ;
#3750 = DIRECTION ( 'NONE',  ( 0.5000000000000003331, 0.000000000000000000, -0.8660254037844383745 ) ) ;
#3751 = EDGE_CURVE ( 'NONE', #9682, #652, #2281, .T. ) ;
#3752 = VERTEX_POINT ( 'NONE', #7057 ) ;
#3753 = CARTESIAN_POINT ( 'NONE',  ( 41.64544826719043158, -12.00000000000000000, -2.850000000000000089 ) ) ;
#3754 = VERTEX_POINT ( 'NONE', #6073 ) ;
#3755 = CARTESIAN_POINT ( 'NONE',  ( 50.35455173280956132, 20.99999999999997513, -48.64544826719049553 ) ) ;
#3756 = PRODUCT_DEFINITION_FORMATION_WITH_SPECIFIED_SOURCE ( 'Symmetric', '', #1766, .NOT_KNOWN. ) ;
#3757 = DIRECTION ( 'NONE',  ( 0.000000000000000000, 1.000000000000000000, 0.000000000000000000 ) ) ;
#3758 = VECTOR ( 'NONE', #6560, 1000.000000000000000 ) ;
#3759 = ORIENTED_EDGE ( 'NONE', *, *, #1223, .F. ) ;
#3760 = CARTESIAN_POINT ( 'NONE',  ( -60.35455173280956132, 14.99999999999997691, -48.64544826719049553 ) ) ;
#3761 = EDGE_CURVE ( 'NONE', #4703, #3920, #7714, .T. ) ;
#3762 = EDGE_LOOP ( 'NONE', ( #8841, #7541, #4734, #3530 ) ) ;
#3763 = CARTESIAN_POINT ( 'NONE',  ( -48.35455173280956132, -12.00000000000000000, -2.850000000000000089 ) ) ;
#3764 = ORIENTED_EDGE ( 'NONE', *, *, #4994, .T. ) ;
#3765 = VECTOR ( 'NONE', #4955, 1000.000000000000000 ) ;
#3766 = CARTESIAN_POINT ( 'NONE',  ( 0.000000000000000000, 10.00000000000000000, 0.000000000000000000 ) ) ;
#3767 = LINE ( 'NONE', #9129, #9466 ) ;
#3768 = CARTESIAN_POINT ( 'NONE',  ( -58.35455173280956132, 0.000000000000000000, 2.849999999999997868 ) ) ;
#3769 = DIRECTION ( 'NONE',  ( -1.000000000000000000, -0.000000000000000000, -0.000000000000000000 ) ) ;
#3770 = VECTOR ( 'NONE', #6715, 1000.000000000000000 ) ;
#3771 = VERTEX_POINT ( 'NONE', #5413 ) ;
#3772 = EDGE_CURVE ( 'NONE', #8503, #2647, #51, .T. ) ;
#3773 = DIRECTION ( 'NONE',  ( 1.000000000000000000, 0.000000000000000000, 0.000000000000000000 ) ) ;
#3774 = VERTEX_POINT ( 'NONE', #2471 ) ;
#3775 = AXIS2_PLACEMENT_3D ( 'NONE', #8369, #6872, #9796 ) ;
#3776 = PLANE ( 'NONE',  #8045 ) ;
#3777 = AXIS2_PLACEMENT_3D ( 'NONE', #6277, #844, #6193 ) ;
#3778 = AXIS2_PLACEMENT_3D ( 'NONE', #150, #6125, #7765 ) ;
#3779 = ORIENTED_EDGE ( 'NONE', *, *, #1506, .T. ) ;
#3780 = DIRECTION ( 'NONE',  ( -0.8660254037844387076, 0.000000000000000000, 0.5000000000000001110 ) ) ;
#3781 = CARTESIAN_POINT ( 'NONE',  ( 0.000000000000000000, -12.00000000000000000, 0.000000000000000000 ) ) ;
#3782 = CARTESIAN_POINT ( 'NONE',  ( -13.29089653438044571, -12.00000000000000000, 50.00000000000000000 ) ) ;
#3783 = ORIENTED_EDGE ( 'NONE', *, *, #375, .F. ) ;
#3784 = AXIS2_PLACEMENT_3D ( 'NONE', #1714, #2456, #8578 ) ;
#3785 = VECTOR ( 'NONE', #8781, 1000.000000000000114 ) ;
#3786 = EDGE_CURVE ( 'NONE', #4062, #5311, #8497, .T. ) ;
#3787 = LINE ( 'NONE', #1579, #1560 ) ;
#3788 = EDGE_CURVE ( 'NONE', #1321, #7644, #1533, .T. ) ;
#3789 = EDGE_CURVE ( 'NONE', #9288, #7303, #5509, .T. ) ;
#3790 = CARTESIAN_POINT ( 'NONE',  ( 46.70910346561912974, -12.00000000000000000, 1.294402214996931218E-15 ) ) ;
#3791 = CARTESIAN_POINT ( 'NONE',  ( -13.29089653438055052, 0.000000000000000000, 40.00000000000000000 ) ) ;
#3792 = ORIENTED_EDGE ( 'NONE', *, *, #4815, .T. ) ;
#3793 = DIRECTION ( 'NONE',  ( 0.000000000000000000, 0.000000000000000000, 1.000000000000000000 ) ) ;
#3794 = VECTOR ( 'NONE', #7447, 1000.000000000000000 ) ;
#3795 = DIRECTION ( 'NONE',  ( 0.000000000000000000, 1.000000000000000000, 0.000000000000000000 ) ) ;
#3796 = DIRECTION ( 'NONE',  ( -1.000000000000000000, -0.000000000000000000, -0.000000000000000000 ) ) ;
#3797 = DIRECTION ( 'NONE',  ( 0.000000000000000000, 1.000000000000000000, 0.000000000000000000 ) ) ;
#3798 = EDGE_LOOP ( 'NONE', ( #2623, #7814, #5283, #3879 ) ) ;
#3799 = DIRECTION ( 'NONE',  ( 0.000000000000000000, 1.000000000000000000, 0.000000000000000000 ) ) ;
#3800 = EDGE_CURVE ( 'NONE', #3237, #8928, #8546, .T. ) ;
#3801 = CARTESIAN_POINT ( 'NONE',  ( 21.64544826719042803, -12.00000000000000000, 7.150000000000007461 ) ) ;
#3802 = ORIENTED_EDGE ( 'NONE', *, *, #7558, .F. ) ;
#3803 = DIRECTION ( 'NONE',  ( 1.000000000000000000, -0.000000000000000000, 1.317819823453642871E-16 ) ) ;
#3804 = CARTESIAN_POINT ( 'NONE',  ( 33.29089653438086316, 0.000000000000000000, 3.038187096183830448E-15 ) ) ;
#3805 = VERTEX_POINT ( 'NONE', #6127 ) ;
#3806 = DIRECTION ( 'NONE',  ( 0.8660254037844387076, -0.000000000000000000, 0.4999999999999999445 ) ) ;
#3807 = CARTESIAN_POINT ( 'NONE',  ( -6.709103465619016049, 0.000000000000000000, 20.00000000000000355 ) ) ;
#3808 = DIRECTION ( 'NONE',  ( 1.000000000000000000, 0.000000000000000000, -1.317819823453642871E-16 ) ) ;
#3809 = VERTEX_POINT ( 'NONE', #4723 ) ;
#3810 = DIRECTION ( 'NONE',  ( 0.000000000000000000, 0.000000000000000000, 1.000000000000000000 ) ) ;
#3811 = ORIENTED_EDGE ( 'NONE', *, *, #3556, .F. ) ;
#3812 = DIRECTION ( 'NONE',  ( -0.8660254037844381525, 0.000000000000000000, 0.5000000000000008882 ) ) ;
#3813 = CARTESIAN_POINT ( 'NONE',  ( 18.35455173280955421, -12.00000000000000000, 7.150000000000007461 ) ) ;
#3814 = CARTESIAN_POINT ( 'NONE',  ( 51.64544826719043158, -12.00000000000000000, -2.850000000000000089 ) ) ;
#3815 = CARTESIAN_POINT ( 'NONE',  ( 60.35455173280956132, 20.99999999999997513, -48.64544826719049553 ) ) ;
#3816 = DIRECTION ( 'NONE',  ( -1.000000000000000000, -0.000000000000000000, -0.000000000000000000 ) ) ;
#3817 = DIRECTION ( 'NONE',  ( 1.000000000000000000, 0.000000000000000000, 0.000000000000000000 ) ) ;
#3818 = LINE ( 'NONE', #4569, #8035 ) ;
#3819 = ORIENTED_EDGE ( 'NONE', *, *, #5237, .T. ) ;
#3820 = FACE_OUTER_BOUND ( 'NONE', #8687, .T. ) ;
#3821 = ORIENTED_EDGE ( 'NONE', *, *, #6677, .T. ) ;
#3822 = CARTESIAN_POINT ( 'NONE',  ( -11.64544826719011361, 0.000000000000000000, 37.15000000000000568 ) ) ;
#3823 = FACE_OUTER_BOUND ( 'NONE', #8466, .T. ) ;
#3824 = ORIENTED_EDGE ( 'NONE', *, *, #7064, .F. ) ;
#3825 = CARTESIAN_POINT ( 'NONE',  ( -8.354551732809550657, 0.000000000000000000, 12.85000000000000675 ) ) ;
#3826 = PRODUCT_DEFINITION ( 'General', '', #3756, #9144 ) ;
#3827 = EDGE_LOOP ( 'NONE', ( #1991, #7648, #3851, #6685 ) ) ;
#3828 = CARTESIAN_POINT ( 'NONE',  ( 21.64544826719021486, -12.00000000000000000, 32.85000000000000142 ) ) ;
#3829 = CARTESIAN_POINT ( 'NONE',  ( -31.64544826719042803, -12.00000000000000000, 12.85000000000000675 ) ) ;
#3830 = LINE ( 'NONE', #8996, #4358 ) ;
#3831 = VERTEX_POINT ( 'NONE', #8450 ) ;
#3832 = DIRECTION ( 'NONE',  ( -1.000000000000000000, -0.000000000000000000, -0.000000000000000000 ) ) ;
#3833 = CARTESIAN_POINT ( 'NONE',  ( 60.35455173280956132, 33.15544456622761516, -16.35455173280956487 ) ) ;
#3834 = CARTESIAN_POINT ( 'NONE',  ( -26.70910346561912618, -12.00000000000000000, 10.00000000000000711 ) ) ;
#3835 = ADVANCED_FACE ( 'NONE', ( #4775 ), #1733, .F. ) ;
#3836 = EDGE_CURVE ( 'NONE', #3920, #3510, #6179, .T. ) ;
#3837 = LINE ( 'NONE', #1636, #9319 ) ;
#3838 = EDGE_CURVE ( 'NONE', #4359, #2059, #6918, .T. ) ;
#3839 = ADVANCED_FACE ( 'NONE', ( #3924 ), #7810, .F. ) ;
#3840 = VERTEX_POINT ( 'NONE', #9233 ) ;
#3841 = FACE_OUTER_BOUND ( 'NONE', #8616, .T. ) ;
#3842 = CARTESIAN_POINT ( 'NONE',  ( -8.354551732809238018, 0.000000000000000000, 37.15000000000000568 ) ) ;
#3843 = ORIENTED_EDGE ( 'NONE', *, *, #3225, .F. ) ;
#3844 = CARTESIAN_POINT ( 'NONE',  ( 13.29089653438065355, -12.00000000000000000, 30.00000000000000711 ) ) ;
#3845 = ORIENTED_EDGE ( 'NONE', *, *, #4266, .F. ) ;
#3846 = LINE ( 'NONE', #6887, #1161 ) ;
#3847 = DIRECTION ( 'NONE',  ( -0.5000000000000004441, -0.000000000000000000, -0.8660254037844383745 ) ) ;
#3848 = ADVANCED_FACE ( 'NONE', ( #5460 ), #1971, .T. ) ;
#3849 = LINE ( 'NONE', #2256, #2660 ) ;
#3850 = EDGE_CURVE ( 'NONE', #4844, #1628, #4215, .T. ) ;
#3851 = ORIENTED_EDGE ( 'NONE', *, *, #1075, .T. ) ;
#3852 =( NAMED_UNIT ( * ) SI_UNIT ( $, .STERADIAN. ) SOLID_ANGLE_UNIT ( ) );
#3853 = ORIENTED_EDGE ( 'NONE', *, *, #4089, .T. ) ;
#3854 = CARTESIAN_POINT ( 'NONE',  ( -28.35455173280955066, -0.000000000000000000, 7.150000000000007461 ) ) ;
#3855 = DIRECTION ( 'NONE',  ( 1.000000000000000000, -0.000000000000000000, -0.000000000000000000 ) ) ;
#3856 = LINE ( 'NONE', #3262, #1847 ) ;
#3857 = EDGE_CURVE ( 'NONE', #4769, #9781, #1025, .T. ) ;
#3858 = PLANE ( 'NONE',  #7223 ) ;
#3859 = CARTESIAN_POINT ( 'NONE',  ( -53.29089653438087026, -12.00000000000000000, 10.00000000000000711 ) ) ;
#3860 = CARTESIAN_POINT ( 'NONE',  ( 18.35455173280913499, -12.00000000000000000, 47.14999999999999858 ) ) ;
#3861 = ORIENTED_EDGE ( 'NONE', *, *, #9021, .F. ) ;
#3862 = AXIS2_PLACEMENT_3D ( 'NONE', #7241, #420, #2703 ) ;
#3863 = CIRCLE ( 'NONE', #9407, 2.999999999999999112 ) ;
#3864 = DIRECTION ( 'NONE',  ( -0.5000000000000008882, -0.000000000000000000, -0.8660254037844381525 ) ) ;
#3865 = VERTEX_POINT ( 'NONE', #335 ) ;
#3866 = LINE ( 'NONE', #9277, #253 ) ;
#3867 = VECTOR ( 'NONE', #1088, 1000.000000000000000 ) ;
#3868 = VECTOR ( 'NONE', #9505, 1000.000000000000000 ) ;
#3869 = LINE ( 'NONE', #4530, #8852 ) ;
#3870 = ORIENTED_EDGE ( 'NONE', *, *, #3962, .T. ) ;
#3871 = CARTESIAN_POINT ( 'NONE',  ( 11.64544826719000881, 0.000000000000000000, 47.14999999999999858 ) ) ;
#3872 = ORIENTED_EDGE ( 'NONE', *, *, #2853, .F. ) ;
#3873 = DIRECTION ( 'NONE',  ( 0.5000000000000017764, 0.000000000000000000, 0.8660254037844377084 ) ) ;
#3874 = AXIS2_PLACEMENT_3D ( 'NONE', #5130, #7337, #9014 ) ;
#3875 = LINE ( 'NONE', #6921, #6730 ) ;
#3876 = VECTOR ( 'NONE', #3378, 1000.000000000000000 ) ;
#3877 = DIRECTION ( 'NONE',  ( -0.5000000000000009992, -0.000000000000000000, -0.8660254037844380415 ) ) ;
#3878 = CARTESIAN_POINT ( 'NONE',  ( -60.35455173280956132, 10.00000000000000178, -56.64544826719043158 ) ) ;
#3879 = ORIENTED_EDGE ( 'NONE', *, *, #5746, .T. ) ;
#3881 = ADVANCED_FACE ( 'NONE', ( #7254 ), #9333, .T. ) ;
#3880 = CARTESIAN_POINT ( 'NONE',  ( -23.29089653438086316, -12.00000000000000000, 3.038187096183830448E-15 ) ) ;
#3882 = DIRECTION ( 'NONE',  ( -0.4999999999999990563, -0.000000000000000000, 0.8660254037844391517 ) ) ;
#3883 = LINE ( 'NONE', #160, #524 ) ;
#3884 = CARTESIAN_POINT ( 'NONE',  ( -11.64544826719032145, -12.00000000000000000, 17.15000000000000568 ) ) ;
#3885 = LINE ( 'NONE', #6930, #1869 ) ;
#3886 = VECTOR ( 'NONE', #6598, 1000.000000000000000 ) ;
#3887 = EDGE_LOOP ( 'NONE', ( #4808, #1096, #7975, #2692 ) ) ;
#3888 = DIRECTION ( 'NONE',  ( -0.4999999999999990563, 0.000000000000000000, 0.8660254037844391517 ) ) ;
#3889 = DIRECTION ( 'NONE',  ( 0.4999999999999995004, -0.000000000000000000, 0.8660254037844389297 ) ) ;
#3890 = EDGE_CURVE ( 'NONE', #3971, #732, #7908, .T. ) ;
#3891 = EDGE_LOOP ( 'NONE', ( #3947, #3914, #8710, #9551 ) ) ;
#3892 = CARTESIAN_POINT ( 'NONE',  ( 11.64544826719042447, 0.000000000000000000, -2.850000000000000089 ) ) ;
#3893 = EDGE_CURVE ( 'NONE', #1246, #4952, #3372, .T. ) ;
#3894 = DIRECTION ( 'NONE',  ( 0.4999999999999999445, -0.000000000000000000, -0.8660254037844387076 ) ) ;
#3895 = EDGE_LOOP ( 'NONE', ( #2090, #9110, #8448, #6090 ) ) ;
#3896 = LINE ( 'NONE', #5485, #8780 ) ;
#3897 = DIRECTION ( 'NONE',  ( 0.4999999999999996669, 0.000000000000000000, -0.8660254037844388186 ) ) ;
#3898 = CARTESIAN_POINT ( 'NONE',  ( 23.29089653438065710, -12.00000000000000000, 30.00000000000000711 ) ) ;
#3899 = ORIENTED_EDGE ( 'NONE', *, *, #6216, .F. ) ;
#3900 = ADVANCED_FACE ( 'NONE', ( #7957 ), #240, .T. ) ;
#3901 = VECTOR ( 'NONE', #6420, 1000.000000000000000 ) ;
#3902 = ORIENTED_EDGE ( 'NONE', *, *, #8875, .T. ) ;
#3903 = EDGE_CURVE ( 'NONE', #9074, #1648, #2523, .T. ) ;
#3904 = CARTESIAN_POINT ( 'NONE',  ( -21.64544826719031789, -12.00000000000000000, 22.85000000000000497 ) ) ;
#3905 = ADVANCED_FACE ( 'NONE', ( #3330 ), #6366, .T. ) ;
#3906 = CARTESIAN_POINT ( 'NONE',  ( 0.000000000000000000, -12.00000000000000000, 0.000000000000000000 ) ) ;
#3907 = VERTEX_POINT ( 'NONE', #9426 ) ;
#3908 = EDGE_CURVE ( 'NONE', #3865, #2012, #1222, .T. ) ;
#3909 = AXIS2_PLACEMENT_3D ( 'NONE', #8970, #2802, #2097 ) ;
#3910 = CARTESIAN_POINT ( 'NONE',  ( -11.64544826719000881, 0.000000000000000000, 47.14999999999999858 ) ) ;
#3911 = AXIS2_PLACEMENT_3D ( 'NONE', #2931, #5079, #8118 ) ;
#3912 = LINE ( 'NONE', #7611, #9272 ) ;
#3913 = DIRECTION ( 'NONE',  ( 1.000000000000000000, 0.000000000000000000, 0.000000000000000000 ) ) ;
#3914 = ORIENTED_EDGE ( 'NONE', *, *, #2917, .F. ) ;
#3915 = VECTOR ( 'NONE', #8107, 1000.000000000000114 ) ;
#3916 = LINE ( 'NONE', #1726, #8789 ) ;
#3917 = ORIENTED_EDGE ( 'NONE', *, *, #1717, .T. ) ;
#3918 = DIRECTION ( 'NONE',  ( 0.000000000000000000, 1.000000000000000000, 0.000000000000000000 ) ) ;
#3919 = ADVANCED_FACE ( 'NONE', ( #4868 ), #1079, .T. ) ;
#3920 = VERTEX_POINT ( 'NONE', #1829 ) ;
#3921 = DIRECTION ( 'NONE',  ( 0.4999999999999996669, -0.000000000000000000, 0.8660254037844388186 ) ) ;
#3922 = VECTOR ( 'NONE', #4608, 1000.000000000000000 ) ;
#3923 = ORIENTED_EDGE ( 'NONE', *, *, #3374, .F. ) ;
#3924 = FACE_OUTER_BOUND ( 'NONE', #589, .T. ) ;
#3925 = ORIENTED_EDGE ( 'NONE', *, *, #5899, .F. ) ;
#3926 = EDGE_CURVE ( 'NONE', #2302, #373, #4119, .T. ) ;
#3927 = VECTOR ( 'NONE', #3882, 1000.000000000000114 ) ;
#3928 = CARTESIAN_POINT ( 'NONE',  ( -23.29089653438065710, -12.00000000000000000, 30.00000000000000711 ) ) ;
#3929 = CARTESIAN_POINT ( 'NONE',  ( -16.70910346561912263, 0.000000000000000000, 1.294402214996931218E-15 ) ) ;
#3930 = VECTOR ( 'NONE', #6632, 1000.000000000000114 ) ;
#3931 = VECTOR ( 'NONE', #4082, 1000.000000000000000 ) ;
#3932 = CARTESIAN_POINT ( 'NONE',  ( 21.64544826719042803, -12.00000000000000000, 7.150000000000007461 ) ) ;
#3933 = LINE ( 'NONE', #6416, #8959 ) ;
#3934 = ORIENTED_EDGE ( 'NONE', *, *, #1148, .T. ) ;
#3935 = DIRECTION ( 'NONE',  ( 0.000000000000000000, 1.000000000000000000, 0.000000000000000000 ) ) ;
#3936 = LINE ( 'NONE', #9206, #8534 ) ;
#3937 = FACE_BOUND ( 'NONE', #9692, .T. ) ;
#3938 = CARTESIAN_POINT ( 'NONE',  ( -21.64544826719021486, 0.000000000000000000, 32.85000000000000142 ) ) ;
#3939 = VECTOR ( 'NONE', #2674, 1000.000000000000000 ) ;
#3940 = FACE_OUTER_BOUND ( 'NONE', #6367, .T. ) ;
#3941 = VECTOR ( 'NONE', #977, 1000.000000000000000 ) ;
#3942 = VECTOR ( 'NONE', #4406, 1000.000000000000000 ) ;
#3943 = ORIENTED_EDGE ( 'NONE', *, *, #7999, .F. ) ;
#3944 = DIRECTION ( 'NONE',  ( 0.4999999999999999445, -0.000000000000000000, -0.8660254037844387076 ) ) ;
#3945 = VECTOR ( 'NONE', #1535, 1000.000000000000114 ) ;
#3946 = ORIENTED_EDGE ( 'NONE', *, *, #3963, .T. ) ;
#3947 = ORIENTED_EDGE ( 'NONE', *, *, #1209, .F. ) ;
#3948 = CARTESIAN_POINT ( 'NONE',  ( -31.64544826719042803, -12.00000000000000000, 7.150000000000007461 ) ) ;
#3949 = EDGE_LOOP ( 'NONE', ( #1106, #1266, #3091, #1396, #4171 ) ) ;
#3950 = VERTEX_POINT ( 'NONE', #5659 ) ;
#3951 = LINE ( 'NONE', #127, #3563 ) ;
#3952 = DIRECTION ( 'NONE',  ( -0.4999999999999995004, 0.000000000000000000, -0.8660254037844389297 ) ) ;
#3953 = CARTESIAN_POINT ( 'NONE',  ( 6.709103465618804663, 0.000000000000000000, 40.00000000000000711 ) ) ;
#3954 = VECTOR ( 'NONE', #2031, 1000.000000000000000 ) ;
#3955 = ORIENTED_EDGE ( 'NONE', *, *, #7842, .T. ) ;
#3956 = CARTESIAN_POINT ( 'NONE',  ( 18.35455173280945118, -12.00000000000000000, 22.85000000000000497 ) ) ;
#3957 = EDGE_CURVE ( 'NONE', #5077, #7345, #1880, .T. ) ;
#3958 = CARTESIAN_POINT ( 'NONE',  ( 51.64544826719043158, -12.00000000000000000, 7.150000000000007461 ) ) ;
#3959 = ORIENTED_EDGE ( 'NONE', *, *, #2459, .T. ) ;
#3960 = FACE_OUTER_BOUND ( 'NONE', #3039, .T. ) ;
#3961 = EDGE_CURVE ( 'NONE', #6959, #2720, #7204, .T. ) ;
#3962 = EDGE_CURVE ( 'NONE', #807, #4359, #6461, .T. ) ;
#3963 = EDGE_CURVE ( 'NONE', #1534, #7104, #2670, .T. ) ;
#3964 = ORIENTED_EDGE ( 'NONE', *, *, #8005, .T. ) ;
#3965 = EDGE_CURVE ( 'NONE', #9691, #4747, #4963, .T. ) ;
#3966 = DIRECTION ( 'NONE',  ( 0.4999999999999996669, -0.000000000000000000, 0.8660254037844388186 ) ) ;
#3967 = ORIENTED_EDGE ( 'NONE', *, *, #3043, .F. ) ;
#3968 = DIRECTION ( 'NONE',  ( 0.000000000000000000, -0.000000000000000000, 1.000000000000000000 ) ) ;
#3969 = ORIENTED_EDGE ( 'NONE', *, *, #4290, .F. ) ;
#3970 = DIRECTION ( 'NONE',  ( 0.000000000000000000, 1.000000000000000000, 0.000000000000000000 ) ) ;
#3971 = VERTEX_POINT ( 'NONE', #6660 ) ;
#3972 = DIRECTION ( 'NONE',  ( 0.000000000000000000, 5.372175015734863666E-17, 1.000000000000000000 ) ) ;
#3973 = VECTOR ( 'NONE', #3509, 1000.000000000000114 ) ;
#3974 = EDGE_CURVE ( 'NONE', #2102, #2918, #9037, .T. ) ;
#3975 = CARTESIAN_POINT ( 'NONE',  ( 41.64544826719043158, -12.00000000000000000, -2.850000000000000089 ) ) ;
#3976 = DIRECTION ( 'NONE',  ( 0.000000000000000000, 1.000000000000000000, 0.000000000000000000 ) ) ;
#3977 = CARTESIAN_POINT ( 'NONE',  ( 61.64544826719043158, 0.000000000000000000, -2.850000000000001865 ) ) ;
#3978 = DIRECTION ( 'NONE',  ( 0.4999999999999996669, -0.000000000000000000, 0.8660254037844388186 ) ) ;
#3979 = ORIENTED_EDGE ( 'NONE', *, *, #2250, .F. ) ;
#3980 = PLANE ( 'NONE',  #7880 ) ;
#3981 = DIRECTION ( 'NONE',  ( 0.4999999999999992228, 0.000000000000000000, -0.8660254037844390407 ) ) ;
#3982 = CARTESIAN_POINT ( 'NONE',  ( -60.35455173280956132, 36.15544456622761516, -48.64544826719049553 ) ) ;
#3983 = CARTESIAN_POINT ( 'NONE',  ( 68.35455173280956842, 0.000000000000000000, 18.35455173280956842 ) ) ;
#3984 = DIRECTION ( 'NONE',  ( 0.000000000000000000, -0.000000000000000000, 1.000000000000000000 ) ) ;
#3985 = VERTEX_POINT ( 'NONE', #5860 ) ;
#3986 = ADVANCED_FACE ( 'NONE', ( #5811 ), #7307, .T. ) ;
#3987 = DIRECTION ( 'NONE',  ( 0.4999999999999992784, -0.000000000000000000, 0.8660254037844390407 ) ) ;
#3988 = VERTEX_POINT ( 'NONE', #6754 ) ;
#3989 = ORIENTED_EDGE ( 'NONE', *, *, #6706, .T. ) ;
#3990 = CARTESIAN_POINT ( 'NONE',  ( 50.35455173280956132, 17.99999999999997868, -16.35455173280956487 ) ) ;
#3991 = ORIENTED_EDGE ( 'NONE', *, *, #4815, .F. ) ;
#3992 = ORIENTED_EDGE ( 'NONE', *, *, #9775, .T. ) ;
#3993 = FACE_OUTER_BOUND ( 'NONE', #6346, .T. ) ;
#3994 = CARTESIAN_POINT ( 'NONE',  ( -18.35455173280944763, -12.00000000000000000, 17.15000000000000568 ) ) ;
#3995 = LINE ( 'NONE', #7036, #4247 ) ;
#3996 = VERTEX_POINT ( 'NONE', #3526 ) ;
#3997 = CARTESIAN_POINT ( 'NONE',  ( 16.70910346561912263, 0.000000000000000000, 1.734723475976807094E-15 ) ) ;
#3998 = CARTESIAN_POINT ( 'NONE',  ( 18.35455173280945118, -0.000000000000000000, 22.85000000000000853 ) ) ;
#3999 = ORIENTED_EDGE ( 'NONE', *, *, #6917, .T. ) ;
#4000 = EDGE_CURVE ( 'NONE', #6086, #5613, #7463, .T. ) ;
#4001 = LINE ( 'NONE', #5586, #6488 ) ;
#4002 = ORIENTED_EDGE ( 'NONE', *, *, #1856, .F. ) ;
#4003 = DIRECTION ( 'NONE',  ( 0.000000000000000000, -1.000000000000000000, 0.000000000000000000 ) ) ;
#4004 = ORIENTED_EDGE ( 'NONE', *, *, #6108, .T. ) ;
#4005 = CARTESIAN_POINT ( 'NONE',  ( -21.64544826719011539, 0.000000000000000000, 37.15000000000000568 ) ) ;
#4006 = CARTESIAN_POINT ( 'NONE',  ( 48.35455173280956132, -12.00000000000000000, 2.849999999999997868 ) ) ;
#4007 = ORIENTED_EDGE ( 'NONE', *, *, #6457, .F. ) ;
#4008 = EDGE_CURVE ( 'NONE', #732, #6675, #8885, .T. ) ;
#4009 = DIRECTION ( 'NONE',  ( 1.000000000000000000, 0.000000000000000000, 0.000000000000000000 ) ) ;
#4010 = EDGE_CURVE ( 'NONE', #7134, #9417, #5148, .T. ) ;
#4011 = ORIENTED_EDGE ( 'NONE', *, *, #9412, .T. ) ;
#4012 = CARTESIAN_POINT ( 'NONE',  ( -31.64544826719042803, -12.00000000000000000, -2.850000000000000089 ) ) ;
#4013 = ORIENTED_EDGE ( 'NONE', *, *, #4178, .F. ) ;
#4014 = CARTESIAN_POINT ( 'NONE',  ( 51.64544826719043158, 0.000000000000000000, 7.150000000000003908 ) ) ;
#4015 = ORIENTED_EDGE ( 'NONE', *, *, #6214, .T. ) ;
#4016 = DIRECTION ( 'NONE',  ( 0.000000000000000000, 1.000000000000000000, 0.000000000000000000 ) ) ;
#4017 = EDGE_CURVE ( 'NONE', #4233, #500, #5903, .T. ) ;
#4018 = ORIENTED_EDGE ( 'NONE', *, *, #5781, .F. ) ;
#4019 = CARTESIAN_POINT ( 'NONE',  ( 60.35455173280956132, 17.99999999999997868, -13.35455173280956487 ) ) ;
#4020 = DIRECTION ( 'NONE',  ( -0.4999999999999990563, 0.000000000000000000, -0.8660254037844391517 ) ) ;
#4021 = ADVANCED_FACE ( 'NONE', ( #4315 ), #9772, .T. ) ;
#4022 = ORIENTED_EDGE ( 'NONE', *, *, #3014, .T. ) ;
#4023 = DIRECTION ( 'NONE',  ( -0.4999999999999990563, -0.000000000000000000, 0.8660254037844391517 ) ) ;
#4024 = EDGE_LOOP ( 'NONE', ( #4838, #6596, #1274, #7767 ) ) ;
#4025 = VECTOR ( 'NONE', #4490, 1000.000000000000000 ) ;
#4027 = FACE_OUTER_BOUND ( 'NONE', #3394, .T. ) ;
#4026 = VECTOR ( 'NONE', #8741, 1000.000000000000000 ) ;
#4028 = DIRECTION ( 'NONE',  ( 0.000000000000000000, -0.000000000000000000, 1.000000000000000000 ) ) ;
#4029 = EDGE_CURVE ( 'NONE', #1114, #5223, #525, .T. ) ;
#4030 = VECTOR ( 'NONE', #2714, 1000.000000000000114 ) ;
#4031 = DIRECTION ( 'NONE',  ( 0.8660254037844385966, 0.000000000000000000, -0.5000000000000003331 ) ) ;
#4032 = FACE_BOUND ( 'NONE', #7402, .T. ) ;
#4033 = LINE ( 'NONE', #1132, #9168 ) ;
#4034 = CARTESIAN_POINT ( 'NONE',  ( -31.64544826719042803, -0.000000000000000000, 7.150000000000007461 ) ) ;
#4035 = ORIENTED_EDGE ( 'NONE', *, *, #5957, .F. ) ;
#4036 = VECTOR ( 'NONE', #2267, 1000.000000000000227 ) ;
#4037 = VECTOR ( 'NONE', #7401, 1000.000000000000227 ) ;
#4038 = EDGE_CURVE ( 'NONE', #2890, #1252, #1370, .T. ) ;
#4039 = EDGE_CURVE ( 'NONE', #2924, #670, #2065, .T. ) ;
#4040 = DIRECTION ( 'NONE',  ( -1.000000000000000000, -0.000000000000000000, -0.000000000000000000 ) ) ;
#4041 = EDGE_LOOP ( 'NONE', ( #2762, #9270, #6146, #4941 ) ) ;
#4042 = ORIENTED_EDGE ( 'NONE', *, *, #1198, .F. ) ;
#4043 = FACE_OUTER_BOUND ( 'NONE', #3887, .T. ) ;
#4044 = VERTEX_POINT ( 'NONE', #630 ) ;
#4045 = AXIS2_PLACEMENT_3D ( 'NONE', #2691, #3247, #9508 ) ;
#4046 = VECTOR ( 'NONE', #4925, 1000.000000000000000 ) ;
#4047 = EDGE_LOOP ( 'NONE', ( #5603, #6272, #6774, #479, #1240, #4320 ) ) ;
#4048 = PLANE ( 'NONE',  #687 ) ;
#4049 = DIRECTION ( 'NONE',  ( -0.8660254037843843067, 0.000000000000000000, 0.5000000000000942579 ) ) ;
#4050 = ADVANCED_FACE ( 'NONE', ( #8299 ), #7408, .T. ) ;
#4051 = PLANE ( 'NONE',  #7875 ) ;
#4052 = ORIENTED_EDGE ( 'NONE', *, *, #6849, .F. ) ;
#4053 = CARTESIAN_POINT ( 'NONE',  ( 8.354551732809342823, -12.00000000000000000, 27.15000000000000568 ) ) ;
#4054 = DIRECTION ( 'NONE',  ( 0.000000000000000000, -2.312964634635742895E-17, 1.000000000000000000 ) ) ;
#4055 = ORIENTED_EDGE ( 'NONE', *, *, #2454, .F. ) ;
#4056 = DIRECTION ( 'NONE',  ( -0.4999999999999992784, -0.000000000000000000, 0.8660254037844390407 ) ) ;
#4057 = CARTESIAN_POINT ( 'NONE',  ( 41.64544826719043158, -12.00000000000000000, 12.85000000000000675 ) ) ;
#4058 =( GEOMETRIC_REPRESENTATION_CONTEXT ( 3 ) GLOBAL_UNCERTAINTY_ASSIGNED_CONTEXT ( ( #7575 ) ) GLOBAL_UNIT_ASSIGNED_CONTEXT ( ( #158, #2342, #6925 ) ) REPRESENTATION_CONTEXT ( 'NONE', 'WORKASPACE' ) );
#4059 = VERTEX_POINT ( 'NONE', #2166 ) ;
#4060 = PLANE ( 'NONE',  #9138 ) ;
#4061 = CARTESIAN_POINT ( 'NONE',  ( 61.64544826719043158, -12.00000000000000000, -2.850000000000000089 ) ) ;
#4062 = VERTEX_POINT ( 'NONE', #2969 ) ;
#4063 = AXIS2_PLACEMENT_3D ( 'NONE', #7630, #5467, #799 ) ;
#4064 = ORIENTED_EDGE ( 'NONE', *, *, #9351, .T. ) ;
#4065 = ORIENTED_EDGE ( 'NONE', *, *, #5907, .T. ) ;
#4066 = CARTESIAN_POINT ( 'NONE',  ( -16.70910346561891302, 0.000000000000000000, 30.00000000000000711 ) ) ;
#4067 = VECTOR ( 'NONE', #776, 1000.000000000000114 ) ;
#4068 = ORIENTED_EDGE ( 'NONE', *, *, #1578, .F. ) ;
#4069 = CARTESIAN_POINT ( 'NONE',  ( -8.354551732809550657, -12.00000000000000000, 7.150000000000007461 ) ) ;
#4070 = VECTOR ( 'NONE', #5897, 1000.000000000000114 ) ;
#4071 = CARTESIAN_POINT ( 'NONE',  ( -31.64544826719042803, -12.00000000000000000, 7.150000000000007461 ) ) ;
#4072 = EDGE_CURVE ( 'NONE', #5203, #3060, #8147, .T. ) ;
#4073 = EDGE_LOOP ( 'NONE', ( #2669, #8960, #1777, #7409 ) ) ;
#4074 = DIRECTION ( 'NONE',  ( -1.000000000000000000, -0.000000000000000000, -0.000000000000000000 ) ) ;
#4075 = CARTESIAN_POINT ( 'NONE',  ( 21.64544826719021486, 0.000000000000000000, 32.85000000000000142 ) ) ;
#4076 = ORIENTED_EDGE ( 'NONE', *, *, #673, .F. ) ;
#4077 = CARTESIAN_POINT ( 'NONE',  ( 8.354551732809550657, -12.00000000000000000, -2.850000000000000089 ) ) ;
#4078 = LINE ( 'NONE', #341, #3113 ) ;
#4079 = CARTESIAN_POINT ( 'NONE',  ( -8.354551732809550657, -12.00000000000000000, 12.85000000000000675 ) ) ;
#4080 = VECTOR ( 'NONE', #5888, 1000.000000000000000 ) ;
#4081 = DIRECTION ( 'NONE',  ( 0.4999999999999060196, -0.000000000000000000, -0.8660254037844928865 ) ) ;
#4082 = DIRECTION ( 'NONE',  ( 1.000000000000000000, -0.000000000000000000, 1.317819823453642871E-16 ) ) ;
#4083 = CARTESIAN_POINT ( 'NONE',  ( -23.29089653438086316, 0.000000000000000000, 10.00000000000000711 ) ) ;
#4084 = ADVANCED_FACE ( 'NONE', ( #9720 ), #482, .T. ) ;
#4085 = ORIENTED_EDGE ( 'NONE', *, *, #6885, .F. ) ;
#4086 = EDGE_CURVE ( 'NONE', #9629, #9556, #7507, .T. ) ;
#4087 = ADVANCED_FACE ( 'NONE', ( #2109 ), #4423, .T. ) ;
#4088 = VECTOR ( 'NONE', #6982, 1000.000000000000000 ) ;
#4089 = EDGE_CURVE ( 'NONE', #6804, #1359, #678, .T. ) ;
#4090 = ORIENTED_EDGE ( 'NONE', *, *, #8057, .F. ) ;
#4091 = ORIENTED_EDGE ( 'NONE', *, *, #5174, .F. ) ;
#4092 = DIRECTION ( 'NONE',  ( -0.5000000000000008882, 0.000000000000000000, 0.8660254037844381525 ) ) ;
#4093 = AXIS2_PLACEMENT_3D ( 'NONE', #4127, #3288, #7124 ) ;
#4094 = ORIENTED_EDGE ( 'NONE', *, *, #6695, .T. ) ;
#4095 = ORIENTED_EDGE ( 'NONE', *, *, #9411, .F. ) ;
#4096 = VECTOR ( 'NONE', #3207, 1000.000000000000000 ) ;
#4097 = LINE ( 'NONE', #5784, #4670 ) ;
#4098 = PLANE ( 'NONE',  #5186 ) ;
#4099 = AXIS2_PLACEMENT_3D ( 'NONE', #6795, #618, #9757 ) ;
#4100 = CARTESIAN_POINT ( 'NONE',  ( 28.35455173280955421, -12.00000000000000000, 12.85000000000000675 ) ) ;
#4101 = LINE ( 'NONE', #3352, #1675 ) ;
#4102 = EDGE_CURVE ( 'NONE', #5733, #106, #7561, .T. ) ;
#4103 = EDGE_LOOP ( 'NONE', ( #2635, #648, #6079, #2232 ) ) ;
#4104 = DIRECTION ( 'NONE',  ( -0.4999999999999992784, -0.000000000000000000, 0.8660254037844390407 ) ) ;
#4105 = AXIS2_PLACEMENT_3D ( 'NONE', #4461, #6002, #6802 ) ;
#4106 = EDGE_LOOP ( 'NONE', ( #4480, #6210, #1215, #9400 ) ) ;
#4107 = DIRECTION ( 'NONE',  ( -0.4999999999999990563, 0.000000000000000000, -0.8660254037844391517 ) ) ;
#4108 = ORIENTED_EDGE ( 'NONE', *, *, #3836, .F. ) ;
#4109 = FACE_OUTER_BOUND ( 'NONE', #972, .T. ) ;
#4110 = CARTESIAN_POINT ( 'NONE',  ( 21.64544826719043513, 0.000000000000000000, 2.849999999999998312 ) ) ;
#4111 = LINE ( 'NONE', #3517, #4880 ) ;
#4112 = VECTOR ( 'NONE', #897, 1000.000000000000000 ) ;
#4113 = ORIENTED_EDGE ( 'NONE', *, *, #2398, .T. ) ;
#4114 = CARTESIAN_POINT ( 'NONE',  ( -60.35455173280956132, 17.99999999999997868, -48.64544826719049553 ) ) ;
#4115 = ORIENTED_EDGE ( 'NONE', *, *, #755, .F. ) ;
#4116 = EDGE_LOOP ( 'NONE', ( #1572, #1694, #9113, #1852 ) ) ;
#4117 = CARTESIAN_POINT ( 'NONE',  ( 21.64544826719043513, -12.00000000000000000, 2.849999999999998312 ) ) ;
#4118 = ORIENTED_EDGE ( 'NONE', *, *, #26, .F. ) ;
#4119 = LINE ( 'NONE', #2617, #1808 ) ;
#4120 = EDGE_LOOP ( 'NONE', ( #4167, #506, #8857, #169 ) ) ;
#4121 = LINE ( 'NONE', #7813, #7410 ) ;
#4122 = DIRECTION ( 'NONE',  ( -0.8660254037844391517, 0.000000000000000000, -0.4999999999999990563 ) ) ;
#4123 = CARTESIAN_POINT ( 'NONE',  ( 26.70910346561912618, -12.00000000000000000, 1.294402214996931218E-15 ) ) ;
#4124 = ORIENTED_EDGE ( 'NONE', *, *, #3355, .F. ) ;
#4125 = CARTESIAN_POINT ( 'NONE',  ( -60.35455173280956132, 33.15544456622761516, -16.35455173280956487 ) ) ;
#4126 = CARTESIAN_POINT ( 'NONE',  ( -11.64544826719042447, -12.00000000000000000, 7.150000000000007461 ) ) ;
#4127 = CARTESIAN_POINT ( 'NONE',  ( 13.29089653438044571, -12.00000000000000000, 50.00000000000000000 ) ) ;
#4128 = EDGE_CURVE ( 'NONE', #4359, #4395, #3818, .T. ) ;
#4129 = DIRECTION ( 'NONE',  ( 0.000000000000000000, 1.000000000000000000, -2.227185007473450017E-16 ) ) ;
#4130 = DIRECTION ( 'NONE',  ( 0.000000000000000000, 0.000000000000000000, -1.000000000000000000 ) ) ;
#4131 = CARTESIAN_POINT ( 'NONE',  ( 11.64544826719042447, -12.00000000000000000, 7.150000000000007461 ) ) ;
#4132 = ORIENTED_EDGE ( 'NONE', *, *, #7386, .F. ) ;
#4133 = CARTESIAN_POINT ( 'NONE',  ( 8.354551732809550657, -12.00000000000000000, 12.85000000000000675 ) ) ;
#4134 = ORIENTED_EDGE ( 'NONE', *, *, #9149, .F. ) ;
#4135 = ORIENTED_EDGE ( 'NONE', *, *, #5353, .T. ) ;
#4136 = DIRECTION ( 'NONE',  ( 1.000000000000000000, 0.000000000000000000, -0.000000000000000000 ) ) ;
#4137 = ADVANCED_FACE ( 'NONE', ( #4620 ), #7890, .F. ) ;
#4138 = ORIENTED_EDGE ( 'NONE', *, *, #1275, .F. ) ;
#4139 = EDGE_CURVE ( 'NONE', #4652, #2147, #958, .T. ) ;
#4140 = VERTEX_POINT ( 'NONE', #3997 ) ;
#4141 = EDGE_CURVE ( 'NONE', #3366, #1750, #6812, .T. ) ;
#4142 = FACE_OUTER_BOUND ( 'NONE', #8608, .T. ) ;
#4143 = DIRECTION ( 'NONE',  ( 0.000000000000000000, 0.000000000000000000, -1.000000000000000000 ) ) ;
#4144 = DIRECTION ( 'NONE',  ( 0.000000000000000000, 0.000000000000000000, 1.000000000000000000 ) ) ;
#4145 = ORIENTED_EDGE ( 'NONE', *, *, #7851, .T. ) ;
#4146 = DIRECTION ( 'NONE',  ( 0.000000000000000000, -0.000000000000000000, 1.000000000000000000 ) ) ;
#4147 = LINE ( 'NONE', #509, #7760 ) ;
#4148 = EDGE_LOOP ( 'NONE', ( #4438, #4552, #1121, #6924 ) ) ;
#4149 = EDGE_CURVE ( 'NONE', #9199, #7964, #9830, .T. ) ;
#4150 = CARTESIAN_POINT ( 'NONE',  ( -11.64544826719021664, 0.000000000000000000, 32.85000000000000142 ) ) ;
#4151 = ADVANCED_FACE ( 'NONE', ( #786 ), #2320, .T. ) ;
#4152 = CARTESIAN_POINT ( 'NONE',  ( 21.64544826719011539, 0.000000000000000000, 37.15000000000000568 ) ) ;
#4153 = LINE ( 'NONE', #1956, #744 ) ;
#4154 = DIRECTION ( 'NONE',  ( -0.4999999999999985012, -0.000000000000000000, 0.8660254037844393737 ) ) ;
#4155 = ORIENTED_EDGE ( 'NONE', *, *, #4944, .F. ) ;
#4156 = EDGE_CURVE ( 'NONE', #2449, #7029, #2550, .T. ) ;
#4157 = CARTESIAN_POINT ( 'NONE',  ( -6.709103465618704298, -12.00000000000000000, 50.00000000000000000 ) ) ;
#4158 = EDGE_LOOP ( 'NONE', ( #5045, #3845, #2759, #4316, #4155, #5566 ) ) ;
#4159 = EDGE_CURVE ( 'NONE', #2415, #4256, #6858, .T. ) ;
#4160 = ORIENTED_EDGE ( 'NONE', *, *, #5054, .T. ) ;
#4161 = EDGE_CURVE ( 'NONE', #295, #2490, #3026, .T. ) ;
#4162 = EDGE_LOOP ( 'NONE', ( #8259, #1902, #6270, #2229 ) ) ;
#4163 = LINE ( 'NONE', #238, #9459 ) ;
#4164 = ORIENTED_EDGE ( 'NONE', *, *, #1606, .F. ) ;
#4165 = ADVANCED_FACE ( 'NONE', ( #7146 ), #44, .T. ) ;
#4166 = DIRECTION ( 'NONE',  ( 1.000000000000000000, -0.000000000000000000, -0.000000000000000000 ) ) ;
#4167 = ORIENTED_EDGE ( 'NONE', *, *, #1909, .F. ) ;
#4168 = PLANE ( 'NONE',  #733 ) ;
#4169 = CARTESIAN_POINT ( 'NONE',  ( 28.35455173280955421, 0.000000000000000000, -2.850000000000000089 ) ) ;
#4170 = CARTESIAN_POINT ( 'NONE',  ( -28.35455173280955421, 0.000000000000000000, 18.35455173280956842 ) ) ;
#4171 = ORIENTED_EDGE ( 'NONE', *, *, #7449, .F. ) ;
#4172 = CARTESIAN_POINT ( 'NONE',  ( 36.70910346561912974, -12.00000000000000000, 10.00000000000000711 ) ) ;
#4173 = DIRECTION ( 'NONE',  ( 0.000000000000000000, 1.000000000000000000, 0.000000000000000000 ) ) ;
#4174 = DIRECTION ( 'NONE',  ( 0.000000000000000000, 1.000000000000000000, 0.000000000000000000 ) ) ;
#4175 = CARTESIAN_POINT ( 'NONE',  ( -13.29089653438065355, -12.00000000000000000, 30.00000000000000711 ) ) ;
#4176 = LINE ( 'NONE', #3290, #2108 ) ;
#4177 = DIRECTION ( 'NONE',  ( -0.4999999999999992228, 0.000000000000000000, -0.8660254037844390407 ) ) ;
#4178 = EDGE_CURVE ( 'NONE', #990, #6452, #320, .T. ) ;
#4179 = EDGE_LOOP ( 'NONE', ( #1263, #6555, #256, #7056 ) ) ;
#4180 = AXIS2_PLACEMENT_3D ( 'NONE', #7914, #5563, #7772 ) ;
#4181 = VECTOR ( 'NONE', #3773, 1000.000000000000000 ) ;
#4182 = CARTESIAN_POINT ( 'NONE',  ( 16.70910346561870696, -12.00000000000000000, 50.00000000000000000 ) ) ;
#4183 = VERTEX_POINT ( 'NONE', #9311 ) ;
#4184 = ORIENTED_EDGE ( 'NONE', *, *, #242, .T. ) ;
#4185 = CARTESIAN_POINT ( 'NONE',  ( 21.64544826719021842, -12.00000000000000000, 27.15000000000000568 ) ) ;
#4186 = ORIENTED_EDGE ( 'NONE', *, *, #6089, .T. ) ;
#4187 = ORIENTED_EDGE ( 'NONE', *, *, #8113, .F. ) ;
#4188 = CARTESIAN_POINT ( 'NONE',  ( -56.70910346561912974, -12.00000000000000000, 10.00000000000000711 ) ) ;
#4189 = CARTESIAN_POINT ( 'NONE',  ( -18.35455173280924512, -12.00000000000000000, 42.85000000000000142 ) ) ;
#4190 = VECTOR ( 'NONE', #5737, 1000.000000000000227 ) ;
#4191 = PLANE ( 'NONE',  #434 ) ;
#4192 = CIRCLE ( 'NONE', #7214, 2.999999999999995559 ) ;
#4193 = ORIENTED_EDGE ( 'NONE', *, *, #8631, .F. ) ;
#4194 = PLANE ( 'NONE',  #3238 ) ;
#4195 = EDGE_CURVE ( 'NONE', #5360, #1988, #6390, .T. ) ;
#4196 = EDGE_CURVE ( 'NONE', #5311, #2860, #8573, .T. ) ;
#4197 = LINE ( 'NONE', #5043, #3150 ) ;
#4198 = VECTOR ( 'NONE', #4881, 1000.000000000000000 ) ;
#4199 = AXIS2_PLACEMENT_3D ( 'NONE', #7065, #7863, #8594 ) ;
#4200 = VERTEX_POINT ( 'NONE', #2504 ) ;
#4201 = DIRECTION ( 'NONE',  ( -1.000000000000000000, 0.000000000000000000, 0.000000000000000000 ) ) ;
#4202 = DIRECTION ( 'NONE',  ( 0.4999999999999992784, 0.000000000000000000, -0.8660254037844390407 ) ) ;
#4203 = DIRECTION ( 'NONE',  ( 0.000000000000000000, 1.000000000000000000, -0.000000000000000000 ) ) ;
#4204 = CARTESIAN_POINT ( 'NONE',  ( -8.354551732809238018, 0.000000000000000000, 37.15000000000000568 ) ) ;
#4205 = EDGE_CURVE ( 'NONE', #8206, #1195, #5543, .T. ) ;
#4206 = EDGE_LOOP ( 'NONE', ( #8201, #9598, #3325, #2693 ) ) ;
#4207 = ADVANCED_FACE ( 'NONE', ( #6065 ), #9083, .T. ) ;
#4208 = ADVANCED_FACE ( 'NONE', ( #1297 ), #4993, .T. ) ;
#4209 = PLANE ( 'NONE',  #526 ) ;
#4210 = ORIENTED_EDGE ( 'NONE', *, *, #2791, .T. ) ;
#4211 = VERTEX_POINT ( 'NONE', #1948 ) ;
#4212 = COLOUR_RGB ( '',0.7921568627450980005, 0.8196078431372548767, 0.9333333333333333481 ) ;
#4213 = VERTEX_POINT ( 'NONE', #2047 ) ;
#4214 = CARTESIAN_POINT ( 'NONE',  ( -31.64544826719042803, 0.000000000000000000, -2.850000000000000089 ) ) ;
#4215 = LINE ( 'NONE', #293, #5204 ) ;
#4216 = ORIENTED_EDGE ( 'NONE', *, *, #4712, .T. ) ;
#4217 = VECTOR ( 'NONE', #6069, 1000.000000000000000 ) ;
#4218 = LINE ( 'NONE', #4169, #7116 ) ;
#4219 = CARTESIAN_POINT ( 'NONE',  ( 38.35455173280955421, -12.00000000000000000, 2.849999999999997868 ) ) ;
#4220 = VERTEX_POINT ( 'NONE', #5882 ) ;
#4221 = EDGE_LOOP ( 'NONE', ( #5192, #95, #7231, #9391 ) ) ;
#4222 = DIRECTION ( 'NONE',  ( 0.4999999999999992784, -0.000000000000000000, 0.8660254037844390407 ) ) ;
#4223 = FACE_OUTER_BOUND ( 'NONE', #4867, .T. ) ;
#4224 = DIRECTION ( 'NONE',  ( 0.000000000000000000, 0.000000000000000000, -1.000000000000000000 ) ) ;
#4225 = AXIS2_PLACEMENT_3D ( 'NONE', #4756, #3810, #6996 ) ;
#4226 = DIRECTION ( 'NONE',  ( 0.000000000000000000, 1.000000000000000000, -0.000000000000000000 ) ) ;
#4227 = LINE ( 'NONE', #9387, #3931 ) ;
#4228 = VECTOR ( 'NONE', #5013, 1000.000000000000000 ) ;
#4229 = ORIENTED_EDGE ( 'NONE', *, *, #4141, .F. ) ;
#4230 = VERTEX_POINT ( 'NONE', #9515 ) ;
#4231 = VECTOR ( 'NONE', #5589, 1000.000000000000000 ) ;
#4232 = CARTESIAN_POINT ( 'NONE',  ( -48.35455173280956132, 0.000000000000000000, -2.850000000000000089 ) ) ;
#4233 = VERTEX_POINT ( 'NONE', #2648 ) ;
#4234 = ORIENTED_EDGE ( 'NONE', *, *, #8762, .T. ) ;
#4235 = LINE ( 'NONE', #7378, #4410 ) ;
#4236 = VERTEX_POINT ( 'NONE', #6591 ) ;
#4237 = ORIENTED_EDGE ( 'NONE', *, *, #2131, .F. ) ;
#4238 = LINE ( 'NONE', #4541, #1952 ) ;
#4239 = PLANE ( 'NONE',  #2167 ) ;
#4240 = FACE_OUTER_BOUND ( 'NONE', #902, .T. ) ;
#4241 = VECTOR ( 'NONE', #3685, 1000.000000000000114 ) ;
#4242 = ORIENTED_EDGE ( 'NONE', *, *, #4908, .T. ) ;
#4243 = DIRECTION ( 'NONE',  ( -0.000000000000000000, -1.000000000000000000, -0.000000000000000000 ) ) ;
#4244 = DIRECTION ( 'NONE',  ( -0.4999999999999985012, 0.000000000000000000, -0.8660254037844393737 ) ) ;
#4245 = VECTOR ( 'NONE', #5664, 1000.000000000000000 ) ;
#4246 = VERTEX_POINT ( 'NONE', #2789 ) ;
#4247 = VECTOR ( 'NONE', #1906, 1000.000000000000114 ) ;
#4248 = VECTOR ( 'NONE', #3384, 1000.000000000000000 ) ;
#4249 = CARTESIAN_POINT ( 'NONE',  ( -48.35455173280956132, -12.00000000000000000, 2.849999999999997868 ) ) ;
#4250 = DIRECTION ( 'NONE',  ( 0.000000000000000000, 1.000000000000000000, 0.000000000000000000 ) ) ;
#4251 = CARTESIAN_POINT ( 'NONE',  ( -13.29089653438065355, -12.00000000000000000, 30.00000000000000711 ) ) ;
#4252 = DIRECTION ( 'NONE',  ( -0.4999999999999990008, -0.000000000000000000, 0.8660254037844391517 ) ) ;
#4253 = VECTOR ( 'NONE', #4054, 1000.000000000000000 ) ;
#4254 = VECTOR ( 'NONE', #881, 1000.000000000000227 ) ;
#4255 = AXIS2_PLACEMENT_3D ( 'NONE', #4100, #4753, #1602 ) ;
#4256 = VERTEX_POINT ( 'NONE', #8867 ) ;
#4257 = ORIENTED_EDGE ( 'NONE', *, *, #5174, .T. ) ;
#4258 = CARTESIAN_POINT ( 'NONE',  ( -21.64544826719001236, 0.000000000000000000, 47.14999999999999858 ) ) ;
#4259 = ORIENTED_EDGE ( 'NONE', *, *, #2321, .F. ) ;
#4260 = VECTOR ( 'NONE', #5387, 1000.000000000000000 ) ;
#4261 = ORIENTED_EDGE ( 'NONE', *, *, #1776, .F. ) ;
#4262 = EDGE_CURVE ( 'NONE', #3126, #1292, #360, .T. ) ;
#4263 = EDGE_CURVE ( 'NONE', #8328, #1769, #3553, .T. ) ;
#4264 = ORIENTED_EDGE ( 'NONE', *, *, #3061, .F. ) ;
#4265 = EDGE_CURVE ( 'NONE', #3809, #9161, #1197, .T. ) ;
#4266 = EDGE_CURVE ( 'NONE', #8194, #3246, #5699, .T. ) ;
#4267 = CARTESIAN_POINT ( 'NONE',  ( 8.354551732809550657, -12.00000000000000000, 7.150000000000007461 ) ) ;
#4268 = CARTESIAN_POINT ( 'NONE',  ( 61.64544826719043158, 0.000000000000000000, -2.850000000000000089 ) ) ;
#4269 = VERTEX_POINT ( 'NONE', #416 ) ;
#4270 = VECTOR ( 'NONE', #9065, 1000.000000000000000 ) ;
#4271 = DIRECTION ( 'NONE',  ( 0.000000000000000000, 1.000000000000000000, 0.000000000000000000 ) ) ;
#4272 = CARTESIAN_POINT ( 'NONE',  ( 28.35455173280955421, 10.00000000000000000, 18.35455173280956842 ) ) ;
#4273 = ADVANCED_FACE ( 'NONE', ( #5088 ), #2698, .T. ) ;
#4274 = ORIENTED_EDGE ( 'NONE', *, *, #1717, .F. ) ;
#4275 = CARTESIAN_POINT ( 'NONE',  ( 18.35455173280934460, -12.00000000000000000, 27.15000000000000568 ) ) ;
#4276 = EDGE_CURVE ( 'NONE', #6490, #4645, #8037, .T. ) ;
#4277 = ADVANCED_FACE ( 'NONE', ( #8719 ), #7385, .T. ) ;
#4278 = DIRECTION ( 'NONE',  ( 0.000000000000000000, 0.000000000000000000, -1.000000000000000000 ) ) ;
#4279 = EDGE_CURVE ( 'NONE', #2863, #2311, #3608, .T. ) ;
#4280 = DIRECTION ( 'NONE',  ( -0.8660254037844394848, 0.000000000000000000, -0.4999999999999985567 ) ) ;
#4281 = ORIENTED_EDGE ( 'NONE', *, *, #8957, .T. ) ;
#4282 = LINE ( 'NONE', #1792, #1547 ) ;
#4283 = ORIENTED_EDGE ( 'NONE', *, *, #7865, .T. ) ;
#4284 = CARTESIAN_POINT ( 'NONE',  ( -61.64544826719043158, -0.000000000000000000, 7.150000000000007461 ) ) ;
#4285 = DIRECTION ( 'NONE',  ( 0.000000000000000000, -1.000000000000000000, 0.000000000000000000 ) ) ;
#4286 = LINE ( 'NONE', #1183, #1162 ) ;
#4287 = VERTEX_POINT ( 'NONE', #6635 ) ;
#4288 = ORIENTED_EDGE ( 'NONE', *, *, #7354, .F. ) ;
#4289 = CARTESIAN_POINT ( 'NONE',  ( -33.29089653438086316, -12.00000000000000000, 3.038187096183830448E-15 ) ) ;
#4290 = EDGE_CURVE ( 'NONE', #2023, #8002, #5742, .T. ) ;
#4291 = VERTEX_POINT ( 'NONE', #1147 ) ;
#4292 = CARTESIAN_POINT ( 'NONE',  ( 8.354551732809550657, -12.00000000000000000, -2.850000000000000089 ) ) ;
#4293 = CARTESIAN_POINT ( 'NONE',  ( -51.64544826719043158, -0.000000000000000000, 7.150000000000007461 ) ) ;
#4294 = CARTESIAN_POINT ( 'NONE',  ( -68.35455173280956842, 10.00000000000000000, 18.35455173280956842 ) ) ;
#4295 = VERTEX_POINT ( 'NONE', #1253 ) ;
#4296 = CARTESIAN_POINT ( 'NONE',  ( 51.64544826719043158, -12.00000000000000000, -2.850000000000000089 ) ) ;
#4297 = CARTESIAN_POINT ( 'NONE',  ( -28.35455173280955421, 0.000000000000000000, 58.35455173280957553 ) ) ;
#4298 = ORIENTED_EDGE ( 'NONE', *, *, #9402, .F. ) ;
#4299 = PLANE ( 'NONE',  #3874 ) ;
#4300 = DIRECTION ( 'NONE',  ( 0.000000000000000000, 0.000000000000000000, 1.000000000000000000 ) ) ;
#4301 = DIRECTION ( 'NONE',  ( 1.000000000000000000, 0.000000000000000000, -1.317819823453642871E-16 ) ) ;
#4302 = DIRECTION ( 'NONE',  ( 1.000000000000000000, -0.000000000000000000, 1.317819823453642871E-16 ) ) ;
#4303 = CARTESIAN_POINT ( 'NONE',  ( 61.64544826719043158, -12.00000000000000000, 7.150000000000007461 ) ) ;
#4304 = FACE_OUTER_BOUND ( 'NONE', #5391, .T. ) ;
#4305 = DIRECTION ( 'NONE',  ( 0.000000000000000000, 1.000000000000000000, 0.000000000000000000 ) ) ;
#4306 = EDGE_CURVE ( 'NONE', #5561, #8451, #4949, .T. ) ;
#4307 = ORIENTED_EDGE ( 'NONE', *, *, #8005, .F. ) ;
#4308 = ORIENTED_EDGE ( 'NONE', *, *, #1458, .F. ) ;
#4309 = LINE ( 'NONE', #2662, #7054 ) ;
#4310 = ORIENTED_EDGE ( 'NONE', *, *, #5188, .F. ) ;
#4311 = ADVANCED_FACE ( 'NONE', ( #4902 ), #4194, .F. ) ;
#4312 = ORIENTED_EDGE ( 'NONE', *, *, #8213, .F. ) ;
#4313 = VERTEX_POINT ( 'NONE', #6497 ) ;
#4314 = DIRECTION ( 'NONE',  ( -1.000000000000000000, -0.000000000000000000, -0.000000000000000000 ) ) ;
#4315 = FACE_OUTER_BOUND ( 'NONE', #8109, .T. ) ;
#4316 = ORIENTED_EDGE ( 'NONE', *, *, #2495, .F. ) ;
#4317 = EDGE_CURVE ( 'NONE', #14, #4781, #1107, .T. ) ;
#4318 = EDGE_CURVE ( 'NONE', #6714, #3033, #2741, .T. ) ;
#4319 = DIRECTION ( 'NONE',  ( 0.000000000000000000, 0.000000000000000000, 1.000000000000000000 ) ) ;
#4320 = ORIENTED_EDGE ( 'NONE', *, *, #75, .F. ) ;
#4321 = EDGE_CURVE ( 'NONE', #1005, #2002, #9104, .T. ) ;
#4322 = VERTEX_POINT ( 'NONE', #808 ) ;
#4323 = FACE_OUTER_BOUND ( 'NONE', #5518, .T. ) ;
#4324 = FACE_OUTER_BOUND ( 'NONE', #7311, .T. ) ;
#4325 = CARTESIAN_POINT ( 'NONE',  ( 16.70910346561870696, -12.00000000000000000, 50.00000000000000000 ) ) ;
#4326 = ORIENTED_EDGE ( 'NONE', *, *, #552, .T. ) ;
#4327 = DIRECTION ( 'NONE',  ( 0.000000000000000000, 0.000000000000000000, 1.000000000000000000 ) ) ;
#4328 = EDGE_CURVE ( 'NONE', #6141, #1461, #2891, .T. ) ;
#4329 = VERTEX_POINT ( 'NONE', #5931 ) ;
#4330 = EDGE_CURVE ( 'NONE', #1435, #5331, #8376, .T. ) ;
#4331 = EDGE_CURVE ( 'NONE', #9556, #4059, #3048, .T. ) ;
#4332 = DIRECTION ( 'NONE',  ( -0.4999999999999990563, 0.000000000000000000, -0.8660254037844391517 ) ) ;
#4333 = LINE ( 'NONE', #5920, #1170 ) ;
#4334 = EDGE_LOOP ( 'NONE', ( #118, #1016, #9627, #6748 ) ) ;
#4335 = CARTESIAN_POINT ( 'NONE',  ( -28.35455173280955421, -12.00000000000000000, 2.849999999999997868 ) ) ;
#4336 = CARTESIAN_POINT ( 'NONE',  ( -11.64544826719043158, -12.00000000000000000, 2.849999999999998312 ) ) ;
#4337 = ORIENTED_EDGE ( 'NONE', *, *, #9182, .T. ) ;
#4338 = DIRECTION ( 'NONE',  ( 0.000000000000000000, 0.000000000000000000, 1.000000000000000000 ) ) ;
#4339 = CARTESIAN_POINT ( 'NONE',  ( -48.35455173280956132, -12.00000000000000000, 12.85000000000000675 ) ) ;
#4340 = CARTESIAN_POINT ( 'NONE',  ( 8.354551732809447628, 0.000000000000000000, 22.85000000000000853 ) ) ;
#4341 = VERTEX_POINT ( 'NONE', #8232 ) ;
#4342 = DIRECTION ( 'NONE',  ( -0.4999999999999995004, 0.000000000000000000, -0.8660254037844389297 ) ) ;
#4343 = AXIS2_PLACEMENT_3D ( 'NONE', #8240, #5242, #771 ) ;
#4344 = VECTOR ( 'NONE', #2972, 999.9999999999998863 ) ;
#4345 = ADVANCED_FACE ( 'NONE', ( #3698 ), #5177, .T. ) ;
#4346 = LINE ( 'NONE', #7486, #7127 ) ;
#4347 = EDGE_LOOP ( 'NONE', ( #9165, #1245, #3779, #1070 ) ) ;
#4348 = CARTESIAN_POINT ( 'NONE',  ( 0.000000000000000000, -12.00000000000000000, 0.000000000000000000 ) ) ;
#4349 = VECTOR ( 'NONE', #1131, 1000.000000000000000 ) ;
#4350 = AXIS2_PLACEMENT_3D ( 'NONE', #2585, #1657, #9446 ) ;
#4351 = LINE ( 'NONE', #2949, #8013 ) ;
#4352 = DIRECTION ( 'NONE',  ( -0.4999999999999992784, 0.000000000000000000, -0.8660254037844390407 ) ) ;
#4353 = VECTOR ( 'NONE', #5560, 1000.000000000000000 ) ;
#4354 = DIRECTION ( 'NONE',  ( -1.000000000000000000, 0.000000000000000000, -0.000000000000000000 ) ) ;
#4355 = EDGE_LOOP ( 'NONE', ( #1099, #5346, #4924, #7211 ) ) ;
#4356 = PLANE ( 'NONE',  #3909 ) ;
#4357 = VECTOR ( 'NONE', #8926, 1000.000000000000000 ) ;
#4358 = VECTOR ( 'NONE', #4437, 1000.000000000000000 ) ;
#4359 = VERTEX_POINT ( 'NONE', #2246 ) ;
#4360 = CARTESIAN_POINT ( 'NONE',  ( -11.64544826719011361, 0.000000000000000000, 42.85000000000000142 ) ) ;
#4361 = VERTEX_POINT ( 'NONE', #6729 ) ;
#4362 = VERTEX_POINT ( 'NONE', #1402 ) ;
#4363 = CARTESIAN_POINT ( 'NONE',  ( -21.64544826719011184, -12.00000000000000000, 42.85000000000000142 ) ) ;
#4364 = ORIENTED_EDGE ( 'NONE', *, *, #8224, .F. ) ;
#4365 = AXIS2_PLACEMENT_3D ( 'NONE', #8914, #616, #7595 ) ;
#4366 = CYLINDRICAL_SURFACE ( 'NONE', #2953, 2.999999999999995559 ) ;
#4367 = CARTESIAN_POINT ( 'NONE',  ( 56.70910346561912974, -12.00000000000000000, 1.294402214996931218E-15 ) ) ;
#4368 = VERTEX_POINT ( 'NONE', #2088 ) ;
#4369 = CARTESIAN_POINT ( 'NONE',  ( 21.64544826719042447, -12.00000000000000000, 52.85000000000000853 ) ) ;
#4370 = LINE ( 'NONE', #6018, #6099 ) ;
#4372 = ORIENTED_EDGE ( 'NONE', *, *, #8631, .T. ) ;
#4371 = DIRECTION ( 'NONE',  ( 1.000000000000000000, 0.000000000000000000, -1.317819823453642871E-16 ) ) ;
#4373 = ORIENTED_EDGE ( 'NONE', *, *, #5592, .T. ) ;
#4374 = CARTESIAN_POINT ( 'NONE',  ( -28.35455173280955421, 0.000000000000000000, 18.35455173280956842 ) ) ;
#4375 = DIRECTION ( 'NONE',  ( 1.000000000000000000, 0.000000000000000000, -0.000000000000000000 ) ) ;
#4376 = CARTESIAN_POINT ( 'NONE',  ( -51.64544826719043158, -12.00000000000000000, 12.85000000000000675 ) ) ;
#4377 = ORIENTED_EDGE ( 'NONE', *, *, #8233, .T. ) ;
#4378 = CARTESIAN_POINT ( 'NONE',  ( 18.35455173280955776, -12.00000000000000000, 52.85000000000000853 ) ) ;
#4379 = STYLED_ITEM ( 'NONE', ( #7669 ), #33 ) ;
#4380 = ORIENTED_EDGE ( 'NONE', *, *, #9760, .T. ) ;
#4381 = CARTESIAN_POINT ( 'NONE',  ( 56.70910346561912974, -12.00000000000000000, 1.294402214996931218E-15 ) ) ;
#4382 = VECTOR ( 'NONE', #959, 1000.000000000000000 ) ;
#4383 = CARTESIAN_POINT ( 'NONE',  ( -63.29089653438087026, 0.000000000000000000, 3.038187096183830448E-15 ) ) ;
#4384 = ORIENTED_EDGE ( 'NONE', *, *, #6882, .F. ) ;
#4385 = FACE_OUTER_BOUND ( 'NONE', #1486, .T. ) ;
#4386 = PLANE ( 'NONE',  #8071 ) ;
#4387 = AXIS2_PLACEMENT_3D ( 'NONE', #8637, #2521, #4817 ) ;
#4388 = ORIENTED_EDGE ( 'NONE', *, *, #3610, .T. ) ;
#4389 = CARTESIAN_POINT ( 'NONE',  ( -18.35455173280934815, -12.00000000000000000, 32.85000000000000142 ) ) ;
#4390 = DIRECTION ( 'NONE',  ( -1.000000000000000000, 0.000000000000000000, 0.000000000000000000 ) ) ;
#4391 = EDGE_CURVE ( 'NONE', #6381, #1648, #9749, .T. ) ;
#4392 = FACE_OUTER_BOUND ( 'NONE', #7866, .T. ) ;
#4393 = ADVANCED_FACE ( 'NONE', ( #7485 ), #2942, .T. ) ;
#4394 = EDGE_CURVE ( 'NONE', #5916, #8470, #657, .T. ) ;
#4395 = VERTEX_POINT ( 'NONE', #6837 ) ;
#4396 = LINE ( 'NONE', #67, #839 ) ;
#4397 = CIRCLE ( 'NONE', #5660, 2.999999999999999112 ) ;
#4398 = PLANE ( 'NONE',  #4585 ) ;
#4399 = VERTEX_POINT ( 'NONE', #3099 ) ;
#4400 = CARTESIAN_POINT ( 'NONE',  ( -63.29089653438087026, -12.00000000000000000, 10.00000000000000711 ) ) ;
#4401 = LINE ( 'NONE', #6597, #3794 ) ;
#4402 = FACE_OUTER_BOUND ( 'NONE', #7319, .T. ) ;
#4403 = CARTESIAN_POINT ( 'NONE',  ( -13.29089653438075835, -12.00000000000000000, 20.00000000000000355 ) ) ;
#4404 = ADVANCED_FACE ( 'NONE', ( #3841 ), #8909, .T. ) ;
#4405 = VECTOR ( 'NONE', #8083, 1000.000000000000000 ) ;
#4406 = DIRECTION ( 'NONE',  ( 1.000000000000000000, 0.000000000000000000, 0.000000000000000000 ) ) ;
#4407 = EDGE_CURVE ( 'NONE', #9092, #6501, #6683, .T. ) ;
#4408 = ORIENTED_EDGE ( 'NONE', *, *, #7321, .F. ) ;
#4409 = CARTESIAN_POINT ( 'NONE',  ( 51.64544826719043158, 0.000000000000000000, -2.850000000000001865 ) ) ;
#4410 = VECTOR ( 'NONE', #5033, 1000.000000000000000 ) ;
#4411 = ADVANCED_FACE ( 'NONE', ( #2199 ), #5332, .T. ) ;
#4412 = EDGE_LOOP ( 'NONE', ( #5256, #4229, #1053, #7030 ) ) ;
#4413 = VECTOR ( 'NONE', #5427, 1000.000000000000000 ) ;
#4414 = DIRECTION ( 'NONE',  ( -0.5000000000000005551, -0.000000000000000000, -0.8660254037844382635 ) ) ;
#4415 = DIRECTION ( 'NONE',  ( 1.000000000000000000, 0.000000000000000000, 0.000000000000000000 ) ) ;
#4416 = VERTEX_POINT ( 'NONE', #6877 ) ;
#4417 = ORIENTED_EDGE ( 'NONE', *, *, #2965, .F. ) ;
#4418 = DIRECTION ( 'NONE',  ( 0.000000000000000000, 0.000000000000000000, 1.000000000000000000 ) ) ;
#4419 = VECTOR ( 'NONE', #4414, 1000.000000000000227 ) ;
#4420 = VECTOR ( 'NONE', #4945, 1000.000000000000000 ) ;
#4421 = CARTESIAN_POINT ( 'NONE',  ( -26.70910346561912618, 0.000000000000000000, 10.00000000000000711 ) ) ;
#4422 = VECTOR ( 'NONE', #8358, 1000.000000000000000 ) ;
#4423 = PLANE ( 'NONE',  #8353 ) ;
#4424 = VERTEX_POINT ( 'NONE', #5233 ) ;
#4425 = VECTOR ( 'NONE', #3889, 1000.000000000000000 ) ;
#4426 = DIRECTION ( 'NONE',  ( 0.000000000000000000, -0.000000000000000000, 1.000000000000000000 ) ) ;
#4427 = ORIENTED_EDGE ( 'NONE', *, *, #926, .F. ) ;
#4428 = ORIENTED_EDGE ( 'NONE', *, *, #7799, .F. ) ;
#4429 = DIRECTION ( 'NONE',  ( -0.5000000000000005551, -0.000000000000000000, -0.8660254037844382635 ) ) ;
#4430 = ORIENTED_EDGE ( 'NONE', *, *, #5054, .F. ) ;
#4431 = CARTESIAN_POINT ( 'NONE',  ( 6.709103465619016937, 0.000000000000000000, 20.00000000000000355 ) ) ;
#4432 = LINE ( 'NONE', #1384, #761 ) ;
#4433 = VECTOR ( 'NONE', #261, 1000.000000000000000 ) ;
#4434 = ORIENTED_EDGE ( 'NONE', *, *, #6401, .T. ) ;
#4435 = EDGE_LOOP ( 'NONE', ( #9060, #681, #3302, #8000, #7175, #5827 ) ) ;
#4436 = LINE ( 'NONE', #1433, #5491 ) ;
#4437 = DIRECTION ( 'NONE',  ( 1.000000000000000000, -0.000000000000000000, -0.000000000000000000 ) ) ;
#4438 = ORIENTED_EDGE ( 'NONE', *, *, #4622, .F. ) ;
#4440 = EDGE_CURVE ( 'NONE', #5105, #1584, #4396, .T. ) ;
#4439 = ORIENTED_EDGE ( 'NONE', *, *, #2336, .F. ) ;
#4441 = LINE ( 'NONE', #6580, #2810 ) ;
#4442 = EDGE_LOOP ( 'NONE', ( #243, #4818, #6614, #8642 ) ) ;
#4443 = FACE_BOUND ( 'NONE', #931, .T. ) ;
#4444 = DIRECTION ( 'NONE',  ( -0.4999999999999990563, 0.000000000000000000, -0.8660254037844391517 ) ) ;
#4445 = CARTESIAN_POINT ( 'NONE',  ( 23.29089653438055052, 0.000000000000000000, 40.00000000000000000 ) ) ;
#4446 = ORIENTED_EDGE ( 'NONE', *, *, #9473, .T. ) ;
#4447 = CARTESIAN_POINT ( 'NONE',  ( 36.70910346561912974, -12.00000000000000000, 10.00000000000000711 ) ) ;
#4448 = EDGE_CURVE ( 'NONE', #1052, #2549, #1444, .T. ) ;
#4449 = DIRECTION ( 'NONE',  ( 1.317819823453642871E-16, -0.000000000000000000, 1.000000000000000000 ) ) ;
#4450 = EDGE_CURVE ( 'NONE', #313, #6289, #6043, .T. ) ;
#4451 = ORIENTED_EDGE ( 'NONE', *, *, #9678, .F. ) ;
#4452 = CARTESIAN_POINT ( 'NONE',  ( -50.35455173280956132, 41.15544456622760805, 18.35455173280956132 ) ) ;
#4453 = EDGE_CURVE ( 'NONE', #313, #1195, #3003, .T. ) ;
#4454 = DIRECTION ( 'NONE',  ( 0.000000000000000000, -1.000000000000000000, -2.148870006293945467E-16 ) ) ;
#4455 = PLANE ( 'NONE',  #4343 ) ;
#4456 = LINE ( 'NONE', #6845, #2800 ) ;
#4457 = CARTESIAN_POINT ( 'NONE',  ( 21.64544826719031789, -12.00000000000000000, 22.85000000000000497 ) ) ;
#4458 = EDGE_LOOP ( 'NONE', ( #6239, #9447, #2083, #47 ) ) ;
#4459 = DIRECTION ( 'NONE',  ( -0.8660254037844387076, 0.000000000000000000, 0.4999999999999999445 ) ) ;
#4460 = ORIENTED_EDGE ( 'NONE', *, *, #6351, .T. ) ;
#4461 = CARTESIAN_POINT ( 'NONE',  ( 60.35455173280956132, 36.15544456622761516, -48.64544826719049553 ) ) ;
#4462 = DIRECTION ( 'NONE',  ( -1.000000000000000000, -0.000000000000000000, -0.000000000000000000 ) ) ;
#4463 = ORIENTED_EDGE ( 'NONE', *, *, #9281, .T. ) ;
#4464 = ADVANCED_FACE ( 'NONE', ( #846 ), #9157, .F. ) ;
#4465 = ORIENTED_EDGE ( 'NONE', *, *, #4149, .F. ) ;
#4466 = LINE ( 'NONE', #2105, #1523 ) ;
#4467 = ADVANCED_FACE ( 'NONE', ( #8424 ), #1591, .T. ) ;
#4468 = CARTESIAN_POINT ( 'NONE',  ( 18.35455173280924157, -12.00000000000000000, 37.15000000000000568 ) ) ;
#4469 = LINE ( 'NONE', #4517, #6427 ) ;
#4470 = CARTESIAN_POINT ( 'NONE',  ( 21.64544826719031789, -12.00000000000000000, 22.85000000000000497 ) ) ;
#4471 = ORIENTED_EDGE ( 'NONE', *, *, #2144, .F. ) ;
#4472 = EDGE_CURVE ( 'NONE', #2473, #3774, #7678, .T. ) ;
#4473 = DIRECTION ( 'NONE',  ( 0.4999999999999992784, -0.000000000000000000, 0.8660254037844390407 ) ) ;
#4474 = EDGE_LOOP ( 'NONE', ( #3311, #9047, #5397, #8489, #6426, #9170 ) ) ;
#4475 = FACE_OUTER_BOUND ( 'NONE', #9444, .T. ) ;
#4476 = ORIENTED_EDGE ( 'NONE', *, *, #6703, .F. ) ;
#4477 = CARTESIAN_POINT ( 'NONE',  ( 60.35455173280956132, 17.99999999999997868, -16.35455173280956487 ) ) ;
#4478 = EDGE_CURVE ( 'NONE', #4658, #9288, #3429, .T. ) ;
#4479 = LINE ( 'NONE', #3534, #8064 ) ;
#4480 = ORIENTED_EDGE ( 'NONE', *, *, #7186, .F. ) ;
#4481 = DIRECTION ( 'NONE',  ( 0.000000000000000000, 1.000000000000000000, 0.000000000000000000 ) ) ;
#4482 = ORIENTED_EDGE ( 'NONE', *, *, #4908, .F. ) ;
#4483 = DIRECTION ( 'NONE',  ( -0.4999999999999992784, -0.000000000000000000, 0.8660254037844390407 ) ) ;
#4484 = CARTESIAN_POINT ( 'NONE',  ( 8.354551732809550657, -12.00000000000000000, 12.85000000000000675 ) ) ;
#4485 = ORIENTED_EDGE ( 'NONE', *, *, #6038, .T. ) ;
#4486 = ORIENTED_EDGE ( 'NONE', *, *, #4904, .T. ) ;
#4487 = FACE_OUTER_BOUND ( 'NONE', #1784, .T. ) ;
#4488 = EDGE_CURVE ( 'NONE', #4183, #4992, #338, .T. ) ;
#4489 = ORIENTED_EDGE ( 'NONE', *, *, #9706, .F. ) ;
#4490 = DIRECTION ( 'NONE',  ( 0.4999999999999995004, -0.000000000000000000, 0.8660254037844389297 ) ) ;
#4491 = CARTESIAN_POINT ( 'NONE',  ( 26.70910346561912618, 0.000000000000000000, 1.294402214996931218E-15 ) ) ;
#4492 = DIRECTION ( 'NONE',  ( 0.4999999999999999445, 0.000000000000000000, 0.8660254037844387076 ) ) ;
#4493 = EDGE_LOOP ( 'NONE', ( #7638, #2733, #166, #4373 ) ) ;
#4494 = CARTESIAN_POINT ( 'NONE',  ( -18.35455173280955776, -12.00000000000000000, 12.85000000000000675 ) ) ;
#4495 = FACE_OUTER_BOUND ( 'NONE', #584, .T. ) ;
#4496 = VERTEX_POINT ( 'NONE', #2622 ) ;
#4497 = LINE ( 'NONE', #4400, #8024 ) ;
#4498 = PLANE ( 'NONE',  #3644 ) ;
#4499 = EDGE_LOOP ( 'NONE', ( #3979, #4164, #1169, #6314 ) ) ;
#4500 = DIRECTION ( 'NONE',  ( 0.4999999999999992784, -0.000000000000000000, 0.8660254037844390407 ) ) ;
#4501 = FACE_OUTER_BOUND ( 'NONE', #7288, .T. ) ;
#4502 = DIRECTION ( 'NONE',  ( -0.000000000000000000, -1.000000000000000000, -0.000000000000000000 ) ) ;
#4503 = VERTEX_POINT ( 'NONE', #5070 ) ;
#4504 = EDGE_CURVE ( 'NONE', #8331, #3508, #5814, .T. ) ;
#4505 = LINE ( 'NONE', #7548, #2324 ) ;
#4506 = ORIENTED_EDGE ( 'NONE', *, *, #200, .T. ) ;
#4507 = CARTESIAN_POINT ( 'NONE',  ( 6.709103465618704298, -12.00000000000000000, 50.00000000000000000 ) ) ;
#4508 = VECTOR ( 'NONE', #5877, 1000.000000000000114 ) ;
#4509 = CARTESIAN_POINT ( 'NONE',  ( 8.354551732809548881, -0.000000000000000000, 12.85000000000000497 ) ) ;
#4510 = ORIENTED_EDGE ( 'NONE', *, *, #377, .F. ) ;
#4511 = VECTOR ( 'NONE', #9061, 1000.000000000000114 ) ;
#4512 = VERTEX_POINT ( 'NONE', #5761 ) ;
#4513 = CARTESIAN_POINT ( 'NONE',  ( -68.35455173280956842, 10.00000000000000000, 18.35455173280956842 ) ) ;
#4514 = EDGE_CURVE ( 'NONE', #5441, #3060, #6414, .T. ) ;
#4515 = PLANE ( 'NONE',  #7741 ) ;
#4516 = ADVANCED_FACE ( 'NONE', ( #2819 ), #8692, .T. ) ;
#4517 = CARTESIAN_POINT ( 'NONE',  ( 36.70910346561912974, -12.00000000000000000, 1.294402214996931218E-15 ) ) ;
#4518 = VECTOR ( 'NONE', #3203, 1000.000000000000000 ) ;
#4519 = DIRECTION ( 'NONE',  ( 0.000000000000000000, 1.000000000000000000, 0.000000000000000000 ) ) ;
#4520 = ADVANCED_FACE ( 'NONE', ( #5665 ), #1175, .T. ) ;
#4521 = VECTOR ( 'NONE', #8141, 1000.000000000000000 ) ;
#4522 = EDGE_CURVE ( 'NONE', #8646, #7796, #7309, .T. ) ;
#4523 = VERTEX_POINT ( 'NONE', #7210 ) ;
#4524 = CARTESIAN_POINT ( 'NONE',  ( -58.35455173280956132, -12.00000000000000000, -2.850000000000000089 ) ) ;
#4525 = AXIS2_PLACEMENT_3D ( 'NONE', #6382, #1939, #1901 ) ;
#4527 = CARTESIAN_POINT ( 'NONE',  ( -18.35455173280934815, -12.00000000000000000, 32.85000000000000142 ) ) ;
#4526 = AXIS2_PLACEMENT_3D ( 'NONE', #8417, #3688, #6186 ) ;
#4528 = VERTEX_POINT ( 'NONE', #4170 ) ;
#4529 = PLANE ( 'NONE',  #5218 ) ;
#4530 = CARTESIAN_POINT ( 'NONE',  ( -46.70910346561912974, 0.000000000000000000, 1.294402214996931218E-15 ) ) ;
#4531 = EDGE_LOOP ( 'NONE', ( #2883, #2042, #8252, #7812, #8657, #7147 ) ) ;
#4532 = LINE ( 'NONE', #7572, #5056 ) ;
#4533 = EDGE_LOOP ( 'NONE', ( #6538, #4384, #9663, #2341, #1285, #7828 ) ) ;
#4534 = LINE ( 'NONE', #4587, #5209 ) ;
#4535 = FACE_OUTER_BOUND ( 'NONE', #8212, .T. ) ;
#4536 = DIRECTION ( 'NONE',  ( 1.000000000000000000, 0.000000000000000000, 0.000000000000000000 ) ) ;
#4537 = DIRECTION ( 'NONE',  ( 0.000000000000000000, 1.000000000000000000, 0.000000000000000000 ) ) ;
#4538 = ORIENTED_EDGE ( 'NONE', *, *, #9460, .T. ) ;
#4539 = LINE ( 'NONE', #2834, #5962 ) ;
#4540 = CARTESIAN_POINT ( 'NONE',  ( 41.64544826719043158, -12.00000000000000000, 7.150000000000007461 ) ) ;
#4541 = CARTESIAN_POINT ( 'NONE',  ( -51.64544826719043158, -12.00000000000000000, 7.150000000000007461 ) ) ;
#4542 = DIRECTION ( 'NONE',  ( 0.8660254037844394848, 0.000000000000000000, -0.4999999999999985567 ) ) ;
#4543 = VECTOR ( 'NONE', #6713, 1000.000000000000114 ) ;
#4544 = CARTESIAN_POINT ( 'NONE',  ( -61.64544826719043158, -12.00000000000000000, -2.850000000000000089 ) ) ;
#4545 = ORIENTED_EDGE ( 'NONE', *, *, #1526, .T. ) ;
#4546 = CARTESIAN_POINT ( 'NONE',  ( 31.64544826719042803, -12.00000000000000000, 7.150000000000007461 ) ) ;
#4547 = VECTOR ( 'NONE', #2991, 1000.000000000000000 ) ;
#4548 = CARTESIAN_POINT ( 'NONE',  ( -11.64544826719043158, -12.00000000000000000, 2.849999999999998312 ) ) ;
#4549 = ORIENTED_EDGE ( 'NONE', *, *, #7131, .T. ) ;
#4550 = LINE ( 'NONE', #7734, #3404 ) ;
#4551 = DIRECTION ( 'NONE',  ( -0.5000000000000005551, 0.000000000000000000, 0.8660254037844382635 ) ) ;
#4552 = ORIENTED_EDGE ( 'NONE', *, *, #3152, .F. ) ;
#4553 = LINE ( 'NONE', #5133, #8645 ) ;
#4554 = LINE ( 'NONE', #2206, #1058 ) ;
#4555 = VECTOR ( 'NONE', #2560, 1000.000000000000000 ) ;
#4556 = AXIS2_PLACEMENT_3D ( 'NONE', #5952, #2963, #4564 ) ;
#4557 = ORIENTED_EDGE ( 'NONE', *, *, #9567, .T. ) ;
#4558 = CARTESIAN_POINT ( 'NONE',  ( -63.29089653438087026, 0.000000000000000000, 3.038187096183830448E-15 ) ) ;
#4559 = ORIENTED_EDGE ( 'NONE', *, *, #2817, .F. ) ;
#4560 = CARTESIAN_POINT ( 'NONE',  ( 61.64544826719043158, -12.00000000000000000, 12.85000000000000675 ) ) ;
#4561 = EDGE_LOOP ( 'NONE', ( #3327, #9257, #307, #5789 ) ) ;
#4562 = VECTOR ( 'NONE', #955, 1000.000000000000000 ) ;
#4563 = CARTESIAN_POINT ( 'NONE',  ( 23.29089653438086316, -12.00000000000000000, 20.00000000000000355 ) ) ;
#4564 = DIRECTION ( 'NONE',  ( 0.000000000000000000, 0.000000000000000000, 1.000000000000000000 ) ) ;
#4565 = FACE_OUTER_BOUND ( 'NONE', #6303, .T. ) ;
#4566 = DIRECTION ( 'NONE',  ( 0.8660254037844391517, 0.000000000000000000, -0.4999999999999990563 ) ) ;
#4567 = CARTESIAN_POINT ( 'NONE',  ( -6.709103465618908579, 0.000000000000000000, 30.00000000000000711 ) ) ;
#4568 = ADVANCED_FACE ( 'NONE', ( #2067 ), #2026, .T. ) ;
#4569 = CARTESIAN_POINT ( 'NONE',  ( -21.64544826719042803, -12.00000000000000000, 7.150000000000007461 ) ) ;
#4570 = AXIS2_PLACEMENT_3D ( 'NONE', #1440, #5122, #7482 ) ;
#4571 = ORIENTED_EDGE ( 'NONE', *, *, #1661, .T. ) ;
#4572 = CARTESIAN_POINT ( 'NONE',  ( -8.354551732809238018, -12.00000000000000000, 37.15000000000000568 ) ) ;
#4573 = ORIENTED_EDGE ( 'NONE', *, *, #3294, .F. ) ;
#4574 = ADVANCED_FACE ( 'NONE', ( #5106 ), #1083, .T. ) ;
#4575 = VECTOR ( 'NONE', #7723, 1000.000000000000000 ) ;
#4576 = EDGE_CURVE ( 'NONE', #3508, #928, #6466, .T. ) ;
#4577 = DIRECTION ( 'NONE',  ( 0.000000000000000000, 0.000000000000000000, 1.000000000000000000 ) ) ;
#4578 = AXIS2_PLACEMENT_3D ( 'NONE', #7172, #2725, #1982 ) ;
#4579 = EDGE_CURVE ( 'NONE', #9629, #5160, #3528, .T. ) ;
#4580 = VECTOR ( 'NONE', #830, 1000.000000000000000 ) ;
#4581 = DIRECTION ( 'NONE',  ( 0.000000000000000000, 1.000000000000000000, 0.000000000000000000 ) ) ;
#4582 = CARTESIAN_POINT ( 'NONE',  ( -16.70910346561912263, 0.000000000000000000, 10.00000000000000711 ) ) ;
#4583 = DIRECTION ( 'NONE',  ( -0.4999999999999985012, 0.000000000000000000, -0.8660254037844393737 ) ) ;
#4584 = VERTEX_POINT ( 'NONE', #7355 ) ;
#4585 = AXIS2_PLACEMENT_3D ( 'NONE', #5180, #8869, #8910 ) ;
#4586 = VECTOR ( 'NONE', #5317, 1000.000000000000114 ) ;
#4587 = CARTESIAN_POINT ( 'NONE',  ( 28.35455173280955421, 0.000000000000000000, 12.85000000000000675 ) ) ;
#4588 = EDGE_CURVE ( 'NONE', #7478, #6651, #529, .T. ) ;
#4589 = DIRECTION ( 'NONE',  ( -0.4999999999999990563, 0.000000000000000000, 0.8660254037844391517 ) ) ;
#4590 = CARTESIAN_POINT ( 'NONE',  ( -41.64544826719043158, 0.000000000000000000, 12.85000000000000497 ) ) ;
#4591 = ORIENTED_EDGE ( 'NONE', *, *, #2736, .F. ) ;
#4592 = DIRECTION ( 'NONE',  ( 1.734723475976807094E-16, 0.000000000000000000, 1.000000000000000000 ) ) ;
#4593 = LINE ( 'NONE', #6136, #9800 ) ;
#4594 = EDGE_CURVE ( 'NONE', #9709, #4140, #1925, .T. ) ;
#4595 = AXIS2_PLACEMENT_3D ( 'NONE', #5390, #6094, #8381 ) ;
#4596 = PLANE ( 'NONE',  #215 ) ;
#4597 = CARTESIAN_POINT ( 'NONE',  ( 18.35455173280955776, 0.000000000000000000, 52.85000000000000853 ) ) ;
#4598 = DIRECTION ( 'NONE',  ( 0.4999999999999992784, -0.000000000000000000, 0.8660254037844390407 ) ) ;
#4599 = ORIENTED_EDGE ( 'NONE', *, *, #1516, .T. ) ;
#4600 = DIRECTION ( 'NONE',  ( -0.5000000000000008882, 0.000000000000000000, -0.8660254037844381525 ) ) ;
#4601 = EDGE_CURVE ( 'NONE', #111, #8870, #6563, .T. ) ;
#4602 = LINE ( 'NONE', #7783, #4112 ) ;
#4603 = ORIENTED_EDGE ( 'NONE', *, *, #8200, .T. ) ;
#4604 = DIRECTION ( 'NONE',  ( 1.000000000000000000, -0.000000000000000000, -0.000000000000000000 ) ) ;
#4605 = FACE_OUTER_BOUND ( 'NONE', #6168, .T. ) ;
#4606 = ORIENTED_EDGE ( 'NONE', *, *, #3716, .F. ) ;
#4607 = CARTESIAN_POINT ( 'NONE',  ( -23.29089653438086316, -12.00000000000000000, 10.00000000000000711 ) ) ;
#4608 = DIRECTION ( 'NONE',  ( 1.000000000000000000, -0.000000000000000000, -0.000000000000000000 ) ) ;
#4609 = LINE ( 'NONE', #9071, #1389 ) ;
#4610 = ORIENTED_EDGE ( 'NONE', *, *, #8932, .T. ) ;
#4611 = DIRECTION ( 'NONE',  ( -0.4999999999999995004, -0.000000000000000000, 0.8660254037844389297 ) ) ;
#4612 = EDGE_LOOP ( 'NONE', ( #379, #410, #8434, #2690 ) ) ;
#4613 = FACE_BOUND ( 'NONE', #4871, .T. ) ;
#4614 = CARTESIAN_POINT ( 'NONE',  ( -16.70910346561912263, 0.000000000000000000, 10.00000000000000711 ) ) ;
#4615 = DIRECTION ( 'NONE',  ( -1.000000000000000000, 0.000000000000000000, 0.000000000000000000 ) ) ;
#4616 = FACE_OUTER_BOUND ( 'NONE', #4612, .T. ) ;
#4617 = EDGE_CURVE ( 'NONE', #8565, #1708, #1953, .T. ) ;
#4618 = CARTESIAN_POINT ( 'NONE',  ( 11.64544826719021664, -12.00000000000000000, 27.15000000000000568 ) ) ;
#4619 = DIRECTION ( 'NONE',  ( 0.000000000000000000, 1.000000000000000000, 0.000000000000000000 ) ) ;
#4620 = FACE_OUTER_BOUND ( 'NONE', #9040, .T. ) ;
#4621 = ORIENTED_EDGE ( 'NONE', *, *, #7198, .T. ) ;
#4622 = EDGE_CURVE ( 'NONE', #291, #612, #485, .T. ) ;
#4623 = PLANE ( 'NONE',  #4665 ) ;
#4624 = ORIENTED_EDGE ( 'NONE', *, *, #2804, .F. ) ;
#4625 = DIRECTION ( 'NONE',  ( -1.000000000000000000, -0.000000000000000000, -0.000000000000000000 ) ) ;
#4626 = LINE ( 'NONE', #7661, #4580 ) ;
#4627 = DIRECTION ( 'NONE',  ( -1.000000000000000000, 0.000000000000000000, -0.000000000000000000 ) ) ;
#4628 = EDGE_LOOP ( 'NONE', ( #3519, #2477, #362, #872 ) ) ;
#4629 = ADVANCED_FACE ( 'NONE', ( #6118 ), #6067, .T. ) ;
#4630 = ADVANCED_FACE ( 'NONE', ( #2272 ), #5958, .T. ) ;
#4631 = EDGE_CURVE ( 'NONE', #1252, #4062, #9085, .T. ) ;
#4632 = CARTESIAN_POINT ( 'NONE',  ( 60.35455173280956132, 14.99999999999997691, -48.64544826719049553 ) ) ;
#4633 = DIRECTION ( 'NONE',  ( 0.000000000000000000, 1.000000000000000000, 0.000000000000000000 ) ) ;
#4634 = LINE ( 'NONE', #8266, #7864 ) ;
#4635 = ORIENTED_EDGE ( 'NONE', *, *, #9729, .T. ) ;
#4636 = DIRECTION ( 'NONE',  ( -0.8660254037844380415, 0.000000000000000000, 0.5000000000000009992 ) ) ;
#4637 = CARTESIAN_POINT ( 'NONE',  ( -63.29089653438087026, -12.00000000000000000, 3.038187096183830448E-15 ) ) ;
#4638 = CARTESIAN_POINT ( 'NONE',  ( 60.35455173280956132, 36.15544456622760805, -16.35455173280956487 ) ) ;
#4639 = DIRECTION ( 'NONE',  ( 0.4999999999999999445, 0.000000000000000000, 0.8660254037844387076 ) ) ;
#4640 = ORIENTED_EDGE ( 'NONE', *, *, #3669, .T. ) ;
#4641 = DIRECTION ( 'NONE',  ( -0.8660254037844391517, 0.000000000000000000, -0.4999999999999990563 ) ) ;
#4642 = EDGE_CURVE ( 'NONE', #1472, #8089, #5151, .T. ) ;
#4643 = ADVANCED_FACE ( 'NONE', ( #8303 ), #5310, .T. ) ;
#4644 = DIRECTION ( 'NONE',  ( 1.000000000000000000, -0.000000000000000000, -0.000000000000000000 ) ) ;
#4645 = VERTEX_POINT ( 'NONE', #4572 ) ;
#4646 = FACE_OUTER_BOUND ( 'NONE', #10, .T. ) ;
#4647 = CARTESIAN_POINT ( 'NONE',  ( 18.35455173280955421, -12.00000000000000000, 2.849999999999997868 ) ) ;
#4648 = ORIENTED_EDGE ( 'NONE', *, *, #8057, .T. ) ;
#4649 = CARTESIAN_POINT ( 'NONE',  ( 6.709103465618912132, -12.00000000000000000, 30.00000000000000711 ) ) ;
#4650 = FACE_OUTER_BOUND ( 'NONE', #2954, .T. ) ;
#4651 = DIRECTION ( 'NONE',  ( 0.000000000000000000, 1.000000000000000000, -0.000000000000000000 ) ) ;
#4652 = VERTEX_POINT ( 'NONE', #3679 ) ;
#4653 = EDGE_CURVE ( 'NONE', #9210, #7058, #8258, .T. ) ;
#4654 = LINE ( 'NONE', #2407, #5974 ) ;
#4655 = ORIENTED_EDGE ( 'NONE', *, *, #1467, .F. ) ;
#4656 = CARTESIAN_POINT ( 'NONE',  ( 6.709103465619016937, -12.00000000000000000, 20.00000000000000355 ) ) ;
#4657 = CARTESIAN_POINT ( 'NONE',  ( -50.35455173280956132, 20.99999999999997513, -48.64544826719049553 ) ) ;
#4658 = VERTEX_POINT ( 'NONE', #8929 ) ;
#4659 = CARTESIAN_POINT ( 'NONE',  ( 8.354551732809238018, -12.00000000000000000, 42.85000000000000142 ) ) ;
#4660 = DIRECTION ( 'NONE',  ( -0.8660254037844389297, 0.000000000000000000, -0.4999999999999995004 ) ) ;
#4661 = FACE_OUTER_BOUND ( 'NONE', #1351, .T. ) ;
#4662 = DIRECTION ( 'NONE',  ( -0.5000000000000004441, -0.000000000000000000, -0.8660254037844383745 ) ) ;
#4663 = ORIENTED_EDGE ( 'NONE', *, *, #5453, .T. ) ;
#4664 = VECTOR ( 'NONE', #7191, 1000.000000000000000 ) ;
#4665 = AXIS2_PLACEMENT_3D ( 'NONE', #146, #7758, #4666 ) ;
#4666 = DIRECTION ( 'NONE',  ( -1.000000000000000000, 0.000000000000000000, -0.000000000000000000 ) ) ;
#4667 = EDGE_LOOP ( 'NONE', ( #7428, #6653, #5921, #241 ) ) ;
#4668 = CARTESIAN_POINT ( 'NONE',  ( 41.64544826719043158, -12.00000000000000000, 12.85000000000000675 ) ) ;
#4669 = PLANE ( 'NONE',  #6190 ) ;
#4670 = VECTOR ( 'NONE', #6540, 1000.000000000000000 ) ;
#4671 = ORIENTED_EDGE ( 'NONE', *, *, #8115, .F. ) ;
#4672 = VECTOR ( 'NONE', #3855, 1000.000000000000000 ) ;
#4673 = CARTESIAN_POINT ( 'NONE',  ( 18.35455173280955776, 0.000000000000000000, 12.85000000000000675 ) ) ;
#4674 = ORIENTED_EDGE ( 'NONE', *, *, #3004, .F. ) ;
#4675 = DIRECTION ( 'NONE',  ( -0.5000000000000008882, 0.000000000000000000, 0.8660254037844381525 ) ) ;
#4676 = ORIENTED_EDGE ( 'NONE', *, *, #1722, .T. ) ;
#4677 = FACE_OUTER_BOUND ( 'NONE', #6335, .T. ) ;
#4678 = VECTOR ( 'NONE', #3803, 1000.000000000000000 ) ;
#4679 = DIRECTION ( 'NONE',  ( 0.000000000000000000, 1.000000000000000000, 0.000000000000000000 ) ) ;
#4680 = VECTOR ( 'NONE', #6484, 1000.000000000000000 ) ;
#4681 = CARTESIAN_POINT ( 'NONE',  ( 68.35455173280956842, 10.00000000000000000, -48.35455173280956842 ) ) ;
#4682 = CARTESIAN_POINT ( 'NONE',  ( 38.35455173280955421, -12.00000000000000000, 7.150000000000007461 ) ) ;
#4683 = EDGE_LOOP ( 'NONE', ( #8342, #1432, #3626, #5536 ) ) ;
#4684 = CARTESIAN_POINT ( 'NONE',  ( -60.35455173280956132, 36.15544456622761516, -48.64544826719049553 ) ) ;
#4685 = DIRECTION ( 'NONE',  ( -1.000000000000000000, -0.000000000000000000, -0.000000000000000000 ) ) ;
#4686 = LINE ( 'NONE', #3982, #8624 ) ;
#4687 = CARTESIAN_POINT ( 'NONE',  ( -23.29089653438044749, 0.000000000000000000, 50.00000000000000000 ) ) ;
#4688 = DIRECTION ( 'NONE',  ( 0.000000000000000000, 1.000000000000000000, 0.000000000000000000 ) ) ;
#4689 = AXIS2_PLACEMENT_3D ( 'NONE', #7816, #245, #3283 ) ;
#4690 = AXIS2_PLACEMENT_3D ( 'NONE', #8476, #4651, #7791 ) ;
#4691 = ORIENTED_EDGE ( 'NONE', *, *, #4407, .T. ) ;
#4692 = LINE ( 'NONE', #7731, #9022 ) ;
#4693 = ORIENTED_EDGE ( 'NONE', *, *, #1298, .F. ) ;
#4694 = CARTESIAN_POINT ( 'NONE',  ( 61.64544826719043158, 0.000000000000000000, 12.85000000000000675 ) ) ;
#4695 = ADVANCED_FACE ( 'NONE', ( #8984 ), #2326, .T. ) ;
#4696 = EDGE_LOOP ( 'NONE', ( #7356, #3713, #4307, #7090 ) ) ;
#4697 = EDGE_CURVE ( 'NONE', #7644, #8904, #4370, .T. ) ;
#4698 = EDGE_LOOP ( 'NONE', ( #8739, #1907, #5181, #1446 ) ) ;
#4699 = ADVANCED_FACE ( 'NONE', ( #3820 ), #6663, .T. ) ;
#4700 = CARTESIAN_POINT ( 'NONE',  ( 21.64544826719011539, -12.00000000000000000, 37.15000000000000568 ) ) ;
#4701 = LINE ( 'NONE', #8570, #4562 ) ;
#4702 = DIRECTION ( 'NONE',  ( 0.4999999999999999445, 0.000000000000000000, 0.8660254037844387076 ) ) ;
#4703 = VERTEX_POINT ( 'NONE', #8150 ) ;
#4704 = DIRECTION ( 'NONE',  ( -0.4999999999999992784, -0.000000000000000000, 0.8660254037844390407 ) ) ;
#4705 = VECTOR ( 'NONE', #1728, 1000.000000000000000 ) ;
#4706 = VERTEX_POINT ( 'NONE', #1323 ) ;
#4707 = LINE ( 'NONE', #5443, #9326 ) ;
#4708 = LINE ( 'NONE', #350, #4672 ) ;
#4709 = VERTEX_POINT ( 'NONE', #2870 ) ;
#4710 = ADVANCED_FACE ( 'NONE', ( #5905 ), #8204, .T. ) ;
#4711 = AXIS2_PLACEMENT_3D ( 'NONE', #4965, #1225, #2716 ) ;
#4712 = EDGE_CURVE ( 'NONE', #308, #2863, #9722, .T. ) ;
#4713 = CARTESIAN_POINT ( 'NONE',  ( -51.64544826719043868, -12.00000000000000000, 2.849999999999998312 ) ) ;
#4714 = VECTOR ( 'NONE', #2668, 1000.000000000000000 ) ;
#4715 = AXIS2_PLACEMENT_3D ( 'NONE', #3717, #93, #9081 ) ;
#4716 = DIRECTION ( 'NONE',  ( -0.5000000000000008882, 0.000000000000000000, 0.8660254037844381525 ) ) ;
#4717 = ORIENTED_EDGE ( 'NONE', *, *, #1092, .T. ) ;
#4718 = CARTESIAN_POINT ( 'NONE',  ( 13.29089653438044571, -12.00000000000000000, 50.00000000000000000 ) ) ;
#4719 = ORIENTED_EDGE ( 'NONE', *, *, #5684, .T. ) ;
#4720 = CARTESIAN_POINT ( 'NONE',  ( -53.29089653438087026, -12.00000000000000000, 10.00000000000000711 ) ) ;
#4722 = AXIS2_PLACEMENT_3D ( 'NONE', #8580, #9316, #1611 ) ;
#4721 = PLANE ( 'NONE',  #7249 ) ;
#4723 = CARTESIAN_POINT ( 'NONE',  ( -28.35455173280955421, 10.00000000000000000, 58.35455173280957553 ) ) ;
#4724 = ORIENTED_EDGE ( 'NONE', *, *, #7508, .T. ) ;
#4725 = LINE ( 'NONE', #7770, #6299 ) ;
#4726 = VECTOR ( 'NONE', #9637, 1000.000000000000000 ) ;
#4727 = DIRECTION ( 'NONE',  ( -1.000000000000000000, 0.000000000000000000, -0.000000000000000000 ) ) ;
#4728 = CARTESIAN_POINT ( 'NONE',  ( 50.35455173280956132, 14.99999999999997868, -16.35455173280956487 ) ) ;
#4729 = EDGE_CURVE ( 'NONE', #14, #3971, #7511, .T. ) ;
#4730 = VECTOR ( 'NONE', #8226, 1000.000000000000000 ) ;
#4731 = AXIS2_PLACEMENT_3D ( 'NONE', #5275, #9002, #1344 ) ;
#4732 = CARTESIAN_POINT ( 'NONE',  ( -18.35455173280955421, -12.00000000000000000, 7.150000000000007461 ) ) ;
#4733 = PLANE ( 'NONE',  #6115 ) ;
#4734 = ORIENTED_EDGE ( 'NONE', *, *, #8288, .T. ) ;
#4735 = FACE_OUTER_BOUND ( 'NONE', #8730, .T. ) ;
#4736 = CARTESIAN_POINT ( 'NONE',  ( -23.29089653438044749, -12.00000000000000000, 50.00000000000000000 ) ) ;
#4737 = FACE_BOUND ( 'NONE', #8665, .T. ) ;
#4738 = VECTOR ( 'NONE', #6057, 1000.000000000000000 ) ;
#4739 = FACE_OUTER_BOUND ( 'NONE', #4412, .T. ) ;
#4740 = EDGE_CURVE ( 'NONE', #3612, #7104, #3723, .T. ) ;
#4741 = VECTOR ( 'NONE', #3972, 1000.000000000000000 ) ;
#4742 = VECTOR ( 'NONE', #3808, 1000.000000000000000 ) ;
#4743 = ORIENTED_EDGE ( 'NONE', *, *, #9149, .T. ) ;
#4744 = CARTESIAN_POINT ( 'NONE',  ( -41.64544826719043158, -12.00000000000000000, 7.150000000000007461 ) ) ;
#4745 = VECTOR ( 'NONE', #6145, 1000.000000000000114 ) ;
#4746 = ORIENTED_EDGE ( 'NONE', *, *, #4328, .T. ) ;
#4747 = VERTEX_POINT ( 'NONE', #4524 ) ;
#4748 = LINE ( 'NONE', #5481, #4518 ) ;
#4749 = EDGE_LOOP ( 'NONE', ( #7105, #3601, #7403, #4948 ) ) ;
#4750 = ORIENTED_EDGE ( 'NONE', *, *, #1970, .F. ) ;
#4751 = FACE_OUTER_BOUND ( 'NONE', #4120, .T. ) ;
#4752 = LINE ( 'NONE', #2359, #5350 ) ;
#4753 = DIRECTION ( 'NONE',  ( -0.8660254037844391517, 0.000000000000000000, 0.4999999999999992784 ) ) ;
#4754 = AXIS2_PLACEMENT_3D ( 'NONE', #2824, #7967, #4375 ) ;
#4755 = ORIENTED_EDGE ( 'NONE', *, *, #8, .T. ) ;
#4756 = CARTESIAN_POINT ( 'NONE',  ( 0.000000000000000000, 0.000000000000000000, 0.000000000000000000 ) ) ;
#4757 = EDGE_CURVE ( 'NONE', #5084, #6452, #7563, .T. ) ;
#4758 = ORIENTED_EDGE ( 'NONE', *, *, #8878, .T. ) ;
#4759 = ADVANCED_FACE ( 'NONE', ( #6816 ), #3129, .F. ) ;
#4760 = LINE ( 'NONE', #820, #287 ) ;
#4761 = ORIENTED_EDGE ( 'NONE', *, *, #5743, .F. ) ;
#4762 = DIRECTION ( 'NONE',  ( 0.000000000000000000, 0.000000000000000000, 1.000000000000000000 ) ) ;
#4763 = DIRECTION ( 'NONE',  ( 0.000000000000000000, -0.000000000000000000, -1.000000000000000000 ) ) ;
#4764 = EDGE_CURVE ( 'NONE', #9303, #8331, #6359, .T. ) ;
#4765 = ORIENTED_EDGE ( 'NONE', *, *, #2559, .F. ) ;
#4766 = CARTESIAN_POINT ( 'NONE',  ( -18.35455173280913499, -12.00000000000000000, 47.14999999999999858 ) ) ;
#4767 = ADVANCED_FACE ( 'NONE', ( #8490 ), #6305, .T. ) ;
#4768 = DIRECTION ( 'NONE',  ( -0.8660254037844381525, 0.000000000000000000, -0.5000000000000008882 ) ) ;
#4769 = VERTEX_POINT ( 'NONE', #9188 ) ;
#4770 = PLANE ( 'NONE',  #8508 ) ;
#4771 = FACE_OUTER_BOUND ( 'NONE', #5369, .T. ) ;
#4772 = ORIENTED_EDGE ( 'NONE', *, *, #8452, .F. ) ;
#4773 = DIRECTION ( 'NONE',  ( -0.8660254037844388186, 0.000000000000000000, 0.4999999999999997224 ) ) ;
#4774 = ORIENTED_EDGE ( 'NONE', *, *, #7978, .T. ) ;
#4775 = FACE_OUTER_BOUND ( 'NONE', #4041, .T. ) ;
#4776 = EDGE_CURVE ( 'NONE', #636, #1721, #6169, .T. ) ;
#4777 = DIRECTION ( 'NONE',  ( -1.000000000000000000, -0.000000000000000000, -0.000000000000000000 ) ) ;
#4778 = ORIENTED_EDGE ( 'NONE', *, *, #8227, .F. ) ;
#4779 = DIRECTION ( 'NONE',  ( 0.000000000000000000, 1.000000000000000000, 0.000000000000000000 ) ) ;
#4780 = LINE ( 'NONE', #8644, #8939 ) ;
#4781 = VERTEX_POINT ( 'NONE', #4061 ) ;
#4782 = DIRECTION ( 'NONE',  ( 0.000000000000000000, 0.000000000000000000, -1.000000000000000000 ) ) ;
#4783 = ORIENTED_EDGE ( 'NONE', *, *, #6692, .F. ) ;
#4784 = ADVANCED_FACE ( 'NONE', ( #7803 ), #5554, .T. ) ;
#4785 = DIRECTION ( 'NONE',  ( -0.4999999999999990563, 0.000000000000000000, -0.8660254037844391517 ) ) ;
#4786 = FACE_OUTER_BOUND ( 'NONE', #4355, .T. ) ;
#4787 = FACE_BOUND ( 'NONE', #1029, .T. ) ;
#4788 = DIRECTION ( 'NONE',  ( 0.000000000000000000, 1.000000000000000000, 0.000000000000000000 ) ) ;
#4789 = CARTESIAN_POINT ( 'NONE',  ( 11.64544826719011361, -12.00000000000000000, 42.85000000000000142 ) ) ;
#4790 = ORIENTED_EDGE ( 'NONE', *, *, #4039, .T. ) ;
#4791 = DIRECTION ( 'NONE',  ( 0.000000000000000000, 5.372175015734863666E-17, 1.000000000000000000 ) ) ;
#4792 = ORIENTED_EDGE ( 'NONE', *, *, #666, .F. ) ;
#4793 = EDGE_LOOP ( 'NONE', ( #4312, #1059, #6448, #9468 ) ) ;
#4794 = PLANE ( 'NONE',  #4045 ) ;
#4795 = ORIENTED_EDGE ( 'NONE', *, *, #3857, .T. ) ;
#4796 = ORIENTED_EDGE ( 'NONE', *, *, #2384, .T. ) ;
#4797 = CARTESIAN_POINT ( 'NONE',  ( 13.29089653438086316, -12.00000000000000000, 3.038187096183830448E-15 ) ) ;
#4798 = LINE ( 'NONE', #3165, #5994 ) ;
#4799 = DIRECTION ( 'NONE',  ( 1.000000000000000000, 0.000000000000000000, 0.000000000000000000 ) ) ;
#4800 = ORIENTED_EDGE ( 'NONE', *, *, #258, .F. ) ;
#4801 = CARTESIAN_POINT ( 'NONE',  ( 0.000000000000000000, -12.00000000000000000, 0.000000000000000000 ) ) ;
#4802 = VERTEX_POINT ( 'NONE', #2462 ) ;
#4803 = LINE ( 'NONE', #2508, #9485 ) ;
#4804 = EDGE_LOOP ( 'NONE', ( #6208, #5143, #4135, #6360 ) ) ;
#4805 = CARTESIAN_POINT ( 'NONE',  ( -38.35455173280955421, 0.000000000000000000, 2.849999999999997868 ) ) ;
#4806 = ADVANCED_FACE ( 'NONE', ( #7049 ), #7848, .T. ) ;
#4807 = EDGE_CURVE ( 'NONE', #306, #5035, #3863, .T. ) ;
#4808 = ORIENTED_EDGE ( 'NONE', *, *, #2439, .F. ) ;
#4809 = DIRECTION ( 'NONE',  ( -0.5000000000000009992, 0.000000000000000000, 0.8660254037844380415 ) ) ;
#4810 = DIRECTION ( 'NONE',  ( 1.000000000000000000, 0.000000000000000000, -0.000000000000000000 ) ) ;
#4811 = ORIENTED_EDGE ( 'NONE', *, *, #3850, .F. ) ;
#4812 = VERTEX_POINT ( 'NONE', #6211 ) ;
#4813 = EDGE_CURVE ( 'NONE', #895, #6669, #234, .T. ) ;
#4814 = VERTEX_POINT ( 'NONE', #3266 ) ;
#4815 = EDGE_CURVE ( 'NONE', #9161, #6362, #8445, .T. ) ;
#4816 = EDGE_CURVE ( 'NONE', #3639, #8262, #1771, .T. ) ;
#4817 = DIRECTION ( 'NONE',  ( -1.000000000000000000, 0.000000000000000000, -0.000000000000000000 ) ) ;
#4818 = ORIENTED_EDGE ( 'NONE', *, *, #4740, .F. ) ;
#4819 = DIRECTION ( 'NONE',  ( -0.4999999999999995004, 0.000000000000000000, -0.8660254037844389297 ) ) ;
#4820 = AXIS2_PLACEMENT_3D ( 'NONE', #1018, #5450, #7103 ) ;
#4821 = ORIENTED_EDGE ( 'NONE', *, *, #5042, .F. ) ;
#4822 = ADVANCED_FACE ( 'NONE', ( #1616 ), #4623, .T. ) ;
#4823 = ORIENTED_EDGE ( 'NONE', *, *, #3125, .F. ) ;
#4824 = CARTESIAN_POINT ( 'NONE',  ( 11.64544826719032145, -12.00000000000000000, 17.15000000000000568 ) ) ;
#4825 = DIRECTION ( 'NONE',  ( 1.000000000000000000, -0.000000000000000000, -0.000000000000000000 ) ) ;
#4826 = ORIENTED_EDGE ( 'NONE', *, *, #859, .F. ) ;
#4827 = DIRECTION ( 'NONE',  ( -1.000000000000000000, 0.000000000000000000, -0.000000000000000000 ) ) ;
#4828 = EDGE_LOOP ( 'NONE', ( #428, #8777, #8529, #4743 ) ) ;
#4829 = AXIS2_PLACEMENT_3D ( 'NONE', #4797, #5392, #1557 ) ;
#4830 = EDGE_CURVE ( 'NONE', #2618, #2571, #8403, .T. ) ;
#4832 = CARTESIAN_POINT ( 'NONE',  ( 56.70910346561912974, -12.00000000000000000, 10.00000000000000711 ) ) ;
#4831 = VECTOR ( 'NONE', #5650, 1000.000000000000000 ) ;
#4833 = CARTESIAN_POINT ( 'NONE',  ( 60.35455173280956132, 20.99999999999997868, -16.35455173280956487 ) ) ;
#4834 = EDGE_CURVE ( 'NONE', #7796, #8205, #9226, .T. ) ;
#4835 = CARTESIAN_POINT ( 'NONE',  ( -8.354551732809238018, -12.00000000000000000, 42.85000000000000142 ) ) ;
#4836 = CARTESIAN_POINT ( 'NONE',  ( -21.64544826719043158, 0.000000000000000000, 52.85000000000000853 ) ) ;
#4837 = DIRECTION ( 'NONE',  ( 0.000000000000000000, 1.000000000000000000, 0.000000000000000000 ) ) ;
#4838 = ORIENTED_EDGE ( 'NONE', *, *, #7413, .F. ) ;
#4839 = AXIS2_PLACEMENT_3D ( 'NONE', #5236, #2795, #2148 ) ;
#4840 = VECTOR ( 'NONE', #13, 1000.000000000000000 ) ;
#4841 = VERTEX_POINT ( 'NONE', #873 ) ;
#4842 = ORIENTED_EDGE ( 'NONE', *, *, #3786, .T. ) ;
#4843 = FACE_OUTER_BOUND ( 'NONE', #6535, .T. ) ;
#4844 = VERTEX_POINT ( 'NONE', #7658 ) ;
#4845 = CIRCLE ( 'NONE', #2293, 2.999999999999999112 ) ;
#4846 = VECTOR ( 'NONE', #1353, 1000.000000000000000 ) ;
#4847 = EDGE_LOOP ( 'NONE', ( #45, #1740, #6851, #4890 ) ) ;
#4848 = CARTESIAN_POINT ( 'NONE',  ( -68.35455173280956842, 10.00000000000000000, -48.35455173280956842 ) ) ;
#4849 = LINE ( 'NONE', #8033, #8524 ) ;
#4850 = LINE ( 'NONE', #907, #4096 ) ;
#4851 = CARTESIAN_POINT ( 'NONE',  ( 50.35455173280956132, 17.99999999999997868, -48.64544826719049553 ) ) ;
#4852 = VERTEX_POINT ( 'NONE', #968 ) ;
#4853 = ORIENTED_EDGE ( 'NONE', *, *, #6508, .T. ) ;
#4854 = PLANE ( 'NONE',  #1875 ) ;
#4855 = ORIENTED_EDGE ( 'NONE', *, *, #6108, .F. ) ;
#4856 = CARTESIAN_POINT ( 'NONE',  ( 16.70910346561901960, 0.000000000000000000, 20.00000000000000355 ) ) ;
#4857 = CARTESIAN_POINT ( 'NONE',  ( -13.29089653438044571, -12.00000000000000000, 50.00000000000000000 ) ) ;
#4858 = VECTOR ( 'NONE', #4785, 1000.000000000000114 ) ;
#4859 = ORIENTED_EDGE ( 'NONE', *, *, #6027, .F. ) ;
#4860 = AXIS2_PLACEMENT_3D ( 'NONE', #8889, #2068, #4371 ) ;
#4861 = EDGE_CURVE ( 'NONE', #3752, #8565, #3916, .T. ) ;
#4862 = FACE_OUTER_BOUND ( 'NONE', #208, .T. ) ;
#4863 = ORIENTED_EDGE ( 'NONE', *, *, #324, .T. ) ;
#4864 = VECTOR ( 'NONE', #3143, 1000.000000000000000 ) ;
#4865 = VERTEX_POINT ( 'NONE', #96 ) ;
#4866 = DIRECTION ( 'NONE',  ( -0.4999999999999995004, 0.000000000000000000, -0.8660254037844389297 ) ) ;
#4867 = EDGE_LOOP ( 'NONE', ( #1289, #1700, #656, #7453 ) ) ;
#4868 = FACE_OUTER_BOUND ( 'NONE', #8919, .T. ) ;
#4869 = AXIS2_PLACEMENT_3D ( 'NONE', #2548, #4566, #7613 ) ;
#4870 = EDGE_CURVE ( 'NONE', #5081, #8964, #924, .T. ) ;
#4871 = EDGE_LOOP ( 'NONE', ( #97, #6991, #5610, #7521, #9813 ) ) ;
#4872 = DIRECTION ( 'NONE',  ( -0.5000000000000004441, 0.000000000000000000, 0.8660254037844383745 ) ) ;
#4873 = EDGE_CURVE ( 'NONE', #9540, #352, #7005, .T. ) ;
#4874 = DIRECTION ( 'NONE',  ( -1.000000000000000000, -0.000000000000000000, -0.000000000000000000 ) ) ;
#4875 = EDGE_CURVE ( 'NONE', #7226, #9682, #4192, .T. ) ;
#4876 = ORIENTED_EDGE ( 'NONE', *, *, #9009, .F. ) ;
#4877 = DIRECTION ( 'NONE',  ( 0.000000000000000000, 0.000000000000000000, -1.000000000000000000 ) ) ;
#4878 = CARTESIAN_POINT ( 'NONE',  ( 51.64544826719043868, 0.000000000000000000, 2.849999999999998312 ) ) ;
#4879 = LINE ( 'NONE', #9078, #9003 ) ;
#4880 = VECTOR ( 'NONE', #2706, 1000.000000000000000 ) ;
#4881 = DIRECTION ( 'NONE',  ( 1.000000000000000000, -0.000000000000000000, -0.000000000000000000 ) ) ;
#4882 = DIRECTION ( 'NONE',  ( 0.000000000000000000, 0.000000000000000000, 1.000000000000000000 ) ) ;
#4883 = DIRECTION ( 'NONE',  ( -0.5000000000000008882, 0.000000000000000000, -0.8660254037844381525 ) ) ;
#4884 = EDGE_CURVE ( 'NONE', #4230, #235, #378, .T. ) ;
#4885 = EDGE_LOOP ( 'NONE', ( #9507, #8901, #3083, #6788 ) ) ;
#4886 = EDGE_CURVE ( 'NONE', #2171, #470, #7845, .T. ) ;
#4887 = VECTOR ( 'NONE', #1180, 1000.000000000000000 ) ;
#4888 = EDGE_CURVE ( 'NONE', #3500, #9288, #1071, .T. ) ;
#4889 = FACE_OUTER_BOUND ( 'NONE', #2564, .T. ) ;
#4890 = ORIENTED_EDGE ( 'NONE', *, *, #3412, .T. ) ;
#4891 = ORIENTED_EDGE ( 'NONE', *, *, #1599, .T. ) ;
#4892 = PLANE ( 'NONE',  #9121 ) ;
#4893 = AXIS2_PLACEMENT_3D ( 'NONE', #7966, #3433, #2481 ) ;
#4894 = ORIENTED_EDGE ( 'NONE', *, *, #1298, .T. ) ;
#4895 = ORIENTED_EDGE ( 'NONE', *, *, #5971, .T. ) ;
#4896 = VECTOR ( 'NONE', #65, 1000.000000000000000 ) ;
#4897 = DIRECTION ( 'NONE',  ( -0.4999999999999985012, -0.000000000000000000, 0.8660254037844393737 ) ) ;
#4898 = CARTESIAN_POINT ( 'NONE',  ( 38.35455173280955421, 0.000000000000000000, -2.850000000000000089 ) ) ;
#4899 = VECTOR ( 'NONE', #6554, 1000.000000000000000 ) ;
#4900 = DIRECTION ( 'NONE',  ( 0.000000000000000000, 1.000000000000000000, 0.000000000000000000 ) ) ;
#4901 = ORIENTED_EDGE ( 'NONE', *, *, #6081, .F. ) ;
#4902 = FACE_OUTER_BOUND ( 'NONE', #7736, .T. ) ;
#4903 = EDGE_CURVE ( 'NONE', #5499, #1521, #4309, .T. ) ;
#4904 = EDGE_CURVE ( 'NONE', #1507, #3454, #8100, .T. ) ;
#4905 = AXIS2_PLACEMENT_3D ( 'NONE', #5642, #8668, #4244 ) ;
#4906 = CARTESIAN_POINT ( 'NONE',  ( 58.35455173280956132, -12.00000000000000000, 2.849999999999997868 ) ) ;
#4907 = ORIENTED_EDGE ( 'NONE', *, *, #5461, .F. ) ;
#4908 = EDGE_CURVE ( 'NONE', #6134, #2280, #5710, .T. ) ;
#4909 = DIRECTION ( 'NONE',  ( 0.000000000000000000, 1.000000000000000000, 0.000000000000000000 ) ) ;
#4910 = FACE_OUTER_BOUND ( 'NONE', #6791, .T. ) ;
#4911 = LINE ( 'NONE', #6601, #5528 ) ;
#4912 = EDGE_CURVE ( 'NONE', #4362, #7278, #6557, .T. ) ;
#4913 = ORIENTED_EDGE ( 'NONE', *, *, #5598, .T. ) ;
#4914 = DIRECTION ( 'NONE',  ( -1.317819823453642871E-16, 0.000000000000000000, 1.000000000000000000 ) ) ;
#4915 = EDGE_LOOP ( 'NONE', ( #3369, #8289, #400, #8969 ) ) ;
#4916 = ORIENTED_EDGE ( 'NONE', *, *, #347, .F. ) ;
#4917 = EDGE_CURVE ( 'NONE', #8773, #9374, #5008, .T. ) ;
#4918 = VERTEX_POINT ( 'NONE', #478 ) ;
#4919 = CARTESIAN_POINT ( 'NONE',  ( 13.29089653438086138, 0.000000000000000000, 10.00000000000000711 ) ) ;
#4920 = ORIENTED_EDGE ( 'NONE', *, *, #7247, .T. ) ;
#4921 = CARTESIAN_POINT ( 'NONE',  ( -16.70910346561880999, -12.00000000000000000, 40.00000000000000000 ) ) ;
#4922 = PLANE ( 'NONE',  #1699 ) ;
#4923 = CARTESIAN_POINT ( 'NONE',  ( -8.354551732809550657, 0.000000000000000000, 2.849999999999997868 ) ) ;
#4924 = ORIENTED_EDGE ( 'NONE', *, *, #1724, .T. ) ;
#4925 = DIRECTION ( 'NONE',  ( 0.4999999999999996669, 0.000000000000000000, -0.8660254037844388186 ) ) ;
#4926 = DIRECTION ( 'NONE',  ( 1.000000000000000000, 0.000000000000000000, -1.317819823453642871E-16 ) ) ;
#4927 = DIRECTION ( 'NONE',  ( 0.000000000000000000, -1.000000000000000000, 0.000000000000000000 ) ) ;
#4928 = CARTESIAN_POINT ( 'NONE',  ( 21.64544826719042447, -12.00000000000000000, 52.85000000000000853 ) ) ;
#4929 = CARTESIAN_POINT ( 'NONE',  ( -28.35455173280955421, 10.00000000000000000, 58.35455173280957553 ) ) ;
#4930 = DIRECTION ( 'NONE',  ( 0.000000000000000000, 1.000000000000000000, 0.000000000000000000 ) ) ;
#4931 = EDGE_CURVE ( 'NONE', #4291, #1988, #8628, .T. ) ;
#4932 = ADVANCED_FACE ( 'NONE', ( #2758 ), #5805, .F. ) ;
#4933 = EDGE_CURVE ( 'NONE', #8527, #50, #1265, .T. ) ;
#4934 = ORIENTED_EDGE ( 'NONE', *, *, #6808, .F. ) ;
#4935 = FACE_OUTER_BOUND ( 'NONE', #8847, .T. ) ;
#4936 = PLANE ( 'NONE',  #1806 ) ;
#4937 = ORIENTED_EDGE ( 'NONE', *, *, #324, .F. ) ;
#4938 = ORIENTED_EDGE ( 'NONE', *, *, #9056, .T. ) ;
#4939 = DIRECTION ( 'NONE',  ( 1.000000000000000000, -0.000000000000000000, -0.000000000000000000 ) ) ;
#4940 = ORIENTED_EDGE ( 'NONE', *, *, #4642, .F. ) ;
#4941 = ORIENTED_EDGE ( 'NONE', *, *, #1604, .F. ) ;
#4942 = DIRECTION ( 'NONE',  ( 0.000000000000000000, 1.000000000000000000, 0.000000000000000000 ) ) ;
#4943 = CARTESIAN_POINT ( 'NONE',  ( -23.29089653438086316, -12.00000000000000000, 10.00000000000000711 ) ) ;
#4944 = EDGE_CURVE ( 'NONE', #8972, #5564, #5595, .T. ) ;
#4945 = DIRECTION ( 'NONE',  ( 0.000000000000000000, 1.000000000000000000, 0.000000000000000000 ) ) ;
#4946 = ADVANCED_FACE ( 'NONE', ( #4862 ), #4209, .T. ) ;
#4947 = EDGE_CURVE ( 'NONE', #8824, #4658, #9416, .T. ) ;
#4948 = ORIENTED_EDGE ( 'NONE', *, *, #1220, .T. ) ;
#4949 = LINE ( 'NONE', #1860, #225 ) ;
#4950 = EDGE_CURVE ( 'NONE', #4812, #9777, #7950, .T. ) ;
#4951 = CARTESIAN_POINT ( 'NONE',  ( -26.70910346561912618, -12.00000000000000000, 10.00000000000000711 ) ) ;
#4952 = VERTEX_POINT ( 'NONE', #1962 ) ;
#4953 = PLANE ( 'NONE',  #5448 ) ;
#4954 = CARTESIAN_POINT ( 'NONE',  ( -8.354551732809550657, 0.000000000000000000, 12.85000000000000675 ) ) ;
#4955 = DIRECTION ( 'NONE',  ( -0.5000000000000009992, 0.000000000000000000, 0.8660254037844380415 ) ) ;
#4956 = DIRECTION ( 'NONE',  ( -0.4999999999999990008, 0.000000000000000000, -0.8660254037844391517 ) ) ;
#4957 = ORIENTED_EDGE ( 'NONE', *, *, #9194, .T. ) ;
#4958 = LINE ( 'NONE', #7997, #5616 ) ;
#4959 = ORIENTED_EDGE ( 'NONE', *, *, #9542, .F. ) ;
#4960 = ORIENTED_EDGE ( 'NONE', *, *, #1779, .F. ) ;
#4961 = ORIENTED_EDGE ( 'NONE', *, *, #1104, .T. ) ;
#4962 = DIRECTION ( 'NONE',  ( -1.000000000000000000, 0.000000000000000000, 0.000000000000000000 ) ) ;
#4963 = LINE ( 'NONE', #9528, #4030 ) ;
#4964 = ORIENTED_EDGE ( 'NONE', *, *, #6654, .F. ) ;
#4965 = CARTESIAN_POINT ( 'NONE',  ( 56.70910346561912974, -12.00000000000000000, 10.00000000000000711 ) ) ;
#4966 = LINE ( 'NONE', #2621, #7271 ) ;
#4967 = ORIENTED_EDGE ( 'NONE', *, *, #3772, .T. ) ;
#4968 = CARTESIAN_POINT ( 'NONE',  ( -33.29089653438086316, -12.00000000000000000, 3.038187096183830448E-15 ) ) ;
#4969 = FACE_OUTER_BOUND ( 'NONE', #3303, .T. ) ;
#4970 = FACE_OUTER_BOUND ( 'NONE', #2227, .T. ) ;
#4971 = LINE ( 'NONE', #450, #1318 ) ;
#4972 = DIRECTION ( 'NONE',  ( 0.000000000000000000, 1.000000000000000000, 0.000000000000000000 ) ) ;
#4973 = CARTESIAN_POINT ( 'NONE',  ( 6.709103465618808215, -12.00000000000000000, 40.00000000000000000 ) ) ;
#4974 = ORIENTED_EDGE ( 'NONE', *, *, #7314, .T. ) ;
#4975 = EDGE_CURVE ( 'NONE', #6501, #178, #4958, .T. ) ;
#4976 = VECTOR ( 'NONE', #2734, 1000.000000000000000 ) ;
#4977 = DIRECTION ( 'NONE',  ( 0.4999999999999995004, 0.000000000000000000, -0.8660254037844389297 ) ) ;
#4978 = VECTOR ( 'NONE', #8785, 1000.000000000000000 ) ;
#4979 = CARTESIAN_POINT ( 'NONE',  ( 8.354551732809342823, -12.00000000000000000, 32.85000000000000142 ) ) ;
#4980 = ORIENTED_EDGE ( 'NONE', *, *, #3681, .F. ) ;
#4982 = EDGE_CURVE ( 'NONE', #4287, #7878, #1164, .T. ) ;
#4981 = ORIENTED_EDGE ( 'NONE', *, *, #8, .F. ) ;
#4983 = LINE ( 'NONE', #2041, #9318 ) ;
#4984 = ORIENTED_EDGE ( 'NONE', *, *, #2209, .F. ) ;
#4985 = ORIENTED_EDGE ( 'NONE', *, *, #6600, .F. ) ;
#4986 = DIRECTION ( 'NONE',  ( -0.4999999999999992228, 0.000000000000000000, -0.8660254037844390407 ) ) ;
#4987 = LINE ( 'NONE', #4898, #4405 ) ;
#4988 = AXIS2_PLACEMENT_3D ( 'NONE', #8810, #8129, #8765 ) ;
#4989 = VECTOR ( 'NONE', #8222, 1000.000000000000000 ) ;
#4990 = LINE ( 'NONE', #7287, #4420 ) ;
#4991 = VECTOR ( 'NONE', #6379, 1000.000000000000000 ) ;
#4992 = VERTEX_POINT ( 'NONE', #8775 ) ;
#4993 = PLANE ( 'NONE',  #1795 ) ;
#4994 = EDGE_CURVE ( 'NONE', #519, #8824, #5754, .T. ) ;
#4995 = FACE_OUTER_BOUND ( 'NONE', #912, .T. ) ;
#4996 = VECTOR ( 'NONE', #2894, 1000.000000000000000 ) ;
#4997 = ADVANCED_FACE ( 'NONE', ( #8974 ), #3624, .T. ) ;
#4998 = VECTOR ( 'NONE', #4537, 1000.000000000000000 ) ;
#4999 = ORIENTED_EDGE ( 'NONE', *, *, #8707, .F. ) ;
#5000 = EDGE_CURVE ( 'NONE', #3746, #4852, #2158, .T. ) ;
#5001 = DIRECTION ( 'NONE',  ( 0.000000000000000000, 0.000000000000000000, -1.000000000000000000 ) ) ;
#5002 = DIRECTION ( 'NONE',  ( -0.000000000000000000, -1.000000000000000000, -0.000000000000000000 ) ) ;
#5003 = CARTESIAN_POINT ( 'NONE',  ( -56.70910346561913684, 0.000000000000000000, 10.00000000000000888 ) ) ;
#5004 = CARTESIAN_POINT ( 'NONE',  ( -16.70910346561891302, -12.00000000000000000, 30.00000000000000711 ) ) ;
#5005 = VERTEX_POINT ( 'NONE', #9028 ) ;
#5006 = AXIS2_PLACEMENT_3D ( 'NONE', #5584, #7615, #8350 ) ;
#5007 = EDGE_CURVE ( 'NONE', #7414, #291, #7553, .T. ) ;
#5008 = LINE ( 'NONE', #7301, #2756 ) ;
#5009 = EDGE_LOOP ( 'NONE', ( #7189, #685, #4022, #5744 ) ) ;
#5010 = EDGE_CURVE ( 'NONE', #3315, #298, #1310, .T. ) ;
#5011 = ORIENTED_EDGE ( 'NONE', *, *, #5972, .F. ) ;
#5012 = EDGE_LOOP ( 'NONE', ( #6590, #9013, #9543, #2410 ) ) ;
#5013 = DIRECTION ( 'NONE',  ( 0.000000000000000000, 1.000000000000000000, 0.000000000000000000 ) ) ;
#5014 = DIRECTION ( 'NONE',  ( -0.8660254037844383745, 0.000000000000000000, -0.5000000000000006661 ) ) ;
#5015 = ORIENTED_EDGE ( 'NONE', *, *, #9775, .F. ) ;
#5016 = EDGE_CURVE ( 'NONE', #8638, #8098, #779, .T. ) ;
#5017 = AXIS2_PLACEMENT_3D ( 'NONE', #6975, #109, #8501 ) ;
#5018 = DIRECTION ( 'NONE',  ( -1.000000000000000000, 0.000000000000000000, 0.000000000000000000 ) ) ;
#5019 = ORIENTED_EDGE ( 'NONE', *, *, #8706, .T. ) ;
#5020 = CARTESIAN_POINT ( 'NONE',  ( -51.64544826719043868, -12.00000000000000000, 2.849999999999998312 ) ) ;
#5021 = FACE_OUTER_BOUND ( 'NONE', #4103, .T. ) ;
#5022 = CARTESIAN_POINT ( 'NONE',  ( 13.29089653438065000, 0.000000000000000000, 30.00000000000000000 ) ) ;
#5023 = DIRECTION ( 'NONE',  ( 0.000000000000000000, 1.000000000000000000, 0.000000000000000000 ) ) ;
#5024 = CARTESIAN_POINT ( 'NONE',  ( -11.64544826719021664, 0.000000000000000000, 27.15000000000000568 ) ) ;
#5025 = VECTOR ( 'NONE', #3024, 1000.000000000000000 ) ;
#5026 = DIRECTION ( 'NONE',  ( 0.000000000000000000, 1.000000000000000000, 0.000000000000000000 ) ) ;
#5027 = ORIENTED_EDGE ( 'NONE', *, *, #6081, .T. ) ;
#5028 = AXIS2_PLACEMENT_3D ( 'NONE', #1719, #4003, #4763 ) ;
#5029 = CARTESIAN_POINT ( 'NONE',  ( -11.64544826719000881, -12.00000000000000000, 52.85000000000000142 ) ) ;
#5030 = CARTESIAN_POINT ( 'NONE',  ( -16.70910346561880999, -12.00000000000000000, 40.00000000000000000 ) ) ;
#5031 = ORIENTED_EDGE ( 'NONE', *, *, #8748, .T. ) ;
#5032 = ORIENTED_EDGE ( 'NONE', *, *, #6697, .T. ) ;
#5033 = DIRECTION ( 'NONE',  ( 0.4999999999999996669, 0.000000000000000000, -0.8660254037844388186 ) ) ;
#5034 = EDGE_CURVE ( 'NONE', #9204, #5658, #5197, .T. ) ;
#5035 = VERTEX_POINT ( 'NONE', #7606 ) ;
#5036 = CARTESIAN_POINT ( 'NONE',  ( 6.709103465618704298, 0.000000000000000000, 50.00000000000000000 ) ) ;
#5037 = DIRECTION ( 'NONE',  ( 0.4999999999999992228, 0.000000000000000000, 0.8660254037844390407 ) ) ;
#5038 = DIRECTION ( 'NONE',  ( 0.000000000000000000, 1.000000000000000000, 0.000000000000000000 ) ) ;
#5039 = VECTOR ( 'NONE', #1399, 1000.000000000000000 ) ;
#5040 = EDGE_LOOP ( 'NONE', ( #2684, #6745, #8362, #5358, #2212 ) ) ;
#5041 = CARTESIAN_POINT ( 'NONE',  ( 6.709103465618808215, 0.000000000000000000, 40.00000000000000000 ) ) ;
#5042 = EDGE_CURVE ( 'NONE', #6289, #5142, #6803, .T. ) ;
#5043 = CARTESIAN_POINT ( 'NONE',  ( -23.29089653438086316, -12.00000000000000000, 3.038187096183830448E-15 ) ) ;
#5044 = VECTOR ( 'NONE', #8220, 1000.000000000000000 ) ;
#5045 = ORIENTED_EDGE ( 'NONE', *, *, #855, .F. ) ;
#5046 = FACE_OUTER_BOUND ( 'NONE', #6562, .T. ) ;
#5047 = VECTOR ( 'NONE', #2581, 1000.000000000000114 ) ;
#5048 = VECTOR ( 'NONE', #3970, 1000.000000000000000 ) ;
#5049 = DIRECTION ( 'NONE',  ( -1.734723475976807094E-16, -0.000000000000000000, 1.000000000000000000 ) ) ;
#5050 = DIRECTION ( 'NONE',  ( 0.000000000000000000, 1.000000000000000000, 0.000000000000000000 ) ) ;
#5051 = DIRECTION ( 'NONE',  ( 0.4999999999999992784, 0.000000000000000000, -0.8660254037844390407 ) ) ;
#5052 = DIRECTION ( 'NONE',  ( 0.8660254037844387076, -0.000000000000000000, 0.4999999999999999445 ) ) ;
#5053 = VECTOR ( 'NONE', #2001, 1000.000000000000000 ) ;
#5054 = EDGE_CURVE ( 'NONE', #1052, #3865, #623, .T. ) ;
#5055 = CARTESIAN_POINT ( 'NONE',  ( 11.64544826719000881, -12.00000000000000000, 52.85000000000000142 ) ) ;
#5056 = VECTOR ( 'NONE', #4327, 1000.000000000000000 ) ;
#5057 = EDGE_CURVE ( 'NONE', #3329, #5360, #6652, .T. ) ;
#5058 = ORIENTED_EDGE ( 'NONE', *, *, #3414, .T. ) ;
#5059 = ORIENTED_EDGE ( 'NONE', *, *, #1909, .T. ) ;
#5060 = DIRECTION ( 'NONE',  ( 0.000000000000000000, 1.000000000000000000, 0.000000000000000000 ) ) ;
#5061 = ORIENTED_EDGE ( 'NONE', *, *, #9714, .F. ) ;
#5062 = ORIENTED_EDGE ( 'NONE', *, *, #2558, .F. ) ;
#5063 = ORIENTED_EDGE ( 'NONE', *, *, #2217, .F. ) ;
#5064 = DIRECTION ( 'NONE',  ( 0.000000000000000000, 0.000000000000000000, 1.000000000000000000 ) ) ;
#5065 = EDGE_CURVE ( 'NONE', #8406, #9321, #570, .T. ) ;
#5066 = DIRECTION ( 'NONE',  ( -0.5000000000000004441, 0.000000000000000000, 0.8660254037844383745 ) ) ;
#5067 = EDGE_CURVE ( 'NONE', #7303, #3650, #9669, .T. ) ;
#5068 = VERTEX_POINT ( 'NONE', #4509 ) ;
#5069 = LINE ( 'NONE', #2673, #1355 ) ;
#5070 = CARTESIAN_POINT ( 'NONE',  ( 8.354551732809238018, -12.00000000000000000, 37.15000000000000568 ) ) ;
#5071 = VERTEX_POINT ( 'NONE', #5098 ) ;
#5072 = ORIENTED_EDGE ( 'NONE', *, *, #4579, .T. ) ;
#5073 = DIRECTION ( 'NONE',  ( 0.8660254037844383745, 0.000000000000000000, -0.5000000000000004441 ) ) ;
#5074 = CARTESIAN_POINT ( 'NONE',  ( -8.354551732809134990, -12.00000000000000000, 47.14999999999999858 ) ) ;
#5075 = LINE ( 'NONE', #8116, #7763 ) ;
#5076 = EDGE_CURVE ( 'NONE', #3248, #7115, #6747, .T. ) ;
#5077 = VERTEX_POINT ( 'NONE', #2101 ) ;
#5078 = CARTESIAN_POINT ( 'NONE',  ( 11.64544826719011361, -12.00000000000000000, 37.15000000000000568 ) ) ;
#5079 = DIRECTION ( 'NONE',  ( 1.000000000000000000, -0.000000000000000000, -0.000000000000000000 ) ) ;
#5080 = CARTESIAN_POINT ( 'NONE',  ( -60.35455173280956132, 41.15544456622760805, 18.35455173280956132 ) ) ;
#5081 = VERTEX_POINT ( 'NONE', #8920 ) ;
#5082 = SURFACE_STYLE_FILL_AREA ( #8219 ) ;
#5083 = DIRECTION ( 'NONE',  ( 0.000000000000000000, 1.000000000000000000, -1.074435003146972733E-16 ) ) ;
#5084 = VERTEX_POINT ( 'NONE', #5141 ) ;
#5085 = FACE_OUTER_BOUND ( 'NONE', #3456, .T. ) ;
#5086 = CARTESIAN_POINT ( 'NONE',  ( -41.64544826719043158, -12.00000000000000000, 12.85000000000000675 ) ) ;
#5087 = ORIENTED_EDGE ( 'NONE', *, *, #1270, .T. ) ;
#5088 = FACE_OUTER_BOUND ( 'NONE', #4915, .T. ) ;
#5089 = DIRECTION ( 'NONE',  ( -1.000000000000000000, 0.000000000000000000, -0.000000000000000000 ) ) ;
#5090 = ORIENTED_EDGE ( 'NONE', *, *, #3061, .T. ) ;
#5091 = DIRECTION ( 'NONE',  ( 0.8660254037844380415, 0.000000000000000000, -0.5000000000000009992 ) ) ;
#5092 = CARTESIAN_POINT ( 'NONE',  ( 13.29089653438055230, 0.000000000000000000, 39.99999999999999289 ) ) ;
#5093 = DIRECTION ( 'NONE',  ( 0.8660254037844381525, 0.000000000000000000, -0.5000000000000008882 ) ) ;
#5094 = DIRECTION ( 'NONE',  ( -0.8660254037844380415, 0.000000000000000000, -0.5000000000000009992 ) ) ;
#5095 = ORIENTED_EDGE ( 'NONE', *, *, #4141, .T. ) ;
#5096 = FACE_OUTER_BOUND ( 'NONE', #8705, .T. ) ;
#5097 = ORIENTED_EDGE ( 'NONE', *, *, #4522, .F. ) ;
#5098 = CARTESIAN_POINT ( 'NONE',  ( 60.35455173280956132, 36.15544456622761516, -48.64544826719049553 ) ) ;
#5099 = VERTEX_POINT ( 'NONE', #9076 ) ;
#5100 = ORIENTED_EDGE ( 'NONE', *, *, #4128, .F. ) ;
#5101 = EDGE_CURVE ( 'NONE', #488, #9096, #8343, .T. ) ;
#5102 = ORIENTED_EDGE ( 'NONE', *, *, #6885, .T. ) ;
#5103 = CARTESIAN_POINT ( 'NONE',  ( -33.29089653438086316, -12.00000000000000000, 3.038187096183830448E-15 ) ) ;
#5104 = CARTESIAN_POINT ( 'NONE',  ( -41.64544826719043158, -12.00000000000000000, -2.850000000000000089 ) ) ;
#5105 = VERTEX_POINT ( 'NONE', #669 ) ;
#5106 = FACE_OUTER_BOUND ( 'NONE', #3620, .T. ) ;
#5107 = EDGE_CURVE ( 'NONE', #8076, #1666, #8193, .T. ) ;
#5108 = VERTEX_POINT ( 'NONE', #2260 ) ;
#5109 = EDGE_CURVE ( 'NONE', #1769, #1137, #1364, .T. ) ;
#5110 = DIRECTION ( 'NONE',  ( -0.4999999999999989453, 0.000000000000000000, 0.8660254037844391517 ) ) ;
#5111 = ADVANCED_FACE ( 'NONE', ( #2903 ), #5949, .T. ) ;
#5112 = CARTESIAN_POINT ( 'NONE',  ( -6.709103465618700746, 0.000000000000000000, 49.99999999999998579 ) ) ;
#5113 = LINE ( 'NONE', #8067, #8531 ) ;
#5114 = ORIENTED_EDGE ( 'NONE', *, *, #3484, .F. ) ;
#5115 = DIRECTION ( 'NONE',  ( 0.8660254037844387076, -0.000000000000000000, 0.5000000000000001110 ) ) ;
#5116 = CARTESIAN_POINT ( 'NONE',  ( -21.64544826719021842, -12.00000000000000000, 27.15000000000000568 ) ) ;
#5117 = VERTEX_POINT ( 'NONE', #89 ) ;
#5118 = LINE ( 'NONE', #3691, #6139 ) ;
#5119 = LINE ( 'NONE', #8173, #5044 ) ;
#5120 = VERTEX_POINT ( 'NONE', #3118 ) ;
#5121 = DIRECTION ( 'NONE',  ( 0.000000000000000000, 1.000000000000000000, -0.000000000000000000 ) ) ;
#5122 = DIRECTION ( 'NONE',  ( 0.000000000000000000, 0.000000000000000000, 1.000000000000000000 ) ) ;
#5123 = CARTESIAN_POINT ( 'NONE',  ( -11.64544826719011361, 0.000000000000000000, 42.85000000000000142 ) ) ;
#5124 = ORIENTED_EDGE ( 'NONE', *, *, #3850, .T. ) ;
#5125 = CARTESIAN_POINT ( 'NONE',  ( 63.29089653438087026, -12.00000000000000000, 10.00000000000000711 ) ) ;
#5126 = VECTOR ( 'NONE', #6792, 1000.000000000000000 ) ;
#5127 = VECTOR ( 'NONE', #9372, 1000.000000000000114 ) ;
#5128 = CARTESIAN_POINT ( 'NONE',  ( 36.70910346561913684, 0.000000000000000000, 10.00000000000000711 ) ) ;
#5129 = EDGE_LOOP ( 'NONE', ( #8825, #2757, #2842, #1374 ) ) ;
#5130 = CARTESIAN_POINT ( 'NONE',  ( -46.70910346561912974, -12.00000000000000000, 10.00000000000000711 ) ) ;
#5131 = VECTOR ( 'NONE', #5887, 1000.000000000000000 ) ;
#5132 = VECTOR ( 'NONE', #9710, 1000.000000000000000 ) ;
#5133 = CARTESIAN_POINT ( 'NONE',  ( 26.70910346561912618, 0.000000000000000000, 10.00000000000000711 ) ) ;
#5134 = DIRECTION ( 'NONE',  ( -0.5000000000000247580, 0.000000000000000000, 0.8660254037844242747 ) ) ;
#5135 = CARTESIAN_POINT ( 'NONE',  ( 11.64544826719043158, 0.000000000000000000, 2.849999999999998312 ) ) ;
#5136 = ORIENTED_EDGE ( 'NONE', *, *, #9027, .F. ) ;
#5137 = CARTESIAN_POINT ( 'NONE',  ( 50.35455173280956132, 30.15544456622761516, -16.35455173280956487 ) ) ;
#5138 = AXIS2_PLACEMENT_3D ( 'NONE', #4348, #8185, #5434 ) ;
#5139 = AXIS2_PLACEMENT_3D ( 'NONE', #1887, #7963, #8697 ) ;
#5140 = VERTEX_POINT ( 'NONE', #8709 ) ;
#5141 = CARTESIAN_POINT ( 'NONE',  ( -21.64544826719032145, 0.000000000000000000, 22.85000000000000853 ) ) ;
#5142 = VERTEX_POINT ( 'NONE', #4614 ) ;
#5143 = ORIENTED_EDGE ( 'NONE', *, *, #2923, .F. ) ;
#5144 = FACE_OUTER_BOUND ( 'NONE', #2641, .T. ) ;
#5145 = ORIENTED_EDGE ( 'NONE', *, *, #179, .T. ) ;
#5146 = VECTOR ( 'NONE', #5704, 1000.000000000000000 ) ;
#5147 = FACE_OUTER_BOUND ( 'NONE', #7513, .T. ) ;
#5148 = LINE ( 'NONE', #2222, #7374 ) ;
#5149 = VERTEX_POINT ( 'NONE', #4133 ) ;
#5150 = ADVANCED_FACE ( 'NONE', ( #4889 ), #9390, .T. ) ;
#5151 = LINE ( 'NONE', #8355, #5297 ) ;
#5152 = CARTESIAN_POINT ( 'NONE',  ( 60.35455173280956132, 17.99999999999997868, -16.35455173280956487 ) ) ;
#5153 = ORIENTED_EDGE ( 'NONE', *, *, #4196, .F. ) ;
#5154 = CARTESIAN_POINT ( 'NONE',  ( 8.354551732809447628, -12.00000000000000000, 22.85000000000000497 ) ) ;
#5155 = ORIENTED_EDGE ( 'NONE', *, *, #4816, .F. ) ;
#5156 = FACE_OUTER_BOUND ( 'NONE', #8987, .T. ) ;
#5157 = CARTESIAN_POINT ( 'NONE',  ( 60.35455173280956132, 30.15544456622761516, -16.35455173280956487 ) ) ;
#5158 = EDGE_CURVE ( 'NONE', #8140, #3746, #6899, .T. ) ;
#5159 = VECTOR ( 'NONE', #4222, 1000.000000000000114 ) ;
#5160 = VERTEX_POINT ( 'NONE', #3390 ) ;
#5161 = ADVANCED_FACE ( 'NONE', ( #3064 ), #4936, .T. ) ;
#5162 = EDGE_CURVE ( 'NONE', #8293, #6377, #2409, .T. ) ;
#5163 = CARTESIAN_POINT ( 'NONE',  ( 13.29089653438055052, -12.00000000000000000, 40.00000000000000000 ) ) ;
#5164 = VECTOR ( 'NONE', #5347, 1000.000000000000000 ) ;
#5165 = CARTESIAN_POINT ( 'NONE',  ( 60.35455173280956132, 41.15544456622760805, -56.64544826719043868 ) ) ;
#5166 = VERTEX_POINT ( 'NONE', #6106 ) ;
#5167 = DIRECTION ( 'NONE',  ( 0.000000000000000000, -1.000000000000000000, 0.000000000000000000 ) ) ;
#5168 = DIRECTION ( 'NONE',  ( 0.000000000000000000, 1.000000000000000000, 0.000000000000000000 ) ) ;
#5169 = VECTOR ( 'NONE', #4625, 1000.000000000000000 ) ;
#5170 = ORIENTED_EDGE ( 'NONE', *, *, #2393, .F. ) ;
#5171 = DIRECTION ( 'NONE',  ( 0.5000000000000003331, 0.000000000000000000, -0.8660254037844383745 ) ) ;
#5172 = CARTESIAN_POINT ( 'NONE',  ( 11.64544826719042447, -12.00000000000000000, 12.85000000000000675 ) ) ;
#5173 = DIRECTION ( 'NONE',  ( 1.734723475976807094E-16, 0.000000000000000000, -1.000000000000000000 ) ) ;
#5174 = EDGE_CURVE ( 'NONE', #7416, #178, #4708, .T. ) ;
#5175 = ADVANCED_FACE ( 'NONE', ( #7974 ), #7174, .T. ) ;
#5176 = ORIENTED_EDGE ( 'NONE', *, *, #8814, .F. ) ;
#5177 = PLANE ( 'NONE',  #1794 ) ;
#5178 = ADVANCED_FACE ( 'NONE', ( #1095 ), #2365, .T. ) ;
#5179 = VECTOR ( 'NONE', #7461, 1000.000000000000114 ) ;
#5180 = CARTESIAN_POINT ( 'NONE',  ( 11.64544826719032145, -12.00000000000000000, 17.15000000000000568 ) ) ;
#5181 = ORIENTED_EDGE ( 'NONE', *, *, #8143, .T. ) ;
#5182 = LINE ( 'NONE', #6548, #6114 ) ;
#5183 = DIRECTION ( 'NONE',  ( -0.4999999999999995004, 0.000000000000000000, -0.8660254037844389297 ) ) ;
#5184 = CARTESIAN_POINT ( 'NONE',  ( 28.35455173280955421, -12.00000000000000000, 12.85000000000000675 ) ) ;
#5185 = CARTESIAN_POINT ( 'NONE',  ( 60.35455173280956132, 14.99999999999997691, -48.64544826719049553 ) ) ;
#5186 = AXIS2_PLACEMENT_3D ( 'NONE', #2546, #7087, #5785 ) ;
#5187 = PLANE ( 'NONE',  #4099 ) ;
#5188 = EDGE_CURVE ( 'NONE', #445, #3920, #2313, .T. ) ;
#5189 = EDGE_LOOP ( 'NONE', ( #9072, #3824, #4463, #5456 ) ) ;
#5190 = PLANE ( 'NONE',  #7889 ) ;
#5191 = VECTOR ( 'NONE', #8903, 1000.000000000000114 ) ;
#5192 = ORIENTED_EDGE ( 'NONE', *, *, #5101, .F. ) ;
#5193 = VECTOR ( 'NONE', #8069, 1000.000000000000000 ) ;
#5194 = CIRCLE ( 'NONE', #2653, 2.999999999999999112 ) ;
#5195 = CARTESIAN_POINT ( 'NONE',  ( -18.35455173280924512, -12.00000000000000000, 42.85000000000000142 ) ) ;
#5196 = ADVANCED_FACE ( 'NONE', ( #7749 ), #5399, .T. ) ;
#5197 = LINE ( 'NONE', #3710, #8484 ) ;
#5198 = ORIENTED_EDGE ( 'NONE', *, *, #6124, .F. ) ;
#5199 = VERTEX_POINT ( 'NONE', #8437 ) ;
#5200 = CARTESIAN_POINT ( 'NONE',  ( 21.64544826719043513, -12.00000000000000000, 2.849999999999998312 ) ) ;
#5201 = VECTOR ( 'NONE', #3317, 1000.000000000000000 ) ;
#5202 = PLANE ( 'NONE',  #8487 ) ;
#5203 = VERTEX_POINT ( 'NONE', #5685 ) ;
#5204 = VECTOR ( 'NONE', #7161, 1000.000000000000000 ) ;
#5205 = LINE ( 'NONE', #523, #8211 ) ;
#5206 = VECTOR ( 'NONE', #2378, 1000.000000000000000 ) ;
#5207 = DIRECTION ( 'NONE',  ( 0.000000000000000000, 1.000000000000000000, 0.000000000000000000 ) ) ;
#5208 = ORIENTED_EDGE ( 'NONE', *, *, #1277, .T. ) ;
#5209 = VECTOR ( 'NONE', #2335, 1000.000000000000114 ) ;
#5210 = DIRECTION ( 'NONE',  ( -0.4999999999999990563, 0.000000000000000000, 0.8660254037844391517 ) ) ;
#5211 = VERTEX_POINT ( 'NONE', #5627 ) ;
#5212 = EDGE_CURVE ( 'NONE', #3907, #7153, #1136, .T. ) ;
#5213 = EDGE_LOOP ( 'NONE', ( #2096, #9752, #9219, #1563 ) ) ;
#5214 = CARTESIAN_POINT ( 'NONE',  ( -16.70910346561870696, -12.00000000000000000, 50.00000000000000000 ) ) ;
#5215 = ORIENTED_EDGE ( 'NONE', *, *, #3857, .F. ) ;
#5216 = LINE ( 'NONE', #1429, #7729 ) ;
#5217 = CARTESIAN_POINT ( 'NONE',  ( -18.35455173280955776, -12.00000000000000000, 52.85000000000000853 ) ) ;
#5218 = AXIS2_PLACEMENT_3D ( 'NONE', #8938, #1382, #2875 ) ;
#5219 = EDGE_LOOP ( 'NONE', ( #9193, #1895, #6021, #1911 ) ) ;
#5220 = FACE_OUTER_BOUND ( 'NONE', #602, .T. ) ;
#5221 = CARTESIAN_POINT ( 'NONE',  ( 31.64544826719042803, -12.00000000000000000, 12.85000000000000675 ) ) ;
#5222 = VERTEX_POINT ( 'NONE', #5349 ) ;
#5223 = VERTEX_POINT ( 'NONE', #8395 ) ;
#5224 = CARTESIAN_POINT ( 'NONE',  ( 58.35455173280956132, -12.00000000000000000, 12.85000000000000675 ) ) ;
#5225 = EDGE_CURVE ( 'NONE', #1584, #6350, #1565, .T. ) ;
#5226 = ADVANCED_FACE ( 'NONE', ( #917 ), #137, .F. ) ;
#5227 = VERTEX_POINT ( 'NONE', #6998 ) ;
#5228 = EDGE_CURVE ( 'NONE', #807, #8735, #177, .T. ) ;
#5229 = LINE ( 'NONE', #9798, #6736 ) ;
#5230 = PLANE ( 'NONE',  #749 ) ;
#5231 = DIRECTION ( 'NONE',  ( 0.4999999999999995004, 0.000000000000000000, -0.8660254037844389297 ) ) ;
#5232 = ORIENTED_EDGE ( 'NONE', *, *, #5307, .F. ) ;
#5233 = CARTESIAN_POINT ( 'NONE',  ( -50.35455173280956132, 10.00000000000000178, -56.64544826719043158 ) ) ;
#5234 = CARTESIAN_POINT ( 'NONE',  ( -8.354551732809238018, 0.000000000000000000, 42.85000000000000142 ) ) ;
#5235 = ORIENTED_EDGE ( 'NONE', *, *, #6341, .F. ) ;
#5236 = CARTESIAN_POINT ( 'NONE',  ( -21.64544826719042447, -12.00000000000000000, 52.85000000000000853 ) ) ;
#5237 = EDGE_CURVE ( 'NONE', #8052, #540, #8170, .T. ) ;
#5238 = LINE ( 'NONE', #3753, #2827 ) ;
#5239 = ORIENTED_EDGE ( 'NONE', *, *, #2116, .F. ) ;
#5240 = EDGE_CURVE ( 'NONE', #6651, #5534, #2688, .T. ) ;
#5241 = EDGE_CURVE ( 'NONE', #5203, #2898, #2882, .T. ) ;
#5242 = DIRECTION ( 'NONE',  ( 0.8660254037844381525, -0.000000000000000000, 0.5000000000000008882 ) ) ;
#5243 = DIRECTION ( 'NONE',  ( -1.000000000000000000, 0.000000000000000000, 0.000000000000000000 ) ) ;
#5244 = LINE ( 'NONE', #8285, #6967 ) ;
#5245 = VERTEX_POINT ( 'NONE', #4182 ) ;
#5246 = LINE ( 'NONE', #1454, #2469 ) ;
#5247 = VERTEX_POINT ( 'NONE', #5116 ) ;
#5248 = CARTESIAN_POINT ( 'NONE',  ( -41.64544826719043158, -12.00000000000000000, 12.85000000000000675 ) ) ;
#5249 = CARTESIAN_POINT ( 'NONE',  ( 48.35455173280956132, 0.000000000000000000, 7.150000000000007461 ) ) ;
#5250 = ORIENTED_EDGE ( 'NONE', *, *, #5880, .T. ) ;
#5251 = ORIENTED_EDGE ( 'NONE', *, *, #3014, .F. ) ;
#5252 = LINE ( 'NONE', #2264, #1998 ) ;
#5253 = DIRECTION ( 'NONE',  ( 0.000000000000000000, 1.000000000000000000, 0.000000000000000000 ) ) ;
#5254 = CARTESIAN_POINT ( 'NONE',  ( -23.29089653438055052, -12.00000000000000000, 40.00000000000000000 ) ) ;
#5255 = CARTESIAN_POINT ( 'NONE',  ( -51.64544826719043158, -12.00000000000000000, 12.85000000000000675 ) ) ;
#5256 = ORIENTED_EDGE ( 'NONE', *, *, #2791, .F. ) ;
#5257 = EDGE_CURVE ( 'NONE', #1666, #2102, #2832, .T. ) ;
#5258 = CARTESIAN_POINT ( 'NONE',  ( 26.70910346561912618, -12.00000000000000000, 1.294402214996931218E-15 ) ) ;
#5259 = ORIENTED_EDGE ( 'NONE', *, *, #5000, .T. ) ;
#5260 = CARTESIAN_POINT ( 'NONE',  ( 63.29089653438087026, -12.00000000000000000, 3.038187096183830448E-15 ) ) ;
#5261 = EDGE_LOOP ( 'NONE', ( #3496, #3764, #8184, #197, #3700, #8549 ) ) ;
#5262 = PLANE ( 'NONE',  #1841 ) ;
#5263 = DIRECTION ( 'NONE',  ( 0.4999999999999999445, 0.000000000000000000, 0.8660254037844387076 ) ) ;
#5264 = DIRECTION ( 'NONE',  ( 1.000000000000000000, -0.000000000000000000, 1.317819823453642871E-16 ) ) ;
#5265 = ORIENTED_EDGE ( 'NONE', *, *, #1220, .F. ) ;
#5266 = CARTESIAN_POINT ( 'NONE',  ( -43.29089653438087026, -12.00000000000000000, 10.00000000000000711 ) ) ;
#5267 = ORIENTED_EDGE ( 'NONE', *, *, #349, .F. ) ;
#5268 = LINE ( 'NONE', #8313, #9499 ) ;
#5269 = FACE_OUTER_BOUND ( 'NONE', #2872, .T. ) ;
#5270 = LINE ( 'NONE', #3791, #4840 ) ;
#5271 = ORIENTED_EDGE ( 'NONE', *, *, #1336, .F. ) ;
#5272 = DIRECTION ( 'NONE',  ( 0.000000000000000000, -0.000000000000000000, -1.000000000000000000 ) ) ;
#5273 = PLANE ( 'NONE',  #9172 ) ;
#5274 = DIRECTION ( 'NONE',  ( 0.000000000000000000, 1.000000000000000000, 0.000000000000000000 ) ) ;
#5275 = CARTESIAN_POINT ( 'NONE',  ( -50.35455173280956132, 17.99999999999997868, -16.35455173280956487 ) ) ;
#5276 = CARTESIAN_POINT ( 'NONE',  ( 11.64544826719032145, -12.00000000000000000, 22.85000000000000497 ) ) ;
#5277 = ORIENTED_EDGE ( 'NONE', *, *, #7583, .F. ) ;
#5278 = CARTESIAN_POINT ( 'NONE',  ( -18.35455173280955776, -12.00000000000000000, 12.85000000000000675 ) ) ;
#5279 = DIRECTION ( 'NONE',  ( 1.000000000000000000, 0.000000000000000000, -1.317819823453642871E-16 ) ) ;
#5280 = VERTEX_POINT ( 'NONE', #1338 ) ;
#5281 = LINE ( 'NONE', #3948, #856 ) ;
#5282 = FACE_OUTER_BOUND ( 'NONE', #6640, .T. ) ;
#5283 = ORIENTED_EDGE ( 'NONE', *, *, #2804, .T. ) ;
#5284 = CARTESIAN_POINT ( 'NONE',  ( 8.354551732809134990, -12.00000000000000000, 52.85000000000000142 ) ) ;
#5285 = LINE ( 'NONE', #2255, #7263 ) ;
#5286 = CARTESIAN_POINT ( 'NONE',  ( 18.35455173280955421, -12.00000000000000000, -2.850000000000000089 ) ) ;
#5287 = AXIS2_PLACEMENT_3D ( 'NONE', #1524, #1470, #634 ) ;
#5288 = EDGE_LOOP ( 'NONE', ( #7042, #3170, #3902, #4795 ) ) ;
#5289 = EDGE_CURVE ( 'NONE', #8052, #6959, #1244, .T. ) ;
#5290 = EDGE_CURVE ( 'NONE', #9777, #3248, #6673, .T. ) ;
#5291 = ORIENTED_EDGE ( 'NONE', *, *, #4156, .T. ) ;
#5292 = EDGE_CURVE ( 'NONE', #2838, #1052, #3648, .T. ) ;
#5293 = CARTESIAN_POINT ( 'NONE',  ( 11.64544826719021664, 0.000000000000000000, 27.15000000000000568 ) ) ;
#5294 = AXIS2_PLACEMENT_3D ( 'NONE', #2403, #6240, #1703 ) ;
#5295 = DIRECTION ( 'NONE',  ( 0.5000000000000009992, 0.000000000000000000, 0.8660254037844380415 ) ) ;
#5296 = VERTEX_POINT ( 'NONE', #3499 ) ;
#5297 = VECTOR ( 'NONE', #581, 1000.000000000000000 ) ;
#5298 = VECTOR ( 'NONE', #3423, 1000.000000000000000 ) ;
#5299 = LINE ( 'NONE', #8155, #1868 ) ;
#5300 = FACE_OUTER_BOUND ( 'NONE', #7911, .T. ) ;
#5301 = FACE_OUTER_BOUND ( 'NONE', #8153, .T. ) ;
#5302 = DIRECTION ( 'NONE',  ( -0.5000000000000001110, 0.000000000000000000, 0.8660254037844384856 ) ) ;
#5303 = DIRECTION ( 'NONE',  ( -0.8660254037844380415, 0.000000000000000000, 0.5000000000000009992 ) ) ;
#5304 = VECTOR ( 'NONE', #3817, 1000.000000000000000 ) ;
#5305 = CARTESIAN_POINT ( 'NONE',  ( -48.35455173280956132, -12.00000000000000000, 2.849999999999997868 ) ) ;
#5306 = VECTOR ( 'NONE', #2806, 1000.000000000000000 ) ;
#5307 = EDGE_CURVE ( 'NONE', #1185, #4658, #8026, .T. ) ;
#5308 = ORIENTED_EDGE ( 'NONE', *, *, #6677, .F. ) ;
#5309 = EDGE_CURVE ( 'NONE', #7711, #9199, #2038, .T. ) ;
#5310 = PLANE ( 'NONE',  #5287 ) ;
#5311 = VERTEX_POINT ( 'NONE', #2133 ) ;
#5312 = VECTOR ( 'NONE', #7430, 1000.000000000000114 ) ;
#5314 = DIRECTION ( 'NONE',  ( 0.000000000000000000, 1.000000000000000000, 0.000000000000000000 ) ) ;
#5313 = VECTOR ( 'NONE', #4020, 1000.000000000000114 ) ;
#5315 = DIRECTION ( 'NONE',  ( 0.5000000000000942579, 0.000000000000000000, -0.8660254037843843067 ) ) ;
#5316 = DIRECTION ( 'NONE',  ( 0.000000000000000000, 1.000000000000000000, 0.000000000000000000 ) ) ;
#5317 = DIRECTION ( 'NONE',  ( -0.4999999999999990563, 0.000000000000000000, -0.8660254037844391517 ) ) ;
#5318 = EDGE_CURVE ( 'NONE', #1721, #9346, #4286, .T. ) ;
#5319 = ORIENTED_EDGE ( 'NONE', *, *, #5626, .F. ) ;
#5320 = CARTESIAN_POINT ( 'NONE',  ( -21.64544826719021842, -12.00000000000000000, 27.15000000000000568 ) ) ;
#5321 = VECTOR ( 'NONE', #1520, 1000.000000000000000 ) ;
#5322 = LINE ( 'NONE', #3829, #727 ) ;
#5323 = DIRECTION ( 'NONE',  ( -0.5000000000000008882, 0.000000000000000000, 0.8660254037844381525 ) ) ;
#5324 = ORIENTED_EDGE ( 'NONE', *, *, #8022, .T. ) ;
#5325 = DIRECTION ( 'NONE',  ( 1.000000000000000000, 0.000000000000000000, -0.000000000000000000 ) ) ;
#5326 = FACE_OUTER_BOUND ( 'NONE', #6059, .T. ) ;
#5327 = DIRECTION ( 'NONE',  ( 0.000000000000000000, -1.000000000000000000, 0.000000000000000000 ) ) ;
#5328 = CARTESIAN_POINT ( 'NONE',  ( 11.64544826719011361, -12.00000000000000000, 37.15000000000000568 ) ) ;
#5329 = VECTOR ( 'NONE', #8317, 1000.000000000000000 ) ;
#5330 = CARTESIAN_POINT ( 'NONE',  ( -58.35455173280956132, -12.00000000000000000, 2.849999999999997868 ) ) ;
#5331 = VERTEX_POINT ( 'NONE', #7323 ) ;
#5332 = PLANE ( 'NONE',  #9728 ) ;
#5333 = VECTOR ( 'NONE', #188, 1000.000000000000114 ) ;
#5334 = LINE ( 'NONE', #810, #1394 ) ;
#5335 = EDGE_LOOP ( 'NONE', ( #8944, #5823, #2857, #7721 ) ) ;
#5337 = EDGE_CURVE ( 'NONE', #1799, #4424, #9644, .T. ) ;
#5336 = LINE ( 'NONE', #25, #1646 ) ;
#5338 = CARTESIAN_POINT ( 'NONE',  ( 58.35455173280956842, -0.000000000000000000, 2.849999999999998312 ) ) ;
#5339 = VERTEX_POINT ( 'NONE', #2729 ) ;
#5340 = LINE ( 'NONE', #6738, #2583 ) ;
#5341 = LINE ( 'NONE', #3994, #6159 ) ;
#5342 = VECTOR ( 'NONE', #2455, 1000.000000000000227 ) ;
#5343 = DIRECTION ( 'NONE',  ( 0.4999999999999992784, 0.000000000000000000, -0.8660254037844390407 ) ) ;
#5344 = EDGE_CURVE ( 'NONE', #580, #7478, #4333, .T. ) ;
#5345 = AXIS2_PLACEMENT_3D ( 'NONE', #6750, #7504, #8294 ) ;
#5346 = ORIENTED_EDGE ( 'NONE', *, *, #9496, .F. ) ;
#5347 = DIRECTION ( 'NONE',  ( 0.000000000000000000, 2.148870006293945467E-16, -1.000000000000000000 ) ) ;
#5348 = ORIENTED_EDGE ( 'NONE', *, *, #5240, .T. ) ;
#5349 = CARTESIAN_POINT ( 'NONE',  ( 16.70910346561912263, -12.00000000000000000, 10.00000000000000711 ) ) ;
#5350 = VECTOR ( 'NONE', #3952, 1000.000000000000000 ) ;
#5351 = CARTESIAN_POINT ( 'NONE',  ( -43.29089653438087026, -12.00000000000000000, 3.038187096183830448E-15 ) ) ;
#5352 = EDGE_CURVE ( 'NONE', #7080, #1424, #7225, .T. ) ;
#5353 = EDGE_CURVE ( 'NONE', #2898, #3996, #1936, .T. ) ;
#5354 = CARTESIAN_POINT ( 'NONE',  ( -8.354551732809134990, -12.00000000000000000, 52.85000000000000142 ) ) ;
#5355 = DIRECTION ( 'NONE',  ( 0.5000000000000008882, -0.000000000000000000, -0.8660254037844381525 ) ) ;
#5356 = CARTESIAN_POINT ( 'NONE',  ( -43.29089653438087026, -12.00000000000000000, 10.00000000000000711 ) ) ;
#5357 = VECTOR ( 'NONE', #2044, 1000.000000000000000 ) ;
#5358 = ORIENTED_EDGE ( 'NONE', *, *, #6589, .F. ) ;
#5359 = CARTESIAN_POINT ( 'NONE',  ( -43.29089653438087026, -12.00000000000000000, 10.00000000000000711 ) ) ;
#5360 = VERTEX_POINT ( 'NONE', #8800 ) ;
#5361 = AXIS2_PLACEMENT_3D ( 'NONE', #6537, #5083, #2732 ) ;
#5362 = LINE ( 'NONE', #3030, #8823 ) ;
#5363 = AXIS2_PLACEMENT_3D ( 'NONE', #7925, #3536, #1845 ) ;
#5364 = EDGE_CURVE ( 'NONE', #3260, #9691, #3543, .T. ) ;
#5365 = VECTOR ( 'NONE', #5343, 1000.000000000000114 ) ;
#5366 = FACE_OUTER_BOUND ( 'NONE', #4024, .T. ) ;
#5367 = EDGE_CURVE ( 'NONE', #5764, #7696, #5731, .T. ) ;
#5368 = CARTESIAN_POINT ( 'NONE',  ( -60.35455173280956132, 30.15544456622761516, -16.35455173280956487 ) ) ;
#5369 = EDGE_LOOP ( 'NONE', ( #4288, #5267, #8337, #8713, #3649, #7251 ) ) ;
#5370 = CARTESIAN_POINT ( 'NONE',  ( 60.35455173280956132, 33.15544456622761516, -48.64544826719049553 ) ) ;
#5371 = ORIENTED_EDGE ( 'NONE', *, *, #5960, .T. ) ;
#5372 = VECTOR ( 'NONE', #9430, 1000.000000000000000 ) ;
#5373 = DIRECTION ( 'NONE',  ( 0.000000000000000000, 5.372175015734863666E-17, 1.000000000000000000 ) ) ;
#5374 = CARTESIAN_POINT ( 'NONE',  ( -31.64544826719042803, -12.00000000000000000, -2.850000000000000089 ) ) ;
#5375 = CARTESIAN_POINT ( 'NONE',  ( -23.29089653438065710, 0.000000000000000000, 30.00000000000000711 ) ) ;
#5376 = DIRECTION ( 'NONE',  ( 0.000000000000000000, 1.000000000000000000, -0.000000000000000000 ) ) ;
#5377 = VERTEX_POINT ( 'NONE', #5080 ) ;
#5378 = PLANE ( 'NONE',  #6760 ) ;
#5379 = LINE ( 'NONE', #8461, #7754 ) ;
#5380 = VECTOR ( 'NONE', #2424, 1000.000000000000000 ) ;
#5381 = FACE_BOUND ( 'NONE', #1308, .T. ) ;
#5382 = DIRECTION ( 'NONE',  ( 1.000000000000000000, -0.000000000000000000, 1.317819823453642871E-16 ) ) ;
#5383 = LINE ( 'NONE', #3236, #8072 ) ;
#5384 = ORIENTED_EDGE ( 'NONE', *, *, #6093, .F. ) ;
#5385 = DIRECTION ( 'NONE',  ( 0.000000000000000000, -1.000000000000000000, 5.372175015734863666E-17 ) ) ;
#5386 = EDGE_CURVE ( 'NONE', #2890, #5772, #9597, .T. ) ;
#5387 = DIRECTION ( 'NONE',  ( 0.000000000000000000, 1.000000000000000000, 0.000000000000000000 ) ) ;
#5388 = ORIENTED_EDGE ( 'NONE', *, *, #8465, .T. ) ;
#5389 = CARTESIAN_POINT ( 'NONE',  ( 38.35455173280955421, -12.00000000000000000, 12.85000000000000675 ) ) ;
#5390 = CARTESIAN_POINT ( 'NONE',  ( -31.64544826719042803, -12.00000000000000000, 12.85000000000000675 ) ) ;
#5391 = EDGE_LOOP ( 'NONE', ( #7357, #5600, #7252, #8131, #3106, #7877 ) ) ;
#5392 = DIRECTION ( 'NONE',  ( 0.8660254037844387076, -0.000000000000000000, 0.4999999999999999445 ) ) ;
#5393 = CARTESIAN_POINT ( 'NONE',  ( 21.64544826719031789, 0.000000000000000000, 22.85000000000000497 ) ) ;
#5394 = LINE ( 'NONE', #9218, #6441 ) ;
#5395 = ORIENTED_EDGE ( 'NONE', *, *, #6458, .T. ) ;
#5396 = LINE ( 'NONE', #5442, #8365 ) ;
#5397 = ORIENTED_EDGE ( 'NONE', *, *, #6250, .F. ) ;
#5398 = LINE ( 'NONE', #3904, #7610 ) ;
#5399 = PLANE ( 'NONE',  #7543 ) ;
#5400 = LINE ( 'NONE', #8725, #8183 ) ;
#5401 = FACE_OUTER_BOUND ( 'NONE', #5129, .T. ) ;
#5402 = CARTESIAN_POINT ( 'NONE',  ( -13.29089653438055052, -12.00000000000000000, 40.00000000000000000 ) ) ;
#5403 = DIRECTION ( 'NONE',  ( -0.5000000000000008882, 0.000000000000000000, 0.8660254037844381525 ) ) ;
#5404 = LINE ( 'NONE', #8443, #9420 ) ;
#5405 = ORIENTED_EDGE ( 'NONE', *, *, #6302, .T. ) ;
#5406 = DIRECTION ( 'NONE',  ( -1.000000000000000000, -0.000000000000000000, -0.000000000000000000 ) ) ;
#5407 = ORIENTED_EDGE ( 'NONE', *, *, #5621, .T. ) ;
#5408 = DIRECTION ( 'NONE',  ( 0.4999999999999999445, -0.000000000000000000, -0.8660254037844387076 ) ) ;
#5409 = DIRECTION ( 'NONE',  ( -0.5000000000000008882, -0.000000000000000000, -0.8660254037844381525 ) ) ;
#5410 = ORIENTED_EDGE ( 'NONE', *, *, #258, .T. ) ;
#5411 = LINE ( 'NONE', #5458, #2021 ) ;
#5412 = ORIENTED_EDGE ( 'NONE', *, *, #1357, .T. ) ;
#5413 = CARTESIAN_POINT ( 'NONE',  ( -23.29089653438065710, -12.00000000000000000, 30.00000000000000711 ) ) ;
#5414 = ORIENTED_EDGE ( 'NONE', *, *, #1395, .F. ) ;
#5415 = ADVANCED_FACE ( 'NONE', ( #8119 ), #1288, .T. ) ;
#5416 = CARTESIAN_POINT ( 'NONE',  ( -11.64544826719000881, -12.00000000000000000, 52.85000000000000142 ) ) ;
#5417 = PRODUCT_DEFINITION_SHAPE ( 'NONE', 'NONE',  #3826 ) ;
#5418 = EDGE_CURVE ( 'NONE', #4329, #2012, #800, .T. ) ;
#5419 = CARTESIAN_POINT ( 'NONE',  ( 58.35455173280956132, 0.000000000000000000, 2.849999999999997868 ) ) ;
#5420 = ADVANCED_FACE ( 'NONE', ( #2386 ), #836, .T. ) ;
#5421 = CARTESIAN_POINT ( 'NONE',  ( 23.29089653438086316, 0.000000000000000000, 10.00000000000000711 ) ) ;
#5422 = LINE ( 'NONE', #1391, #4998 ) ;
#5423 = EDGE_LOOP ( 'NONE', ( #1863, #9549, #1084, #5480, #864, #4916 ) ) ;
#5424 = CARTESIAN_POINT ( 'NONE',  ( 46.70910346561912974, -12.00000000000000000, 10.00000000000000711 ) ) ;
#5425 = DIRECTION ( 'NONE',  ( 0.000000000000000000, 1.000000000000000000, 0.000000000000000000 ) ) ;
#5426 = DIRECTION ( 'NONE',  ( 0.000000000000000000, 1.000000000000000000, 0.000000000000000000 ) ) ;
#5427 = DIRECTION ( 'NONE',  ( 0.000000000000000000, 1.000000000000000000, 0.000000000000000000 ) ) ;
#5428 = CARTESIAN_POINT ( 'NONE',  ( -6.709103465619016937, -12.00000000000000000, 20.00000000000000355 ) ) ;
#5429 = VERTEX_POINT ( 'NONE', #9095 ) ;
#5430 = EDGE_CURVE ( 'NONE', #5544, #9733, #8366, .T. ) ;
#5431 = ADVANCED_FACE ( 'NONE', ( #9147 ), #9051, .T. ) ;
#5432 = CARTESIAN_POINT ( 'NONE',  ( 41.64544826719043158, -12.00000000000000000, 12.85000000000000675 ) ) ;
#5433 = ORIENTED_EDGE ( 'NONE', *, *, #8762, .F. ) ;
#5434 = DIRECTION ( 'NONE',  ( 0.000000000000000000, 0.000000000000000000, 1.000000000000000000 ) ) ;
#5435 = DIRECTION ( 'NONE',  ( 0.000000000000000000, 0.000000000000000000, 1.000000000000000000 ) ) ;
#5436 = ORIENTED_EDGE ( 'NONE', *, *, #7246, .F. ) ;
#5437 = ADVANCED_FACE ( 'NONE', ( #1583 ), #3735, .F. ) ;
#5438 = DIRECTION ( 'NONE',  ( -0.8660254037844383745, 0.000000000000000000, -0.5000000000000006661 ) ) ;
#5439 = CARTESIAN_POINT ( 'NONE',  ( -31.64544826719043513, -12.00000000000000000, 2.849999999999998312 ) ) ;
#5440 = PLANE ( 'NONE',  #4690 ) ;
#5441 = VERTEX_POINT ( 'NONE', #6829 ) ;
#5442 = CARTESIAN_POINT ( 'NONE',  ( -61.64544826719043158, -12.00000000000000000, 7.150000000000007461 ) ) ;
#5443 = CARTESIAN_POINT ( 'NONE',  ( 28.35455173280955421, 0.000000000000000000, 2.849999999999997868 ) ) ;
#5444 = DIRECTION ( 'NONE',  ( 0.000000000000000000, -1.000000000000000000, 0.000000000000000000 ) ) ;
#5445 = ORIENTED_EDGE ( 'NONE', *, *, #1032, .F. ) ;
#5446 = CARTESIAN_POINT ( 'NONE',  ( -28.35455173280955421, -12.00000000000000000, -2.850000000000000089 ) ) ;
#5447 = EDGE_LOOP ( 'NONE', ( #4792, #6258, #9359, #5679 ) ) ;
#5448 = AXIS2_PLACEMENT_3D ( 'NONE', #7991, #3562, #8670 ) ;
#5449 = AXIS2_PLACEMENT_3D ( 'NONE', #1125, #8840, #2767 ) ;
#5450 = DIRECTION ( 'NONE',  ( 1.000000000000000000, -0.000000000000000000, -0.000000000000000000 ) ) ;
#5451 = ORIENTED_EDGE ( 'NONE', *, *, #8650, .T. ) ;
#5452 = VERTEX_POINT ( 'NONE', #110 ) ;
#5453 = EDGE_CURVE ( 'NONE', #7832, #3237, #4634, .T. ) ;
#5454 = DIRECTION ( 'NONE',  ( 0.5000000000000008882, -0.000000000000000000, -0.8660254037844381525 ) ) ;
#5455 = VECTOR ( 'NONE', #3795, 1000.000000000000000 ) ;
#5456 = ORIENTED_EDGE ( 'NONE', *, *, #7188, .T. ) ;
#5457 = VECTOR ( 'NONE', #7427, 1000.000000000000000 ) ;
#5458 = CARTESIAN_POINT ( 'NONE',  ( -11.64544826719043158, -12.00000000000000000, 2.849999999999998312 ) ) ;
#5459 = ORIENTED_EDGE ( 'NONE', *, *, #8163, .F. ) ;
#5460 = FACE_OUTER_BOUND ( 'NONE', #388, .T. ) ;
#5461 = EDGE_CURVE ( 'NONE', #3529, #3595, #5422, .T. ) ;
#5462 = DIRECTION ( 'NONE',  ( -1.000000000000000000, -0.000000000000000000, -0.000000000000000000 ) ) ;
#5463 = CARTESIAN_POINT ( 'NONE',  ( -11.64544826719042447, -12.00000000000000000, -2.850000000000000089 ) ) ;
#5464 = VECTOR ( 'NONE', #303, 1000.000000000000000 ) ;
#5465 = CARTESIAN_POINT ( 'NONE',  ( -11.64544826719042447, -12.00000000000000000, 7.150000000000007461 ) ) ;
#5466 = VECTOR ( 'NONE', #3190, 1000.000000000000000 ) ;
#5467 = DIRECTION ( 'NONE',  ( 0.8660254037844383745, 0.000000000000000000, -0.5000000000000004441 ) ) ;
#5468 = CARTESIAN_POINT ( 'NONE',  ( 13.29089653438086316, 0.000000000000000000, 2.602085213965210642E-15 ) ) ;
#5469 = ORIENTED_EDGE ( 'NONE', *, *, #9558, .F. ) ;
#5470 = CARTESIAN_POINT ( 'NONE',  ( 8.354551732809342823, 0.000000000000000000, 27.15000000000000568 ) ) ;
#5471 = DIRECTION ( 'NONE',  ( 1.000000000000000000, 0.000000000000000000, 0.000000000000000000 ) ) ;
#5472 = CARTESIAN_POINT ( 'NONE',  ( 60.35455173280956132, 33.15544456622761516, -16.35455173280956487 ) ) ;
#5473 = CARTESIAN_POINT ( 'NONE',  ( -6.709103465618704298, -12.00000000000000000, 50.00000000000000000 ) ) ;
#5474 = EDGE_CURVE ( 'NONE', #2245, #9197, #3830, .T. ) ;
#5475 = EDGE_CURVE ( 'NONE', #2544, #6405, #2287, .T. ) ;
#5476 = ORIENTED_EDGE ( 'NONE', *, *, #5996, .T. ) ;
#5477 = APPLICATION_CONTEXT ( 'automotive_design' ) ;
#5478 = DIRECTION ( 'NONE',  ( -1.000000000000000000, 0.000000000000000000, -8.673617379884034239E-17 ) ) ;
#5479 = ORIENTED_EDGE ( 'NONE', *, *, #5000, .F. ) ;
#5480 = ORIENTED_EDGE ( 'NONE', *, *, #3314, .F. ) ;
#5481 = CARTESIAN_POINT ( 'NONE',  ( -48.35455173280956132, 0.000000000000000000, 2.849999999999997868 ) ) ;
#5482 = AXIS2_PLACEMENT_3D ( 'NONE', #7920, #7869, #6323 ) ;
#5483 = ORIENTED_EDGE ( 'NONE', *, *, #4886, .F. ) ;
#5484 = ORIENTED_EDGE ( 'NONE', *, *, #1166, .T. ) ;
#5485 = CARTESIAN_POINT ( 'NONE',  ( -18.35455173280934815, -12.00000000000000000, 32.85000000000000142 ) ) ;
#5486 = CARTESIAN_POINT ( 'NONE',  ( -60.35455173280956132, 10.00000000000000178, -56.64544826719043158 ) ) ;
#5487 = DIRECTION ( 'NONE',  ( -0.8660254037844391517, 0.000000000000000000, -0.4999999999999992784 ) ) ;
#5488 = EDGE_CURVE ( 'NONE', #5149, #5068, #1434, .T. ) ;
#5489 = ORIENTED_EDGE ( 'NONE', *, *, #7885, .F. ) ;
#5490 = CARTESIAN_POINT ( 'NONE',  ( 21.64544826719042447, -12.00000000000000000, 12.85000000000000675 ) ) ;
#5491 = VECTOR ( 'NONE', #4483, 1000.000000000000114 ) ;
#5492 = CARTESIAN_POINT ( 'NONE',  ( 11.64544826719021309, 0.000000000000000000, 27.15000000000000213 ) ) ;
#5493 = VERTEX_POINT ( 'NONE', #7667 ) ;
#5494 = VECTOR ( 'NONE', #9483, 1000.000000000000000 ) ;
#5495 = CARTESIAN_POINT ( 'NONE',  ( 28.35455173280955421, -12.00000000000000000, 7.150000000000007461 ) ) ;
#5496 = EDGE_CURVE ( 'NONE', #1850, #6383, #7523, .T. ) ;
#5497 = VECTOR ( 'NONE', #6063, 1000.000000000000000 ) ;
#5498 = EDGE_CURVE ( 'NONE', #1799, #8514, #56, .T. ) ;
#5499 = VERTEX_POINT ( 'NONE', #6133 ) ;
#5500 = VECTOR ( 'NONE', #6397, 1000.000000000000000 ) ;
#5501 = DIRECTION ( 'NONE',  ( 0.000000000000000000, 0.000000000000000000, 1.000000000000000000 ) ) ;
#5502 = ORIENTED_EDGE ( 'NONE', *, *, #9484, .F. ) ;
#5503 = CARTESIAN_POINT ( 'NONE',  ( 23.29089653438086316, -12.00000000000000000, 20.00000000000000355 ) ) ;
#5504 = CARTESIAN_POINT ( 'NONE',  ( 48.35455173280956132, -12.00000000000000000, 2.849999999999997868 ) ) ;
#5505 = EDGE_LOOP ( 'NONE', ( #8270, #3606, #5815, #9698, #7235, #4242 ) ) ;
#5506 = LINE ( 'NONE', #1827, #2472 ) ;
#5507 = VECTOR ( 'NONE', #704, 1000.000000000000000 ) ;
#5508 = ORIENTED_EDGE ( 'NONE', *, *, #3890, .F. ) ;
#5509 = LINE ( 'NONE', #151, #3316 ) ;
#5510 = ORIENTED_EDGE ( 'NONE', *, *, #5212, .T. ) ;
#5511 = CARTESIAN_POINT ( 'NONE',  ( 48.35455173280956132, 0.000000000000000000, 12.85000000000000675 ) ) ;
#5512 = EDGE_CURVE ( 'NONE', #5756, #500, #6772, .T. ) ;
#5513 = VECTOR ( 'NONE', #3428, 1000.000000000000114 ) ;
#5514 = LINE ( 'NONE', #7913, #9648 ) ;
#5515 = LINE ( 'NONE', #5419, #5466 ) ;
#5516 = VECTOR ( 'NONE', #3550, 999.9999999999998863 ) ;
#5517 = CIRCLE ( 'NONE', #2349, 2.999999999999995559 ) ;
#5518 = EDGE_LOOP ( 'NONE', ( #4671, #8144, #2933, #7881 ) ) ;
#5519 = DIRECTION ( 'NONE',  ( 0.000000000000000000, 1.000000000000000000, 0.000000000000000000 ) ) ;
#5520 = ORIENTED_EDGE ( 'NONE', *, *, #2251, .T. ) ;
#5521 = CARTESIAN_POINT ( 'NONE',  ( 41.64544826719043158, -12.00000000000000000, 7.150000000000007461 ) ) ;
#5522 = FACE_OUTER_BOUND ( 'NONE', #5423, .T. ) ;
#5523 = FACE_OUTER_BOUND ( 'NONE', #3622, .T. ) ;
#5524 = CARTESIAN_POINT ( 'NONE',  ( 21.64544826719032145, -12.00000000000000000, 17.15000000000000568 ) ) ;
#5525 = AXIS2_PLACEMENT_3D ( 'NONE', #1861, #7148, #6546 ) ;
#5526 = CARTESIAN_POINT ( 'NONE',  ( -48.35455173280956132, -12.00000000000000000, 12.85000000000000675 ) ) ;
#5527 = AXIS2_PLACEMENT_3D ( 'NONE', #3135, #1622, #8412 ) ;
#5528 = VECTOR ( 'NONE', #2657, 1000.000000000000114 ) ;
#5529 = ORIENTED_EDGE ( 'NONE', *, *, #8932, .F. ) ;
#5530 = CARTESIAN_POINT ( 'NONE',  ( 11.64544826719011361, -12.00000000000000000, 42.85000000000000142 ) ) ;
#5531 = VECTOR ( 'NONE', #6088, 999.9999999999998863 ) ;
#5532 = ORIENTED_EDGE ( 'NONE', *, *, #9474, .F. ) ;
#5533 = EDGE_CURVE ( 'NONE', #1850, #8344, #9737, .T. ) ;
#5534 = VERTEX_POINT ( 'NONE', #4590 ) ;
#5535 = DIRECTION ( 'NONE',  ( 1.000000000000000000, -0.000000000000000000, -0.000000000000000000 ) ) ;
#5536 = ORIENTED_EDGE ( 'NONE', *, *, #3751, .T. ) ;
#5537 = EDGE_LOOP ( 'NONE', ( #3332, #8661, #4283, #3934 ) ) ;
#5538 = PLANE ( 'NONE',  #2911 ) ;
#5539 = CARTESIAN_POINT ( 'NONE',  ( 0.000000000000000000, -12.00000000000000000, 0.000000000000000000 ) ) ;
#5540 = FACE_OUTER_BOUND ( 'NONE', #8190, .T. ) ;
#5541 = AXIS2_PLACEMENT_3D ( 'NONE', #1233, #8894, #8114 ) ;
#5542 = ORIENTED_EDGE ( 'NONE', *, *, #8371, .F. ) ;
#5543 = LINE ( 'NONE', #1006, #5608 ) ;
#5544 = VERTEX_POINT ( 'NONE', #2932 ) ;
#5545 = EDGE_CURVE ( 'NONE', #7696, #3102, #5975, .T. ) ;
#5546 = LINE ( 'NONE', #3259, #8079 ) ;
#5547 = EDGE_CURVE ( 'NONE', #3391, #3315, #5270, .T. ) ;
#5548 = ORIENTED_EDGE ( 'NONE', *, *, #2116, .T. ) ;
#5549 = EDGE_CURVE ( 'NONE', #652, #4584, #3038, .T. ) ;
#5550 = CARTESIAN_POINT ( 'NONE',  ( 26.70910346561912263, 0.000000000000000000, 10.00000000000000533 ) ) ;
#5551 = DIRECTION ( 'NONE',  ( 0.8660254037844383745, 0.000000000000000000, -0.5000000000000004441 ) ) ;
#5552 = ORIENTED_EDGE ( 'NONE', *, *, #3487, .T. ) ;
#5553 = CARTESIAN_POINT ( 'NONE',  ( -8.354551732809447628, 0.000000000000000000, 22.85000000000000497 ) ) ;
#5554 = PLANE ( 'NONE',  #6891 ) ;
#5555 = VERTEX_POINT ( 'NONE', #3229 ) ;
#5556 = ORIENTED_EDGE ( 'NONE', *, *, #7396, .T. ) ;
#5557 = VERTEX_POINT ( 'NONE', #4077 ) ;
#5558 = FACE_OUTER_BOUND ( 'NONE', #4116, .T. ) ;
#5559 = ORIENTED_EDGE ( 'NONE', *, *, #1093, .T. ) ;
#5560 = DIRECTION ( 'NONE',  ( 0.000000000000000000, -2.312964634635742895E-17, 1.000000000000000000 ) ) ;
#5561 = VERTEX_POINT ( 'NONE', #9242 ) ;
#5562 = FACE_OUTER_BOUND ( 'NONE', #4885, .T. ) ;
#5563 = DIRECTION ( 'NONE',  ( -0.8660254037844392627, 0.000000000000000000, -0.4999999999999990008 ) ) ;
#5564 = VERTEX_POINT ( 'NONE', #299 ) ;
#5565 = LINE ( 'NONE', #4682, #1812 ) ;
#5566 = ORIENTED_EDGE ( 'NONE', *, *, #7237, .F. ) ;
#5567 = DIRECTION ( 'NONE',  ( -0.8660254037844387076, 0.000000000000000000, 0.4999999999999999445 ) ) ;
#5568 = CARTESIAN_POINT ( 'NONE',  ( 60.35455173280956132, 10.00000000000000178, -56.64544826719043158 ) ) ;
#5569 = LINE ( 'NONE', #5769, #2594 ) ;
#5570 = CARTESIAN_POINT ( 'NONE',  ( 48.35455173280956132, -12.00000000000000000, 7.150000000000007461 ) ) ;
#5571 = PLANE ( 'NONE',  #5693 ) ;
#5572 = EDGE_LOOP ( 'NONE', ( #385, #5559, #2893, #939, #6986, #1774 ) ) ;
#5573 = LINE ( 'NONE', #8604, #5856 ) ;
#5574 = ORIENTED_EDGE ( 'NONE', *, *, #6111, .F. ) ;
#5575 = EDGE_LOOP ( 'NONE', ( #5027, #7591, #3201, #6149, #9278, #1211 ) ) ;
#5576 = CARTESIAN_POINT ( 'NONE',  ( -63.29089653438087026, -12.00000000000000000, 10.00000000000000711 ) ) ;
#5577 = VERTEX_POINT ( 'NONE', #9434 ) ;
#5578 = ORIENTED_EDGE ( 'NONE', *, *, #5007, .T. ) ;
#5579 = CARTESIAN_POINT ( 'NONE',  ( 21.64544826719021842, 0.000000000000000000, 27.15000000000000568 ) ) ;
#5580 = FACE_OUTER_BOUND ( 'NONE', #8554, .T. ) ;
#5581 = FACE_OUTER_BOUND ( 'NONE', #7044, .T. ) ;
#5582 = CARTESIAN_POINT ( 'NONE',  ( -21.64544826719021486, -12.00000000000000000, 32.85000000000000142 ) ) ;
#5583 = ORIENTED_EDGE ( 'NONE', *, *, #1825, .T. ) ;
#5584 = CARTESIAN_POINT ( 'NONE',  ( -68.35455173280956842, 10.00000000000000000, 18.35455173280956842 ) ) ;
#5585 = ORIENTED_EDGE ( 'NONE', *, *, #8748, .F. ) ;
#5586 = CARTESIAN_POINT ( 'NONE',  ( -8.354551732809447628, -12.00000000000000000, 22.85000000000000497 ) ) ;
#5587 = ORIENTED_EDGE ( 'NONE', *, *, #7746, .F. ) ;
#5588 = CARTESIAN_POINT ( 'NONE',  ( -8.354551732809447628, -12.00000000000000000, 22.85000000000000497 ) ) ;
#5589 = DIRECTION ( 'NONE',  ( 0.000000000000000000, 1.000000000000000000, 0.000000000000000000 ) ) ;
#5590 = ADVANCED_FACE ( 'NONE', ( #8502 ), #4733, .T. ) ;
#5591 = EDGE_CURVE ( 'NONE', #2191, #9044, #7019, .T. ) ;
#5592 = EDGE_CURVE ( 'NONE', #239, #8214, #1682, .T. ) ;
#5593 = EDGE_LOOP ( 'NONE', ( #5870, #3686, #5862, #6513, #6718, #3843 ) ) ;
#5594 = LINE ( 'NONE', #4005, #7895 ) ;
#5595 = LINE ( 'NONE', #9470, #8333 ) ;
#5596 = VERTEX_POINT ( 'NONE', #5468 ) ;
#5597 = ORIENTED_EDGE ( 'NONE', *, *, #8694, .T. ) ;
#5598 = EDGE_CURVE ( 'NONE', #8344, #3255, #2427, .T. ) ;
#5599 = CARTESIAN_POINT ( 'NONE',  ( -38.35455173280955421, -12.00000000000000000, 2.849999999999997868 ) ) ;
#5600 = ORIENTED_EDGE ( 'NONE', *, *, #142, .F. ) ;
#5601 = DIRECTION ( 'NONE',  ( 0.5000000000000003331, 0.000000000000000000, -0.8660254037844383745 ) ) ;
#5602 = EDGE_CURVE ( 'NONE', #631, #1415, #8647, .T. ) ;
#5603 = ORIENTED_EDGE ( 'NONE', *, *, #5352, .F. ) ;
#5604 = VECTOR ( 'NONE', #28, 1000.000000000000114 ) ;
#5605 = DIRECTION ( 'NONE',  ( 0.8660254037844391517, 0.000000000000000000, -0.4999999999999990563 ) ) ;
#5606 = AXIS2_PLACEMENT_3D ( 'NONE', #182, #6254, #6911 ) ;
#5607 = EDGE_CURVE ( 'NONE', #1879, #626, #7774, .T. ) ;
#5608 = VECTOR ( 'NONE', #1758, 1000.000000000000000 ) ;
#5609 = DIRECTION ( 'NONE',  ( 0.000000000000000000, 1.000000000000000000, 0.000000000000000000 ) ) ;
#5610 = ORIENTED_EDGE ( 'NONE', *, *, #555, .F. ) ;
#5611 = DIRECTION ( 'NONE',  ( -0.5000000000000008882, 0.000000000000000000, 0.8660254037844381525 ) ) ;
#5612 = CARTESIAN_POINT ( 'NONE',  ( -18.35455173280955421, -12.00000000000000000, 7.150000000000007461 ) ) ;
#5613 = VERTEX_POINT ( 'NONE', #1627 ) ;
#5614 = CYLINDRICAL_SURFACE ( 'NONE', #2448, 2.999999999999995559 ) ;
#5615 = AXIS2_PLACEMENT_3D ( 'NONE', #2533, #4226, #344 ) ;
#5617 = DIRECTION ( 'NONE',  ( 0.8660254037844389297, 0.000000000000000000, -0.4999999999999995004 ) ) ;
#5616 = VECTOR ( 'NONE', #7250, 1000.000000000000000 ) ;
#5618 = DIRECTION ( 'NONE',  ( 0.000000000000000000, 0.000000000000000000, -1.000000000000000000 ) ) ;
#5619 = DIRECTION ( 'NONE',  ( 0.000000000000000000, 1.000000000000000000, 0.000000000000000000 ) ) ;
#5620 = CARTESIAN_POINT ( 'NONE',  ( 28.35455173280955421, 10.00000000000000000, 58.35455173280957553 ) ) ;
#5621 = EDGE_CURVE ( 'NONE', #4140, #4918, #938, .T. ) ;
#5622 = LINE ( 'NONE', #8795, #5047 ) ;
#5623 = VERTEX_POINT ( 'NONE', #2575 ) ;
#5624 = VECTOR ( 'NONE', #7444, 1000.000000000000000 ) ;
#5625 = VECTOR ( 'NONE', #7069, 1000.000000000000000 ) ;
#5626 = EDGE_CURVE ( 'NONE', #9518, #3754, #5565, .T. ) ;
#5627 = CARTESIAN_POINT ( 'NONE',  ( -11.64544826719042447, 0.000000000000000000, -2.850000000000000089 ) ) ;
#5628 = ORIENTED_EDGE ( 'NONE', *, *, #5545, .F. ) ;
#5629 = ORIENTED_EDGE ( 'NONE', *, *, #3667, .F. ) ;
#5630 = LINE ( 'NONE', #6336, #1491 ) ;
#5631 = ORIENTED_EDGE ( 'NONE', *, *, #6838, .F. ) ;
#5632 = VECTOR ( 'NONE', #2573, 1000.000000000000000 ) ;
#5633 = ORIENTED_EDGE ( 'NONE', *, *, #4279, .F. ) ;
#5634 = PLANE ( 'NONE',  #693 ) ;
#5635 = DIRECTION ( 'NONE',  ( 0.4999999999999999445, -0.000000000000000000, -0.8660254037844387076 ) ) ;
#5636 = DIRECTION ( 'NONE',  ( 0.000000000000000000, 1.000000000000000000, -0.000000000000000000 ) ) ;
#5637 = LINE ( 'NONE', #1194, #8492 ) ;
#5638 = CARTESIAN_POINT ( 'NONE',  ( 21.64544826719021486, 0.000000000000000000, 32.85000000000000142 ) ) ;
#5639 = ORIENTED_EDGE ( 'NONE', *, *, #8583, .T. ) ;
#5640 = CARTESIAN_POINT ( 'NONE',  ( 18.35455173280944763, 0.000000000000000000, 17.15000000000000568 ) ) ;
#5641 = ADVANCED_FACE ( 'NONE', ( #196 ), #5614, .F. ) ;
#5642 = CARTESIAN_POINT ( 'NONE',  ( -16.70910346561870696, -12.00000000000000000, 50.00000000000000000 ) ) ;
#5643 = ORIENTED_EDGE ( 'NONE', *, *, #4086, .T. ) ;
#5644 = DIRECTION ( 'NONE',  ( 0.000000000000000000, 1.000000000000000000, 0.000000000000000000 ) ) ;
#5645 = CARTESIAN_POINT ( 'NONE',  ( 11.64544826719042447, 0.000000000000000000, 12.85000000000000675 ) ) ;
#5646 = LINE ( 'NONE', #2707, #3632 ) ;
#5647 = AXIS2_PLACEMENT_3D ( 'NONE', #8368, #7776, #15 ) ;
#5648 = ORIENTED_EDGE ( 'NONE', *, *, #5858, .T. ) ;
#5649 = AXIS2_PLACEMENT_3D ( 'NONE', #9171, #6102, #7039 ) ;
#5650 = DIRECTION ( 'NONE',  ( 1.000000000000000000, 0.000000000000000000, 0.000000000000000000 ) ) ;
#5651 = ORIENTED_EDGE ( 'NONE', *, *, #2920, .T. ) ;
#5652 = AXIS2_PLACEMENT_3D ( 'NONE', #8541, #7805, #6307 ) ;
#5653 = EDGE_LOOP ( 'NONE', ( #2413, #9509, #1418, #3401 ) ) ;
#5654 = EDGE_CURVE ( 'NONE', #1879, #3177, #3933, .T. ) ;
#5655 = ADVANCED_FACE ( 'NONE', ( #1085 ), #340, .F. ) ;
#5656 = EDGE_LOOP ( 'NONE', ( #266, #7474, #6691, #7060 ) ) ;
#5657 = CARTESIAN_POINT ( 'NONE',  ( -28.35455173280955421, -12.00000000000000000, -2.850000000000000089 ) ) ;
#5658 = VERTEX_POINT ( 'NONE', #9287 ) ;
#5659 = CARTESIAN_POINT ( 'NONE',  ( 18.35455173280924157, 0.000000000000000000, 37.15000000000000568 ) ) ;
#5660 = AXIS2_PLACEMENT_3D ( 'NONE', #3120, #6160, #6300 ) ;
#5661 = EDGE_LOOP ( 'NONE', ( #9394, #5265, #8882, #4434 ) ) ;
#5662 = LINE ( 'NONE', #2474, #2629 ) ;
#5663 = EDGE_CURVE ( 'NONE', #2282, #463, #6976, .T. ) ;
#5664 = DIRECTION ( 'NONE',  ( 1.000000000000000000, 0.000000000000000000, 0.000000000000000000 ) ) ;
#5665 = FACE_OUTER_BOUND ( 'NONE', #4221, .T. ) ;
#5666 = EDGE_CURVE ( 'NONE', #901, #8099, #2478, .T. ) ;
#5667 = ORIENTED_EDGE ( 'NONE', *, *, #2248, .T. ) ;
#5668 = LINE ( 'NONE', #4172, #383 ) ;
#5669 = ORIENTED_EDGE ( 'NONE', *, *, #494, .F. ) ;
#5670 = EDGE_CURVE ( 'NONE', #2877, #9709, #983, .T. ) ;
#5671 = DIRECTION ( 'NONE',  ( -0.5000000000000008882, 0.000000000000000000, 0.8660254037844381525 ) ) ;
#5672 = CARTESIAN_POINT ( 'NONE',  ( 18.35455173280924512, -12.00000000000000000, 42.85000000000000142 ) ) ;
#5673 = EDGE_CURVE ( 'NONE', #2838, #626, #8596, .T. ) ;
#5674 = VECTOR ( 'NONE', #919, 1000.000000000000000 ) ;
#5675 = CARTESIAN_POINT ( 'NONE',  ( -8.354551732809134990, -12.00000000000000000, 47.14999999999999858 ) ) ;
#5676 = DIRECTION ( 'NONE',  ( 0.8660254037844391517, 0.000000000000000000, -0.4999999999999992784 ) ) ;
#5677 = DIRECTION ( 'NONE',  ( 0.000000000000000000, 1.000000000000000000, 0.000000000000000000 ) ) ;
#5678 = DIRECTION ( 'NONE',  ( 0.000000000000000000, 0.000000000000000000, 1.000000000000000000 ) ) ;
#5679 = ORIENTED_EDGE ( 'NONE', *, *, #8574, .T. ) ;
#5680 = VECTOR ( 'NONE', #5168, 1000.000000000000000 ) ;
#5681 = VECTOR ( 'NONE', #5697, 1000.000000000000000 ) ;
#5682 = VECTOR ( 'NONE', #3291, 1000.000000000000000 ) ;
#5683 = DIRECTION ( 'NONE',  ( 0.4999999999999996669, -0.000000000000000000, 0.8660254037844388186 ) ) ;
#5684 = EDGE_CURVE ( 'NONE', #1721, #4652, #6321, .T. ) ;
#5685 = CARTESIAN_POINT ( 'NONE',  ( -6.709103465619120854, -12.00000000000000000, 1.294402214996931218E-15 ) ) ;
#5687 = ORIENTED_EDGE ( 'NONE', *, *, #1896, .F. ) ;
#5686 = EDGE_CURVE ( 'NONE', #1761, #3664, #3431, .T. ) ;
#5688 = ORIENTED_EDGE ( 'NONE', *, *, #4450, .T. ) ;
#5689 = DIRECTION ( 'NONE',  ( 0.5000000000000008882, 0.000000000000000000, 0.8660254037844381525 ) ) ;
#5690 = CIRCLE ( 'NONE', #3157, 2.999999999999995559 ) ;
#5691 = ORIENTED_EDGE ( 'NONE', *, *, #9041, .F. ) ;
#5692 = VERTEX_POINT ( 'NONE', #6468 ) ;
#5693 = AXIS2_PLACEMENT_3D ( 'NONE', #7781, #203, #4177 ) ;
#5694 = DIRECTION ( 'NONE',  ( 0.000000000000000000, 0.000000000000000000, -1.000000000000000000 ) ) ;
#5695 = LINE ( 'NONE', #8716, #7438 ) ;
#5696 = VECTOR ( 'NONE', #5889, 1000.000000000000114 ) ;
#5697 = DIRECTION ( 'NONE',  ( 0.000000000000000000, 1.000000000000000000, 0.000000000000000000 ) ) ;
#5698 = ORIENTED_EDGE ( 'NONE', *, *, #4917, .T. ) ;
#5699 = LINE ( 'NONE', #2843, #9267 ) ;
#5700 = VECTOR ( 'NONE', #4040, 1000.000000000000000 ) ;
#5701 = DIRECTION ( 'NONE',  ( 0.8660254037844391517, 0.000000000000000000, -0.4999999999999990563 ) ) ;
#5702 = ORIENTED_EDGE ( 'NONE', *, *, #6337, .T. ) ;
#5703 = DIRECTION ( 'NONE',  ( -1.000000000000000000, 0.000000000000000000, 0.000000000000000000 ) ) ;
#5704 = DIRECTION ( 'NONE',  ( -0.000000000000000000, -0.000000000000000000, -1.000000000000000000 ) ) ;
#5705 = LINE ( 'NONE', #9409, #1206 ) ;
#5706 = AXIS2_PLACEMENT_3D ( 'NONE', #9497, #4224, #8744 ) ;
#5707 = DIRECTION ( 'NONE',  ( 0.4999999999999996669, 0.000000000000000000, -0.8660254037844388186 ) ) ;
#5708 = ADVANCED_FACE ( 'NONE', ( #9492 ), #1127, .F. ) ;
#5709 = ORIENTED_EDGE ( 'NONE', *, *, #4086, .F. ) ;
#5710 = LINE ( 'NONE', #7346, #2277 ) ;
#5711 = ORIENTED_EDGE ( 'NONE', *, *, #5512, .T. ) ;
#5712 = ORIENTED_EDGE ( 'NONE', *, *, #1580, .F. ) ;
#5713 = ORIENTED_EDGE ( 'NONE', *, *, #553, .F. ) ;
#5714 = CARTESIAN_POINT ( 'NONE',  ( -18.35455173280924512, 0.000000000000000000, 42.85000000000000142 ) ) ;
#5715 = ORIENTED_EDGE ( 'NONE', *, *, #5162, .T. ) ;
#5716 = CARTESIAN_POINT ( 'NONE',  ( 6.709103465619120854, 0.000000000000000000, 10.00000000000000711 ) ) ;
#5717 = ORIENTED_EDGE ( 'NONE', *, *, #1664, .T. ) ;
#5718 = CARTESIAN_POINT ( 'NONE',  ( 8.354551732809239795, 0.000000000000000000, 42.85000000000000142 ) ) ;
#5719 = DIRECTION ( 'NONE',  ( 0.000000000000000000, 1.000000000000000000, 0.000000000000000000 ) ) ;
#5720 = EDGE_LOOP ( 'NONE', ( #7788, #8012, #7020, #4774, #476, #2520 ) ) ;
#5721 = EDGE_LOOP ( 'NONE', ( #8162, #6095, #1306, #1167 ) ) ;
#5722 = LINE ( 'NONE', #9436, #720 ) ;
#5723 = CARTESIAN_POINT ( 'NONE',  ( -23.29089653438055052, 0.000000000000000000, 40.00000000000000000 ) ) ;
#5724 = LINE ( 'NONE', #3383, #3867 ) ;
#5725 = LINE ( 'NONE', #8702, #3462 ) ;
#5726 = CARTESIAN_POINT ( 'NONE',  ( -36.70910346561912263, 0.000000000000000000, 10.00000000000000888 ) ) ;
#5727 = EDGE_CURVE ( 'NONE', #9518, #3371, #5668, .T. ) ;
#5728 = ORIENTED_EDGE ( 'NONE', *, *, #6222, .T. ) ;
#5729 = ADVANCED_FACE ( 'NONE', ( #9503 ), #7371, .T. ) ;
#5730 = EDGE_CURVE ( 'NONE', #1185, #3500, #8751, .T. ) ;
#5731 = LINE ( 'NONE', #5030, #8798 ) ;
#5732 = ORIENTED_EDGE ( 'NONE', *, *, #2196, .F. ) ;
#5733 = VERTEX_POINT ( 'NONE', #7275 ) ;
#5734 = DIRECTION ( 'NONE',  ( -1.000000000000000000, -0.000000000000000000, -0.000000000000000000 ) ) ;
#5735 = EDGE_LOOP ( 'NONE', ( #5732, #4476, #8829, #2974, #8494, #7962 ) ) ;
#5736 = ORIENTED_EDGE ( 'NONE', *, *, #2112, .F. ) ;
#5737 = DIRECTION ( 'NONE',  ( -0.5000000000000005551, -0.000000000000000000, -0.8660254037844382635 ) ) ;
#5738 = CARTESIAN_POINT ( 'NONE',  ( 33.29089653438086316, -12.00000000000000000, 10.00000000000000711 ) ) ;
#5739 = LINE ( 'NONE', #7142, #5516 ) ;
#5740 = EDGE_CURVE ( 'NONE', #5911, #6517, #456, .T. ) ;
#5741 = ORIENTED_EDGE ( 'NONE', *, *, #933, .F. ) ;
#5742 = LINE ( 'NONE', #1908, #1959 ) ;
#5743 = EDGE_CURVE ( 'NONE', #36, #9243, #1985, .T. ) ;
#5744 = ORIENTED_EDGE ( 'NONE', *, *, #3667, .T. ) ;
#5745 = CARTESIAN_POINT ( 'NONE',  ( -68.35455173280956842, 0.000000000000000000, 18.35455173280956842 ) ) ;
#5746 = EDGE_CURVE ( 'NONE', #1321, #6404, #8898, .T. ) ;
#5747 = ORIENTED_EDGE ( 'NONE', *, *, #5353, .F. ) ;
#5748 = FACE_OUTER_BOUND ( 'NONE', #4206, .T. ) ;
#5749 = DIRECTION ( 'NONE',  ( 1.000000000000000000, 0.000000000000000000, -0.000000000000000000 ) ) ;
#5750 = DIRECTION ( 'NONE',  ( 0.000000000000000000, -1.000000000000000000, 0.000000000000000000 ) ) ;
#5751 = LINE ( 'NONE', #5004, #1870 ) ;
#5752 = ORIENTED_EDGE ( 'NONE', *, *, #75, .T. ) ;
#5753 = ADVANCED_FACE ( 'NONE', ( #4935 ), #404, .F. ) ;
#5754 = LINE ( 'NONE', #7456, #6588 ) ;
#5755 = VERTEX_POINT ( 'NONE', #8166 ) ;
#5756 = VERTEX_POINT ( 'NONE', #4284 ) ;
#5757 = CARTESIAN_POINT ( 'NONE',  ( -18.35455173280945118, -12.00000000000000000, 22.85000000000000497 ) ) ;
#5758 = DIRECTION ( 'NONE',  ( -0.5000000000000004441, 0.000000000000000000, 0.8660254037844383745 ) ) ;
#5759 = ORIENTED_EDGE ( 'NONE', *, *, #8734, .T. ) ;
#5760 = CARTESIAN_POINT ( 'NONE',  ( -58.35455173280956132, -12.00000000000000000, 7.150000000000007461 ) ) ;
#5761 = CARTESIAN_POINT ( 'NONE',  ( 31.64544826719042803, -12.00000000000000000, -2.850000000000000089 ) ) ;
#5762 = EDGE_CURVE ( 'NONE', #5755, #3033, #1135, .T. ) ;
#5763 = EDGE_LOOP ( 'NONE', ( #4007, #2161, #4790, #1859 ) ) ;
#5764 = VERTEX_POINT ( 'NONE', #8853 ) ;
#5765 = LINE ( 'NONE', #6469, #3901 ) ;
#5766 = DIRECTION ( 'NONE',  ( 0.4999999999999997224, 0.000000000000000000, 0.8660254037844388186 ) ) ;
#5767 = CARTESIAN_POINT ( 'NONE',  ( -28.35455173280955421, -12.00000000000000000, 7.150000000000007461 ) ) ;
#5768 = EDGE_CURVE ( 'NONE', #9374, #3353, #2036, .T. ) ;
#5769 = CARTESIAN_POINT ( 'NONE',  ( -18.35455173280955776, -12.00000000000000000, 52.85000000000000853 ) ) ;
#5770 = CARTESIAN_POINT ( 'NONE',  ( 11.64544826719032145, -12.00000000000000000, 17.15000000000000568 ) ) ;
#5771 = FACE_OUTER_BOUND ( 'NONE', #5288, .T. ) ;
#5772 = VERTEX_POINT ( 'NONE', #695 ) ;
#5773 = AXIS2_PLACEMENT_3D ( 'NONE', #17, #3044, #3148 ) ;
#5774 = DIRECTION ( 'NONE',  ( -0.4999999999999995004, -0.000000000000000000, 0.8660254037844389297 ) ) ;
#5775 = VECTOR ( 'NONE', #7961, 1000.000000000000000 ) ;
#5776 = VECTOR ( 'NONE', #2765, 1000.000000000000000 ) ;
#5777 = DIRECTION ( 'NONE',  ( -1.000000000000000000, 0.000000000000000000, 0.000000000000000000 ) ) ;
#5778 = EDGE_LOOP ( 'NONE', ( #133, #3943, #3331, #2461 ) ) ;
#5779 = ORIENTED_EDGE ( 'NONE', *, *, #3599, .T. ) ;
#5780 = CARTESIAN_POINT ( 'NONE',  ( 8.354551732809550657, -12.00000000000000000, 12.85000000000000675 ) ) ;
#5781 = EDGE_CURVE ( 'NONE', #1521, #2066, #9789, .T. ) ;
#5782 = ORIENTED_EDGE ( 'NONE', *, *, #5602, .T. ) ;
#5783 = EDGE_CURVE ( 'NONE', #908, #895, #2337, .T. ) ;
#5784 = CARTESIAN_POINT ( 'NONE',  ( -60.35455173280956132, 17.99999999999997868, -51.64544826719048842 ) ) ;
#5785 = DIRECTION ( 'NONE',  ( 0.5000000000000008882, 0.000000000000000000, 0.8660254037844381525 ) ) ;
#5786 = VECTOR ( 'NONE', #1697, 1000.000000000000000 ) ;
#5787 = CARTESIAN_POINT ( 'NONE',  ( 0.000000000000000000, -12.00000000000000000, 0.000000000000000000 ) ) ;
#5788 = VECTOR ( 'NONE', #6158, 1000.000000000000000 ) ;
#5789 = ORIENTED_EDGE ( 'NONE', *, *, #6910, .T. ) ;
#5790 = DIRECTION ( 'NONE',  ( -1.000000000000000000, 0.000000000000000000, -0.000000000000000000 ) ) ;
#5791 = ADVANCED_FACE ( 'NONE', ( #4535 ), #3334, .T. ) ;
#5792 = DIRECTION ( 'NONE',  ( -1.000000000000000000, 0.000000000000000000, 0.000000000000000000 ) ) ;
#5793 = VECTOR ( 'NONE', #4092, 1000.000000000000000 ) ;
#5794 = VECTOR ( 'NONE', #751, 1000.000000000000000 ) ;
#5795 = ORIENTED_EDGE ( 'NONE', *, *, #8771, .F. ) ;
#5796 = CARTESIAN_POINT ( 'NONE',  ( -38.35455173280955421, -12.00000000000000000, 7.150000000000007461 ) ) ;
#5797 = CARTESIAN_POINT ( 'NONE',  ( -18.35455173280944763, -12.00000000000000000, 17.15000000000000568 ) ) ;
#5798 = EDGE_CURVE ( 'NONE', #6389, #8052, #7718, .T. ) ;
#5799 = DIRECTION ( 'NONE',  ( 1.000000000000000000, 0.000000000000000000, 0.000000000000000000 ) ) ;
#5800 = DIRECTION ( 'NONE',  ( -0.4999999999999995004, 0.000000000000000000, -0.8660254037844389297 ) ) ;
#5801 = FACE_OUTER_BOUND ( 'NONE', #5213, .T. ) ;
#5802 = ORIENTED_EDGE ( 'NONE', *, *, #1715, .F. ) ;
#5803 = ORIENTED_EDGE ( 'NONE', *, *, #1759, .T. ) ;
#5804 = VECTOR ( 'NONE', #8615, 1000.000000000000000 ) ;
#5805 = PLANE ( 'NONE',  #8625 ) ;
#5806 = ORIENTED_EDGE ( 'NONE', *, *, #1467, .T. ) ;
#5807 = EDGE_CURVE ( 'NONE', #1472, #3417, #6184, .T. ) ;
#5808 = ORIENTED_EDGE ( 'NONE', *, *, #5621, .F. ) ;
#5809 = VECTOR ( 'NONE', #1427, 1000.000000000000000 ) ;
#5810 = CARTESIAN_POINT ( 'NONE',  ( 58.35455173280956132, -12.00000000000000000, 7.150000000000007461 ) ) ;
#5811 = FACE_OUTER_BOUND ( 'NONE', #5896, .T. ) ;
#5812 = ORIENTED_EDGE ( 'NONE', *, *, #4017, .T. ) ;
#5813 = AXIS2_PLACEMENT_3D ( 'NONE', #8169, #4285, #697 ) ;
#5814 = LINE ( 'NONE', #1885, #3073 ) ;
#5815 = ORIENTED_EDGE ( 'NONE', *, *, #3476, .T. ) ;
#5816 = ORIENTED_EDGE ( 'NONE', *, *, #2738, .F. ) ;
#5817 = CARTESIAN_POINT ( 'NONE',  ( 6.709103465618912132, 0.000000000000000000, 30.00000000000000711 ) ) ;
#5818 = FACE_BOUND ( 'NONE', #7390, .T. ) ;
#5819 = AXIS2_PLACEMENT_3D ( 'NONE', #8097, #2211, #7343 ) ;
#5820 = CARTESIAN_POINT ( 'NONE',  ( 6.709103465619120854, -12.00000000000000000, 1.294402214996931218E-15 ) ) ;
#5821 = AXIS2_PLACEMENT_3D ( 'NONE', #6659, #9673, #729 ) ;
#5822 = ORIENTED_EDGE ( 'NONE', *, *, #6808, .T. ) ;
#5823 = ORIENTED_EDGE ( 'NONE', *, *, #3715, .F. ) ;
#5824 = AXIS2_PLACEMENT_3D ( 'NONE', #370, #7897, #1260 ) ;
#5825 = PLANE ( 'NONE',  #2464 ) ;
#5826 = DIRECTION ( 'NONE',  ( 0.5000000000000250910, -0.000000000000000000, -0.8660254037844242747 ) ) ;
#5827 = ORIENTED_EDGE ( 'NONE', *, *, #5727, .F. ) ;
#5828 = PLANE ( 'NONE',  #7565 ) ;
#5829 = DIRECTION ( 'NONE',  ( 0.000000000000000000, -1.000000000000000000, 2.227185007473450017E-16 ) ) ;
#5830 = ORIENTED_EDGE ( 'NONE', *, *, #4263, .T. ) ;
#5831 = CARTESIAN_POINT ( 'NONE',  ( 18.35455173280955776, -12.00000000000000000, 12.85000000000000675 ) ) ;
#5832 = DIRECTION ( 'NONE',  ( -1.000000000000000000, 0.000000000000000000, 0.000000000000000000 ) ) ;
#5833 = LINE ( 'NONE', #4294, #6642 ) ;
#5834 = VECTOR ( 'NONE', #3451, 1000.000000000000000 ) ;
#5835 = ORIENTED_EDGE ( 'NONE', *, *, #3442, .F. ) ;
#5836 = CARTESIAN_POINT ( 'NONE',  ( 11.64544826719000881, -12.00000000000000000, 52.85000000000000142 ) ) ;
#5837 = EDGE_CURVE ( 'NONE', #9569, #9074, #5515, .T. ) ;
#5838 = LINE ( 'NONE', #321, #1226 ) ;
#5839 = VECTOR ( 'NONE', #1782, 1000.000000000000000 ) ;
#5840 = ORIENTED_EDGE ( 'NONE', *, *, #5318, .F. ) ;
#5841 = CARTESIAN_POINT ( 'NONE',  ( 23.29089653438066065, 0.000000000000000000, 30.00000000000000711 ) ) ;
#5842 = AXIS2_PLACEMENT_3D ( 'NONE', #1043, #7318, #346 ) ;
#5843 = AXIS2_PLACEMENT_3D ( 'NONE', #49, #929, #9231 ) ;
#5844 = CARTESIAN_POINT ( 'NONE',  ( -53.29089653438087026, -12.00000000000000000, 3.038187096183830448E-15 ) ) ;
#5845 = LINE ( 'NONE', #8872, #7686 ) ;
#5846 = FACE_OUTER_BOUND ( 'NONE', #1182, .T. ) ;
#5847 = LINE ( 'NONE', #4204, #7120 ) ;
#5848 = AXIS2_PLACEMENT_3D ( 'NONE', #9075, #37, #2958 ) ;
#5849 = CARTESIAN_POINT ( 'NONE',  ( 63.29089653438087026, 0.000000000000000000, 3.038187096183830448E-15 ) ) ;
#5850 = EDGE_CURVE ( 'NONE', #6404, #8904, #6369, .T. ) ;
#5851 = EDGE_CURVE ( 'NONE', #1248, #7229, #7017, .T. ) ;
#5852 = ORIENTED_EDGE ( 'NONE', *, *, #8763, .F. ) ;
#5853 = EDGE_CURVE ( 'NONE', #6405, #1248, #8456, .T. ) ;
#5854 = DIRECTION ( 'NONE',  ( 0.000000000000000000, -0.000000000000000000, 1.000000000000000000 ) ) ;
#5855 = ORIENTED_EDGE ( 'NONE', *, *, #9021, .T. ) ;
#5856 = VECTOR ( 'NONE', #9347, 1000.000000000000000 ) ;
#5857 = EDGE_LOOP ( 'NONE', ( #4901, #4439, #2379, #8102 ) ) ;
#5858 = EDGE_CURVE ( 'NONE', #635, #3391, #6221, .T. ) ;
#5859 = DIRECTION ( 'NONE',  ( 0.000000000000000000, 0.000000000000000000, -1.000000000000000000 ) ) ;
#5860 = CARTESIAN_POINT ( 'NONE',  ( -43.29089653438087026, 0.000000000000000000, 3.038187096183830448E-15 ) ) ;
#5861 = ADVANCED_FACE ( 'NONE', ( #6974 ), #108, .T. ) ;
#5862 = ORIENTED_EDGE ( 'NONE', *, *, #6947, .F. ) ;
#5863 = DIRECTION ( 'NONE',  ( 0.4999999999999997224, 0.000000000000000000, 0.8660254037844388186 ) ) ;
#5864 = ORIENTED_EDGE ( 'NONE', *, *, #2374, .T. ) ;
#5865 = ORIENTED_EDGE ( 'NONE', *, *, #4830, .F. ) ;
#5866 = CARTESIAN_POINT ( 'NONE',  ( 11.64544826719032145, -12.00000000000000000, 22.85000000000000497 ) ) ;
#5867 = LINE ( 'NONE', #9784, #3307 ) ;
#5868 = EDGE_CURVE ( 'NONE', #239, #1617, #2425, .T. ) ;
#5869 = ORIENTED_EDGE ( 'NONE', *, *, #1189, .F. ) ;
#5870 = ORIENTED_EDGE ( 'NONE', *, *, #8749, .F. ) ;
#5871 = CARTESIAN_POINT ( 'NONE',  ( -60.35455173280956132, 14.99999999999997868, -16.35455173280956487 ) ) ;
#5872 = CARTESIAN_POINT ( 'NONE',  ( -43.29089653438087026, 0.000000000000000000, 10.00000000000000711 ) ) ;
#5873 = EDGE_LOOP ( 'NONE', ( #163, #3202, #4663, #9173 ) ) ;
#5874 = PLANE ( 'NONE',  #875 ) ;
#5875 = LINE ( 'NONE', #8029, #1014 ) ;
#5876 = EDGE_LOOP ( 'NONE', ( #1381, #276, #1020, #6264 ) ) ;
#5877 = DIRECTION ( 'NONE',  ( -0.5000000000000004441, 0.000000000000000000, 0.8660254037844383745 ) ) ;
#5878 = DIRECTION ( 'NONE',  ( -0.5000000000000008882, 0.000000000000000000, 0.8660254037844381525 ) ) ;
#5879 = LINE ( 'NONE', #1441, #2175 ) ;
#5880 = EDGE_CURVE ( 'NONE', #9514, #6968, #1680, .T. ) ;
#5881 = EDGE_LOOP ( 'NONE', ( #1339, #4772, #2177, #8250 ) ) ;
#5882 = CARTESIAN_POINT ( 'NONE',  ( -21.64544826719043158, 0.000000000000000000, 2.849999999999997424 ) ) ;
#5883 = CARTESIAN_POINT ( 'NONE',  ( -61.64544826719043868, -12.00000000000000000, 2.849999999999998312 ) ) ;
#5884 = VERTEX_POINT ( 'NONE', #4728 ) ;
#5885 = PLANE ( 'NONE',  #4839 ) ;
#5886 = CARTESIAN_POINT ( 'NONE',  ( 18.35455173280924512, -12.00000000000000000, 42.85000000000000142 ) ) ;
#5887 = DIRECTION ( 'NONE',  ( 0.5000000000000009992, -0.000000000000000000, -0.8660254037844380415 ) ) ;
#5888 = DIRECTION ( 'NONE',  ( 1.000000000000000000, -0.000000000000000000, -0.000000000000000000 ) ) ;
#5889 = DIRECTION ( 'NONE',  ( -0.5000000000000004441, -0.000000000000000000, -0.8660254037844383745 ) ) ;
#5890 = EDGE_CURVE ( 'NONE', #6968, #4140, #6268, .T. ) ;
#5891 = ORIENTED_EDGE ( 'NONE', *, *, #8104, .F. ) ;
#5892 = CARTESIAN_POINT ( 'NONE',  ( 8.354551732809550657, 0.000000000000000000, 7.150000000000007461 ) ) ;
#5893 = ORIENTED_EDGE ( 'NONE', *, *, #2687, .F. ) ;
#5894 = CARTESIAN_POINT ( 'NONE',  ( -61.64544826719043868, 0.000000000000000000, 2.849999999999998312 ) ) ;
#5895 = ORIENTED_EDGE ( 'NONE', *, *, #4276, .T. ) ;
#5896 = EDGE_LOOP ( 'NONE', ( #2362, #3386, #7076, #6031 ) ) ;
#5897 = DIRECTION ( 'NONE',  ( -0.4999999999999992784, 0.000000000000000000, -0.8660254037844390407 ) ) ;
#5898 = ADVANCED_FACE ( 'NONE', ( #1835 ), #1033, .T. ) ;
#5899 = EDGE_CURVE ( 'NONE', #7888, #2104, #2527, .T. ) ;
#5900 = EDGE_CURVE ( 'NONE', #2079, #73, #4780, .T. ) ;
#5901 = DIRECTION ( 'NONE',  ( -0.5000000000000008882, -0.000000000000000000, -0.8660254037844381525 ) ) ;
#5902 = CARTESIAN_POINT ( 'NONE',  ( -33.29089653438086316, -12.00000000000000000, 10.00000000000000711 ) ) ;
#5903 = LINE ( 'NONE', #1423, #5776 ) ;
#5904 = ORIENTED_EDGE ( 'NONE', *, *, #4159, .T. ) ;
#5905 = FACE_OUTER_BOUND ( 'NONE', #3494, .T. ) ;
#5906 = ORIENTED_EDGE ( 'NONE', *, *, #1592, .T. ) ;
#5907 = EDGE_CURVE ( 'NONE', #643, #8824, #7118, .T. ) ;
#5908 = VERTEX_POINT ( 'NONE', #9380 ) ;
#5909 = DIRECTION ( 'NONE',  ( 1.000000000000000000, 0.000000000000000000, -0.000000000000000000 ) ) ;
#5910 = EDGE_CURVE ( 'NONE', #36, #3950, #3875, .T. ) ;
#5911 = VERTEX_POINT ( 'NONE', #981 ) ;
#5912 = ADVANCED_FACE ( 'NONE', ( #9285 ), #2476, .T. ) ;
#5913 = FACE_OUTER_BOUND ( 'NONE', #4683, .T. ) ;
#5914 = EDGE_CURVE ( 'NONE', #5692, #6799, #9783, .T. ) ;
#5915 = CARTESIAN_POINT ( 'NONE',  ( 16.70910346561892013, 0.000000000000000000, 30.00000000000000711 ) ) ;
#5916 = VERTEX_POINT ( 'NONE', #3588 ) ;
#5917 = EDGE_CURVE ( 'NONE', #2571, #1415, #1430, .T. ) ;
#5918 = DIRECTION ( 'NONE',  ( 0.000000000000000000, 1.000000000000000000, 0.000000000000000000 ) ) ;
#5919 = CARTESIAN_POINT ( 'NONE',  ( 6.709103465619119966, 0.000000000000000000, 1.301042606982605321E-15 ) ) ;
#5920 = CARTESIAN_POINT ( 'NONE',  ( -38.35455173280955421, 0.000000000000000000, 7.150000000000007461 ) ) ;
#5921 = ORIENTED_EDGE ( 'NONE', *, *, #2194, .T. ) ;
#5922 = FACE_OUTER_BOUND ( 'NONE', #9533, .T. ) ;
#5923 = FACE_OUTER_BOUND ( 'NONE', #557, .T. ) ;
#5924 = ADVANCED_FACE ( 'NONE', ( #5156 ), #1383, .F. ) ;
#5925 = EDGE_CURVE ( 'NONE', #4781, #2924, #5637, .T. ) ;
#5926 = ORIENTED_EDGE ( 'NONE', *, *, #9108, .T. ) ;
#5927 = CARTESIAN_POINT ( 'NONE',  ( -13.29089653438075835, 0.000000000000000000, 20.00000000000000355 ) ) ;
#5928 = CARTESIAN_POINT ( 'NONE',  ( 13.29089653438065355, 0.000000000000000000, 30.00000000000000711 ) ) ;
#5929 = LINE ( 'NONE', #8273, #7915 ) ;
#5930 = ORIENTED_EDGE ( 'NONE', *, *, #8420, .F. ) ;
#5931 = CARTESIAN_POINT ( 'NONE',  ( 60.35455173280956132, 10.00000000000000000, 18.35455173280956842 ) ) ;
#5932 = VECTOR ( 'NONE', #9619, 1000.000000000000000 ) ;
#5933 = VECTOR ( 'NONE', #7706, 1000.000000000000000 ) ;
#5934 = LINE ( 'NONE', #658, #441 ) ;
#5935 = ORIENTED_EDGE ( 'NONE', *, *, #8923, .F. ) ;
#5936 = DIRECTION ( 'NONE',  ( -0.5000000000000009992, 0.000000000000000000, -0.8660254037844380415 ) ) ;
#5937 = DIRECTION ( 'NONE',  ( 0.000000000000000000, 1.000000000000000000, 0.000000000000000000 ) ) ;
#5938 = AXIS2_PLACEMENT_3D ( 'NONE', #4188, #7232, #4986 ) ;
#5939 = VECTOR ( 'NONE', #2959, 1000.000000000000000 ) ;
#5940 = LINE ( 'NONE', #2895, #58 ) ;
#5941 = DIRECTION ( 'NONE',  ( 0.4999999999999999445, -0.000000000000000000, -0.8660254037844387076 ) ) ;
#5942 = CARTESIAN_POINT ( 'NONE',  ( -41.64544826719043158, -12.00000000000000000, 12.85000000000000675 ) ) ;
#5943 = EDGE_LOOP ( 'NONE', ( #7293, #8028, #4610, #5806, #8510 ) ) ;
#5944 = LINE ( 'NONE', #5849, #3435 ) ;
#5945 = VECTOR ( 'NONE', #4662, 1000.000000000000114 ) ;
#5946 = VECTOR ( 'NONE', #5774, 1000.000000000000000 ) ;
#5947 = ORIENTED_EDGE ( 'NONE', *, *, #3926, .F. ) ;
#5948 = CARTESIAN_POINT ( 'NONE',  ( -28.35455173280955421, -12.00000000000000000, 12.85000000000000675 ) ) ;
#5949 = PLANE ( 'NONE',  #6574 ) ;
#5950 = ORIENTED_EDGE ( 'NONE', *, *, #6947, .T. ) ;
#5951 = ORIENTED_EDGE ( 'NONE', *, *, #5065, .F. ) ;
#5952 = CARTESIAN_POINT ( 'NONE',  ( 0.000000000000000000, -12.00000000000000000, 0.000000000000000000 ) ) ;
#5953 = VECTOR ( 'NONE', #7896, 1000.000000000000000 ) ;
#5954 = DIRECTION ( 'NONE',  ( -1.000000000000000000, 0.000000000000000000, -0.000000000000000000 ) ) ;
#5955 = DIRECTION ( 'NONE',  ( -0.4999999999999992784, -0.000000000000000000, 0.8660254037844390407 ) ) ;
#5956 = ORIENTED_EDGE ( 'NONE', *, *, #2366, .T. ) ;
#5957 = EDGE_CURVE ( 'NONE', #8778, #3639, #6352, .T. ) ;
#5958 = PLANE ( 'NONE',  #7534 ) ;
#5959 = EDGE_LOOP ( 'NONE', ( #8742, #7179, #2702, #8101, #8949, #1691, #6558, #7184 ) ) ;
#5960 = EDGE_CURVE ( 'NONE', #6377, #4424, #5400, .T. ) ;
#5961 = ORIENTED_EDGE ( 'NONE', *, *, #1791, .F. ) ;
#5962 = VECTOR ( 'NONE', #9599, 1000.000000000000000 ) ;
#5963 = PLANE ( 'NONE',  #2145 ) ;
#5964 = ORIENTED_EDGE ( 'NONE', *, *, #9027, .T. ) ;
#5965 = CARTESIAN_POINT ( 'NONE',  ( -11.64544826719032145, 0.000000000000000000, 17.15000000000000568 ) ) ;
#5966 = ORIENTED_EDGE ( 'NONE', *, *, #9361, .T. ) ;
#5967 = EDGE_CURVE ( 'NONE', #1965, #6543, #8819, .T. ) ;
#5968 = AXIS2_PLACEMENT_3D ( 'NONE', #5154, #8207, #2922 ) ;
#5969 = ORIENTED_EDGE ( 'NONE', *, *, #7190, .T. ) ;
#5970 = ADVANCED_FACE ( 'NONE', ( #471 ), #9563, .T. ) ;
#5971 = EDGE_CURVE ( 'NONE', #8140, #2415, #3515, .T. ) ;
#5972 = EDGE_CURVE ( 'NONE', #2618, #631, #6550, .T. ) ;
#5973 = DIRECTION ( 'NONE',  ( 1.000000000000000000, -0.000000000000000000, 0.000000000000000000 ) ) ;
#5974 = VECTOR ( 'NONE', #8526, 1000.000000000000000 ) ;
#5975 = LINE ( 'NONE', #2992, #1327 ) ;
#5976 = ORIENTED_EDGE ( 'NONE', *, *, #4265, .T. ) ;
#5977 = ORIENTED_EDGE ( 'NONE', *, *, #8636, .F. ) ;
#5978 = DIRECTION ( 'NONE',  ( 1.000000000000000000, 0.000000000000000000, -1.317819823453642871E-16 ) ) ;
#5979 = VECTOR ( 'NONE', #3068, 1000.000000000000000 ) ;
#5980 = ORIENTED_EDGE ( 'NONE', *, *, #4407, .F. ) ;
#5981 = DIRECTION ( 'NONE',  ( 0.5000000000000008882, -0.000000000000000000, -0.8660254037844381525 ) ) ;
#5982 = DIRECTION ( 'NONE',  ( 0.4999999999999992228, 0.000000000000000000, -0.8660254037844390407 ) ) ;
#5983 = CARTESIAN_POINT ( 'NONE',  ( 41.64544826719043868, -12.00000000000000000, 2.849999999999998312 ) ) ;
#5984 = ORIENTED_EDGE ( 'NONE', *, *, #4888, .T. ) ;
#5985 = CARTESIAN_POINT ( 'NONE',  ( 6.709103465619120854, -12.00000000000000000, 10.00000000000000711 ) ) ;
#5986 = EDGE_CURVE ( 'NONE', #8514, #7664, #9463, .T. ) ;
#5987 = CIRCLE ( 'NONE', #6153, 2.999999999999995559 ) ;
#5988 = CARTESIAN_POINT ( 'NONE',  ( 43.29089653438087026, -12.00000000000000000, 3.038187096183830448E-15 ) ) ;
#5989 = ORIENTED_EDGE ( 'NONE', *, *, #4764, .T. ) ;
#5990 = LINE ( 'NONE', #613, #4996 ) ;
#5991 = DIRECTION ( 'NONE',  ( 0.000000000000000000, 1.000000000000000000, -0.000000000000000000 ) ) ;
#5992 = DIRECTION ( 'NONE',  ( 0.4999999999999999445, 0.000000000000000000, 0.8660254037844387076 ) ) ;
#5993 = CARTESIAN_POINT ( 'NONE',  ( 41.64544826719043868, 0.000000000000000000, 2.849999999999998312 ) ) ;
#5994 = VECTOR ( 'NONE', #3897, 1000.000000000000000 ) ;
#5995 = DIRECTION ( 'NONE',  ( 0.000000000000000000, 1.000000000000000000, 0.000000000000000000 ) ) ;
#5996 = EDGE_CURVE ( 'NONE', #7878, #1116, #2004, .T. ) ;
#5997 = FACE_OUTER_BOUND ( 'NONE', #3646, .T. ) ;
#5998 = VECTOR ( 'NONE', #296, 1000.000000000000000 ) ;
#5999 = ORIENTED_EDGE ( 'NONE', *, *, #5344, .T. ) ;
#6000 = AXIS2_PLACEMENT_3D ( 'NONE', #8422, #6875, #1546 ) ;
#6001 = VECTOR ( 'NONE', #6477, 1000.000000000000114 ) ;
#6002 = DIRECTION ( 'NONE',  ( -0.000000000000000000, 1.000000000000000000, 2.148870006293945467E-16 ) ) ;
#6003 = CARTESIAN_POINT ( 'NONE',  ( -16.70910346561891302, -12.00000000000000000, 30.00000000000000711 ) ) ;
#6004 = ORIENTED_EDGE ( 'NONE', *, *, #1722, .F. ) ;
#6005 = ORIENTED_EDGE ( 'NONE', *, *, #9163, .F. ) ;
#6006 = DIRECTION ( 'NONE',  ( 0.4999999999999998335, -0.000000000000000000, 0.8660254037844387076 ) ) ;
#6007 = AXIS2_PLACEMENT_3D ( 'NONE', #9266, #5701, #4107 ) ;
#6008 = CARTESIAN_POINT ( 'NONE',  ( 8.354551732809341047, 0.000000000000000000, 32.85000000000000142 ) ) ;
#6009 = ORIENTED_EDGE ( 'NONE', *, *, #2423, .F. ) ;
#6010 = AXIS2_PLACEMENT_3D ( 'NONE', #5370, #7662, #9091 ) ;
#6011 = LINE ( 'NONE', #8398, #7421 ) ;
#6012 = VECTOR ( 'NONE', #31, 1000.000000000000000 ) ;
#6013 = FACE_OUTER_BOUND ( 'NONE', #5656, .T. ) ;
#6014 = CARTESIAN_POINT ( 'NONE',  ( 13.29089653438075835, -12.00000000000000000, 20.00000000000000355 ) ) ;
#6015 = EDGE_CURVE ( 'NONE', #3168, #2446, #8619, .T. ) ;
#6016 = ORIENTED_EDGE ( 'NONE', *, *, #3789, .F. ) ;
#6017 = AXIS2_PLACEMENT_3D ( 'NONE', #6334, #597, #5183 ) ;
#6018 = CARTESIAN_POINT ( 'NONE',  ( -18.35455173280955421, -12.00000000000000000, -2.850000000000000089 ) ) ;
#6019 = ORIENTED_EDGE ( 'NONE', *, *, #7751, .F. ) ;
#6020 = PLANE ( 'NONE',  #5968 ) ;
#6021 = ORIENTED_EDGE ( 'NONE', *, *, #3374, .T. ) ;
#6022 = DIRECTION ( 'NONE',  ( 1.000000000000000000, 0.000000000000000000, -0.000000000000000000 ) ) ;
#6023 = CARTESIAN_POINT ( 'NONE',  ( 8.354551732809134990, -12.00000000000000000, 47.14999999999999858 ) ) ;
#6024 = AXIS2_PLACEMENT_3D ( 'NONE', #5074, #4278, #6618 ) ;
#6025 = VERTEX_POINT ( 'NONE', #4856 ) ;
#6026 = VERTEX_POINT ( 'NONE', #5588 ) ;
#6027 = EDGE_CURVE ( 'NONE', #635, #4841, #3464, .T. ) ;
#6028 = CARTESIAN_POINT ( 'NONE',  ( 26.70910346561912618, -12.00000000000000000, 1.294402214996931218E-15 ) ) ;
#6029 = CARTESIAN_POINT ( 'NONE',  ( -6.709103465619016937, -12.00000000000000000, 20.00000000000000355 ) ) ;
#6030 = DIRECTION ( 'NONE',  ( -1.000000000000000000, 0.000000000000000000, 0.000000000000000000 ) ) ;
#6031 = ORIENTED_EDGE ( 'NONE', *, *, #4195, .T. ) ;
#6032 = ORIENTED_EDGE ( 'NONE', *, *, #8650, .F. ) ;
#6033 = LINE ( 'NONE', #2241, #3927 ) ;
#6034 = ORIENTED_EDGE ( 'NONE', *, *, #7237, .T. ) ;
#6035 = PLANE ( 'NONE',  #374 ) ;
#6036 = FACE_OUTER_BOUND ( 'NONE', #2610, .T. ) ;
#6037 = EDGE_CURVE ( 'NONE', #4059, #5117, #9367, .T. ) ;
#6038 = EDGE_CURVE ( 'NONE', #6799, #5441, #6503, .T. ) ;
#6039 = CARTESIAN_POINT ( 'NONE',  ( -50.35455173280956132, 17.99999999999997868, -51.64544826719048842 ) ) ;
#6040 = ADVANCED_FACE ( 'NONE', ( #2603 ), #4953, .T. ) ;
#6041 = EDGE_CURVE ( 'NONE', #86, #4844, #1335, .T. ) ;
#6042 = ORIENTED_EDGE ( 'NONE', *, *, #3926, .T. ) ;
#6043 = LINE ( 'NONE', #4494, #9572 ) ;
#6044 = CARTESIAN_POINT ( 'NONE',  ( 8.354551732809550657, -12.00000000000000000, 7.150000000000007461 ) ) ;
#6045 = VERTEX_POINT ( 'NONE', #2556 ) ;
#6046 = CARTESIAN_POINT ( 'NONE',  ( -60.35455173280956132, 41.15544456622760805, -56.64544826719043868 ) ) ;
#6047 = LINE ( 'NONE', #2301, #4270 ) ;
#6048 = EDGE_LOOP ( 'NONE', ( #1176, #3573, #3163, #5072 ) ) ;
#6049 = CARTESIAN_POINT ( 'NONE',  ( 0.000000000000000000, -12.00000000000000000, 0.000000000000000000 ) ) ;
#6050 = DIRECTION ( 'NONE',  ( 1.000000000000000000, -0.000000000000000000, 1.317819823453642871E-16 ) ) ;
#6051 = ADVANCED_FACE ( 'NONE', ( #4109 ), #7150, .T. ) ;
#6052 = DIRECTION ( 'NONE',  ( 0.000000000000000000, -0.000000000000000000, -1.000000000000000000 ) ) ;
#6053 = ADVANCED_FACE ( 'NONE', ( #5748 ), #8768, .F. ) ;
#6054 = ORIENTED_EDGE ( 'NONE', *, *, #694, .F. ) ;
#6055 = CARTESIAN_POINT ( 'NONE',  ( -48.35455173280956132, -12.00000000000000000, -2.850000000000000089 ) ) ;
#6056 = VERTEX_POINT ( 'NONE', #5550 ) ;
#6057 = DIRECTION ( 'NONE',  ( 0.5000000000000009992, 0.000000000000000000, 0.8660254037844380415 ) ) ;
#6058 = DIRECTION ( 'NONE',  ( 1.000000000000000000, 0.000000000000000000, -1.317819823453642871E-16 ) ) ;
#6059 = EDGE_LOOP ( 'NONE', ( #7512, #4800, #7894, #2807, #6700, #4859 ) ) ;
#6060 = CARTESIAN_POINT ( 'NONE',  ( -51.64544826719043158, 0.000000000000000000, 12.85000000000000675 ) ) ;
#6061 = EDGE_CURVE ( 'NONE', #7917, #9738, #278, .T. ) ;
#6062 = CARTESIAN_POINT ( 'NONE',  ( 21.64544826719021486, -12.00000000000000000, 32.85000000000000142 ) ) ;
#6063 = DIRECTION ( 'NONE',  ( 0.000000000000000000, 1.000000000000000000, 0.000000000000000000 ) ) ;
#6064 = LINE ( 'NONE', #6811, #705 ) ;
#6065 = FACE_OUTER_BOUND ( 'NONE', #4435, .T. ) ;
#6066 = ORIENTED_EDGE ( 'NONE', *, *, #3382, .T. ) ;
#6067 = PLANE ( 'NONE',  #9579 ) ;
#6068 = VERTEX_POINT ( 'NONE', #7242 ) ;
#6069 = DIRECTION ( 'NONE',  ( 0.5000000000000008882, -0.000000000000000000, -0.8660254037844381525 ) ) ;
#6070 = LINE ( 'NONE', #2980, #2200 ) ;
#6071 = DIRECTION ( 'NONE',  ( -0.4999999999999990563, 0.000000000000000000, -0.8660254037844391517 ) ) ;
#6072 = ORIENTED_EDGE ( 'NONE', *, *, #4440, .T. ) ;
#6073 = CARTESIAN_POINT ( 'NONE',  ( 38.35455173280955421, 0.000000000000000000, 7.150000000000007461 ) ) ;
#6074 = ORIENTED_EDGE ( 'NONE', *, *, #4089, .F. ) ;
#6075 = EDGE_CURVE ( 'NONE', #1119, #5117, #6444, .T. ) ;
#6076 = CARTESIAN_POINT ( 'NONE',  ( -18.35455173280955421, -0.000000000000000000, -2.850000000000000977 ) ) ;
#6077 = PLANE ( 'NONE',  #5017 ) ;
#6078 = DIRECTION ( 'NONE',  ( 0.000000000000000000, 0.000000000000000000, 1.000000000000000000 ) ) ;
#6079 = ORIENTED_EDGE ( 'NONE', *, *, #4394, .T. ) ;
#6081 = EDGE_CURVE ( 'NONE', #3711, #4706, #9408, .T. ) ;
#6080 = DIRECTION ( 'NONE',  ( 0.5000000000000009992, 0.000000000000000000, 0.8660254037844380415 ) ) ;
#6082 = DIRECTION ( 'NONE',  ( -1.000000000000000000, -0.000000000000000000, -0.000000000000000000 ) ) ;
#6083 = FACE_BOUND ( 'NONE', #6480, .T. ) ;
#6084 = DIRECTION ( 'NONE',  ( 0.000000000000000000, 1.000000000000000000, 0.000000000000000000 ) ) ;
#6085 = CARTESIAN_POINT ( 'NONE',  ( 21.64544826719032145, -12.00000000000000000, 17.15000000000000568 ) ) ;
#6086 = VERTEX_POINT ( 'NONE', #8042 ) ;
#6087 = CARTESIAN_POINT ( 'NONE',  ( 61.64544826719043868, -12.00000000000000000, 2.849999999999998312 ) ) ;
#6088 = DIRECTION ( 'NONE',  ( 0.4999999999999999445, -0.000000000000000000, -0.8660254037844387076 ) ) ;
#6089 = EDGE_CURVE ( 'NONE', #6804, #1903, #1912, .T. ) ;
#6091 = EDGE_CURVE ( 'NONE', #5199, #7397, #3465, .T. ) ;
#6090 = ORIENTED_EDGE ( 'NONE', *, *, #2271, .T. ) ;
#6092 = LINE ( 'NONE', #8380, #7063 ) ;
#6093 = EDGE_CURVE ( 'NONE', #8964, #9634, #369, .T. ) ;
#6094 = DIRECTION ( 'NONE',  ( 0.000000000000000000, 0.000000000000000000, 1.000000000000000000 ) ) ;
#6095 = ORIENTED_EDGE ( 'NONE', *, *, #6769, .F. ) ;
#6096 = DIRECTION ( 'NONE',  ( 0.5000000000000017764, 0.000000000000000000, 0.8660254037844375974 ) ) ;
#6097 = DIRECTION ( 'NONE',  ( 0.000000000000000000, 1.000000000000000000, 0.000000000000000000 ) ) ;
#6098 = CARTESIAN_POINT ( 'NONE',  ( -58.35455173280956132, 0.000000000000000000, 12.85000000000000675 ) ) ;
#6099 = VECTOR ( 'NONE', #788, 1000.000000000000000 ) ;
#6100 = ORIENTED_EDGE ( 'NONE', *, *, #7514, .F. ) ;
#6101 = VECTOR ( 'NONE', #4243, 1000.000000000000000 ) ;
#6102 = DIRECTION ( 'NONE',  ( -1.317819823453642871E-16, 0.000000000000000000, 1.000000000000000000 ) ) ;
#6103 = ORIENTED_EDGE ( 'NONE', *, *, #3666, .F. ) ;
#6104 = CARTESIAN_POINT ( 'NONE',  ( 18.35455173280955776, -12.00000000000000000, 52.85000000000000853 ) ) ;
#6105 = VECTOR ( 'NONE', #8954, 1000.000000000000227 ) ;
#6106 = CARTESIAN_POINT ( 'NONE',  ( -50.35455173280956132, 30.15544456622761516, -48.64544826719049553 ) ) ;
#6107 = VECTOR ( 'NONE', #2709, 1000.000000000000000 ) ;
#6108 = EDGE_CURVE ( 'NONE', #3727, #1750, #2005, .T. ) ;
#6109 = VECTOR ( 'NONE', #8927, 1000.000000000000000 ) ;
#6110 = LINE ( 'NONE', #6060, #3609 ) ;
#6111 = EDGE_CURVE ( 'NONE', #5557, #2537, #7295, .T. ) ;
#6112 = LINE ( 'NONE', #270, #6777 ) ;
#6113 = DIRECTION ( 'NONE',  ( -1.000000000000000000, -0.000000000000000000, -0.000000000000000000 ) ) ;
#6114 = VECTOR ( 'NONE', #9659, 1000.000000000000000 ) ;
#6115 = AXIS2_PLACEMENT_3D ( 'NONE', #1837, #2529, #4827 ) ;
#6116 = VERTEX_POINT ( 'NONE', #3408 ) ;
#6117 = EDGE_CURVE ( 'NONE', #86, #3805, #1259, .T. ) ;
#6118 = FACE_OUTER_BOUND ( 'NONE', #9365, .T. ) ;
#6119 = ORIENTED_EDGE ( 'NONE', *, *, #3321, .F. ) ;
#6120 = AXIS2_PLACEMENT_3D ( 'NONE', #8607, #8712, #3346 ) ;
#6122 = FACE_OUTER_BOUND ( 'NONE', #2760, .T. ) ;
#6121 = VECTOR ( 'NONE', #5644, 1000.000000000000000 ) ;
#6123 = CARTESIAN_POINT ( 'NONE',  ( 41.64544826719043158, -12.00000000000000000, 7.150000000000007461 ) ) ;
#6124 = EDGE_CURVE ( 'NONE', #4918, #718, #3361, .T. ) ;
#6125 = DIRECTION ( 'NONE',  ( 0.000000000000000000, 0.000000000000000000, -1.000000000000000000 ) ) ;
#6126 = VERTEX_POINT ( 'NONE', #9464 ) ;
#6127 = CARTESIAN_POINT ( 'NONE',  ( -50.35455173280956132, 36.15544456622761516, -48.64544826719049553 ) ) ;
#6128 = ORIENTED_EDGE ( 'NONE', *, *, #1112, .F. ) ;
#6129 = VECTOR ( 'NONE', #3254, 1000.000000000000000 ) ;
#6130 = DIRECTION ( 'NONE',  ( -0.5000000000000247580, 0.000000000000000000, 0.8660254037844242747 ) ) ;
#6131 = CARTESIAN_POINT ( 'NONE',  ( -48.35455173280956132, 0.000000000000000000, 7.150000000000007461 ) ) ;
#6132 = DIRECTION ( 'NONE',  ( -0.4999999999999989453, 0.000000000000000000, -0.8660254037844391517 ) ) ;
#6133 = CARTESIAN_POINT ( 'NONE',  ( -46.70910346561912974, 0.000000000000000000, 10.00000000000000533 ) ) ;
#6134 = VERTEX_POINT ( 'NONE', #325 ) ;
#6135 = LINE ( 'NONE', #9150, #9761 ) ;
#6136 = CARTESIAN_POINT ( 'NONE',  ( -56.70910346561912974, -12.00000000000000000, 10.00000000000000711 ) ) ;
#6137 = DIRECTION ( 'NONE',  ( 0.8660254037844391517, 0.000000000000000000, -0.4999999999999992784 ) ) ;
#6138 = DIRECTION ( 'NONE',  ( -1.000000000000000000, -0.000000000000000000, -0.000000000000000000 ) ) ;
#6139 = VECTOR ( 'NONE', #1487, 1000.000000000000000 ) ;
#6140 = CARTESIAN_POINT ( 'NONE',  ( -18.35455173280955421, -12.00000000000000000, 2.849999999999997868 ) ) ;
#6141 = VERTEX_POINT ( 'NONE', #421 ) ;
#6142 = DIRECTION ( 'NONE',  ( 0.000000000000000000, -5.372175015734863666E-17, -1.000000000000000000 ) ) ;
#6143 = VECTOR ( 'NONE', #4016, 1000.000000000000000 ) ;
#6144 = VECTOR ( 'NONE', #975, 1000.000000000000114 ) ;
#6145 = DIRECTION ( 'NONE',  ( -0.4999999999999990563, 0.000000000000000000, -0.8660254037844391517 ) ) ;
#6146 = ORIENTED_EDGE ( 'NONE', *, *, #1652, .T. ) ;
#6147 = DIRECTION ( 'NONE',  ( 0.5000000000000009992, 0.000000000000000000, -0.8660254037844380415 ) ) ;
#6148 = CARTESIAN_POINT ( 'NONE',  ( -23.29089653438086316, 0.000000000000000000, 10.00000000000000711 ) ) ;
#6149 = ORIENTED_EDGE ( 'NONE', *, *, #5853, .T. ) ;
#6150 = CARTESIAN_POINT ( 'NONE',  ( -18.35455173280913499, -12.00000000000000000, 47.14999999999999858 ) ) ;
#6151 = PLANE ( 'NONE',  #272 ) ;
#6152 = PLANE ( 'NONE',  #7286 ) ;
#6153 = AXIS2_PLACEMENT_3D ( 'NONE', #4851, #6388, #9399 ) ;
#6154 = VERTEX_POINT ( 'NONE', #5092 ) ;
#6155 = CARTESIAN_POINT ( 'NONE',  ( 16.70910346561901960, -12.00000000000000000, 20.00000000000000355 ) ) ;
#6156 = ORIENTED_EDGE ( 'NONE', *, *, #8679, .F. ) ;
#6157 = CARTESIAN_POINT ( 'NONE',  ( -51.64544826719043868, 0.000000000000000000, 2.849999999999998312 ) ) ;
#6158 = DIRECTION ( 'NONE',  ( 1.000000000000000000, -0.000000000000000000, -0.000000000000000000 ) ) ;
#6159 = VECTOR ( 'NONE', #6097, 1000.000000000000000 ) ;
#6160 = DIRECTION ( 'NONE',  ( -1.000000000000000000, -0.000000000000000000, -0.000000000000000000 ) ) ;
#6161 = CARTESIAN_POINT ( 'NONE',  ( 6.709103465618808215, -12.00000000000000000, 40.00000000000000000 ) ) ;
#6162 = FACE_OUTER_BOUND ( 'NONE', #1940, .T. ) ;
#6163 = EDGE_CURVE ( 'NONE', #4368, #9514, #7340, .T. ) ;
#6164 = DIRECTION ( 'NONE',  ( 0.000000000000000000, 2.312964634635742895E-17, -1.000000000000000000 ) ) ;
#6165 = EDGE_CURVE ( 'NONE', #3168, #2377, #513, .T. ) ;
#6166 = EDGE_CURVE ( 'NONE', #2415, #4852, #7993, .T. ) ;
#6167 = VECTOR ( 'NONE', #6084, 1000.000000000000000 ) ;
#6168 = EDGE_LOOP ( 'NONE', ( #7587, #4750, #9189, #3445 ) ) ;
#6169 = LINE ( 'NONE', #9324, #1312 ) ;
#6170 = EDGE_LOOP ( 'NONE', ( #5479, #1967, #4895, #9480 ) ) ;
#6171 = AXIS2_PLACEMENT_3D ( 'NONE', #16, #3093, #2343 ) ;
#6172 = LINE ( 'NONE', #9191, #2315 ) ;
#6173 = VECTOR ( 'NONE', #6586, 1000.000000000000000 ) ;
#6174 = VECTOR ( 'NONE', #1113, 1000.000000000000114 ) ;
#6175 = DIRECTION ( 'NONE',  ( 0.4999999999999997224, 0.000000000000000000, -0.8660254037844388186 ) ) ;
#6176 = LINE ( 'NONE', #1620, #7916 ) ;
#6177 = EDGE_CURVE ( 'NONE', #354, #4706, #5845, .T. ) ;
#6178 = ORIENTED_EDGE ( 'NONE', *, *, #6222, .F. ) ;
#6179 = LINE ( 'NONE', #3871, #9488 ) ;
#6180 = EDGE_CURVE ( 'NONE', #1424, #2884, #2655, .T. ) ;
#6181 = VECTOR ( 'NONE', #2201, 1000.000000000000000 ) ;
#6182 = CYLINDRICAL_SURFACE ( 'NONE', #6815, 2.999999999999995559 ) ;
#6183 = EDGE_CURVE ( 'NONE', #3244, #4183, #8671, .T. ) ;
#6184 = LINE ( 'NONE', #154, #9747 ) ;
#6185 = CARTESIAN_POINT ( 'NONE',  ( -6.709103465618912132, -12.00000000000000000, 30.00000000000000711 ) ) ;
#6186 = DIRECTION ( 'NONE',  ( -0.5000000000000008882, 0.000000000000000000, 0.8660254037844381525 ) ) ;
#6187 = EDGE_LOOP ( 'NONE', ( #3137, #3062, #4894, #8630 ) ) ;
#6188 = FACE_OUTER_BOUND ( 'NONE', #5219, .T. ) ;
#6189 = LINE ( 'NONE', #4637, #7601 ) ;
#6190 = AXIS2_PLACEMENT_3D ( 'NONE', #5599, #9229, #6175 ) ;
#6191 = FACE_BOUND ( 'NONE', #7501, .T. ) ;
#6192 = FACE_OUTER_BOUND ( 'NONE', #8059, .T. ) ;
#6193 = DIRECTION ( 'NONE',  ( 1.000000000000000000, 0.000000000000000000, 1.317819823453642871E-16 ) ) ;
#6194 = ORIENTED_EDGE ( 'NONE', *, *, #143, .T. ) ;
#6195 = DIRECTION ( 'NONE',  ( -1.000000000000000000, -0.000000000000000000, -0.000000000000000000 ) ) ;
#6196 = ORIENTED_EDGE ( 'NONE', *, *, #9163, .T. ) ;
#6197 = LINE ( 'NONE', #9111, #226 ) ;
#6198 = CARTESIAN_POINT ( 'NONE',  ( -11.64544826719021664, -12.00000000000000000, 27.15000000000000568 ) ) ;
#6199 = EDGE_LOOP ( 'NONE', ( #9794, #2273, #8881, #2731 ) ) ;
#6200 = LINE ( 'NONE', #6290, #7533 ) ;
#6201 = PLANE ( 'NONE',  #2961 ) ;
#6202 = CARTESIAN_POINT ( 'NONE',  ( -6.709103465619120854, 0.000000000000000000, 1.301042606982605321E-15 ) ) ;
#6203 = ORIENTED_EDGE ( 'NONE', *, *, #2422, .T. ) ;
#6204 = DIRECTION ( 'NONE',  ( 0.000000000000000000, 1.000000000000000000, 0.000000000000000000 ) ) ;
#6205 = ORIENTED_EDGE ( 'NONE', *, *, #7798, .T. ) ;
#6206 = FACE_OUTER_BOUND ( 'NONE', #5876, .T. ) ;
#6207 = DIRECTION ( 'NONE',  ( 0.4999999999999995004, -0.000000000000000000, 0.8660254037844389297 ) ) ;
#6208 = ORIENTED_EDGE ( 'NONE', *, *, #7943, .F. ) ;
#6209 = DIRECTION ( 'NONE',  ( -0.8660254037844381525, 0.000000000000000000, -0.5000000000000008882 ) ) ;
#6210 = ORIENTED_EDGE ( 'NONE', *, *, #4195, .F. ) ;
#6211 = CARTESIAN_POINT ( 'NONE',  ( -63.29089653438087026, -12.00000000000000000, 3.038187096183830448E-15 ) ) ;
#6212 = EDGE_LOOP ( 'NONE', ( #9580, #4876, #3295, #2916 ) ) ;
#6213 = ADVANCED_FACE ( 'NONE', ( #1110 ), #8727, .F. ) ;
#6214 = EDGE_CURVE ( 'NONE', #3244, #6362, #8769, .T. ) ;
#6215 = CARTESIAN_POINT ( 'NONE',  ( -58.35455173280956132, -12.00000000000000000, -2.850000000000000089 ) ) ;
#6216 = EDGE_CURVE ( 'NONE', #7121, #2102, #472, .T. ) ;
#6217 = ORIENTED_EDGE ( 'NONE', *, *, #3739, .T. ) ;
#6218 = CARTESIAN_POINT ( 'NONE',  ( 61.64544826719043868, -12.00000000000000000, 2.849999999999998312 ) ) ;
#6219 = DIRECTION ( 'NONE',  ( 0.000000000000000000, 0.000000000000000000, 1.000000000000000000 ) ) ;
#6220 = CARTESIAN_POINT ( 'NONE',  ( 28.35455173280955421, -12.00000000000000000, 7.150000000000007461 ) ) ;
#6221 = LINE ( 'NONE', #1737, #9273 ) ;
#6222 = EDGE_CURVE ( 'NONE', #8062, #7153, #3516, .T. ) ;
#6223 = PLANE ( 'NONE',  #1187 ) ;
#6224 = CARTESIAN_POINT ( 'NONE',  ( 16.70910346561912263, -12.00000000000000000, 1.294402214996931218E-15 ) ) ;
#6225 = ORIENTED_EDGE ( 'NONE', *, *, #8884, .F. ) ;
#6226 = LINE ( 'NONE', #6979, #124 ) ;
#6227 = EDGE_CURVE ( 'NONE', #8579, #352, #3057, .T. ) ;
#6228 = LINE ( 'NONE', #9246, #1803 ) ;
#6229 = DIRECTION ( 'NONE',  ( 1.000000000000000000, 0.000000000000000000, 0.000000000000000000 ) ) ;
#6230 = LINE ( 'NONE', #6328, #1702 ) ;
#6231 = ORIENTED_EDGE ( 'NONE', *, *, #673, .T. ) ;
#6232 = EDGE_CURVE ( 'NONE', #2884, #6056, #4553, .T. ) ;
#6233 = PLANE ( 'NONE',  #9334 ) ;
#6235 = ORIENTED_EDGE ( 'NONE', *, *, #6075, .F. ) ;
#6234 = ADVANCED_FACE ( 'NONE', ( #4402 ), #7450, .T. ) ;
#6236 = ORIENTED_EDGE ( 'NONE', *, *, #3908, .T. ) ;
#6237 = DIRECTION ( 'NONE',  ( 0.4999999999999996669, -0.000000000000000000, 0.8660254037844388186 ) ) ;
#6238 = ORIENTED_EDGE ( 'NONE', *, *, #1280, .T. ) ;
#6239 = ORIENTED_EDGE ( 'NONE', *, *, #8817, .F. ) ;
#6240 = DIRECTION ( 'NONE',  ( 1.317819823453642871E-16, -0.000000000000000000, 1.000000000000000000 ) ) ;
#6241 = LINE ( 'NONE', #9117, #7256 ) ;
#6242 = EDGE_CURVE ( 'NONE', #9374, #4503, #7393, .T. ) ;
#6243 = PLANE ( 'NONE',  #7603 ) ;
#6244 = ORIENTED_EDGE ( 'NONE', *, *, #1581, .F. ) ;
#6245 = LINE ( 'NONE', #174, #5342 ) ;
#6246 = PLANE ( 'NONE',  #6007 ) ;
#6247 = ORIENTED_EDGE ( 'NONE', *, *, #3800, .T. ) ;
#6248 = DIRECTION ( 'NONE',  ( -1.000000000000000000, -0.000000000000000000, -0.000000000000000000 ) ) ;
#6249 = PLANE ( 'NONE',  #4722 ) ;
#6250 = EDGE_CURVE ( 'NONE', #6289, #807, #563, .T. ) ;
#6251 = ORIENTED_EDGE ( 'NONE', *, *, #3666, .T. ) ;
#6252 = VECTOR ( 'NONE', #9355, 1000.000000000000114 ) ;
#6253 = AXIS2_PLACEMENT_3D ( 'NONE', #6613, #9487, #8110 ) ;
#6254 = DIRECTION ( 'NONE',  ( 0.000000000000000000, 0.000000000000000000, -1.000000000000000000 ) ) ;
#6255 = ORIENTED_EDGE ( 'NONE', *, *, #141, .T. ) ;
#6256 = LINE ( 'NONE', #5260, #7411 ) ;
#6257 = VECTOR ( 'NONE', #5619, 1000.000000000000000 ) ;
#6258 = ORIENTED_EDGE ( 'NONE', *, *, #3185, .F. ) ;
#6259 = VECTOR ( 'NONE', #1115, 1000.000000000000000 ) ;
#6260 = DIRECTION ( 'NONE',  ( 0.000000000000000000, 1.000000000000000000, 0.000000000000000000 ) ) ;
#6261 = DIRECTION ( 'NONE',  ( -0.5000000000000004441, 0.000000000000000000, 0.8660254037844383745 ) ) ;
#6262 = ORIENTED_EDGE ( 'NONE', *, *, #8452, .T. ) ;
#6263 = CARTESIAN_POINT ( 'NONE',  ( 11.64544826719042447, -12.00000000000000000, -2.850000000000000089 ) ) ;
#6264 = ORIENTED_EDGE ( 'NONE', *, *, #9125, .T. ) ;
#6265 = ADVANCED_FACE ( 'NONE', ( #9703 ), #8187, .T. ) ;
#6266 = CARTESIAN_POINT ( 'NONE',  ( 51.64544826719043158, -12.00000000000000000, 7.150000000000007461 ) ) ;
#6267 = VECTOR ( 'NONE', #1498, 1000.000000000000114 ) ;
#6268 = LINE ( 'NONE', #9337, #1629 ) ;
#6269 = AXIS2_PLACEMENT_3D ( 'NONE', #5612, #1783, #9239 ) ;
#6270 = ORIENTED_EDGE ( 'NONE', *, *, #484, .T. ) ;
#6271 = DIRECTION ( 'NONE',  ( 1.000000000000000000, -0.000000000000000000, -0.000000000000000000 ) ) ;
#6272 = ORIENTED_EDGE ( 'NONE', *, *, #3357, .F. ) ;
#6273 = CARTESIAN_POINT ( 'NONE',  ( 21.64544826719011184, 0.000000000000000000, 42.85000000000000142 ) ) ;
#6274 = DIRECTION ( 'NONE',  ( 0.4999999999999992228, 0.000000000000000000, 0.8660254037844390407 ) ) ;
#6275 = FACE_BOUND ( 'NONE', #2766, .T. ) ;
#6276 = CARTESIAN_POINT ( 'NONE',  ( 51.64544826719043868, 0.000000000000000000, 2.849999999999998312 ) ) ;
#6277 = CARTESIAN_POINT ( 'NONE',  ( 51.64544826719043868, -12.00000000000000000, 2.849999999999998312 ) ) ;
#6278 = EDGE_CURVE ( 'NONE', #6431, #8404, #1502, .T. ) ;
#6279 = ORIENTED_EDGE ( 'NONE', *, *, #7943, .T. ) ;
#6280 = ADVANCED_FACE ( 'NONE', ( #6688 ), #4455, .T. ) ;
#6281 = EDGE_CURVE ( 'NONE', #7084, #6804, #5940, .T. ) ;
#6282 = VECTOR ( 'NONE', #731, 1000.000000000000000 ) ;
#6283 = CARTESIAN_POINT ( 'NONE',  ( -31.64544826719042803, -12.00000000000000000, -2.850000000000000089 ) ) ;
#6284 = EDGE_LOOP ( 'NONE', ( #5198, #5114, #1832, #3683 ) ) ;
#6285 = VERTEX_POINT ( 'NONE', #6645 ) ;
#6286 = FACE_OUTER_BOUND ( 'NONE', #711, .T. ) ;
#6287 = VECTOR ( 'NONE', #249, 1000.000000000000000 ) ;
#6288 = ORIENTED_EDGE ( 'NONE', *, *, #4830, .T. ) ;
#6289 = VERTEX_POINT ( 'NONE', #8966 ) ;
#6290 = CARTESIAN_POINT ( 'NONE',  ( 58.35455173280956132, -12.00000000000000000, -2.850000000000000089 ) ) ;
#6291 = CARTESIAN_POINT ( 'NONE',  ( -28.35455173280955421, 10.00000000000000000, 18.35455173280956842 ) ) ;
#6292 = CARTESIAN_POINT ( 'NONE',  ( -68.35455173280956842, 10.00000000000000000, -48.35455173280956842 ) ) ;
#6293 = EDGE_LOOP ( 'NONE', ( #4853, #5483, #138, #2590 ) ) ;
#6294 = DIRECTION ( 'NONE',  ( 0.000000000000000000, 1.000000000000000000, 0.000000000000000000 ) ) ;
#6295 = CARTESIAN_POINT ( 'NONE',  ( -38.35455173280955421, 0.000000000000000000, -2.850000000000000089 ) ) ;
#6296 = VECTOR ( 'NONE', #6828, 1000.000000000000114 ) ;
#6297 = CARTESIAN_POINT ( 'NONE',  ( 46.70910346561912974, 0.000000000000000000, 3.469446951953614189E-15 ) ) ;
#6298 = VERTEX_POINT ( 'NONE', #2149 ) ;
#6299 = VECTOR ( 'NONE', #934, 1000.000000000000000 ) ;
#6300 = DIRECTION ( 'NONE',  ( 0.000000000000000000, 0.000000000000000000, 1.000000000000000000 ) ) ;
#6301 = AXIS2_PLACEMENT_3D ( 'NONE', #2107, #8925, #2864 ) ;
#6302 = EDGE_CURVE ( 'NONE', #7300, #5544, #9116, .T. ) ;
#6303 = EDGE_LOOP ( 'NONE', ( #7325, #762, #6247, #2639 ) ) ;
#6304 = VECTOR ( 'NONE', #5051, 1000.000000000000114 ) ;
#6305 = PLANE ( 'NONE',  #5606 ) ;
#6306 = ORIENTED_EDGE ( 'NONE', *, *, #5960, .F. ) ;
#6307 = DIRECTION ( 'NONE',  ( 0.000000000000000000, 0.000000000000000000, 1.000000000000000000 ) ) ;
#6308 = DIRECTION ( 'NONE',  ( 0.000000000000000000, -0.000000000000000000, -1.000000000000000000 ) ) ;
#6309 = ORIENTED_EDGE ( 'NONE', *, *, #8302, .T. ) ;
#6310 = LINE ( 'NONE', #7905, #9622 ) ;
#6311 = VECTOR ( 'NONE', #9606, 1000.000000000000114 ) ;
#6312 = ORIENTED_EDGE ( 'NONE', *, *, #7496, .T. ) ;
#6313 = DIRECTION ( 'NONE',  ( -0.5000000000000005551, 0.000000000000000000, 0.8660254037844382635 ) ) ;
#6314 = ORIENTED_EDGE ( 'NONE', *, *, #2966, .T. ) ;
#6315 = VECTOR ( 'NONE', #2432, 1000.000000000000114 ) ;
#6316 = CARTESIAN_POINT ( 'NONE',  ( -21.64544826719042447, 0.000000000000000000, 52.85000000000000853 ) ) ;
#6317 = DIRECTION ( 'NONE',  ( 1.000000000000000000, -0.000000000000000000, -0.000000000000000000 ) ) ;
#6318 = AXIS2_PLACEMENT_3D ( 'NONE', #4131, #6569, #4883 ) ;
#6319 = VECTOR ( 'NONE', #3921, 1000.000000000000000 ) ;
#6320 = ORIENTED_EDGE ( 'NONE', *, *, #2250, .T. ) ;
#6321 = LINE ( 'NONE', #9339, #9422 ) ;
#6322 = ORIENTED_EDGE ( 'NONE', *, *, #2956, .T. ) ;
#6323 = DIRECTION ( 'NONE',  ( -1.000000000000000000, 0.000000000000000000, -0.000000000000000000 ) ) ;
#6324 = DIRECTION ( 'NONE',  ( 0.000000000000000000, -0.000000000000000000, -1.000000000000000000 ) ) ;
#6325 = LINE ( 'NONE', #8651, #5464 ) ;
#6326 = LINE ( 'NONE', #304, #2978 ) ;
#6327 = AXIS2_PLACEMENT_3D ( 'NONE', #3282, #9379, #2572 ) ;
#6328 = CARTESIAN_POINT ( 'NONE',  ( -23.29089653438055052, -12.00000000000000000, 40.00000000000000000 ) ) ;
#6329 = VECTOR ( 'NONE', #4481, 1000.000000000000000 ) ;
#6330 = ORIENTED_EDGE ( 'NONE', *, *, #9068, .F. ) ;
#6331 = CARTESIAN_POINT ( 'NONE',  ( -68.35455173280956842, 10.00000000000000000, 18.35455173280956842 ) ) ;
#6332 = AXIS2_PLACEMENT_3D ( 'NONE', #6502, #2746, #4300 ) ;
#6333 = ORIENTED_EDGE ( 'NONE', *, *, #2234, .F. ) ;
#6334 = CARTESIAN_POINT ( 'NONE',  ( -16.70910346561901960, -12.00000000000000000, 20.00000000000000355 ) ) ;
#6335 = EDGE_LOOP ( 'NONE', ( #4559, #311, #6489, #4064 ) ) ;
#6336 = CARTESIAN_POINT ( 'NONE',  ( -58.35455173280956132, -12.00000000000000000, -2.850000000000000089 ) ) ;
#6337 = EDGE_CURVE ( 'NONE', #5035, #9185, #2303, .T. ) ;
#6338 = ORIENTED_EDGE ( 'NONE', *, *, #2704, .F. ) ;
#6339 = ADVANCED_FACE ( 'NONE', ( #9661 ), #661, .T. ) ;
#6340 = EDGE_LOOP ( 'NONE', ( #7493, #6615, #183, #2156, #3425, #3659 ) ) ;
#6341 = EDGE_CURVE ( 'NONE', #500, #6439, #5340, .T. ) ;
#6342 = CARTESIAN_POINT ( 'NONE',  ( 56.70910346561912974, 0.000000000000000000, 1.294402214996931218E-15 ) ) ;
#6343 = PLANE ( 'NONE',  #579 ) ;
#6344 = CARTESIAN_POINT ( 'NONE',  ( 8.354551732809550657, -12.00000000000000000, 7.150000000000007461 ) ) ;
#6345 = CARTESIAN_POINT ( 'NONE',  ( -21.64544826719032145, -12.00000000000000000, 17.15000000000000568 ) ) ;
#6346 = EDGE_LOOP ( 'NONE', ( #9254, #5687, #3969, #6205, #5585, #6365, #8623, #3731 ) ) ;
#6347 = DIRECTION ( 'NONE',  ( 0.000000000000000000, -1.000000000000000000, 0.000000000000000000 ) ) ;
#6348 = ORIENTED_EDGE ( 'NONE', *, *, #6449, .T. ) ;
#6349 = FACE_OUTER_BOUND ( 'NONE', #3272, .T. ) ;
#6350 = VERTEX_POINT ( 'NONE', #9755 ) ;
#6351 = EDGE_CURVE ( 'NONE', #9476, #1497, #4351, .T. ) ;
#6352 = LINE ( 'NONE', #6902, #6408 ) ;
#6353 = EDGE_CURVE ( 'NONE', #1449, #2463, #9018, .T. ) ;
#6354 = CARTESIAN_POINT ( 'NONE',  ( 16.70910346561870696, 0.000000000000000000, 50.00000000000000000 ) ) ;
#6355 = DIRECTION ( 'NONE',  ( -0.000000000000000000, -0.000000000000000000, 1.000000000000000000 ) ) ;
#6356 = DIRECTION ( 'NONE',  ( 0.000000000000000000, 1.000000000000000000, 0.000000000000000000 ) ) ;
#6357 = ORIENTED_EDGE ( 'NONE', *, *, #2390, .T. ) ;
#6358 = CARTESIAN_POINT ( 'NONE',  ( -21.64544826719001236, -12.00000000000000000, 47.14999999999999858 ) ) ;
#6359 = LINE ( 'NONE', #3214, #9097 ) ;
#6360 = ORIENTED_EDGE ( 'NONE', *, *, #6971, .T. ) ;
#6361 = EDGE_CURVE ( 'NONE', #4044, #6154, #2849, .T. ) ;
#6362 = VERTEX_POINT ( 'NONE', #8283 ) ;
#6363 = EDGE_LOOP ( 'NONE', ( #4482, #3286, #4281, #429 ) ) ;
#6364 = LINE ( 'NONE', #1118, #4714 ) ;
#6365 = ORIENTED_EDGE ( 'NONE', *, *, #6847, .F. ) ;
#6366 = PLANE ( 'NONE',  #3567 ) ;
#6367 = EDGE_LOOP ( 'NONE', ( #5961, #9421, #1828, #7308 ) ) ;
#6368 = LINE ( 'NONE', #390, #5998 ) ;
#6369 = LINE ( 'NONE', #3929, #5313 ) ;
#6370 = ORIENTED_EDGE ( 'NONE', *, *, #9575, .T. ) ;
#6371 = DIRECTION ( 'NONE',  ( -1.000000000000000000, -0.000000000000000000, -0.000000000000000000 ) ) ;
#6372 = LINE ( 'NONE', #9384, #5159 ) ;
#6373 = DIRECTION ( 'NONE',  ( -1.000000000000000000, 0.000000000000000000, 0.000000000000000000 ) ) ;
#6374 = LINE ( 'NONE', #8745, #6417 ) ;
#6375 = CARTESIAN_POINT ( 'NONE',  ( 8.354551732809238018, 0.000000000000000000, 37.15000000000000568 ) ) ;
#6376 = DIRECTION ( 'NONE',  ( 0.000000000000000000, 0.000000000000000000, 1.000000000000000000 ) ) ;
#6377 = VERTEX_POINT ( 'NONE', #715 ) ;
#6378 = ADVANCED_FACE ( 'NONE', ( #9166 ), #4048, .T. ) ;
#6379 = DIRECTION ( 'NONE',  ( 0.000000000000000000, 1.000000000000000000, 0.000000000000000000 ) ) ;
#6380 = VERTEX_POINT ( 'NONE', #6150 ) ;
#6381 = VERTEX_POINT ( 'NONE', #7034 ) ;
#6382 = CARTESIAN_POINT ( 'NONE',  ( 0.000000000000000000, -12.00000000000000000, 0.000000000000000000 ) ) ;
#6383 = VERTEX_POINT ( 'NONE', #9305 ) ;
#6384 = EDGE_LOOP ( 'NONE', ( #6019, #6100, #7568, #1457, #4693, #7979 ) ) ;
#6385 = DIRECTION ( 'NONE',  ( 0.000000000000000000, 1.000000000000000000, 0.000000000000000000 ) ) ;
#6386 = DIRECTION ( 'NONE',  ( 0.4999999999999995004, 0.000000000000000000, -0.8660254037844389297 ) ) ;
#6387 = CARTESIAN_POINT ( 'NONE',  ( 50.35455173280956842, 10.00000000000000000, -8.354551732809563092 ) ) ;
#6388 = DIRECTION ( 'NONE',  ( -1.000000000000000000, -0.000000000000000000, -0.000000000000000000 ) ) ;
#6389 = VERTEX_POINT ( 'NONE', #4649 ) ;
#6390 = LINE ( 'NONE', #9401, #62 ) ;
#6391 = ADVANCED_FACE ( 'NONE', ( #2358 ), #5538, .T. ) ;
#6392 = ADVANCED_FACE ( 'NONE', ( #3993 ), #8384, .F. ) ;
#6393 = CARTESIAN_POINT ( 'NONE',  ( -50.35455173280956132, 17.99999999999997868, -48.64544826719049553 ) ) ;
#6394 = ORIENTED_EDGE ( 'NONE', *, *, #4933, .T. ) ;
#6395 = CARTESIAN_POINT ( 'NONE',  ( -60.35455173280956132, 10.00000000000000178, -56.64544826719043158 ) ) ;
#6396 = CARTESIAN_POINT ( 'NONE',  ( 28.35455173280955421, -12.00000000000000000, 7.150000000000007461 ) ) ;
#6397 = DIRECTION ( 'NONE',  ( 1.000000000000000000, -0.000000000000000000, -0.000000000000000000 ) ) ;
#6398 = ADVANCED_FACE ( 'NONE', ( #4751 ), #7738, .T. ) ;
#6399 = VERTEX_POINT ( 'NONE', #8431 ) ;
#6400 = EDGE_CURVE ( 'NONE', #2002, #8140, #8473, .T. ) ;
#6401 = EDGE_CURVE ( 'NONE', #9381, #7397, #954, .T. ) ;
#6402 = DIRECTION ( 'NONE',  ( 0.000000000000000000, 1.000000000000000000, 0.000000000000000000 ) ) ;
#6403 = ORIENTED_EDGE ( 'NONE', *, *, #2322, .F. ) ;
#6404 = VERTEX_POINT ( 'NONE', #213 ) ;
#6405 = VERTEX_POINT ( 'NONE', #3252 ) ;
#6406 = CARTESIAN_POINT ( 'NONE',  ( 8.354551732809550657, -12.00000000000000000, 2.849999999999997868 ) ) ;
#6407 = ORIENTED_EDGE ( 'NONE', *, *, #255, .T. ) ;
#6408 = VECTOR ( 'NONE', #91, 1000.000000000000000 ) ;
#6409 = CARTESIAN_POINT ( 'NONE',  ( 61.64544826719043868, 0.000000000000000000, 2.849999999999998312 ) ) ;
#6410 = VECTOR ( 'NONE', #8323, 1000.000000000000000 ) ;
#6411 = EDGE_CURVE ( 'NONE', #1708, #9649, #904, .T. ) ;
#6412 = DIRECTION ( 'NONE',  ( 0.000000000000000000, 1.000000000000000000, 0.000000000000000000 ) ) ;
#6413 = DIRECTION ( 'NONE',  ( -0.4999999999999990008, -0.000000000000000000, 0.8660254037844391517 ) ) ;
#6414 = LINE ( 'NONE', #4923, #7205 ) ;
#6415 = ORIENTED_EDGE ( 'NONE', *, *, #5686, .F. ) ;
#6416 = CARTESIAN_POINT ( 'NONE',  ( 50.35455173280956132, 10.00000000000000000, 0.000000000000000000 ) ) ;
#6417 = VECTOR ( 'NONE', #7872, 1000.000000000000000 ) ;
#6418 = EDGE_CURVE ( 'NONE', #2059, #3544, #267, .T. ) ;
#6420 = DIRECTION ( 'NONE',  ( 1.000000000000000000, 0.000000000000000000, 0.000000000000000000 ) ) ;
#6419 = VECTOR ( 'NONE', #6577, 1000.000000000000000 ) ;
#6421 = CARTESIAN_POINT ( 'NONE',  ( 21.64544826719042803, -12.00000000000000000, -2.850000000000000089 ) ) ;
#6422 = CARTESIAN_POINT ( 'NONE',  ( -8.354551732809449405, 0.000000000000000000, 17.15000000000000568 ) ) ;
#6423 = CARTESIAN_POINT ( 'NONE',  ( -26.70910346561912618, -12.00000000000000000, 1.294402214996931218E-15 ) ) ;
#6424 = CARTESIAN_POINT ( 'NONE',  ( 6.709103465619120854, -12.00000000000000000, 1.294402214996931218E-15 ) ) ;
#6425 = CARTESIAN_POINT ( 'NONE',  ( -50.35455173280956132, 33.15544456622761516, -48.64544826719049553 ) ) ;
#6426 = ORIENTED_EDGE ( 'NONE', *, *, #556, .F. ) ;
#6427 = VECTOR ( 'NONE', #7506, 1000.000000000000000 ) ;
#6428 = VECTOR ( 'NONE', #6371, 1000.000000000000000 ) ;
#6429 = CARTESIAN_POINT ( 'NONE',  ( 8.354551732809342823, -12.00000000000000000, 32.85000000000000142 ) ) ;
#6430 = EDGE_LOOP ( 'NONE', ( #6478, #4937, #1372, #4640 ) ) ;
#6431 = VERTEX_POINT ( 'NONE', #7833 ) ;
#6432 = LINE ( 'NONE', #6487, #8340 ) ;
#6433 = ORIENTED_EDGE ( 'NONE', *, *, #200, .F. ) ;
#6434 = VECTOR ( 'NONE', #7490, 1000.000000000000000 ) ;
#6435 = ORIENTED_EDGE ( 'NONE', *, *, #3055, .F. ) ;
#6436 = CARTESIAN_POINT ( 'NONE',  ( 60.35455173280956132, 10.00000000000000000, 18.35455173280956842 ) ) ;
#6437 = FACE_OUTER_BOUND ( 'NONE', #4847, .T. ) ;
#6438 = PLANE ( 'NONE',  #2652 ) ;
#6439 = VERTEX_POINT ( 'NONE', #1000 ) ;
#6440 = CARTESIAN_POINT ( 'NONE',  ( 61.64544826719043158, -12.00000000000000000, 12.85000000000000675 ) ) ;
#6441 = VECTOR ( 'NONE', #8433, 1000.000000000000000 ) ;
#6442 = CARTESIAN_POINT ( 'NONE',  ( -60.35455173280956132, 10.00000000000000000, -48.35455173280956842 ) ) ;
#6443 = ORIENTED_EDGE ( 'NONE', *, *, #6825, .F. ) ;
#6444 = LINE ( 'NONE', #2798, #542 ) ;
#6445 = CARTESIAN_POINT ( 'NONE',  ( 0.000000000000000000, -12.00000000000000000, 0.000000000000000000 ) ) ;
#6446 = DIRECTION ( 'NONE',  ( -0.5000000000000009992, 0.000000000000000000, 0.8660254037844380415 ) ) ;
#6447 = AXIS2_PLACEMENT_3D ( 'NONE', #3488, #5073, #2030 ) ;
#6448 = ORIENTED_EDGE ( 'NONE', *, *, #3225, .T. ) ;
#6449 = EDGE_CURVE ( 'NONE', #2924, #6675, #6200, .T. ) ;
#6450 = AXIS2_PLACEMENT_3D ( 'NONE', #2024, #3581, #7353 ) ;
#6451 = DIRECTION ( 'NONE',  ( 1.000000000000000000, 0.000000000000000000, 1.317819823453642871E-16 ) ) ;
#6452 = VERTEX_POINT ( 'NONE', #7086 ) ;
#6453 = VECTOR ( 'NONE', #7954, 1000.000000000000000 ) ;
#6454 = ORIENTED_EDGE ( 'NONE', *, *, #6592, .T. ) ;
#6455 = EDGE_CURVE ( 'NONE', #7935, #4341, #3896, .T. ) ;
#6456 = ORIENTED_EDGE ( 'NONE', *, *, #4306, .F. ) ;
#6457 = EDGE_CURVE ( 'NONE', #6675, #9569, #170, .T. ) ;
#6458 = EDGE_CURVE ( 'NONE', #6543, #7134, #3951, .T. ) ;
#6459 = PLANE ( 'NONE',  #417 ) ;
#6460 = ORIENTED_EDGE ( 'NONE', *, *, #9496, .T. ) ;
#6461 = LINE ( 'NONE', #6516, #3082 ) ;
#6462 = VECTOR ( 'NONE', #8297, 1000.000000000000000 ) ;
#6463 = ORIENTED_EDGE ( 'NONE', *, *, #4330, .F. ) ;
#6464 = LINE ( 'NONE', #528, #5494 ) ;
#6465 = DIRECTION ( 'NONE',  ( 0.8660254037844383745, 0.000000000000000000, -0.5000000000000004441 ) ) ;
#6466 = LINE ( 'NONE', #3376, #1475 ) ;
#6467 = VERTEX_POINT ( 'NONE', #3205 ) ;
#6468 = CARTESIAN_POINT ( 'NONE',  ( -13.29089653438086316, 0.000000000000000000, 3.038187096183830448E-15 ) ) ;
#6469 = CARTESIAN_POINT ( 'NONE',  ( -41.64544826719043158, -12.00000000000000000, 12.85000000000000675 ) ) ;
#6470 = CARTESIAN_POINT ( 'NONE',  ( -36.70910346561912974, -12.00000000000000000, 1.294402214996931218E-15 ) ) ;
#6471 = EDGE_CURVE ( 'NONE', #3255, #3664, #3846, .T. ) ;
#6472 = VECTOR ( 'NONE', #1250, 1000.000000000000000 ) ;
#6473 = CARTESIAN_POINT ( 'NONE',  ( 21.64544826719042447, -12.00000000000000000, 52.85000000000000853 ) ) ;
#6474 = PLANE ( 'NONE',  #3629 ) ;
#6475 = LINE ( 'NONE', #8066, #6257 ) ;
#6476 = ADVANCED_FACE ( 'NONE', ( #8521 ), #9216, .T. ) ;
#6477 = DIRECTION ( 'NONE',  ( 0.5000000000000017764, -0.000000000000000000, -0.8660254037844375974 ) ) ;
#6478 = ORIENTED_EDGE ( 'NONE', *, *, #2700, .T. ) ;
#6479 = CARTESIAN_POINT ( 'NONE',  ( 0.000000000000000000, -12.00000000000000000, 0.000000000000000000 ) ) ;
#6480 = EDGE_LOOP ( 'NONE', ( #5250, #1436, #5407, #8911, #619, #9624 ) ) ;
#6481 = AXIS2_PLACEMENT_3D ( 'NONE', #986, #4028, #9342 ) ;
#6482 = VECTOR ( 'NONE', #4702, 999.9999999999998863 ) ;
#6483 = CIRCLE ( 'NONE', #4731, 2.999999999999999112 ) ;
#6484 = DIRECTION ( 'NONE',  ( 0.4999999999999996669, 0.000000000000000000, -0.8660254037844388186 ) ) ;
#6485 = ORIENTED_EDGE ( 'NONE', *, *, #4757, .T. ) ;
#6486 = ORIENTED_EDGE ( 'NONE', *, *, #9544, .T. ) ;
#6487 = CARTESIAN_POINT ( 'NONE',  ( 58.35455173280956842, 10.00000000000000000, -48.35455173280956842 ) ) ;
#6488 = VECTOR ( 'NONE', #7651, 1000.000000000000000 ) ;
#6489 = ORIENTED_EDGE ( 'NONE', *, *, #8113, .T. ) ;
#6490 = VERTEX_POINT ( 'NONE', #9258 ) ;
#6491 = AXIS2_PLACEMENT_3D ( 'NONE', #1133, #7221, #401 ) ;
#6492 = LINE ( 'NONE', #4292, #1640 ) ;
#6493 = PLANE ( 'NONE',  #1065 ) ;
#6494 = AXIS2_PLACEMENT_3D ( 'NONE', #8136, #9621, #2801 ) ;
#6495 = CARTESIAN_POINT ( 'NONE',  ( 28.35455173280955421, 10.00000000000000000, 58.35455173280957553 ) ) ;
#6496 = ORIENTED_EDGE ( 'NONE', *, *, #5837, .F. ) ;
#6497 = CARTESIAN_POINT ( 'NONE',  ( 11.64544826719042447, -12.00000000000000000, -2.850000000000000089 ) ) ;
#6498 = VECTOR ( 'NONE', #8499, 1000.000000000000000 ) ;
#6499 = ORIENTED_EDGE ( 'NONE', *, *, #5007, .F. ) ;
#6500 = CARTESIAN_POINT ( 'NONE',  ( -48.35455173280956132, -12.00000000000000000, 7.150000000000007461 ) ) ;
#6501 = VERTEX_POINT ( 'NONE', #1142 ) ;
#6502 = CARTESIAN_POINT ( 'NONE',  ( 60.35455173280956132, 17.99999999999997868, -48.64544826719049553 ) ) ;
#6503 = LINE ( 'NONE', #1814, #838 ) ;
#6504 = CARTESIAN_POINT ( 'NONE',  ( 21.64544826719042803, 0.000000000000000000, -2.850000000000000089 ) ) ;
#6505 = CARTESIAN_POINT ( 'NONE',  ( -56.70910346561912974, 0.000000000000000000, 10.00000000000000711 ) ) ;
#6506 = VECTOR ( 'NONE', #2925, 1000.000000000000000 ) ;
#6507 = CARTESIAN_POINT ( 'NONE',  ( 6.709103465618912132, -12.00000000000000000, 30.00000000000000711 ) ) ;
#6508 = EDGE_CURVE ( 'NONE', #5005, #470, #1801, .T. ) ;
#6509 = ORIENTED_EDGE ( 'NONE', *, *, #7885, .T. ) ;
#6510 = DIRECTION ( 'NONE',  ( 0.000000000000000000, 0.000000000000000000, 1.000000000000000000 ) ) ;
#6511 = EDGE_LOOP ( 'NONE', ( #1044, #9433, #7801, #5062 ) ) ;
#6512 = EDGE_CURVE ( 'NONE', #949, #3907, #1854, .T. ) ;
#6513 = ORIENTED_EDGE ( 'NONE', *, *, #5598, .F. ) ;
#6514 = ORIENTED_EDGE ( 'NONE', *, *, #4950, .F. ) ;
#6515 = LINE ( 'NONE', #6609, #734 ) ;
#6516 = CARTESIAN_POINT ( 'NONE',  ( -18.35455173280955421, -12.00000000000000000, 7.150000000000007461 ) ) ;
#6517 = VERTEX_POINT ( 'NONE', #2694 ) ;
#6518 = FACE_OUTER_BOUND ( 'NONE', #1786, .T. ) ;
#6519 = CARTESIAN_POINT ( 'NONE',  ( 60.35455173280956132, 14.99999999999997691, -48.64544826719049553 ) ) ;
#6520 = EDGE_CURVE ( 'NONE', #5331, #4802, #1054, .T. ) ;
#6521 = DIRECTION ( 'NONE',  ( -0.8660254037844388186, 0.000000000000000000, 0.4999999999999997224 ) ) ;
#6522 = EDGE_CURVE ( 'NONE', #7226, #3284, #4097, .T. ) ;
#6523 = VERTEX_POINT ( 'NONE', #9396 ) ;
#6524 = VERTEX_POINT ( 'NONE', #2592 ) ;
#6525 = CARTESIAN_POINT ( 'NONE',  ( -6.709103465618808215, -12.00000000000000000, 40.00000000000000000 ) ) ;
#6526 = CARTESIAN_POINT ( 'NONE',  ( 48.35455173280956132, -12.00000000000000000, 2.849999999999997868 ) ) ;
#6527 = CARTESIAN_POINT ( 'NONE',  ( 8.354551732809134990, -12.00000000000000000, 47.14999999999999858 ) ) ;
#6528 = PLANE ( 'NONE',  #8956 ) ;
#6529 = FACE_OUTER_BOUND ( 'NONE', #2744, .T. ) ;
#6530 = CARTESIAN_POINT ( 'NONE',  ( -38.35455173280955421, -12.00000000000000000, 7.150000000000007461 ) ) ;
#6531 = ADVANCED_FACE ( 'NONE', ( #7139 ), #5634, .T. ) ;
#6532 = ORIENTED_EDGE ( 'NONE', *, *, #8106, .T. ) ;
#6533 = EDGE_CURVE ( 'NONE', #7229, #3711, #1904, .T. ) ;
#6534 = CARTESIAN_POINT ( 'NONE',  ( -8.354551732809134990, -12.00000000000000000, 52.85000000000000142 ) ) ;
#6535 = EDGE_LOOP ( 'NONE', ( #7804, #7439, #3819, #3098 ) ) ;
#6536 = ORIENTED_EDGE ( 'NONE', *, *, #6117, .T. ) ;
#6537 = CARTESIAN_POINT ( 'NONE',  ( 60.35455173280956132, 20.99999999999997513, -48.64544826719049553 ) ) ;
#6538 = ORIENTED_EDGE ( 'NONE', *, *, #4776, .F. ) ;
#6539 = ORIENTED_EDGE ( 'NONE', *, *, #8482, .T. ) ;
#6540 = DIRECTION ( 'NONE',  ( 1.000000000000000000, -0.000000000000000000, -0.000000000000000000 ) ) ;
#6541 = DIRECTION ( 'NONE',  ( -0.5000000000000004441, 0.000000000000000000, 0.8660254037844383745 ) ) ;
#6542 = DIRECTION ( 'NONE',  ( -0.5000000000000001110, -0.000000000000000000, -0.8660254037844384856 ) ) ;
#6543 = VERTEX_POINT ( 'NONE', #7983 ) ;
#6544 = CARTESIAN_POINT ( 'NONE',  ( 38.35455173280955421, -12.00000000000000000, 12.85000000000000675 ) ) ;
#6545 = EDGE_CURVE ( 'NONE', #4395, #3544, #7937, .T. ) ;
#6546 = DIRECTION ( 'NONE',  ( 1.000000000000000000, 0.000000000000000000, -0.000000000000000000 ) ) ;
#6547 = ORIENTED_EDGE ( 'NONE', *, *, #5890, .F. ) ;
#6548 = CARTESIAN_POINT ( 'NONE',  ( 18.35455173280955776, -12.00000000000000000, 12.85000000000000675 ) ) ;
#6549 = PLANE ( 'NONE',  #2996 ) ;
#6550 = LINE ( 'NONE', #3407, #9260 ) ;
#6551 = EDGE_CURVE ( 'NONE', #446, #4295, #1944, .T. ) ;
#6552 = CARTESIAN_POINT ( 'NONE',  ( -60.35455173280956132, 36.15544456622761516, -48.64544826719049553 ) ) ;
#6553 = CARTESIAN_POINT ( 'NONE',  ( 0.000000000000000000, -12.00000000000000000, 0.000000000000000000 ) ) ;
#6554 = DIRECTION ( 'NONE',  ( 0.5000000000000009992, 0.000000000000000000, 0.8660254037844380415 ) ) ;
#6555 = ORIENTED_EDGE ( 'NONE', *, *, #2390, .F. ) ;
#6556 = ORIENTED_EDGE ( 'NONE', *, *, #8149, .F. ) ;
#6557 = LINE ( 'NONE', #4258, #848 ) ;
#6558 = ORIENTED_EDGE ( 'NONE', *, *, #9402, .T. ) ;
#6559 = ORIENTED_EDGE ( 'NONE', *, *, #3748, .F. ) ;
#6560 = DIRECTION ( 'NONE',  ( 0.000000000000000000, 1.000000000000000000, 0.000000000000000000 ) ) ;
#6561 = DIRECTION ( 'NONE',  ( 0.8660254037844383745, -0.000000000000000000, 0.5000000000000006661 ) ) ;
#6562 = EDGE_LOOP ( 'NONE', ( #2678, #7132, #5752, #7336 ) ) ;
#6563 = LINE ( 'NONE', #3483, #7046 ) ;
#6564 = ORIENTED_EDGE ( 'NONE', *, *, #7274, .F. ) ;
#6565 = CARTESIAN_POINT ( 'NONE',  ( -50.35455173280956132, 30.15544456622761516, -48.64544826719049553 ) ) ;
#6566 = PLANE ( 'NONE',  #3005 ) ;
#6567 = VECTOR ( 'NONE', #22, 1000.000000000000227 ) ;
#6568 = DIRECTION ( 'NONE',  ( -0.5000000000000005551, 0.000000000000000000, 0.8660254037844382635 ) ) ;
#6569 = DIRECTION ( 'NONE',  ( 0.8660254037844381525, 0.000000000000000000, -0.5000000000000008882 ) ) ;
#6570 = EDGE_CURVE ( 'NONE', #5222, #645, #8662, .T. ) ;
#6571 = ORIENTED_EDGE ( 'NONE', *, *, #1061, .F. ) ;
#6572 = VECTOR ( 'NONE', #6725, 1000.000000000000000 ) ;
#6573 = DIRECTION ( 'NONE',  ( 0.000000000000000000, 1.000000000000000000, 0.000000000000000000 ) ) ;
#6574 = AXIS2_PLACEMENT_3D ( 'NONE', #6003, #2214, #8290 ) ;
#6575 = CARTESIAN_POINT ( 'NONE',  ( -6.709103465619120854, 0.000000000000000000, 1.294402214996931218E-15 ) ) ;
#6576 = VECTOR ( 'NONE', #5955, 1000.000000000000114 ) ;
#6577 = DIRECTION ( 'NONE',  ( -1.000000000000000000, 0.000000000000000000, 0.000000000000000000 ) ) ;
#6578 = ORIENTED_EDGE ( 'NONE', *, *, #2687, .T. ) ;
#6579 = CARTESIAN_POINT ( 'NONE',  ( 68.35455173280956842, 0.000000000000000000, 18.35455173280956842 ) ) ;
#6580 = CARTESIAN_POINT ( 'NONE',  ( -28.35455173280955421, 10.00000000000000000, 18.35455173280956842 ) ) ;
#6581 = EDGE_LOOP ( 'NONE', ( #6783, #6103, #813, #7750 ) ) ;
#6582 = DIRECTION ( 'NONE',  ( -1.000000000000000000, -0.000000000000000000, -0.000000000000000000 ) ) ;
#6583 = DIRECTION ( 'NONE',  ( 0.5000000000000008882, 0.000000000000000000, -0.8660254037844381525 ) ) ;
#6584 = EDGE_CURVE ( 'NONE', #775, #2142, #7883, .T. ) ;
#6585 = VECTOR ( 'NONE', #2265, 1000.000000000000000 ) ;
#6586 = DIRECTION ( 'NONE',  ( 0.000000000000000000, 1.000000000000000000, 0.000000000000000000 ) ) ;
#6587 = ADVANCED_FACE ( 'NONE', ( #4142 ), #8805, .T. ) ;
#6588 = VECTOR ( 'NONE', #5295, 1000.000000000000000 ) ;
#6589 = EDGE_CURVE ( 'NONE', #8257, #8514, #8758, .T. ) ;
#6590 = ORIENTED_EDGE ( 'NONE', *, *, #8691, .F. ) ;
#6591 = CARTESIAN_POINT ( 'NONE',  ( 16.70910346561880999, 0.000000000000000000, 40.00000000000000000 ) ) ;
#6592 = EDGE_CURVE ( 'NONE', #1116, #106, #8032, .T. ) ;
#6593 = LINE ( 'NONE', #4906, #1387 ) ;
#6594 = VECTOR ( 'NONE', #8755, 1000.000000000000114 ) ;
#6595 = VECTOR ( 'NONE', #6720, 1000.000000000000000 ) ;
#6596 = ORIENTED_EDGE ( 'NONE', *, *, #8468, .F. ) ;
#6597 = CARTESIAN_POINT ( 'NONE',  ( -8.354551732809550657, -12.00000000000000000, 7.150000000000007461 ) ) ;
#6598 = DIRECTION ( 'NONE',  ( 0.000000000000000000, 1.000000000000000000, 0.000000000000000000 ) ) ;
#6599 = DIRECTION ( 'NONE',  ( 0.000000000000000000, 1.000000000000000000, 0.000000000000000000 ) ) ;
#6600 = EDGE_CURVE ( 'NONE', #8928, #1248, #3349, .T. ) ;
#6601 = CARTESIAN_POINT ( 'NONE',  ( -11.64544826719042447, 0.000000000000000000, -2.850000000000000089 ) ) ;
#6602 = DIRECTION ( 'NONE',  ( -0.4999999999999995004, -0.000000000000000000, 0.8660254037844389297 ) ) ;
#6603 = EDGE_LOOP ( 'NONE', ( #5433, #7377, #6626, #6773 ) ) ;
#6604 = VECTOR ( 'NONE', #2022, 1000.000000000000114 ) ;
#6605 = DIRECTION ( 'NONE',  ( 0.5000000000000005551, -0.000000000000000000, -0.8660254037844382635 ) ) ;
#6606 = ORIENTED_EDGE ( 'NONE', *, *, #1045, .T. ) ;
#6607 = ORIENTED_EDGE ( 'NONE', *, *, #5666, .F. ) ;
#6608 = AXIS2_PLACEMENT_3D ( 'NONE', #5866, #3640, #8935 ) ;
#6609 = CARTESIAN_POINT ( 'NONE',  ( -38.35455173280955421, 0.000000000000000000, 12.85000000000000675 ) ) ;
#6610 = DIRECTION ( 'NONE',  ( -0.5000000000000004441, 0.000000000000000000, 0.8660254037844383745 ) ) ;
#6611 = LINE ( 'NONE', #3221, #6143 ) ;
#6612 = VECTOR ( 'NONE', #1681, 1000.000000000000114 ) ;
#6613 = CARTESIAN_POINT ( 'NONE',  ( 21.64544826719031789, -12.00000000000000000, 22.85000000000000497 ) ) ;
#6614 = ORIENTED_EDGE ( 'NONE', *, *, #7685, .T. ) ;
#6615 = ORIENTED_EDGE ( 'NONE', *, *, #8453, .T. ) ;
#6616 = FACE_OUTER_BOUND ( 'NONE', #7167, .T. ) ;
#6617 = CARTESIAN_POINT ( 'NONE',  ( 60.35455173280956132, 30.15544456622761516, -48.64544826719049553 ) ) ;
#6618 = DIRECTION ( 'NONE',  ( -1.000000000000000000, 0.000000000000000000, -0.000000000000000000 ) ) ;
#6619 = DIRECTION ( 'NONE',  ( -1.000000000000000000, -0.000000000000000000, -0.000000000000000000 ) ) ;
#6620 = VECTOR ( 'NONE', #8345, 1000.000000000000000 ) ;
#6621 = DIRECTION ( 'NONE',  ( 0.000000000000000000, 1.000000000000000000, 0.000000000000000000 ) ) ;
#6622 = ORIENTED_EDGE ( 'NONE', *, *, #7663, .F. ) ;
#6623 = VECTOR ( 'NONE', #9259, 1000.000000000000000 ) ;
#6624 = CARTESIAN_POINT ( 'NONE',  ( -60.35455173280956132, 20.99999999999997513, -48.64544826719049553 ) ) ;
#6625 = DIRECTION ( 'NONE',  ( 0.000000000000000000, 1.000000000000000000, 0.000000000000000000 ) ) ;
#6626 = ORIENTED_EDGE ( 'NONE', *, *, #7510, .T. ) ;
#6627 = ORIENTED_EDGE ( 'NONE', *, *, #9706, .T. ) ;
#6628 = FACE_OUTER_BOUND ( 'NONE', #8887, .T. ) ;
#6629 = EDGE_LOOP ( 'NONE', ( #3035, #6859, #4377, #8478 ) ) ;
#6630 = DIRECTION ( 'NONE',  ( -1.000000000000000000, 0.000000000000000000, 0.000000000000000000 ) ) ;
#6631 = DIRECTION ( 'NONE',  ( 0.000000000000000000, -1.000000000000000000, 0.000000000000000000 ) ) ;
#6632 = DIRECTION ( 'NONE',  ( 0.5000000000000017764, -0.000000000000000000, -0.8660254037844375974 ) ) ;
#6633 = AXIS2_PLACEMENT_3D ( 'NONE', #7873, #7266, #4882 ) ;
#6634 = ORIENTED_EDGE ( 'NONE', *, *, #911, .F. ) ;
#6635 = CARTESIAN_POINT ( 'NONE',  ( -16.70910346561901960, -12.00000000000000000, 20.00000000000000355 ) ) ;
#6636 = ADVANCED_FACE ( 'NONE', ( #7181 ), #3505, .T. ) ;
#6637 = CARTESIAN_POINT ( 'NONE',  ( -21.64544826719042447, -12.00000000000000000, 12.85000000000000675 ) ) ;
#6638 = AXIS2_PLACEMENT_3D ( 'NONE', #3147, #2995, #3793 ) ;
#6639 = EDGE_CURVE ( 'NONE', #4329, #2838, #503, .T. ) ;
#6640 = EDGE_LOOP ( 'NONE', ( #5808, #9310, #8711, #1078 ) ) ;
#6641 = LINE ( 'NONE', #8279, #3239 ) ;
#6642 = VECTOR ( 'NONE', #1103, 1000.000000000000000 ) ;
#6643 = EDGE_CURVE ( 'NONE', #4313, #5557, #6492, .T. ) ;
#6644 = VECTOR ( 'NONE', #2826, 1000.000000000000000 ) ;
#6645 = CARTESIAN_POINT ( 'NONE',  ( -56.70910346561913684, 0.000000000000000000, 0.000000000000000000 ) ) ;
#6646 = PLANE ( 'NONE',  #426 ) ;
#6647 = PLANE ( 'NONE',  #8073 ) ;
#6648 = VECTOR ( 'NONE', #2717, 1000.000000000000114 ) ;
#6649 = ORIENTED_EDGE ( 'NONE', *, *, #7988, .T. ) ;
#6650 = DIRECTION ( 'NONE',  ( -0.8660254037844391517, 0.000000000000000000, -0.4999999999999992784 ) ) ;
#6651 = VERTEX_POINT ( 'NONE', #1191 ) ;
#6652 = LINE ( 'NONE', #8249, #4037 ) ;
#6653 = ORIENTED_EDGE ( 'NONE', *, *, #4139, .F. ) ;
#6654 = EDGE_CURVE ( 'NONE', #327, #2066, #4238, .T. ) ;
#6655 = VECTOR ( 'NONE', #2092, 1000.000000000000000 ) ;
#6656 = EDGE_LOOP ( 'NONE', ( #5445, #9451, #4717, #5989 ) ) ;
#6657 = CARTESIAN_POINT ( 'NONE',  ( 18.35455173280945118, 0.000000000000000000, 22.85000000000000497 ) ) ;
#6658 = ORIENTED_EDGE ( 'NONE', *, *, #6351, .F. ) ;
#6659 = CARTESIAN_POINT ( 'NONE',  ( 11.64544826719011361, -12.00000000000000000, 42.85000000000000142 ) ) ;
#6660 = CARTESIAN_POINT ( 'NONE',  ( 63.29089653438087026, 0.000000000000000000, 3.469446951953614189E-15 ) ) ;
#6661 = ORIENTED_EDGE ( 'NONE', *, *, #179, .F. ) ;
#6662 = ADVANCED_FACE ( 'NONE', ( #8125 ), #6035, .F. ) ;
#6663 = PLANE ( 'NONE',  #520 ) ;
#6664 = DIRECTION ( 'NONE',  ( -1.000000000000000000, -0.000000000000000000, -0.000000000000000000 ) ) ;
#6665 = ORIENTED_EDGE ( 'NONE', *, *, #1080, .F. ) ;
#6666 = CARTESIAN_POINT ( 'NONE',  ( 36.70910346561912974, -12.00000000000000000, 1.294402214996931218E-15 ) ) ;
#6667 = CARTESIAN_POINT ( 'NONE',  ( -23.29089653438086316, 0.000000000000000000, 3.038187096183830448E-15 ) ) ;
#6668 = LINE ( 'NONE', #7518, #3770 ) ;
#6669 = VERTEX_POINT ( 'NONE', #2043 ) ;
#6670 = CARTESIAN_POINT ( 'NONE',  ( -51.64544826719043158, 0.000000000000000000, 12.85000000000000675 ) ) ;
#6671 = ORIENTED_EDGE ( 'NONE', *, *, #1635, .F. ) ;
#6672 = DIRECTION ( 'NONE',  ( -1.000000000000000000, 0.000000000000000000, -0.000000000000000000 ) ) ;
#6673 = LINE ( 'NONE', #4383, #1641 ) ;
#6674 = ORIENTED_EDGE ( 'NONE', *, *, #926, .T. ) ;
#6675 = VERTEX_POINT ( 'NONE', #6833 ) ;
#6676 = CARTESIAN_POINT ( 'NONE',  ( -60.35455173280956132, 10.00000000000000000, 18.35455173280956842 ) ) ;
#6677 = EDGE_CURVE ( 'NONE', #9044, #2860, #1489, .T. ) ;
#6678 = ORIENTED_EDGE ( 'NONE', *, *, #666, .T. ) ;
#6679 = DIRECTION ( 'NONE',  ( 0.8660254037844384856, -0.000000000000000000, 0.5000000000000004441 ) ) ;
#6680 = DIRECTION ( 'NONE',  ( -0.4999999999999990563, -0.000000000000000000, 0.8660254037844391517 ) ) ;
#6681 = DIRECTION ( 'NONE',  ( 0.4999999999999997224, 0.000000000000000000, 0.8660254037844388186 ) ) ;
#6682 = ORIENTED_EDGE ( 'NONE', *, *, #2071, .T. ) ;
#6683 = LINE ( 'NONE', #8181, #218 ) ;
#6684 = DIRECTION ( 'NONE',  ( 0.000000000000000000, 0.000000000000000000, 1.000000000000000000 ) ) ;
#6685 = ORIENTED_EDGE ( 'NONE', *, *, #1970, .T. ) ;
#6686 = DIRECTION ( 'NONE',  ( 0.5000000000000008882, 0.000000000000000000, 0.8660254037844381525 ) ) ;
#6687 = LINE ( 'NONE', #2797, #7290 ) ;
#6688 = FACE_OUTER_BOUND ( 'NONE', #407, .T. ) ;
#6689 = CARTESIAN_POINT ( 'NONE',  ( -36.70910346561912974, 0.000000000000000000, 10.00000000000000711 ) ) ;
#6690 = LINE ( 'NONE', #717, #1713 ) ;
#6691 = ORIENTED_EDGE ( 'NONE', *, *, #3788, .T. ) ;
#6692 = EDGE_CURVE ( 'NONE', #8268, #8062, #603, .T. ) ;
#6693 = LINE ( 'NONE', #5892, #2788 ) ;
#6694 = EDGE_CURVE ( 'NONE', #3371, #8567, #5229, .T. ) ;
#6695 = EDGE_CURVE ( 'NONE', #157, #6959, #8863, .T. ) ;
#6696 = VERTEX_POINT ( 'NONE', #550 ) ;
#6697 = EDGE_CURVE ( 'NONE', #4952, #8214, #8905, .T. ) ;
#6698 = DIRECTION ( 'NONE',  ( -1.000000000000000000, -0.000000000000000000, -0.000000000000000000 ) ) ;
#6699 = EDGE_LOOP ( 'NONE', ( #741, #4842, #1392, #9249, #5412, #3183 ) ) ;
#6700 = ORIENTED_EDGE ( 'NONE', *, *, #3116, .F. ) ;
#6701 = DIRECTION ( 'NONE',  ( -0.5000000000000004441, 0.000000000000000000, -0.8660254037844383745 ) ) ;
#6702 = CARTESIAN_POINT ( 'NONE',  ( 61.64544826719043158, -12.00000000000000000, -2.850000000000000089 ) ) ;
#6703 = EDGE_CURVE ( 'NONE', #5360, #2552, #7528, .T. ) ;
#6704 = CARTESIAN_POINT ( 'NONE',  ( 13.29089653438086316, -12.00000000000000000, 10.00000000000000711 ) ) ;
#6705 = DIRECTION ( 'NONE',  ( 0.000000000000000000, 1.000000000000000000, 0.000000000000000000 ) ) ;
#6706 = EDGE_CURVE ( 'NONE', #8764, #5227, #756, .T. ) ;
#6707 = EDGE_CURVE ( 'NONE', #1461, #9786, #2784, .T. ) ;
#6708 = VERTEX_POINT ( 'NONE', #5831 ) ;
#6709 = ADVANCED_FACE ( 'NONE', ( #9057 ), #3742, .T. ) ;
#6710 = DIRECTION ( 'NONE',  ( 1.000000000000000000, 0.000000000000000000, -0.000000000000000000 ) ) ;
#6711 = ORIENTED_EDGE ( 'NONE', *, *, #192, .F. ) ;
#6712 = ORIENTED_EDGE ( 'NONE', *, *, #1270, .F. ) ;
#6713 = DIRECTION ( 'NONE',  ( -0.4999999999999990008, -0.000000000000000000, 0.8660254037844391517 ) ) ;
#6714 = VERTEX_POINT ( 'NONE', #2242 ) ;
#6715 = DIRECTION ( 'NONE',  ( 0.000000000000000000, 1.000000000000000000, 0.000000000000000000 ) ) ;
#6716 = EDGE_CURVE ( 'NONE', #1463, #5280, #703, .T. ) ;
#6717 = ORIENTED_EDGE ( 'NONE', *, *, #8244, .T. ) ;
#6718 = ORIENTED_EDGE ( 'NONE', *, *, #5533, .F. ) ;
#6719 = LINE ( 'NONE', #6575, #7245 ) ;
#6720 = DIRECTION ( 'NONE',  ( 0.000000000000000000, 1.000000000000000000, 0.000000000000000000 ) ) ;
#6721 = ORIENTED_EDGE ( 'NONE', *, *, #1896, .T. ) ;
#6722 = CARTESIAN_POINT ( 'NONE',  ( 21.64544826719021842, -12.00000000000000000, 27.15000000000000568 ) ) ;
#6723 = DIRECTION ( 'NONE',  ( -1.000000000000000000, -0.000000000000000000, -0.000000000000000000 ) ) ;
#6724 = ORIENTED_EDGE ( 'NONE', *, *, #2965, .T. ) ;
#6725 = DIRECTION ( 'NONE',  ( -0.5000000000000009992, -0.000000000000000000, -0.8660254037844380415 ) ) ;
#6726 = LINE ( 'NONE', #2193, #2487 ) ;
#6727 = CARTESIAN_POINT ( 'NONE',  ( 36.70910346561912974, -12.00000000000000000, 10.00000000000000711 ) ) ;
#6728 = ORIENTED_EDGE ( 'NONE', *, *, #6091, .T. ) ;
#6729 = CARTESIAN_POINT ( 'NONE',  ( -23.29089653438065710, 0.000000000000000000, 30.00000000000000711 ) ) ;
#6730 = VECTOR ( 'NONE', #3141, 1000.000000000000000 ) ;
#6731 = VECTOR ( 'NONE', #9039, 1000.000000000000000 ) ;
#6732 = PLANE ( 'NONE',  #8235 ) ;
#6733 = EDGE_LOOP ( 'NONE', ( #6649, #6822, #2395, #4160 ) ) ;
#6734 = LINE ( 'NONE', #2091, #8177 ) ;
#6735 = DIRECTION ( 'NONE',  ( 0.000000000000000000, 1.000000000000000000, 0.000000000000000000 ) ) ;
#6736 = VECTOR ( 'NONE', #5274, 1000.000000000000000 ) ;
#6737 = VECTOR ( 'NONE', #9690, 1000.000000000000000 ) ;
#6738 = CARTESIAN_POINT ( 'NONE',  ( -63.29089653438087026, 0.000000000000000000, 10.00000000000000711 ) ) ;
#6739 = DIRECTION ( 'NONE',  ( 0.000000000000000000, 1.000000000000000000, 0.000000000000000000 ) ) ;
#6740 = PLANE ( 'NONE',  #2989 ) ;
#6741 = ORIENTED_EDGE ( 'NONE', *, *, #5663, .F. ) ;
#6742 = CARTESIAN_POINT ( 'NONE',  ( 46.70910346561912974, 0.000000000000000000, 10.00000000000000711 ) ) ;
#6743 = AXIS2_PLACEMENT_3D ( 'NONE', #6161, #4660, #8439 ) ;
#6744 = VECTOR ( 'NONE', #2624, 1000.000000000000000 ) ;
#6745 = ORIENTED_EDGE ( 'NONE', *, *, #6551, .F. ) ;
#6746 = LINE ( 'NONE', #1564, #6648 ) ;
#6747 = LINE ( 'NONE', #5894, #8014 ) ;
#6748 = ORIENTED_EDGE ( 'NONE', *, *, #5292, .T. ) ;
#6749 = VERTEX_POINT ( 'NONE', #2887 ) ;
#6750 = CARTESIAN_POINT ( 'NONE',  ( 0.000000000000000000, -12.00000000000000000, 0.000000000000000000 ) ) ;
#6751 = LINE ( 'NONE', #6807, #3571 ) ;
#6752 = LINE ( 'NONE', #6905, #5497 ) ;
#6753 = DIRECTION ( 'NONE',  ( 0.000000000000000000, 1.000000000000000000, 0.000000000000000000 ) ) ;
#6754 = CARTESIAN_POINT ( 'NONE',  ( 38.35455173280955421, -12.00000000000000000, 2.849999999999997868 ) ) ;
#6755 = AXIS2_PLACEMENT_3D ( 'NONE', #1060, #220, #9360 ) ;
#6756 = ORIENTED_EDGE ( 'NONE', *, *, #1469, .F. ) ;
#6757 = CARTESIAN_POINT ( 'NONE',  ( 6.709103465619120854, -12.00000000000000000, 10.00000000000000711 ) ) ;
#6758 = ADVANCED_FACE ( 'NONE', ( #2084 ), #1343, .T. ) ;
#6759 = ORIENTED_EDGE ( 'NONE', *, *, #2736, .T. ) ;
#6760 = AXIS2_PLACEMENT_3D ( 'NONE', #3194, #9205, #3092 ) ;
#6761 = EDGE_CURVE ( 'NONE', #9346, #2147, #9695, .T. ) ;
#6762 = ADVANCED_FACE ( 'NONE', ( #1398, #9001, #4443, #7481, #653, #3694, #9743, #2938, #2192, #1587, #6191, #8462, #7779, #804, #1688, #4787, #6275, #4032, #63, #892, #9100, #7822, #3094, #9153, #7724, #6873, #8372, #9207, #6927, #987, #4737, #2344, #9291, #115, #201, #6083, #3937, #8421, #943, #5381, #5523 ), #2483, .T. ) ;
#6763 = VERTEX_POINT ( 'NONE', #8557 ) ;
#6764 = DIRECTION ( 'NONE',  ( 0.000000000000000000, -0.000000000000000000, 1.000000000000000000 ) ) ;
#6765 = CARTESIAN_POINT ( 'NONE',  ( 0.000000000000000000, -12.00000000000000000, 0.000000000000000000 ) ) ;
#6766 = VERTEX_POINT ( 'NONE', #4638 ) ;
#6767 = VECTOR ( 'NONE', #3228, 1000.000000000000000 ) ;
#6768 = ORIENTED_EDGE ( 'NONE', *, *, #3475, .F. ) ;
#6769 = EDGE_CURVE ( 'NONE', #8809, #5499, #2391, .T. ) ;
#6770 = CARTESIAN_POINT ( 'NONE',  ( -13.29089653438055052, -12.00000000000000000, 40.00000000000000000 ) ) ;
#6771 = AXIS2_PLACEMENT_3D ( 'NONE', #6055, #8287, #8191 ) ;
#6772 = LINE ( 'NONE', #9793, #1968 ) ;
#6773 = ORIENTED_EDGE ( 'NONE', *, *, #9296, .T. ) ;
#6774 = ORIENTED_EDGE ( 'NONE', *, *, #552, .F. ) ;
#6775 = DIRECTION ( 'NONE',  ( 0.000000000000000000, 1.000000000000000000, -0.000000000000000000 ) ) ;
#6776 = ADVANCED_FACE ( 'NONE', ( #2291 ), #2433, .F. ) ;
#6777 = VECTOR ( 'NONE', #3309, 1000.000000000000000 ) ;
#6778 = ORIENTED_EDGE ( 'NONE', *, *, #8409, .F. ) ;
#6779 = CARTESIAN_POINT ( 'NONE',  ( 8.354551732809134990, -12.00000000000000000, 52.85000000000000142 ) ) ;
#6780 = LINE ( 'NONE', #9799, #6311 ) ;
#6781 = EDGE_CURVE ( 'NONE', #5005, #86, #4686, .T. ) ;
#6782 = DIRECTION ( 'NONE',  ( 0.8660254037844391517, 0.000000000000000000, -0.4999999999999992784 ) ) ;
#6783 = ORIENTED_EDGE ( 'NONE', *, *, #2061, .F. ) ;
#6784 = DIRECTION ( 'NONE',  ( 0.8660254037844381525, 0.000000000000000000, -0.5000000000000008882 ) ) ;
#6785 = VECTOR ( 'NONE', #1111, 1000.000000000000000 ) ;
#6786 = ADVANCED_FACE ( 'NONE', ( #7023 ), #4596, .T. ) ;
#6787 = DIRECTION ( 'NONE',  ( 0.000000000000000000, 0.000000000000000000, -1.000000000000000000 ) ) ;
#6788 = ORIENTED_EDGE ( 'NONE', *, *, #3748, .T. ) ;
#6789 = LINE ( 'NONE', #9809, #1482 ) ;
#6790 = DIRECTION ( 'NONE',  ( -0.8660254037844383745, 0.000000000000000000, 0.5000000000000006661 ) ) ;
#6791 = EDGE_LOOP ( 'NONE', ( #5532, #2357, #2249, #5058 ) ) ;
#6792 = DIRECTION ( 'NONE',  ( 0.000000000000000000, -1.074435003146972733E-16, -1.000000000000000000 ) ) ;
#6793 = DIRECTION ( 'NONE',  ( 0.4999999999999999445, -0.000000000000000000, -0.8660254037844387076 ) ) ;
#6794 = VECTOR ( 'NONE', #8210, 1000.000000000000000 ) ;
#6795 = CARTESIAN_POINT ( 'NONE',  ( -8.354551732809342823, -12.00000000000000000, 32.85000000000000142 ) ) ;
#6796 = ORIENTED_EDGE ( 'NONE', *, *, #9685, .T. ) ;
#6797 = DIRECTION ( 'NONE',  ( 0.5000000000000008882, -0.000000000000000000, -0.8660254037844381525 ) ) ;
#6798 = VECTOR ( 'NONE', #6373, 1000.000000000000000 ) ;
#6799 = VERTEX_POINT ( 'NONE', #7635 ) ;
#6800 = VECTOR ( 'NONE', #9102, 1000.000000000000227 ) ;
#6801 = VECTOR ( 'NONE', #7712, 1000.000000000000000 ) ;
#6802 = DIRECTION ( 'NONE',  ( 0.000000000000000000, -2.148870006293945467E-16, 1.000000000000000000 ) ) ;
#6803 = LINE ( 'NONE', #9823, #7695 ) ;
#6804 = VERTEX_POINT ( 'NONE', #6981 ) ;
#6805 = DIRECTION ( 'NONE',  ( 0.000000000000000000, -0.000000000000000000, -1.000000000000000000 ) ) ;
#6806 = AXIS2_PLACEMENT_3D ( 'NONE', #224, #7095, #275 ) ;
#6807 = CARTESIAN_POINT ( 'NONE',  ( -11.64544826719042447, -12.00000000000000000, -2.850000000000000089 ) ) ;
#6808 = EDGE_CURVE ( 'NONE', #5339, #5084, #3883, .T. ) ;
#6809 = VECTOR ( 'NONE', #3341, 1000.000000000000000 ) ;
#6810 = LINE ( 'NONE', #2317, #6462 ) ;
#6811 = CARTESIAN_POINT ( 'NONE',  ( 63.29089653438087026, 0.000000000000000000, 10.00000000000000711 ) ) ;
#6812 = LINE ( 'NONE', #1569, #5804 ) ;
#6813 = ORIENTED_EDGE ( 'NONE', *, *, #933, .T. ) ;
#6814 = EDGE_CURVE ( 'NONE', #9824, #2574, #6228, .T. ) ;
#6815 = AXIS2_PLACEMENT_3D ( 'NONE', #9200, #2382, #8455 ) ;
#6816 = FACE_OUTER_BOUND ( 'NONE', #2612, .T. ) ;
#6817 = EDGE_LOOP ( 'NONE', ( #8675, #9765, #7782, #3377, #4132, #9139 ) ) ;
#6818 = LINE ( 'NONE', #99, #4217 ) ;
#6819 = ORIENTED_EDGE ( 'NONE', *, *, #3224, .F. ) ;
#6820 = DIRECTION ( 'NONE',  ( 0.5000000000000000000, 0.000000000000000000, 0.8660254037844385966 ) ) ;
#6821 = DIRECTION ( 'NONE',  ( 0.000000000000000000, 1.000000000000000000, -0.000000000000000000 ) ) ;
#6822 = ORIENTED_EDGE ( 'NONE', *, *, #7628, .F. ) ;
#6823 = LINE ( 'NONE', #7, #7612 ) ;
#6824 = ORIENTED_EDGE ( 'NONE', *, *, #9056, .F. ) ;
#6825 = EDGE_CURVE ( 'NONE', #6490, #2223, #8506, .T. ) ;
#6826 = ADVANCED_FACE ( 'NONE', ( #2682 ), #1234, .F. ) ;
#6827 = LINE ( 'NONE', #6867, #1720 ) ;
#6828 = DIRECTION ( 'NONE',  ( -0.4999999999999992784, 0.000000000000000000, -0.8660254037844390407 ) ) ;
#6829 = CARTESIAN_POINT ( 'NONE',  ( -8.354551732809550657, 0.000000000000000000, 2.849999999999997868 ) ) ;
#6830 = ORIENTED_EDGE ( 'NONE', *, *, #852, .F. ) ;
#6831 = CARTESIAN_POINT ( 'NONE',  ( 58.35455173280956132, -12.00000000000000000, 7.150000000000007461 ) ) ;
#6832 = LINE ( 'NONE', #1541, #1377 ) ;
#6833 = CARTESIAN_POINT ( 'NONE',  ( 58.35455173280956132, 0.000000000000000000, -2.850000000000000089 ) ) ;
#6834 = PLANE ( 'NONE',  #9315 ) ;
#6835 = ADVANCED_FACE ( 'NONE', ( #7219 ), #9343, .T. ) ;
#6836 = ORIENTED_EDGE ( 'NONE', *, *, #9068, .T. ) ;
#6837 = CARTESIAN_POINT ( 'NONE',  ( -21.64544826719042803, -0.000000000000000000, 7.150000000000007461 ) ) ;
#6838 = EDGE_CURVE ( 'NONE', #8098, #5222, #4176, .T. ) ;
#6839 = CARTESIAN_POINT ( 'NONE',  ( 63.29089653438087026, -12.00000000000000000, 10.00000000000000711 ) ) ;
#6840 = EDGE_LOOP ( 'NONE', ( #1184, #6178, #3115, #6460 ) ) ;
#6841 = LINE ( 'NONE', #5389, #6267 ) ;
#6842 = FACE_OUTER_BOUND ( 'NONE', #7331, .T. ) ;
#6843 = ORIENTED_EDGE ( 'NONE', *, *, #8830, .T. ) ;
#6844 = DIRECTION ( 'NONE',  ( -0.4999999999999990563, -0.000000000000000000, 0.8660254037844391517 ) ) ;
#6845 = CARTESIAN_POINT ( 'NONE',  ( -18.35455173280955421, 0.000000000000000000, -2.850000000000000089 ) ) ;
#6846 = CARTESIAN_POINT ( 'NONE',  ( -21.64544826719043513, -12.00000000000000000, 2.849999999999998312 ) ) ;
#6847 = EDGE_CURVE ( 'NONE', #7664, #5377, #4971, .T. ) ;
#6848 = ORIENTED_EDGE ( 'NONE', *, *, #5042, .T. ) ;
#6849 = EDGE_CURVE ( 'NONE', #2446, #9210, #5569, .T. ) ;
#6850 = APPLICATION_PROTOCOL_DEFINITION ( 'draft international standard', 'automotive_design', 1998, #5477 ) ;
#6851 = ORIENTED_EDGE ( 'NONE', *, *, #2631, .T. ) ;
#6852 = LINE ( 'NONE', #5195, #7924 ) ;
#6853 = DIRECTION ( 'NONE',  ( 0.000000000000000000, 1.000000000000000000, 0.000000000000000000 ) ) ;
#6854 = CARTESIAN_POINT ( 'NONE',  ( -38.35455173280955421, -12.00000000000000000, 2.849999999999997868 ) ) ;
#6855 = DIRECTION ( 'NONE',  ( 0.4999999999999995004, 0.000000000000000000, -0.8660254037844389297 ) ) ;
#6856 = CARTESIAN_POINT ( 'NONE',  ( -41.64544826719043158, 0.000000000000000000, 12.85000000000000675 ) ) ;
#6857 = LINE ( 'NONE', #3069, #7853 ) ;
#6858 = LINE ( 'NONE', #3354, #1978 ) ;
#6859 = ORIENTED_EDGE ( 'NONE', *, *, #8530, .F. ) ;
#6860 = DIRECTION ( 'NONE',  ( 1.000000000000000000, 0.000000000000000000, -1.317819823453642871E-16 ) ) ;
#6861 = ORIENTED_EDGE ( 'NONE', *, *, #2561, .F. ) ;
#6862 = DIRECTION ( 'NONE',  ( 0.000000000000000000, 1.000000000000000000, 0.000000000000000000 ) ) ;
#6863 = LINE ( 'NONE', #1574, #9030 ) ;
#6864 = DIRECTION ( 'NONE',  ( 0.000000000000000000, -2.227185007473450511E-16, -1.000000000000000000 ) ) ;
#6865 = FACE_OUTER_BOUND ( 'NONE', #7497, .T. ) ;
#6866 = EDGE_LOOP ( 'NONE', ( #3591, #6984, #9635, #77 ) ) ;
#6867 = CARTESIAN_POINT ( 'NONE',  ( 61.64544826719043158, -12.00000000000000000, 7.150000000000007461 ) ) ;
#6868 = FACE_OUTER_BOUND ( 'NONE', #6212, .T. ) ;
#6869 = DIRECTION ( 'NONE',  ( 0.4999999999999998890, 0.000000000000000000, -0.8660254037844385966 ) ) ;
#6870 = ORIENTED_EDGE ( 'NONE', *, *, #7751, .T. ) ;
#6871 = CARTESIAN_POINT ( 'NONE',  ( -58.35455173280956842, 10.00000000000000000, -48.35455173280956842 ) ) ;
#6872 = DIRECTION ( 'NONE',  ( 0.8660254037844242747, 0.000000000000000000, -0.5000000000000248690 ) ) ;
#6873 = FACE_BOUND ( 'NONE', #3471, .T. ) ;
#6874 = CARTESIAN_POINT ( 'NONE',  ( 18.35455173280955421, -12.00000000000000000, -2.850000000000000089 ) ) ;
#6875 = DIRECTION ( 'NONE',  ( 0.000000000000000000, 0.000000000000000000, -1.000000000000000000 ) ) ;
#6876 = ORIENTED_EDGE ( 'NONE', *, *, #8936, .T. ) ;
#6877 = CARTESIAN_POINT ( 'NONE',  ( -21.64544826719021486, -12.00000000000000000, 32.85000000000000142 ) ) ;
#6878 = ADVANCED_FACE ( 'NONE', ( #3339 ), #1040, .T. ) ;
#6879 = LINE ( 'NONE', #948, #4745 ) ;
#6880 = ORIENTED_EDGE ( 'NONE', *, *, #6522, .T. ) ;
#6881 = DIRECTION ( 'NONE',  ( 0.8660254037844380415, -0.000000000000000000, 0.5000000000000009992 ) ) ;
#6882 = EDGE_CURVE ( 'NONE', #7711, #636, #5724, .T. ) ;
#6883 = DIRECTION ( 'NONE',  ( -0.8660254037844388186, 0.000000000000000000, 0.4999999999999997224 ) ) ;
#6884 = VERTEX_POINT ( 'NONE', #4835 ) ;
#6885 = EDGE_CURVE ( 'NONE', #2069, #7278, #6374, .T. ) ;
#6886 = EDGE_CURVE ( 'NONE', #9197, #3134, #9386, .T. ) ;
#6887 = CARTESIAN_POINT ( 'NONE',  ( -26.70910346561912618, -12.00000000000000000, 1.294402214996931218E-15 ) ) ;
#6888 = LINE ( 'NONE', #214, #2331 ) ;
#6889 = AXIS2_PLACEMENT_3D ( 'NONE', #6049, #9069, #3703 ) ;
#6890 = CARTESIAN_POINT ( 'NONE',  ( -33.29089653438086316, -12.00000000000000000, 10.00000000000000711 ) ) ;
#6891 = AXIS2_PLACEMENT_3D ( 'NONE', #285, #5501, #4810 ) ;
#6892 = ORIENTED_EDGE ( 'NONE', *, *, #4178, .T. ) ;
#6893 = EDGE_CURVE ( 'NONE', #8491, #5203, #2723, .T. ) ;
#6894 = VECTOR ( 'NONE', #3769, 1000.000000000000000 ) ;
#6895 = PRODUCT_CONTEXT ( 'NONE', #5477, 'mechanical' ) ;
#6896 = ORIENTED_EDGE ( 'NONE', *, *, #2551, .T. ) ;
#6897 = CARTESIAN_POINT ( 'NONE',  ( -60.35455173280956132, 41.15544456622760805, -56.64544826719043868 ) ) ;
#6898 = AXIS2_PLACEMENT_3D ( 'NONE', #8082, #356, #3396 ) ;
#6899 = LINE ( 'NONE', #3958, #8946 ) ;
#6900 = VECTOR ( 'NONE', #4415, 1000.000000000000000 ) ;
#6901 = ADVANCED_FACE ( 'NONE', ( #3492 ), #6528, .T. ) ;
#6902 = CARTESIAN_POINT ( 'NONE',  ( -41.64544826719043158, -12.00000000000000000, 7.150000000000007461 ) ) ;
#6903 = DIRECTION ( 'NONE',  ( 0.000000000000000000, 1.000000000000000000, 0.000000000000000000 ) ) ;
#6904 = DIRECTION ( 'NONE',  ( 0.000000000000000000, -0.000000000000000000, 1.000000000000000000 ) ) ;
#6905 = CARTESIAN_POINT ( 'NONE',  ( 51.64544826719043158, -12.00000000000000000, -2.850000000000000089 ) ) ;
#6906 = FACE_OUTER_BOUND ( 'NONE', #3160, .T. ) ;
#6907 = VECTOR ( 'NONE', #9615, 1000.000000000000000 ) ;
#6908 = VECTOR ( 'NONE', #7918, 1000.000000000000000 ) ;
#6909 = EDGE_LOOP ( 'NONE', ( #1603, #7715, #2421, #1813 ) ) ;
#6910 = EDGE_CURVE ( 'NONE', #5658, #3650, #1980, .T. ) ;
#6911 = DIRECTION ( 'NONE',  ( -1.000000000000000000, 0.000000000000000000, -0.000000000000000000 ) ) ;
#6912 = EDGE_LOOP ( 'NONE', ( #3002, #1796, #7547, #9212 ) ) ;
#6914 = CARTESIAN_POINT ( 'NONE',  ( 60.35455173280956132, 33.15544456622761516, -48.64544826719049553 ) ) ;
#6913 = VECTOR ( 'NONE', #5799, 1000.000000000000000 ) ;
#6915 = CARTESIAN_POINT ( 'NONE',  ( 53.29089653438087026, 0.000000000000000000, 3.469446951953614189E-15 ) ) ;
#6916 = ORIENTED_EDGE ( 'NONE', *, *, #3551, .F. ) ;
#6917 = EDGE_CURVE ( 'NONE', #6749, #7229, #6475, .T. ) ;
#6918 = LINE ( 'NONE', #9198, #1228 ) ;
#6919 = ORIENTED_EDGE ( 'NONE', *, *, #7583, .T. ) ;
#6920 = PLANE ( 'NONE',  #140 ) ;
#6921 = CARTESIAN_POINT ( 'NONE',  ( 18.35455173280924157, -12.00000000000000000, 37.15000000000000568 ) ) ;
#6922 = LINE ( 'NONE', #937, #105 ) ;
#6923 = DIRECTION ( 'NONE',  ( 0.5000000000000003331, -0.000000000000000000, 0.8660254037844383745 ) ) ;
#6924 = ORIENTED_EDGE ( 'NONE', *, *, #2396, .T. ) ;
#6925 =( NAMED_UNIT ( * ) SI_UNIT ( $, .STERADIAN. ) SOLID_ANGLE_UNIT ( ) );
#6926 = PLANE ( 'NONE',  #3775 ) ;
#6927 = FACE_BOUND ( 'NONE', #9739, .T. ) ;
#6928 = CARTESIAN_POINT ( 'NONE',  ( 58.35455173280956132, 0.000000000000000000, 7.150000000000007461 ) ) ;
#6929 = VECTOR ( 'NONE', #3935, 1000.000000000000000 ) ;
#6930 = CARTESIAN_POINT ( 'NONE',  ( 38.35455173280955421, 0.000000000000000000, 12.85000000000000675 ) ) ;
#6931 = ORIENTED_EDGE ( 'NONE', *, *, #451, .F. ) ;
#6932 = CARTESIAN_POINT ( 'NONE',  ( 8.354551732809550657, -12.00000000000000000, 2.849999999999997868 ) ) ;
#6933 = VECTOR ( 'NONE', #2570, 1000.000000000000000 ) ;
#6934 = EDGE_CURVE ( 'NONE', #5071, #8565, #6325, .T. ) ;
#6935 = VECTOR ( 'NONE', #8416, 1000.000000000000114 ) ;
#6936 = LINE ( 'NONE', #121, #1237 ) ;
#6937 = ORIENTED_EDGE ( 'NONE', *, *, #1144, .F. ) ;
#6938 = DIRECTION ( 'NONE',  ( 0.000000000000000000, 1.000000000000000000, 0.000000000000000000 ) ) ;
#6939 = CARTESIAN_POINT ( 'NONE',  ( 50.35455173280956132, 20.99999999999997513, -48.64544826719049553 ) ) ;
#6940 = ORIENTED_EDGE ( 'NONE', *, *, #842, .T. ) ;
#6941 = CARTESIAN_POINT ( 'NONE',  ( -8.354551732809550657, -12.00000000000000000, -2.850000000000000089 ) ) ;
#6942 = LINE ( 'NONE', #5393, #3922 ) ;
#6943 = DIRECTION ( 'NONE',  ( 0.000000000000000000, 0.000000000000000000, -1.000000000000000000 ) ) ;
#6944 = VECTOR ( 'NONE', #7655, 1000.000000000000000 ) ;
#6945 = ORIENTED_EDGE ( 'NONE', *, *, #7988, .F. ) ;
#6946 = APPLICATION_PROTOCOL_DEFINITION ( 'draft international standard', 'automotive_design', 1998, #7009 ) ;
#6947 = EDGE_CURVE ( 'NONE', #3255, #1507, #1890, .T. ) ;
#6948 = EDGE_CURVE ( 'NONE', #8274, #9232, #1842, .T. ) ;
#6949 = EDGE_LOOP ( 'NONE', ( #7137, #4364, #495, #8260 ) ) ;
#6950 = ADVANCED_FACE ( 'NONE', ( #1789 ), #7968, .T. ) ;
#6951 = CARTESIAN_POINT ( 'NONE',  ( 6.709103465619016937, -12.00000000000000000, 20.00000000000000355 ) ) ;
#6952 = DIRECTION ( 'NONE',  ( 0.5000000000000250910, 0.000000000000000000, 0.8660254037844242747 ) ) ;
#6953 = ORIENTED_EDGE ( 'NONE', *, *, #7415, .F. ) ;
#6954 = AXIS2_PLACEMENT_3D ( 'NONE', #6553, #4203, #7243 ) ;
#6955 = LINE ( 'NONE', #139, #3453 ) ;
#6956 = AXIS2_PLACEMENT_3D ( 'NONE', #5224, #7526, #6274 ) ;
#6957 = EDGE_CURVE ( 'NONE', #2104, #9185, #9769, .T. ) ;
#6958 = VECTOR ( 'NONE', #4788, 1000.000000000000000 ) ;
#6959 = VERTEX_POINT ( 'NONE', #6008 ) ;
#6960 = EDGE_CURVE ( 'NONE', #6884, #6490, #8346, .T. ) ;
#6961 = DIRECTION ( 'NONE',  ( 0.000000000000000000, 2.148870006293945467E-16, -1.000000000000000000 ) ) ;
#6962 = EDGE_LOOP ( 'NONE', ( #6830, #6443, #5895, #7840 ) ) ;
#6963 = VECTOR ( 'NONE', #1363, 1000.000000000000000 ) ;
#6964 = EDGE_CURVE ( 'NONE', #8849, #5296, #1612, .T. ) ;
#6965 = DIRECTION ( 'NONE',  ( 1.000000000000000000, 0.000000000000000000, -0.000000000000000000 ) ) ;
#6966 = VECTOR ( 'NONE', #6621, 1000.000000000000000 ) ;
#6967 = VECTOR ( 'NONE', #4502, 1000.000000000000000 ) ;
#6968 = VERTEX_POINT ( 'NONE', #2219 ) ;
#6969 = LINE ( 'NONE', #4720, #6801 ) ;
#6970 = CARTESIAN_POINT ( 'NONE',  ( 0.000000000000000000, -12.00000000000000000, 0.000000000000000000 ) ) ;
#6971 = EDGE_CURVE ( 'NONE', #3996, #5211, #6751, .T. ) ;
#6972 = VECTOR ( 'NONE', #2397, 1000.000000000000000 ) ;
#6973 = CARTESIAN_POINT ( 'NONE',  ( -11.64544826719021664, -12.00000000000000000, 32.85000000000000142 ) ) ;
#6974 = FACE_OUTER_BOUND ( 'NONE', #2971, .T. ) ;
#6975 = CARTESIAN_POINT ( 'NONE',  ( 0.000000000000000000, 10.00000000000000000, 0.000000000000000000 ) ) ;
#6976 = LINE ( 'NONE', #8553, #3876 ) ;
#6977 = VERTEX_POINT ( 'NONE', #9180 ) ;
#6978 = EDGE_CURVE ( 'NONE', #9204, #7303, #3912, .T. ) ;
#6979 = CARTESIAN_POINT ( 'NONE',  ( -61.64544826719043158, -12.00000000000000000, -2.850000000000000089 ) ) ;
#6980 = VECTOR ( 'NONE', #1473, 1000.000000000000000 ) ;
#6981 = CARTESIAN_POINT ( 'NONE',  ( -21.64544826719011184, -12.00000000000000000, 42.85000000000000142 ) ) ;
#6982 = DIRECTION ( 'NONE',  ( 1.000000000000000000, 0.000000000000000000, 0.000000000000000000 ) ) ;
#6983 = LINE ( 'NONE', #5428, #7445 ) ;
#6984 = ORIENTED_EDGE ( 'NONE', *, *, #9473, .F. ) ;
#6985 = CARTESIAN_POINT ( 'NONE',  ( 13.29089653438055052, -12.00000000000000000, 40.00000000000000000 ) ) ;
#6986 = ORIENTED_EDGE ( 'NONE', *, *, #2614, .T. ) ;
#6987 = EDGE_LOOP ( 'NONE', ( #7554, #5816, #1871, #3917 ) ) ;
#6989 = ADVANCED_FACE ( 'NONE', ( #9827 ), #3023, .T. ) ;
#6988 = FACE_OUTER_BOUND ( 'NONE', #5763, .T. ) ;
#6990 = ORIENTED_EDGE ( 'NONE', *, *, #1580, .T. ) ;
#6991 = ORIENTED_EDGE ( 'NONE', *, *, #6781, .F. ) ;
#6992 = DIRECTION ( 'NONE',  ( -0.5000000000000005551, 0.000000000000000000, 0.8660254037844382635 ) ) ;
#6993 = CARTESIAN_POINT ( 'NONE',  ( 18.35455173280955776, -12.00000000000000000, 52.85000000000000853 ) ) ;
#6994 = LINE ( 'NONE', #82, #9811 ) ;
#6995 = ORIENTED_EDGE ( 'NONE', *, *, #3001, .T. ) ;
#6996 = DIRECTION ( 'NONE',  ( 1.000000000000000000, 0.000000000000000000, 0.000000000000000000 ) ) ;
#6997 = PLANE ( 'NONE',  #3784 ) ;
#6998 = CARTESIAN_POINT ( 'NONE',  ( 43.29089653438087026, -12.00000000000000000, 10.00000000000000711 ) ) ;
#6999 = EDGE_LOOP ( 'NONE', ( #8367, #8953, #7757, #2962, #1064, #4427 ) ) ;
#7000 = CARTESIAN_POINT ( 'NONE',  ( -21.64544826719042803, 0.000000000000000000, -2.850000000000000089 ) ) ;
#7001 = ADVANCED_FACE ( 'NONE', ( #2163 ), #5202, .T. ) ;
#7002 = ADVANCED_FACE ( 'NONE', ( #4565 ), #3858, .T. ) ;
#7003 = EDGE_CURVE ( 'NONE', #3329, #4291, #1515, .T. ) ;
#7004 = ORIENTED_EDGE ( 'NONE', *, *, #2817, .T. ) ;
#7005 = LINE ( 'NONE', #7901, #3240 ) ;
#7006 = EDGE_LOOP ( 'NONE', ( #4, #7113, #8077, #7459 ) ) ;
#7007 = CARTESIAN_POINT ( 'NONE',  ( 68.35455173280956842, 0.000000000000000000, -48.35455173280956842 ) ) ;
#7008 = ADVANCED_FACE ( 'NONE', ( #5301 ), #674, .T. ) ;
#7009 = APPLICATION_CONTEXT ( 'automotive_design' ) ;
#7010 = ORIENTED_EDGE ( 'NONE', *, *, #1678, .F. ) ;
#7011 = ADVANCED_FACE ( 'NONE', ( #4616 ), #7654, .T. ) ;
#7012 = ADVANCED_FACE ( 'NONE', ( #9715 ), #2908, .F. ) ;
#7013 = CARTESIAN_POINT ( 'NONE',  ( 60.35455173280956132, 10.00000000000000178, -56.64544826719043158 ) ) ;
#7014 = CARTESIAN_POINT ( 'NONE',  ( -18.35455173280944763, -12.00000000000000000, 17.15000000000000568 ) ) ;
#7015 = ORIENTED_EDGE ( 'NONE', *, *, #748, .T. ) ;
#7016 = PLANE ( 'NONE',  #2033 ) ;
#7017 = LINE ( 'NONE', #9201, #1015 ) ;
#7018 = FACE_OUTER_BOUND ( 'NONE', #7527, .T. ) ;
#7019 = LINE ( 'NONE', #9382, #6428 ) ;
#7020 = ORIENTED_EDGE ( 'NONE', *, *, #8760, .T. ) ;
#7021 = CARTESIAN_POINT ( 'NONE',  ( -21.64544826719032145, -0.000000000000000000, 17.15000000000000568 ) ) ;
#7022 = CARTESIAN_POINT ( 'NONE',  ( -11.64544826719032145, -0.000000000000000000, 17.15000000000000568 ) ) ;
#7023 = FACE_OUTER_BOUND ( 'NONE', #6656, .T. ) ;
#7024 = DIRECTION ( 'NONE',  ( 0.8660254037844380415, 0.000000000000000000, -0.5000000000000009992 ) ) ;
#7025 = CARTESIAN_POINT ( 'NONE',  ( 28.35455173280955421, 0.000000000000000000, 18.35455173280956842 ) ) ;
#7026 = ORIENTED_EDGE ( 'NONE', *, *, #20, .T. ) ;
#7027 = CARTESIAN_POINT ( 'NONE',  ( 28.35455173280955421, -12.00000000000000000, -2.850000000000000089 ) ) ;
#7028 = EDGE_CURVE ( 'NONE', #7302, #901, #3479, .T. ) ;
#7029 = VERTEX_POINT ( 'NONE', #2814 ) ;
#7030 = ORIENTED_EDGE ( 'NONE', *, *, #3893, .T. ) ;
#7031 = PLANE ( 'NONE',  #4525 ) ;
#7032 = ORIENTED_EDGE ( 'NONE', *, *, #6814, .T. ) ;
#7033 = ORIENTED_EDGE ( 'NONE', *, *, #3678, .F. ) ;
#7034 = CARTESIAN_POINT ( 'NONE',  ( 61.64544826719043868, -12.00000000000000000, 2.849999999999998312 ) ) ;
#7035 = DIRECTION ( 'NONE',  ( 0.000000000000000000, 1.000000000000000000, 0.000000000000000000 ) ) ;
#7036 = CARTESIAN_POINT ( 'NONE',  ( 58.35455173280956132, 0.000000000000000000, 12.85000000000000675 ) ) ;
#7037 = ORIENTED_EDGE ( 'NONE', *, *, #7510, .F. ) ;
#7038 = DIRECTION ( 'NONE',  ( -1.000000000000000000, 0.000000000000000000, 0.000000000000000000 ) ) ;
#7039 = DIRECTION ( 'NONE',  ( 1.000000000000000000, 0.000000000000000000, 1.317819823453642871E-16 ) ) ;
#7040 = ORIENTED_EDGE ( 'NONE', *, *, #6694, .F. ) ;
#7041 = LINE ( 'NONE', #2364, #5201 ) ;
#7042 = ORIENTED_EDGE ( 'NONE', *, *, #1706, .F. ) ;
#7043 = DIRECTION ( 'NONE',  ( 0.5000000000000008882, 0.000000000000000000, -0.8660254037844381525 ) ) ;
#7044 = EDGE_LOOP ( 'NONE', ( #5891, #382, #3547, #2587, #8020, #3027 ) ) ;
#7045 = VECTOR ( 'NONE', #9605, 1000.000000000000000 ) ;
#7046 = VECTOR ( 'NONE', #9532, 1000.000000000000114 ) ;
#7047 = DIRECTION ( 'NONE',  ( 0.8660254037844385966, 0.000000000000000000, -0.5000000000000003331 ) ) ;
#7048 = PRODUCT_RELATED_PRODUCT_CATEGORY ( 'part', '', ( #1766 ) ) ;
#7049 = FACE_OUTER_BOUND ( 'NONE', #8525, .T. ) ;
#7050 = VERTEX_POINT ( 'NONE', #577 ) ;
#7051 = CARTESIAN_POINT ( 'NONE',  ( -38.35455173280955421, -0.000000000000000000, 7.150000000000007461 ) ) ;
#7052 = VECTOR ( 'NONE', #8978, 1000.000000000000000 ) ;
#7053 = ORIENTED_EDGE ( 'NONE', *, *, #6960, .T. ) ;
#7054 = VECTOR ( 'NONE', #328, 1000.000000000000114 ) ;
#7055 = LINE ( 'NONE', #1878, #5333 ) ;
#7056 = ORIENTED_EDGE ( 'NONE', *, *, #9190, .T. ) ;
#7057 = CARTESIAN_POINT ( 'NONE',  ( 50.35455173280956132, 36.15544456622760805, -16.35455173280956487 ) ) ;
#7058 = VERTEX_POINT ( 'NONE', #9674 ) ;
#7059 = EDGE_CURVE ( 'NONE', #2937, #928, #2865, .T. ) ;
#7060 = ORIENTED_EDGE ( 'NONE', *, *, #4697, .T. ) ;
#7062 = EDGE_CURVE ( 'NONE', #7345, #7796, #6064, .T. ) ;
#7061 = FACE_OUTER_BOUND ( 'NONE', #5537, .T. ) ;
#7063 = VECTOR ( 'NONE', #4604, 1000.000000000000000 ) ;
#7064 = EDGE_CURVE ( 'NONE', #3635, #5911, #4469, .T. ) ;
#7065 = CARTESIAN_POINT ( 'NONE',  ( 23.29089653438044749, -12.00000000000000000, 50.00000000000000000 ) ) ;
#7066 = AXIS2_PLACEMENT_3D ( 'NONE', #9546, #2728, #3541 ) ;
#7067 = ADVANCED_FACE ( 'NONE', ( #9082 ), #9130, .T. ) ;
#7068 = ORIENTED_EDGE ( 'NONE', *, *, #2793, .F. ) ;
#7069 = DIRECTION ( 'NONE',  ( 0.4999999999999996669, 0.000000000000000000, -0.8660254037844388186 ) ) ;
#7070 = ORIENTED_EDGE ( 'NONE', *, *, #3382, .F. ) ;
#7071 = DIRECTION ( 'NONE',  ( -1.000000000000000000, -0.000000000000000000, -0.000000000000000000 ) ) ;
#7072 = LINE ( 'NONE', #9244, #900 ) ;
#7073 = DIRECTION ( 'NONE',  ( 0.5000000000000942579, 0.000000000000000000, -0.8660254037843843067 ) ) ;
#7074 = LINE ( 'NONE', #399, #1864 ) ;
#7075 = FACE_OUTER_BOUND ( 'NONE', #3677, .T. ) ;
#7076 = ORIENTED_EDGE ( 'NONE', *, *, #5057, .T. ) ;
#7077 = VECTOR ( 'NONE', #7793, 1000.000000000000000 ) ;
#7078 = EDGE_CURVE ( 'NONE', #708, #3840, #94, .T. ) ;
#7079 = DIRECTION ( 'NONE',  ( 0.5000000000000016653, -0.000000000000000000, -0.8660254037844377084 ) ) ;
#7080 = VERTEX_POINT ( 'NONE', #1614 ) ;
#7081 = ORIENTED_EDGE ( 'NONE', *, *, #8233, .F. ) ;
#7082 = PLANE ( 'NONE',  #3577 ) ;
#7083 = VECTOR ( 'NONE', #8950, 1000.000000000000000 ) ;
#7084 = VERTEX_POINT ( 'NONE', #5254 ) ;
#7085 = ORIENTED_EDGE ( 'NONE', *, *, #1209, .T. ) ;
#7086 = CARTESIAN_POINT ( 'NONE',  ( -18.35455173280945118, 0.000000000000000000, 22.85000000000000497 ) ) ;
#7087 = DIRECTION ( 'NONE',  ( -0.8660254037844381525, 0.000000000000000000, 0.5000000000000008882 ) ) ;
#7088 = FACE_OUTER_BOUND ( 'NONE', #8908, .T. ) ;
#7089 = LINE ( 'NONE', #42, #5979 ) ;
#7090 = ORIENTED_EDGE ( 'NONE', *, *, #3739, .F. ) ;
#7091 = CARTESIAN_POINT ( 'NONE',  ( -8.354551732809447628, 0.000000000000000000, 17.15000000000000568 ) ) ;
#7092 = EDGE_CURVE ( 'NONE', #1617, #488, #3124, .T. ) ;
#7093 = VECTOR ( 'NONE', #3647, 1000.000000000000000 ) ;
#7094 = ORIENTED_EDGE ( 'NONE', *, *, #2262, .T. ) ;
#7095 = DIRECTION ( 'NONE',  ( 0.000000000000000000, -1.000000000000000000, 0.000000000000000000 ) ) ;
#7096 = ORIENTED_EDGE ( 'NONE', *, *, #7748, .F. ) ;
#7097 = VECTOR ( 'NONE', #6356, 1000.000000000000000 ) ;
#7098 = DIRECTION ( 'NONE',  ( -0.5000000000000001110, 0.000000000000000000, 0.8660254037844384856 ) ) ;
#7099 = VECTOR ( 'NONE', #9767, 1000.000000000000000 ) ;
#7100 = ORIENTED_EDGE ( 'NONE', *, *, #32, .T. ) ;
#7101 = DIRECTION ( 'NONE',  ( -0.5000000000000002220, 0.000000000000000000, 0.8660254037844384856 ) ) ;
#7102 = VECTOR ( 'NONE', #6599, 1000.000000000000000 ) ;
#7103 = DIRECTION ( 'NONE',  ( 0.000000000000000000, 0.000000000000000000, -1.000000000000000000 ) ) ;
#7104 = VERTEX_POINT ( 'NONE', #7560 ) ;
#7105 = ORIENTED_EDGE ( 'NONE', *, *, #3364, .F. ) ;
#7106 = CARTESIAN_POINT ( 'NONE',  ( 0.000000000000000000, -12.00000000000000000, 0.000000000000000000 ) ) ;
#7107 = EDGE_LOOP ( 'NONE', ( #5691, #3759, #3318, #9471 ) ) ;
#7108 = DIRECTION ( 'NONE',  ( -0.5000000000000008882, 0.000000000000000000, 0.8660254037844381525 ) ) ;
#7109 = VECTOR ( 'NONE', #3235, 1000.000000000000000 ) ;
#7110 = ORIENTED_EDGE ( 'NONE', *, *, #8817, .T. ) ;
#7111 = DIRECTION ( 'NONE',  ( 0.000000000000000000, 1.000000000000000000, 0.000000000000000000 ) ) ;
#7112 = EDGE_CURVE ( 'NONE', #8470, #4246, #8298, .T. ) ;
#7113 = ORIENTED_EDGE ( 'NONE', *, *, #3587, .F. ) ;
#7114 = CARTESIAN_POINT ( 'NONE',  ( 18.35455173280955421, -12.00000000000000000, -2.850000000000000089 ) ) ;
#7115 = VERTEX_POINT ( 'NONE', #3768 ) ;
#7116 = VECTOR ( 'NONE', #1884, 1000.000000000000000 ) ;
#7117 = DIRECTION ( 'NONE',  ( -0.5000000000000004441, -0.000000000000000000, -0.8660254037844383745 ) ) ;
#7118 = LINE ( 'NONE', #194, #1154 ) ;
#7119 = VECTOR ( 'NONE', #4837, 1000.000000000000000 ) ;
#7120 = VECTOR ( 'NONE', #7244, 1000.000000000000000 ) ;
#7121 = VERTEX_POINT ( 'NONE', #2370 ) ;
#7122 = CARTESIAN_POINT ( 'NONE',  ( 50.35455173280956132, 10.00000000000000000, 18.35455173280956842 ) ) ;
#7123 = LINE ( 'NONE', #8698, #6287 ) ;
#7124 = DIRECTION ( 'NONE',  ( 0.5000000000000009992, 0.000000000000000000, -0.8660254037844380415 ) ) ;
#7125 = CARTESIAN_POINT ( 'NONE',  ( 23.29089653438044749, 0.000000000000000000, 50.00000000000000000 ) ) ;
#7126 = LINE ( 'NONE', #6424, #7756 ) ;
#7127 = VECTOR ( 'NONE', #8182, 1000.000000000000000 ) ;
#7128 = CARTESIAN_POINT ( 'NONE',  ( -28.35455173280955421, 0.000000000000000000, -2.850000000000000089 ) ) ;
#7129 = ADVANCED_FACE ( 'NONE', ( #6906 ), #1519, .T. ) ;
#7130 = EDGE_CURVE ( 'NONE', #9232, #5916, #9184, .T. ) ;
#7131 = EDGE_CURVE ( 'NONE', #5331, #9417, #5404, .T. ) ;
#7132 = ORIENTED_EDGE ( 'NONE', *, *, #6180, .F. ) ;
#7133 = VECTOR ( 'NONE', #9617, 1000.000000000000000 ) ;
#7134 = VERTEX_POINT ( 'NONE', #4567 ) ;
#7135 = ORIENTED_EDGE ( 'NONE', *, *, #487, .F. ) ;
#7136 = FACE_OUTER_BOUND ( 'NONE', #1376, .T. ) ;
#7137 = ORIENTED_EDGE ( 'NONE', *, *, #8482, .F. ) ;
#7138 = ORIENTED_EDGE ( 'NONE', *, *, #1606, .T. ) ;
#7139 = FACE_OUTER_BOUND ( 'NONE', #8976, .T. ) ;
#7140 = CARTESIAN_POINT ( 'NONE',  ( 38.35455173280955421, -12.00000000000000000, 7.150000000000007461 ) ) ;
#7141 = EDGE_CURVE ( 'NONE', #9096, #3727, #3718, .T. ) ;
#7142 = CARTESIAN_POINT ( 'NONE',  ( -33.29089653438086316, -12.00000000000000000, 3.038187096183830448E-15 ) ) ;
#7143 = DIRECTION ( 'NONE',  ( 0.5000000000000016653, -0.000000000000000000, -0.8660254037844377084 ) ) ;
#7144 = ADVANCED_FACE ( 'NONE', ( #6013 ), #9036, .T. ) ;
#7145 = ORIENTED_EDGE ( 'NONE', *, *, #2336, .T. ) ;
#7146 = FACE_OUTER_BOUND ( 'NONE', #5778, .T. ) ;
#7147 = ORIENTED_EDGE ( 'NONE', *, *, #3633, .F. ) ;
#7148 = DIRECTION ( 'NONE',  ( 0.000000000000000000, 0.000000000000000000, 1.000000000000000000 ) ) ;
#7149 = EDGE_LOOP ( 'NONE', ( #187, #9491, #8054, #3520, #7707, #2503 ) ) ;
#7150 = PLANE ( 'NONE',  #3862 ) ;
#7151 = DIRECTION ( 'NONE',  ( -1.000000000000000000, -0.000000000000000000, -0.000000000000000000 ) ) ;
#7152 = PLANE ( 'NONE',  #6954 ) ;
#7153 = VERTEX_POINT ( 'NONE', #785 ) ;
#7154 = EDGE_CURVE ( 'NONE', #1415, #9230, #6857, .T. ) ;
#7155 = CARTESIAN_POINT ( 'NONE',  ( 31.64544826719043513, -12.00000000000000000, 2.849999999999998312 ) ) ;
#7156 = ORIENTED_EDGE ( 'NONE', *, *, #6353, .F. ) ;
#7157 = ORIENTED_EDGE ( 'NONE', *, *, #3540, .F. ) ;
#7158 = ORIENTED_EDGE ( 'NONE', *, *, #6707, .T. ) ;
#7159 = FACE_OUTER_BOUND ( 'NONE', #6629, .T. ) ;
#7160 = ORIENTED_EDGE ( 'NONE', *, *, #2396, .F. ) ;
#7161 = DIRECTION ( 'NONE',  ( 1.000000000000000000, -0.000000000000000000, -0.000000000000000000 ) ) ;
#7162 = ORIENTED_EDGE ( 'NONE', *, *, #7926, .F. ) ;
#7163 = LINE ( 'NONE', #3223, #5839 ) ;
#7164 = DIRECTION ( 'NONE',  ( 0.4999999999999995004, 0.000000000000000000, -0.8660254037844389297 ) ) ;
#7165 = ORIENTED_EDGE ( 'NONE', *, *, #7663, .T. ) ;
#7166 = CARTESIAN_POINT ( 'NONE',  ( -28.35455173280955421, -12.00000000000000000, 2.849999999999997868 ) ) ;
#7167 = EDGE_LOOP ( 'NONE', ( #4430, #2833, #2982, #1950, #9000 ) ) ;
#7168 = CARTESIAN_POINT ( 'NONE',  ( -8.354551732809342823, 0.000000000000000000, 27.15000000000000568 ) ) ;
#7169 = LINE ( 'NONE', #4736, #8390 ) ;
#7170 = DIRECTION ( 'NONE',  ( 0.000000000000000000, 1.000000000000000000, 2.312964634635742895E-17 ) ) ;
#7171 = LINE ( 'NONE', #2534, #9638 ) ;
#7172 = CARTESIAN_POINT ( 'NONE',  ( -21.64544826719032145, -12.00000000000000000, 17.15000000000000568 ) ) ;
#7173 = VERTEX_POINT ( 'NONE', #2319 ) ;
#7174 = PLANE ( 'NONE',  #7372 ) ;
#7175 = ORIENTED_EDGE ( 'NONE', *, *, #7312, .F. ) ;
#7177 = EDGE_CURVE ( 'NONE', #2191, #5311, #8399, .T. ) ;
#7176 = ORIENTED_EDGE ( 'NONE', *, *, #2112, .T. ) ;
#7178 = CARTESIAN_POINT ( 'NONE',  ( -31.64544826719042803, -12.00000000000000000, 7.150000000000007461 ) ) ;
#7179 = ORIENTED_EDGE ( 'NONE', *, *, #5654, .T. ) ;
#7180 = ORIENTED_EDGE ( 'NONE', *, *, #1236, .T. ) ;
#7181 = FACE_OUTER_BOUND ( 'NONE', #9395, .T. ) ;
#7182 = DIRECTION ( 'NONE',  ( -0.8660254037844391517, 0.000000000000000000, 0.4999999999999992784 ) ) ;
#7183 = LINE ( 'NONE', #1251, #5681 ) ;
#7184 = ORIENTED_EDGE ( 'NONE', *, *, #6183, .T. ) ;
#7185 = DIRECTION ( 'NONE',  ( 1.000000000000000000, 0.000000000000000000, -0.000000000000000000 ) ) ;
#7186 = EDGE_CURVE ( 'NONE', #1988, #8579, #7656, .T. ) ;
#7187 = CARTESIAN_POINT ( 'NONE',  ( 41.64544826719043868, 0.000000000000000000, 2.849999999999998312 ) ) ;
#7188 = EDGE_CURVE ( 'NONE', #3988, #6517, #660, .T. ) ;
#7189 = ORIENTED_EDGE ( 'NONE', *, *, #2207, .F. ) ;
#7190 = EDGE_CURVE ( 'NONE', #7080, #6126, #2203, .T. ) ;
#7191 = DIRECTION ( 'NONE',  ( 1.000000000000000000, 0.000000000000000000, 0.000000000000000000 ) ) ;
#7192 = DIRECTION ( 'NONE',  ( -0.5000000000000004441, -0.000000000000000000, -0.8660254037844383745 ) ) ;
#7193 = LINE ( 'NONE', #8043, #6304 ) ;
#7194 = CARTESIAN_POINT ( 'NONE',  ( -21.64544826719011539, -12.00000000000000000, 37.15000000000000568 ) ) ;
#7195 = EDGE_LOOP ( 'NONE', ( #7423, #1730, #9253, #5803, #4967, #4380 ) ) ;
#7196 = DIRECTION ( 'NONE',  ( 0.000000000000000000, 0.000000000000000000, 1.000000000000000000 ) ) ;
#7197 = ORIENTED_EDGE ( 'NONE', *, *, #5727, .T. ) ;
#7198 = EDGE_CURVE ( 'NONE', #3264, #3752, #9114, .T. ) ;
#7199 = ORIENTED_EDGE ( 'NONE', *, *, #5034, .F. ) ;
#7200 = ORIENTED_EDGE ( 'NONE', *, *, #205, .T. ) ;
#7201 = CARTESIAN_POINT ( 'NONE',  ( 68.35455173280956842, 10.00000000000000000, -48.35455173280956842 ) ) ;
#7202 = ORIENTED_EDGE ( 'NONE', *, *, #1080, .T. ) ;
#7203 = VECTOR ( 'NONE', #1258, 1000.000000000000000 ) ;
#7204 = LINE ( 'NONE', #386, #5298 ) ;
#7205 = VECTOR ( 'NONE', #9431, 1000.000000000000000 ) ;
#7206 = ORIENTED_EDGE ( 'NONE', *, *, #5607, .T. ) ;
#7207 = ADVANCED_FACE ( 'NONE', ( #3513 ), #5885, .T. ) ;
#7208 = LINE ( 'NONE', #3280, #8827 ) ;
#7209 = CARTESIAN_POINT ( 'NONE',  ( -56.70910346561912974, -12.00000000000000000, 10.00000000000000711 ) ) ;
#7210 = CARTESIAN_POINT ( 'NONE',  ( -38.35455173280955421, -12.00000000000000000, 12.85000000000000675 ) ) ;
#7211 = ORIENTED_EDGE ( 'NONE', *, *, #5188, .T. ) ;
#7212 = DIRECTION ( 'NONE',  ( -0.4999999999999992784, -0.000000000000000000, 0.8660254037844390407 ) ) ;
#7213 = VECTOR ( 'NONE', #7683, 1000.000000000000000 ) ;
#7215 = LINE ( 'NONE', #8648, #1030 ) ;
#7214 = AXIS2_PLACEMENT_3D ( 'NONE', #4114, #1873, #7196 ) ;
#7216 = LINE ( 'NONE', #7921, #6798 ) ;
#7217 = FACE_BOUND ( 'NONE', #3949, .T. ) ;
#7218 = EDGE_CURVE ( 'NONE', #2777, #4362, #6641, .T. ) ;
#7219 = FACE_OUTER_BOUND ( 'NONE', #6430, .T. ) ;
#7220 = LINE ( 'NONE', #8019, #4887 ) ;
#7221 = DIRECTION ( 'NONE',  ( 0.8660254037844391517, -0.000000000000000000, 0.4999999999999992784 ) ) ;
#7222 = ORIENTED_EDGE ( 'NONE', *, *, #4873, .T. ) ;
#7223 = AXIS2_PLACEMENT_3D ( 'NONE', #6062, #6904, #8254 ) ;
#7224 = VECTOR ( 'NONE', #6573, 1000.000000000000000 ) ;
#7225 = LINE ( 'NONE', #9547, #3250 ) ;
#7226 = VERTEX_POINT ( 'NONE', #1406 ) ;
#7227 = ORIENTED_EDGE ( 'NONE', *, *, #5309, .F. ) ;
#7228 = LINE ( 'NONE', #7879, #7549 ) ;
#7229 = VERTEX_POINT ( 'NONE', #5841 ) ;
#7230 = AXIS2_PLACEMENT_3D ( 'NONE', #3011, #3806, #2093 ) ;
#7231 = ORIENTED_EDGE ( 'NONE', *, *, #7368, .T. ) ;
#7232 = DIRECTION ( 'NONE',  ( 0.8660254037844391517, 0.000000000000000000, -0.4999999999999992784 ) ) ;
#7233 = PLANE ( 'NONE',  #896 ) ;
#7234 = DIRECTION ( 'NONE',  ( 0.5000000000000017764, 0.000000000000000000, 0.8660254037844377084 ) ) ;
#7235 = ORIENTED_EDGE ( 'NONE', *, *, #451, .T. ) ;
#7236 = CARTESIAN_POINT ( 'NONE',  ( -60.35455173280956132, 10.00000000000000178, -56.64544826719043158 ) ) ;
#7237 = EDGE_CURVE ( 'NONE', #4233, #8972, #4497, .T. ) ;
#7238 = DIRECTION ( 'NONE',  ( 0.000000000000000000, 1.000000000000000000, 0.000000000000000000 ) ) ;
#7239 = VERTEX_POINT ( 'NONE', #4452 ) ;
#7240 = DIRECTION ( 'NONE',  ( -1.000000000000000000, -0.000000000000000000, -0.000000000000000000 ) ) ;
#7241 = CARTESIAN_POINT ( 'NONE',  ( 8.354551732809550657, -12.00000000000000000, 7.150000000000007461 ) ) ;
#7242 = CARTESIAN_POINT ( 'NONE',  ( -13.29089653438065355, 0.000000000000000000, 30.00000000000000711 ) ) ;
#7243 = DIRECTION ( 'NONE',  ( 0.000000000000000000, 0.000000000000000000, 1.000000000000000000 ) ) ;
#7244 = DIRECTION ( 'NONE',  ( -1.000000000000000000, 0.000000000000000000, 0.000000000000000000 ) ) ;
#7245 = VECTOR ( 'NONE', #4332, 1000.000000000000114 ) ;
#7246 = EDGE_CURVE ( 'NONE', #6708, #598, #5182, .T. ) ;
#7247 = EDGE_CURVE ( 'NONE', #2473, #8430, #5990, .T. ) ;
#7248 = ORIENTED_EDGE ( 'NONE', *, *, #9787, .T. ) ;
#7249 = AXIS2_PLACEMENT_3D ( 'NONE', #7766, #930, #6261 ) ;
#7250 = DIRECTION ( 'NONE',  ( 0.000000000000000000, 1.000000000000000000, 0.000000000000000000 ) ) ;
#7251 = ORIENTED_EDGE ( 'NONE', *, *, #2988, .F. ) ;
#7252 = ORIENTED_EDGE ( 'NONE', *, *, #310, .F. ) ;
#7253 = DIRECTION ( 'NONE',  ( 0.5000000000000008882, 0.000000000000000000, 0.8660254037844381525 ) ) ;
#7254 = FACE_OUTER_BOUND ( 'NONE', #262, .T. ) ;
#7255 = ADVANCED_FACE ( 'NONE', ( #5046 ), #7488, .T. ) ;
#7256 = VECTOR ( 'NONE', #7035, 1000.000000000000000 ) ;
#7257 = ORIENTED_EDGE ( 'NONE', *, *, #1695, .F. ) ;
#7258 = CARTESIAN_POINT ( 'NONE',  ( -33.29089653438086316, 0.000000000000000000, 3.038187096183830448E-15 ) ) ;
#7259 = CARTESIAN_POINT ( 'NONE',  ( -11.64544826719042447, -12.00000000000000000, 12.85000000000000675 ) ) ;
#7260 = ORIENTED_EDGE ( 'NONE', *, *, #8149, .T. ) ;
#7261 = FACE_OUTER_BOUND ( 'NONE', #8513, .T. ) ;
#7262 = DIRECTION ( 'NONE',  ( 0.000000000000000000, 1.000000000000000000, 0.000000000000000000 ) ) ;
#7263 = VECTOR ( 'NONE', #2799, 1000.000000000000000 ) ;
#7264 = DIRECTION ( 'NONE',  ( 0.4999999999999996669, -0.000000000000000000, 0.8660254037844388186 ) ) ;
#7265 = DIRECTION ( 'NONE',  ( -0.4999999999999992784, -0.000000000000000000, 0.8660254037844390407 ) ) ;
#7266 = DIRECTION ( 'NONE',  ( -1.000000000000000000, -0.000000000000000000, -0.000000000000000000 ) ) ;
#7267 = ADVANCED_FACE ( 'NONE', ( #3613 ), #8090, .T. ) ;
#7268 = EDGE_CURVE ( 'NONE', #2020, #9777, #9561, .T. ) ;
#7269 = PLANE ( 'NONE',  #5363 ) ;
#7270 = VERTEX_POINT ( 'NONE', #3701 ) ;
#7271 = VECTOR ( 'NONE', #5611, 1000.000000000000000 ) ;
#7272 = VECTOR ( 'NONE', #7825, 1000.000000000000000 ) ;
#7273 = VECTOR ( 'NONE', #6229, 1000.000000000000000 ) ;
#7274 = EDGE_CURVE ( 'NONE', #1385, #1461, #6734, .T. ) ;
#7275 = CARTESIAN_POINT ( 'NONE',  ( -18.35455173280944763, 0.000000000000000000, 17.15000000000000568 ) ) ;
#7276 = DIRECTION ( 'NONE',  ( 0.000000000000000000, 1.000000000000000000, 0.000000000000000000 ) ) ;
#7277 = ORIENTED_EDGE ( 'NONE', *, *, #1286, .T. ) ;
#7278 = VERTEX_POINT ( 'NONE', #8132 ) ;
#7279 = DIRECTION ( 'NONE',  ( -0.8660254037844387076, 0.000000000000000000, 0.4999999999999999445 ) ) ;
#7280 = AXIS2_PLACEMENT_3D ( 'NONE', #2089, #7441, #1404 ) ;
#7281 = ORIENTED_EDGE ( 'NONE', *, *, #508, .T. ) ;
#7282 = ORIENTED_EDGE ( 'NONE', *, *, #952, .T. ) ;
#7283 = CIRCLE ( 'NONE', #2659, 2.999999999999995559 ) ;
#7284 = CARTESIAN_POINT ( 'NONE',  ( -60.35455173280956132, 36.15544456622760805, -16.35455173280956487 ) ) ;
#7285 = CARTESIAN_POINT ( 'NONE',  ( -8.354551732809550657, -12.00000000000000000, 7.150000000000007461 ) ) ;
#7286 = AXIS2_PLACEMENT_3D ( 'NONE', #8571, #6943, #956 ) ;
#7287 = CARTESIAN_POINT ( 'NONE',  ( 8.354551732809550657, -12.00000000000000000, -2.850000000000000089 ) ) ;
#7288 = EDGE_LOOP ( 'NONE', ( #7037, #6435, #801, #6861, #4783, #9821 ) ) ;
#7289 = CARTESIAN_POINT ( 'NONE',  ( 61.64544826719043158, -12.00000000000000000, -2.850000000000000089 ) ) ;
#7290 = VECTOR ( 'NONE', #5937, 1000.000000000000000 ) ;
#7291 = ORIENTED_EDGE ( 'NONE', *, *, #7824, .T. ) ;
#7292 = CARTESIAN_POINT ( 'NONE',  ( -38.35455173280955421, -12.00000000000000000, 12.85000000000000675 ) ) ;
#7293 = ORIENTED_EDGE ( 'NONE', *, *, #5899, .T. ) ;
#7294 = DIRECTION ( 'NONE',  ( 0.8660254037844388186, -0.000000000000000000, 0.4999999999999997224 ) ) ;
#7295 = LINE ( 'NONE', #8134, #2607 ) ;
#7296 = PLANE ( 'NONE',  #9158 ) ;
#7297 = VECTOR ( 'NONE', #76, 999.9999999999998863 ) ;
#7298 = LINE ( 'NONE', #515, #4899 ) ;
#7299 = ORIENTED_EDGE ( 'NONE', *, *, #8516, .F. ) ;
#7300 = VERTEX_POINT ( 'NONE', #8816 ) ;
#7301 = CARTESIAN_POINT ( 'NONE',  ( 11.64544826719011361, -12.00000000000000000, 37.15000000000000568 ) ) ;
#7302 = VERTEX_POINT ( 'NONE', #8965 ) ;
#7303 = VERTEX_POINT ( 'NONE', #8871 ) ;
#7304 = ADVANCED_FACE ( 'NONE', ( #1256 ), #4299, .T. ) ;
#7305 = ORIENTED_EDGE ( 'NONE', *, *, #9120, .T. ) ;
#7306 = CARTESIAN_POINT ( 'NONE',  ( 61.64544826719043158, -12.00000000000000000, 12.85000000000000675 ) ) ;
#7307 = PLANE ( 'NONE',  #1007 ) ;
#7308 = ORIENTED_EDGE ( 'NONE', *, *, #3127, .T. ) ;
#7309 = LINE ( 'NONE', #8888, #368 ) ;
#7310 = ADVANCED_FACE ( 'NONE', ( #511 ), #1301, .F. ) ;
#7311 = EDGE_LOOP ( 'NONE', ( #8931, #3503, #9712, #7206, #5639 ) ) ;
#7312 = EDGE_CURVE ( 'NONE', #3371, #8328, #6841, .T. ) ;
#7313 = FACE_BOUND ( 'NONE', #827, .T. ) ;
#7314 = EDGE_CURVE ( 'NONE', #5377, #8293, #1644, .T. ) ;
#7315 = PLANE ( 'NONE',  #8556 ) ;
#7316 = DIRECTION ( 'NONE',  ( -0.4999999999999985012, 0.000000000000000000, 0.8660254037844393737 ) ) ;
#7317 = EDGE_LOOP ( 'NONE', ( #9435, #8737, #1696, #9131, #499, #8296 ) ) ;
#7318 = DIRECTION ( 'NONE',  ( -0.8660254037844380415, 0.000000000000000000, -0.5000000000000009992 ) ) ;
#7319 = EDGE_LOOP ( 'NONE', ( #6496, #9392, #1477, #6262 ) ) ;
#7320 = DIRECTION ( 'NONE',  ( 0.000000000000000000, 1.000000000000000000, 0.000000000000000000 ) ) ;
#7321 = EDGE_CURVE ( 'NONE', #9526, #3508, #5281, .T. ) ;
#7322 = CARTESIAN_POINT ( 'NONE',  ( 58.35455173280956132, 10.00000000000000000, -8.354551732809563092 ) ) ;
#7323 = CARTESIAN_POINT ( 'NONE',  ( -8.354551732809342823, -12.00000000000000000, 27.15000000000000568 ) ) ;
#7324 = ORIENTED_EDGE ( 'NONE', *, *, #5850, .T. ) ;
#7325 = ORIENTED_EDGE ( 'NONE', *, *, #5853, .F. ) ;
#7326 = LINE ( 'NONE', #3597, #7442 ) ;
#7327 = ORIENTED_EDGE ( 'NONE', *, *, #8022, .F. ) ;
#7328 = DIRECTION ( 'NONE',  ( -1.000000000000000000, 0.000000000000000000, -0.000000000000000000 ) ) ;
#7329 = CARTESIAN_POINT ( 'NONE',  ( -60.35455173280956132, 17.99999999999997868, -16.35455173280956487 ) ) ;
#7330 = CARTESIAN_POINT ( 'NONE',  ( 31.64544826719042803, -12.00000000000000000, 12.85000000000000675 ) ) ;
#7331 = EDGE_LOOP ( 'NONE', ( #2000, #5840, #4719, #3335 ) ) ;
#7332 = DIRECTION ( 'NONE',  ( -1.000000000000000000, 0.000000000000000000, 0.000000000000000000 ) ) ;
#7333 = ADVANCED_FACE ( 'NONE', ( #6988 ), #2300, .T. ) ;
#7334 = ORIENTED_EDGE ( 'NONE', *, *, #4488, .T. ) ;
#7335 = DIRECTION ( 'NONE',  ( -0.000000000000000000, -0.000000000000000000, 1.000000000000000000 ) ) ;
#7336 = ORIENTED_EDGE ( 'NONE', *, *, #2699, .T. ) ;
#7337 = DIRECTION ( 'NONE',  ( 0.8660254037844391517, 0.000000000000000000, -0.4999999999999992784 ) ) ;
#7338 = LINE ( 'NONE', #8041, #8547 ) ;
#7339 = DIRECTION ( 'NONE',  ( -1.000000000000000000, -0.000000000000000000, -0.000000000000000000 ) ) ;
#7340 = LINE ( 'NONE', #6504, #9123 ) ;
#7341 = LINE ( 'NONE', #5645, #5500 ) ;
#7342 = CARTESIAN_POINT ( 'NONE',  ( 18.35455173280934460, -12.00000000000000000, 27.15000000000000568 ) ) ;
#7343 = DIRECTION ( 'NONE',  ( 0.000000000000000000, 0.000000000000000000, 1.000000000000000000 ) ) ;
#7344 = ORIENTED_EDGE ( 'NONE', *, *, #7247, .F. ) ;
#7345 = VERTEX_POINT ( 'NONE', #4694 ) ;
#7346 = CARTESIAN_POINT ( 'NONE',  ( 41.64544826719043158, 0.000000000000000000, 7.150000000000007461 ) ) ;
#7347 = ORIENTED_EDGE ( 'NONE', *, *, #7570, .F. ) ;
#7348 = ORIENTED_EDGE ( 'NONE', *, *, #2855, .T. ) ;
#7349 = ORIENTED_EDGE ( 'NONE', *, *, #5986, .F. ) ;
#7350 = CARTESIAN_POINT ( 'NONE',  ( 51.64544826719043158, -12.00000000000000000, 12.85000000000000675 ) ) ;
#7351 = CARTESIAN_POINT ( 'NONE',  ( 61.64544826719043158, -12.00000000000000000, 7.150000000000007461 ) ) ;
#7352 = ORIENTED_EDGE ( 'NONE', *, *, #4712, .F. ) ;
#7353 = DIRECTION ( 'NONE',  ( 0.4999999999999992228, 0.000000000000000000, 0.8660254037844390407 ) ) ;
#7354 = EDGE_CURVE ( 'NONE', #7502, #354, #6197, .T. ) ;
#7355 = CARTESIAN_POINT ( 'NONE',  ( -50.35455173280956132, 14.99999999999997868, -16.35455173280956487 ) ) ;
#7356 = ORIENTED_EDGE ( 'NONE', *, *, #6934, .T. ) ;
#7357 = ORIENTED_EDGE ( 'NONE', *, *, #4321, .F. ) ;
#7358 = CARTESIAN_POINT ( 'NONE',  ( -8.354551732809447628, -12.00000000000000000, 22.85000000000000497 ) ) ;
#7359 = DIRECTION ( 'NONE',  ( 0.8660254037844242747, -0.000000000000000000, 0.5000000000000250910 ) ) ;
#7360 = PLANE ( 'NONE',  #6024 ) ;
#7361 = VECTOR ( 'NONE', #763, 1000.000000000000000 ) ;
#7362 = CARTESIAN_POINT ( 'NONE',  ( 58.35455173280956132, 0.000000000000000000, -8.354551732809563092 ) ) ;
#7363 = LINE ( 'NONE', #9640, #6644 ) ;
#7364 = AXIS2_PLACEMENT_3D ( 'NONE', #5356, #8400, #3312 ) ;
#7365 = DIRECTION ( 'NONE',  ( 0.000000000000000000, 1.000000000000000000, 0.000000000000000000 ) ) ;
#7366 = EDGE_CURVE ( 'NONE', #4287, #8192, #4550, .T. ) ;
#7367 = ORIENTED_EDGE ( 'NONE', *, *, #5900, .T. ) ;
#7368 = EDGE_CURVE ( 'NONE', #1617, #2302, #1554, .T. ) ;
#7369 = EDGE_CURVE ( 'NONE', #8964, #4230, #712, .T. ) ;
#7370 = VECTOR ( 'NONE', #6385, 1000.000000000000000 ) ;
#7371 = PLANE ( 'NONE',  #7066 ) ;
#7372 = AXIS2_PLACEMENT_3D ( 'NONE', #6429, #8655, #1848 ) ;
#7373 = PLANE ( 'NONE',  #8361 ) ;
#7374 = VECTOR ( 'NONE', #1271, 1000.000000000000114 ) ;
#7375 = CARTESIAN_POINT ( 'NONE',  ( 23.29089653438086316, -12.00000000000000000, 3.038187096183830448E-15 ) ) ;
#7376 = ORIENTED_EDGE ( 'NONE', *, *, #2829, .T. ) ;
#7377 = ORIENTED_EDGE ( 'NONE', *, *, #2374, .F. ) ;
#7378 = CARTESIAN_POINT ( 'NONE',  ( -38.35455173280955421, -12.00000000000000000, 2.849999999999997868 ) ) ;
#7379 = ORIENTED_EDGE ( 'NONE', *, *, #9790, .F. ) ;
#7380 = DIRECTION ( 'NONE',  ( -1.000000000000000000, 0.000000000000000000, -0.000000000000000000 ) ) ;
#7381 = CARTESIAN_POINT ( 'NONE',  ( -36.70910346561912974, 0.000000000000000000, 1.294402214996931218E-15 ) ) ;
#7382 = AXIS2_PLACEMENT_3D ( 'NONE', #8912, #5091, #5936 ) ;
#7383 = LINE ( 'NONE', #9746, #134 ) ;
#7384 = ORIENTED_EDGE ( 'NONE', *, *, #1455, .T. ) ;
#7385 = PLANE ( 'NONE',  #692 ) ;
#7386 = EDGE_CURVE ( 'NONE', #670, #4814, #5336, .T. ) ;
#7387 = CARTESIAN_POINT ( 'NONE',  ( -18.35455173280924512, -12.00000000000000000, 42.85000000000000142 ) ) ;
#7388 = AXIS2_PLACEMENT_3D ( 'NONE', #3844, #6881, #6147 ) ;
#7389 = AXIS2_PLACEMENT_3D ( 'NONE', #4249, #7294, #366 ) ;
#7390 = EDGE_LOOP ( 'NONE', ( #462, #8832, #1900, #7477, #300 ) ) ;
#7391 = DIRECTION ( 'NONE',  ( -1.000000000000000000, -0.000000000000000000, -0.000000000000000000 ) ) ;
#7392 = DIRECTION ( 'NONE',  ( -0.8660254037844387076, 0.000000000000000000, 0.4999999999999999445 ) ) ;
#7393 = LINE ( 'NONE', #8334, #8963 ) ;
#7394 = LINE ( 'NONE', #2150, #8215 ) ;
#7395 = CARTESIAN_POINT ( 'NONE',  ( 58.35455173280956132, -12.00000000000000000, 12.85000000000000675 ) ) ;
#7396 = EDGE_CURVE ( 'NONE', #2490, #1460, #4748, .T. ) ;
#7397 = VERTEX_POINT ( 'NONE', #9255 ) ;
#7398 = DIRECTION ( 'NONE',  ( 0.4999999999999995004, -0.000000000000000000, 0.8660254037844389297 ) ) ;
#7399 = ORIENTED_EDGE ( 'NONE', *, *, #8575, .T. ) ;
#7400 = EDGE_CURVE ( 'NONE', #7832, #2544, #3161, .T. ) ;
#7401 = DIRECTION ( 'NONE',  ( 0.5000000000000005551, -0.000000000000000000, -0.8660254037844382635 ) ) ;
#7402 = EDGE_LOOP ( 'NONE', ( #8866, #1284, #6759, #380, #2029, #1141 ) ) ;
#7403 = ORIENTED_EDGE ( 'NONE', *, *, #2412, .T. ) ;
#7404 = DIRECTION ( 'NONE',  ( 0.000000000000000000, 1.000000000000000000, 0.000000000000000000 ) ) ;
#7405 = VECTOR ( 'NONE', #8790, 999.9999999999998863 ) ;
#7406 = ORIENTED_EDGE ( 'NONE', *, *, #5868, .F. ) ;
#7407 = FACE_OUTER_BOUND ( 'NONE', #2306, .T. ) ;
#7408 = PLANE ( 'NONE',  #9608 ) ;
#7409 = ORIENTED_EDGE ( 'NONE', *, *, #553, .T. ) ;
#7410 = VECTOR ( 'NONE', #9429, 1000.000000000000000 ) ;
#7411 = VECTOR ( 'NONE', #2328, 999.9999999999998863 ) ;
#7412 = CARTESIAN_POINT ( 'NONE',  ( 23.29089653438086316, 0.000000000000000000, 20.00000000000000355 ) ) ;
#7413 = EDGE_CURVE ( 'NONE', #6045, #7058, #6789, .T. ) ;
#7414 = VERTEX_POINT ( 'NONE', #3892 ) ;
#7415 = EDGE_CURVE ( 'NONE', #1830, #6350, #6092, .T. ) ;
#7416 = VERTEX_POINT ( 'NONE', #812 ) ;
#7417 = FACE_BOUND ( 'NONE', #5943, .T. ) ;
#7418 = DIRECTION ( 'NONE',  ( 1.000000000000000000, -0.000000000000000000, -0.000000000000000000 ) ) ;
#7419 = ADVANCED_FACE ( 'NONE', ( #4646 ), #74, .T. ) ;
#7420 = PLANE ( 'NONE',  #8238 ) ;
#7421 = VECTOR ( 'NONE', #9770, 1000.000000000000114 ) ;
#7422 = DIRECTION ( 'NONE',  ( -0.000000000000000000, -0.000000000000000000, -1.000000000000000000 ) ) ;
#7423 = ORIENTED_EDGE ( 'NONE', *, *, #1954, .T. ) ;
#7424 = DIRECTION ( 'NONE',  ( 0.000000000000000000, 0.000000000000000000, 1.000000000000000000 ) ) ;
#7425 = AXIS2_PLACEMENT_3D ( 'NONE', #6445, #5750, #8770 ) ;
#7426 = CARTESIAN_POINT ( 'NONE',  ( 16.70910346561911908, 0.000000000000000000, 10.00000000000000711 ) ) ;
#7427 = DIRECTION ( 'NONE',  ( 0.000000000000000000, 1.000000000000000000, 0.000000000000000000 ) ) ;
#7428 = ORIENTED_EDGE ( 'NONE', *, *, #8726, .F. ) ;
#7429 = DIRECTION ( 'NONE',  ( -0.5000000000000005551, 0.000000000000000000, -0.8660254037844382635 ) ) ;
#7430 = DIRECTION ( 'NONE',  ( 0.4999999999999992784, 0.000000000000000000, -0.8660254037844390407 ) ) ;
#7431 = EDGE_CURVE ( 'NONE', #7029, #7949, #9162, .T. ) ;
#7432 = ORIENTED_EDGE ( 'NONE', *, *, #8405, .F. ) ;
#7433 = ADVANCED_FACE ( 'NONE', ( #1596 ), #123, .T. ) ;
#7434 = CARTESIAN_POINT ( 'NONE',  ( 18.35455173280944763, -12.00000000000000000, 17.15000000000000568 ) ) ;
#7435 = LINE ( 'NONE', #2243, #5507 ) ;
#7436 = AXIS2_PLACEMENT_3D ( 'NONE', #4563, #7359, #535 ) ;
#7437 = PLANE ( 'NONE',  #7755 ) ;
#7438 = VECTOR ( 'NONE', #1905, 999.9999999999998863 ) ;
#7439 = ORIENTED_EDGE ( 'NONE', *, *, #5289, .F. ) ;
#7440 = CARTESIAN_POINT ( 'NONE',  ( 53.29089653438087026, -12.00000000000000000, 10.00000000000000711 ) ) ;
#7441 = DIRECTION ( 'NONE',  ( -1.317819823453642871E-16, 0.000000000000000000, 1.000000000000000000 ) ) ;
#7442 = VECTOR ( 'NONE', #6723, 1000.000000000000000 ) ;
#7443 = EDGE_LOOP ( 'NONE', ( #8356, #1501, #8070, #5728 ) ) ;
#7444 = DIRECTION ( 'NONE',  ( -0.5000000000000009992, -0.000000000000000000, -0.8660254037844380415 ) ) ;
#7445 = VECTOR ( 'NONE', #3151, 1000.000000000000000 ) ;
#7446 = VECTOR ( 'NONE', #3013, 1000.000000000000000 ) ;
#7447 = DIRECTION ( 'NONE',  ( -1.000000000000000000, 0.000000000000000000, 0.000000000000000000 ) ) ;
#7448 = ADVANCED_FACE ( 'NONE', ( #4043 ), #1751, .T. ) ;
#7449 = EDGE_CURVE ( 'NONE', #5884, #306, #4845, .T. ) ;
#7450 = PLANE ( 'NONE',  #4365 ) ;
#7451 = FACE_OUTER_BOUND ( 'NONE', #1296, .T. ) ;
#7452 = AXIS2_PLACEMENT_3D ( 'NONE', #8973, #3812, #3708 ) ;
#7453 = ORIENTED_EDGE ( 'NONE', *, *, #6093, .T. ) ;
#7454 = LINE ( 'NONE', #9664, #8666 ) ;
#7455 = ORIENTED_EDGE ( 'NONE', *, *, #1091, .T. ) ;
#7456 = CARTESIAN_POINT ( 'NONE',  ( -13.29089653438044571, 0.000000000000000000, 50.00000000000000000 ) ) ;
#7457 = ORIENTED_EDGE ( 'NONE', *, *, #4873, .F. ) ;
#7458 = VECTOR ( 'NONE', #4791, 1000.000000000000000 ) ;
#7459 = ORIENTED_EDGE ( 'NONE', *, *, #7064, .T. ) ;
#7460 = CARTESIAN_POINT ( 'NONE',  ( -58.35455173280956842, 10.00000000000000000, -48.35455173280956842 ) ) ;
#7461 = DIRECTION ( 'NONE',  ( -0.4999999999999992784, 0.000000000000000000, -0.8660254037844390407 ) ) ;
#7462 = ADVANCED_FACE ( 'NONE', ( #6286 ), #7031, .T. ) ;
#7463 = LINE ( 'NONE', #9578, #6576 ) ;
#7464 = ORIENTED_EDGE ( 'NONE', *, *, #7246, .T. ) ;
#7465 = DIRECTION ( 'NONE',  ( -0.4999999999999990563, -0.000000000000000000, 0.8660254037844391517 ) ) ;
#7466 = EDGE_LOOP ( 'NONE', ( #459, #5865, #5277, #9124, #6813 ) ) ;
#7467 = ORIENTED_EDGE ( 'NONE', *, *, #20, .F. ) ;
#7468 = DIRECTION ( 'NONE',  ( 0.4999999999999989453, 0.000000000000000000, -0.8660254037844391517 ) ) ;
#7469 = ORIENTED_EDGE ( 'NONE', *, *, #6825, .T. ) ;
#7470 = DIRECTION ( 'NONE',  ( 0.4999999999999998890, 0.000000000000000000, -0.8660254037844385966 ) ) ;
#7471 = FACE_OUTER_BOUND ( 'NONE', #4179, .T. ) ;
#7472 = ORIENTED_EDGE ( 'NONE', *, *, #5957, .T. ) ;
#7473 = CARTESIAN_POINT ( 'NONE',  ( -18.35455173280924157, -12.00000000000000000, 37.15000000000000568 ) ) ;
#7474 = ORIENTED_EDGE ( 'NONE', *, *, #5746, .F. ) ;
#7475 = FACE_BOUND ( 'NONE', #8264, .T. ) ;
#7476 = CARTESIAN_POINT ( 'NONE',  ( 18.35455173280934815, 0.000000000000000000, 32.85000000000000142 ) ) ;
#7477 = ORIENTED_EDGE ( 'NONE', *, *, #7198, .F. ) ;
#7478 = VERTEX_POINT ( 'NONE', #9393 ) ;
#7479 = DIRECTION ( 'NONE',  ( -0.4999999999999995004, 0.000000000000000000, 0.8660254037844389297 ) ) ;
#7480 = ORIENTED_EDGE ( 'NONE', *, *, #2441, .F. ) ;
#7481 = FACE_BOUND ( 'NONE', #1097, .T. ) ;
#7482 = DIRECTION ( 'NONE',  ( 1.000000000000000000, 0.000000000000000000, -0.000000000000000000 ) ) ;
#7483 = CARTESIAN_POINT ( 'NONE',  ( -6.709103465619120854, -12.00000000000000000, 10.00000000000000711 ) ) ;
#7484 = ORIENTED_EDGE ( 'NONE', *, *, #3355, .T. ) ;
#7485 = FACE_OUTER_BOUND ( 'NONE', #2198, .T. ) ;
#7486 = CARTESIAN_POINT ( 'NONE',  ( 50.35455173280956132, 41.15544456622760805, -56.64544826719043868 ) ) ;
#7487 = ORIENTED_EDGE ( 'NONE', *, *, #2559, .T. ) ;
#7488 = PLANE ( 'NONE',  #1811 ) ;
#7489 = FACE_OUTER_BOUND ( 'NONE', #6999, .T. ) ;
#7490 = DIRECTION ( 'NONE',  ( 0.000000000000000000, 1.000000000000000000, 0.000000000000000000 ) ) ;
#7491 = LINE ( 'NONE', #3704, #4080 ) ;
#7492 = LINE ( 'NONE', #1505, #3154 ) ;
#7493 = ORIENTED_EDGE ( 'NONE', *, *, #361, .T. ) ;
#7494 = LINE ( 'NONE', #1307, #9457 ) ;
#7495 = ADVANCED_FACE ( 'NONE', ( #210 ), #4794, .T. ) ;
#7496 = EDGE_CURVE ( 'NONE', #7704, #3329, #1851, .T. ) ;
#7497 = EDGE_LOOP ( 'NONE', ( #624, #3460, #5476, #6454 ) ) ;
#7498 = EDGE_CURVE ( 'NONE', #5149, #2079, #2491, .T. ) ;
#7499 = CARTESIAN_POINT ( 'NONE',  ( -21.64544826719042447, 0.000000000000000000, 12.85000000000000675 ) ) ;
#7500 = DIRECTION ( 'NONE',  ( 0.000000000000000000, 1.000000000000000000, 0.000000000000000000 ) ) ;
#7501 = EDGE_LOOP ( 'NONE', ( #1995, #8231, #1224, #1525, #7882, #9338 ) ) ;
#7502 = VERTEX_POINT ( 'NONE', #4185 ) ;
#7503 = ADVANCED_FACE ( 'NONE', ( #7136 ), #7082, .T. ) ;
#7504 = DIRECTION ( 'NONE',  ( 0.000000000000000000, -1.000000000000000000, 0.000000000000000000 ) ) ;
#7505 = LINE ( 'NONE', #4468, #9298 ) ;
#7506 = DIRECTION ( 'NONE',  ( 0.000000000000000000, 1.000000000000000000, 0.000000000000000000 ) ) ;
#7507 = LINE ( 'NONE', #9675, #1023 ) ;
#7508 = EDGE_CURVE ( 'NONE', #8406, #7704, #2589, .T. ) ;
#7509 = ORIENTED_EDGE ( 'NONE', *, *, #694, .T. ) ;
#7510 = EDGE_CURVE ( 'NONE', #6399, #2638, #3300, .T. ) ;
#7511 = LINE ( 'NONE', #2225, #1155 ) ;
#7512 = ORIENTED_EDGE ( 'NONE', *, *, #1599, .F. ) ;
#7513 = EDGE_LOOP ( 'NONE', ( #6819, #4259, #3430, #7291 ) ) ;
#7514 = EDGE_CURVE ( 'NONE', #4747, #3299, #5630, .T. ) ;
#7515 = CARTESIAN_POINT ( 'NONE',  ( -51.64544826719043158, -12.00000000000000000, 7.150000000000007461 ) ) ;
#7516 = ORIENTED_EDGE ( 'NONE', *, *, #8168, .T. ) ;
#7517 = LINE ( 'NONE', #9683, #6980 ) ;
#7518 = CARTESIAN_POINT ( 'NONE',  ( 16.70910346561880999, -12.00000000000000000, 40.00000000000000000 ) ) ;
#7519 = ORIENTED_EDGE ( 'NONE', *, *, #3690, .F. ) ;
#7520 = CARTESIAN_POINT ( 'NONE',  ( -48.35455173280956132, -12.00000000000000000, 12.85000000000000675 ) ) ;
#7521 = ORIENTED_EDGE ( 'NONE', *, *, #3669, .F. ) ;
#7522 = DIRECTION ( 'NONE',  ( 0.5000000000000000000, 0.000000000000000000, -0.8660254037844385966 ) ) ;
#7523 = LINE ( 'NONE', #3090, #3405 ) ;
#7524 = VERTEX_POINT ( 'NONE', #2542 ) ;
#7525 = ORIENTED_EDGE ( 'NONE', *, *, #7028, .F. ) ;
#7526 = DIRECTION ( 'NONE',  ( -0.8660254037844391517, 0.000000000000000000, 0.4999999999999992784 ) ) ;
#7527 = EDGE_LOOP ( 'NONE', ( #7349, #3199, #1800, #8776 ) ) ;
#7528 = LINE ( 'NONE', #9650, #6572 ) ;
#7529 = PLANE ( 'NONE',  #906 ) ;
#7530 = LINE ( 'NONE', #706, #8693 ) ;
#7531 = ORIENTED_EDGE ( 'NONE', *, *, #3055, .T. ) ;
#7532 = DIRECTION ( 'NONE',  ( 0.5000000000000001110, 0.000000000000000000, -0.8660254037844385966 ) ) ;
#7533 = VECTOR ( 'NONE', #860, 1000.000000000000000 ) ;
#7534 = AXIS2_PLACEMENT_3D ( 'NONE', #5258, #3028, #5210 ) ;
#7535 = DIRECTION ( 'NONE',  ( -1.000000000000000000, -0.000000000000000000, -0.000000000000000000 ) ) ;
#7536 = ORIENTED_EDGE ( 'NONE', *, *, #2129, .T. ) ;
#7538 = ADVANCED_FACE ( 'NONE', ( #7786 ), #4892, .T. ) ;
#7537 = DIRECTION ( 'NONE',  ( 0.000000000000000000, 1.000000000000000000, 0.000000000000000000 ) ) ;
#7539 = CARTESIAN_POINT ( 'NONE',  ( -13.29089653438075835, -12.00000000000000000, 20.00000000000000355 ) ) ;
#7540 = VECTOR ( 'NONE', #4342, 1000.000000000000000 ) ;
#7541 = ORIENTED_EDGE ( 'NONE', *, *, #255, .F. ) ;
#7542 = VECTOR ( 'NONE', #4081, 1000.000000000000227 ) ;
#7543 = AXIS2_PLACEMENT_3D ( 'NONE', #7931, #2637, #6952 ) ;
#7544 = DIRECTION ( 'NONE',  ( -0.4999999999999992784, -0.000000000000000000, 0.8660254037844390407 ) ) ;
#7545 = LINE ( 'NONE', #8873, #9309 ) ;
#7546 = CARTESIAN_POINT ( 'NONE',  ( 58.35455173280956132, -12.00000000000000000, 7.150000000000007461 ) ) ;
#7547 = ORIENTED_EDGE ( 'NONE', *, *, #4029, .T. ) ;
#7548 = CARTESIAN_POINT ( 'NONE',  ( 16.70910346561901960, 0.000000000000000000, 20.00000000000000355 ) ) ;
#7549 = VECTOR ( 'NONE', #2640, 1000.000000000000227 ) ;
#7550 = VECTOR ( 'NONE', #5826, 999.9999999999998863 ) ;
#7551 = EDGE_LOOP ( 'NONE', ( #7406, #9525, #5414, #5712, #5947, #9156 ) ) ;
#7552 = FACE_OUTER_BOUND ( 'NONE', #3827, .T. ) ;
#7553 = LINE ( 'NONE', #8880, #1320 ) ;
#7554 = ORIENTED_EDGE ( 'NONE', *, *, #6458, .F. ) ;
#7555 = ORIENTED_EDGE ( 'NONE', *, *, #5858, .F. ) ;
#7556 = CARTESIAN_POINT ( 'NONE',  ( -21.64544826719042447, -12.00000000000000000, 12.85000000000000675 ) ) ;
#7557 = ADVANCED_FACE ( 'NONE', ( #4843 ), #1139, .T. ) ;
#7558 = EDGE_CURVE ( 'NONE', #5247, #3771, #7228, .T. ) ;
#7559 = DIRECTION ( 'NONE',  ( 0.5000000000000015543, 0.000000000000000000, -0.8660254037844377084 ) ) ;
#7560 = CARTESIAN_POINT ( 'NONE',  ( 6.709103465619122630, 0.000000000000000000, 10.00000000000000533 ) ) ;
#7561 = LINE ( 'NONE', #3071, #5321 ) ;
#7562 = ORIENTED_EDGE ( 'NONE', *, *, #6166, .F. ) ;
#7563 = LINE ( 'NONE', #735, #4181 ) ;
#7564 = ORIENTED_EDGE ( 'NONE', *, *, #9441, .T. ) ;
#7565 = AXIS2_PLACEMENT_3D ( 'NONE', #7633, #9289, #5325 ) ;
#7566 = DIRECTION ( 'NONE',  ( 0.000000000000000000, 0.000000000000000000, 1.000000000000000000 ) ) ;
#7567 = EDGE_CURVE ( 'NONE', #9526, #2937, #1051, .T. ) ;
#7568 = ORIENTED_EDGE ( 'NONE', *, *, #3965, .F. ) ;
#7569 = DIRECTION ( 'NONE',  ( 0.000000000000000000, 0.000000000000000000, 1.000000000000000000 ) ) ;
#7570 = EDGE_CURVE ( 'NONE', #8870, #2453, #309, .T. ) ;
#7571 = CARTESIAN_POINT ( 'NONE',  ( 43.29089653438087026, 0.000000000000000000, 0.000000000000000000 ) ) ;
#7572 = CARTESIAN_POINT ( 'NONE',  ( -60.35455173280956132, 30.15544456622761516, -48.64544826719049553 ) ) ;
#7573 = VECTOR ( 'NONE', #4866, 1000.000000000000000 ) ;
#7574 = ORIENTED_EDGE ( 'NONE', *, *, #2318, .T. ) ;
#7575 = UNCERTAINTY_MEASURE_WITH_UNIT (LENGTH_MEASURE( 1.000000000000000082E-05 ), #158, 'distance_accuracy_value', 'NONE');
#7576 = LINE ( 'NONE', #1679, #5380 ) ;
#7577 = FACE_OUTER_BOUND ( 'NONE', #4347, .T. ) ;
#7578 = VECTOR ( 'NONE', #4777, 1000.000000000000000 ) ;
#7579 = CARTESIAN_POINT ( 'NONE',  ( 60.35455173280956132, 10.00000000000000000, 0.000000000000000000 ) ) ;
#7580 = VERTEX_POINT ( 'NONE', #3393 ) ;
#7581 = LINE ( 'NONE', #6579, #7083 ) ;
#7582 = DIRECTION ( 'NONE',  ( 0.000000000000000000, 0.000000000000000000, 1.000000000000000000 ) ) ;
#7583 = EDGE_CURVE ( 'NONE', #2012, #2618, #6432, .T. ) ;
#7584 = VECTOR ( 'NONE', #7404, 1000.000000000000000 ) ;
#7585 = LINE ( 'NONE', #757, #9791 ) ;
#7586 = FACE_OUTER_BOUND ( 'NONE', #6603, .T. ) ;
#7587 = ORIENTED_EDGE ( 'NONE', *, *, #6814, .F. ) ;
#7588 = DIRECTION ( 'NONE',  ( -0.8660254037844391517, 0.000000000000000000, -0.4999999999999992784 ) ) ;
#7589 = VECTOR ( 'NONE', #5134, 1000.000000000000227 ) ;
#7590 = CARTESIAN_POINT ( 'NONE',  ( 18.35455173280955421, -12.00000000000000000, -2.850000000000000089 ) ) ;
#7591 = ORIENTED_EDGE ( 'NONE', *, *, #8115, .T. ) ;
#7592 = DIRECTION ( 'NONE',  ( 0.000000000000000000, 1.000000000000000000, 0.000000000000000000 ) ) ;
#7593 = CARTESIAN_POINT ( 'NONE',  ( 0.000000000000000000, -12.00000000000000000, 0.000000000000000000 ) ) ;
#7594 = EDGE_LOOP ( 'NONE', ( #6005, #1313, #6486, #7277 ) ) ;
#7595 = DIRECTION ( 'NONE',  ( 0.4999999999999997224, 0.000000000000000000, 0.8660254037844388186 ) ) ;
#7596 = LINE ( 'NONE', #1451, #7589 ) ;
#7597 = VECTOR ( 'NONE', #5382, 1000.000000000000000 ) ;
#7598 = LINE ( 'NONE', #3663, #7446 ) ;
#7599 = ORIENTED_EDGE ( 'NONE', *, *, #4870, .F. ) ;
#7600 =( LENGTH_UNIT ( ) NAMED_UNIT ( * ) SI_UNIT ( .MILLI., .METRE. ) );
#7601 = VECTOR ( 'NONE', #7670, 999.9999999999998863 ) ;
#7602 = ORIENTED_EDGE ( 'NONE', *, *, #1856, .T. ) ;
#7603 = AXIS2_PLACEMENT_3D ( 'NONE', #2452, #5487, #1056 ) ;
#7604 = VECTOR ( 'NONE', #2981, 1000.000000000000114 ) ;
#7605 = PLANE ( 'NONE',  #4105 ) ;
#7606 = CARTESIAN_POINT ( 'NONE',  ( 50.35455173280956132, 20.99999999999997868, -16.35455173280956487 ) ) ;
#7607 = ORIENTED_EDGE ( 'NONE', *, *, #5986, .T. ) ;
#7608 = PLANE ( 'NONE',  #7436 ) ;
#7609 = CARTESIAN_POINT ( 'NONE',  ( -6.709103465619120854, -12.00000000000000000, 10.00000000000000711 ) ) ;
#7610 = VECTOR ( 'NONE', #3117, 1000.000000000000000 ) ;
#7611 = CARTESIAN_POINT ( 'NONE',  ( -8.354551732809134990, -12.00000000000000000, 47.14999999999999858 ) ) ;
#7612 = VECTOR ( 'NONE', #7422, 1000.000000000000000 ) ;
#7613 = DIRECTION ( 'NONE',  ( -0.4999999999999990563, 0.000000000000000000, -0.8660254037844391517 ) ) ;
#7614 = DIRECTION ( 'NONE',  ( 0.8660254037844391517, 0.000000000000000000, -0.4999999999999990563 ) ) ;
#7615 = DIRECTION ( 'NONE',  ( 1.000000000000000000, -0.000000000000000000, 0.000000000000000000 ) ) ;
#7616 = EDGE_LOOP ( 'NONE', ( #3656, #767, #415, #483 ) ) ;
#7617 = VECTOR ( 'NONE', #4551, 1000.000000000000227 ) ;
#7618 = EDGE_CURVE ( 'NONE', #4709, #6799, #1186, .T. ) ;
#7619 = CARTESIAN_POINT ( 'NONE',  ( -31.64544826719043513, -12.00000000000000000, 2.849999999999998312 ) ) ;
#7620 = EDGE_LOOP ( 'NONE', ( #8563, #4118, #9584, #2929 ) ) ;
#7621 = PLANE ( 'NONE',  #2153 ) ;
#7622 = CARTESIAN_POINT ( 'NONE',  ( 11.64544826719011361, -12.00000000000000000, 37.15000000000000568 ) ) ;
#7623 = DIRECTION ( 'NONE',  ( -0.4999999999999992784, 0.000000000000000000, -0.8660254037844390407 ) ) ;
#7624 = EDGE_LOOP ( 'NONE', ( #3204, #7919, #8605, #6456, #4115, #3054 ) ) ;
#7625 = DIRECTION ( 'NONE',  ( -0.5000000000000001110, -0.000000000000000000, -0.8660254037844384856 ) ) ;
#7626 = EDGE_CURVE ( 'NONE', #4523, #3529, #8803, .T. ) ;
#7627 = CARTESIAN_POINT ( 'NONE',  ( -11.64544826719001236, 0.000000000000000000, 52.84999999999999432 ) ) ;
#7628 = EDGE_CURVE ( 'NONE', #2549, #1367, #5875, .T. ) ;
#7629 = EDGE_CURVE ( 'NONE', #1385, #111, #4235, .T. ) ;
#7630 = CARTESIAN_POINT ( 'NONE',  ( 21.64544826719042803, -12.00000000000000000, -2.850000000000000089 ) ) ;
#7631 = CARTESIAN_POINT ( 'NONE',  ( -60.35455173280956132, 14.99999999999997868, -16.35455173280956487 ) ) ;
#7632 = ORIENTED_EDGE ( 'NONE', *, *, #3359, .T. ) ;
#7633 = CARTESIAN_POINT ( 'NONE',  ( -11.64544826719021664, -12.00000000000000000, 32.85000000000000142 ) ) ;
#7634 = FACE_OUTER_BOUND ( 'NONE', #6363, .T. ) ;
#7635 = CARTESIAN_POINT ( 'NONE',  ( -11.64544826719043158, 0.000000000000000000, 2.849999999999998312 ) ) ;
#7636 = CARTESIAN_POINT ( 'NONE',  ( 18.35455173280956132, 0.000000000000000000, 52.85000000000000853 ) ) ;
#7637 = DIRECTION ( 'NONE',  ( 0.4999999999999992784, 0.000000000000000000, -0.8660254037844390407 ) ) ;
#7638 = ORIENTED_EDGE ( 'NONE', *, *, #6697, .F. ) ;
#7639 = CARTESIAN_POINT ( 'NONE',  ( 21.64544826719001236, -12.00000000000000000, 47.14999999999999858 ) ) ;
#7640 = EDGE_CURVE ( 'NONE', #9677, #9300, #600, .T. ) ;
#7641 = CARTESIAN_POINT ( 'NONE',  ( -6.709103465619016937, -12.00000000000000000, 20.00000000000000355 ) ) ;
#7642 = ORIENTED_EDGE ( 'NONE', *, *, #1516, .F. ) ;
#7643 = CARTESIAN_POINT ( 'NONE',  ( 51.64544826719043868, -12.00000000000000000, 2.849999999999998312 ) ) ;
#7644 = VERTEX_POINT ( 'NONE', #3502 ) ;
#7645 = DIRECTION ( 'NONE',  ( 0.4999999999999995004, 0.000000000000000000, -0.8660254037844389297 ) ) ;
#7646 = CARTESIAN_POINT ( 'NONE',  ( 18.35455173280955421, 0.000000000000000000, 7.150000000000007461 ) ) ;
#7647 = LINE ( 'NONE', #2095, #3942 ) ;
#7648 = ORIENTED_EDGE ( 'NONE', *, *, #7059, .F. ) ;
#7649 =( NAMED_UNIT ( * ) PLANE_ANGLE_UNIT ( ) SI_UNIT ( $, .RADIAN. ) );
#7650 = ORIENTED_EDGE ( 'NONE', *, *, #5972, .T. ) ;
#7651 = DIRECTION ( 'NONE',  ( 0.000000000000000000, 1.000000000000000000, 0.000000000000000000 ) ) ;
#7652 = CARTESIAN_POINT ( 'NONE',  ( 13.29089653438044571, -12.00000000000000000, 50.00000000000000000 ) ) ;
#7653 = CARTESIAN_POINT ( 'NONE',  ( -41.64544826719043158, -12.00000000000000000, 7.150000000000007461 ) ) ;
#7654 = PLANE ( 'NONE',  #6743 ) ;
#7655 = DIRECTION ( 'NONE',  ( 0.000000000000000000, 1.000000000000000000, 0.000000000000000000 ) ) ;
#7656 = LINE ( 'NONE', #1447, #5624 ) ;
#7657 = EDGE_LOOP ( 'NONE', ( #7487, #165, #7607, #9452, #4974 ) ) ;
#7658 = CARTESIAN_POINT ( 'NONE',  ( -60.35455173280956132, 33.15544456622761516, -51.64544826719048842 ) ) ;
#7659 = EDGE_LOOP ( 'NONE', ( #6717, #7632, #2076, #5529 ) ) ;
#7660 = DIRECTION ( 'NONE',  ( -0.5000000000000009992, 0.000000000000000000, 0.8660254037844380415 ) ) ;
#7661 = CARTESIAN_POINT ( 'NONE',  ( -18.35455173280955421, 0.000000000000000000, 7.150000000000007461 ) ) ;
#7662 = DIRECTION ( 'NONE',  ( -1.000000000000000000, -0.000000000000000000, -0.000000000000000000 ) ) ;
#7663 = EDGE_CURVE ( 'NONE', #1012, #3612, #8078, .T. ) ;
#7664 = VERTEX_POINT ( 'NONE', #6676 ) ;
#7665 = DIRECTION ( 'NONE',  ( -0.8660254037844377084, 0.000000000000000000, 0.5000000000000017764 ) ) ;
#7666 = CARTESIAN_POINT ( 'NONE',  ( 56.70910346561912974, -12.00000000000000000, 10.00000000000000711 ) ) ;
#7667 = CARTESIAN_POINT ( 'NONE',  ( 13.29089653438086316, -12.00000000000000000, 3.038187096183830448E-15 ) ) ;
#7668 = ORIENTED_EDGE ( 'NONE', *, *, #6570, .F. ) ;
#7669 = PRESENTATION_STYLE_ASSIGNMENT (( #1290 ) ) ;
#7670 = DIRECTION ( 'NONE',  ( 0.4999999999999999445, 0.000000000000000000, 0.8660254037844387076 ) ) ;
#7671 = DIRECTION ( 'NONE',  ( 0.000000000000000000, -0.000000000000000000, -1.000000000000000000 ) ) ;
#7672 = LINE ( 'NONE', #6874, #7109 ) ;
#7673 = EDGE_CURVE ( 'NONE', #8802, #7664, #4441, .T. ) ;
#7674 = CARTESIAN_POINT ( 'NONE',  ( -28.35455173280955421, -0.000000000000000000, -2.850000000000001865 ) ) ;
#7675 = ADVANCED_FACE ( 'NONE', ( #9600 ), #9693, .T. ) ;
#7676 = EDGE_CURVE ( 'NONE', #9476, #2918, #4983, .T. ) ;
#7677 = ORIENTED_EDGE ( 'NONE', *, *, #4262, .T. ) ;
#7678 = LINE ( 'NONE', #6932, #2103 ) ;
#7679 = DIRECTION ( 'NONE',  ( -0.5000000000000004441, 0.000000000000000000, 0.8660254037844383745 ) ) ;
#7680 = ORIENTED_EDGE ( 'NONE', *, *, #5917, .T. ) ;
#7681 = PLANE ( 'NONE',  #9187 ) ;
#7682 = ORIENTED_EDGE ( 'NONE', *, *, #8103, .T. ) ;
#7683 = DIRECTION ( 'NONE',  ( 0.000000000000000000, 1.000000000000000000, 0.000000000000000000 ) ) ;
#7684 = CARTESIAN_POINT ( 'NONE',  ( 51.64544826719043158, 0.000000000000000000, 12.85000000000000675 ) ) ;
#7685 = EDGE_CURVE ( 'NONE', #3612, #5149, #2885, .T. ) ;
#7686 = VECTOR ( 'NONE', #2051, 1000.000000000000000 ) ;
#7687 = LINE ( 'NONE', #1651, #1976 ) ;
#7688 = AXIS2_PLACEMENT_3D ( 'NONE', #2718, #1974, #8060 ) ;
#7689 = ADVANCED_FACE ( 'NONE', ( #5923 ), #1291, .F. ) ;
#7690 = ORIENTED_EDGE ( 'NONE', *, *, #3138, .T. ) ;
#7691 = ORIENTED_EDGE ( 'NONE', *, *, #8516, .T. ) ;
#7692 = LINE ( 'NONE', #6951, #2505 ) ;
#7693 = VECTOR ( 'NONE', #9552, 1000.000000000000000 ) ;
#7694 = CARTESIAN_POINT ( 'NONE',  ( -60.35455173280956132, 41.15544456622760805, -56.64544826719043868 ) ) ;
#7695 = VECTOR ( 'NONE', #9764, 1000.000000000000000 ) ;
#7696 = VERTEX_POINT ( 'NONE', #548 ) ;
#7697 = PLANE ( 'NONE',  #1366 ) ;
#7698 = EDGE_CURVE ( 'NONE', #7050, #7917, #7326, .T. ) ;
#7699 = DIRECTION ( 'NONE',  ( 0.000000000000000000, 1.000000000000000000, 0.000000000000000000 ) ) ;
#7700 = LINE ( 'NONE', #8442, #891 ) ;
#7701 = DIRECTION ( 'NONE',  ( 0.000000000000000000, 1.000000000000000000, 0.000000000000000000 ) ) ;
#7702 = AXIS2_PLACEMENT_3D ( 'NONE', #8515, #3103, #8329 ) ;
#7703 = VECTOR ( 'NONE', #4977, 1000.000000000000000 ) ;
#7704 = VERTEX_POINT ( 'NONE', #8122 ) ;
#7705 = ADVANCED_FACE ( 'NONE', ( #6628 ), #2136, .T. ) ;
#7706 = DIRECTION ( 'NONE',  ( -0.000000000000000000, -1.000000000000000000, -0.000000000000000000 ) ) ;
#7707 = ORIENTED_EDGE ( 'NONE', *, *, #9665, .T. ) ;
#7709 = DIRECTION ( 'NONE',  ( 0.5000000000000008882, -0.000000000000000000, -0.8660254037844381525 ) ) ;
#7708 = VECTOR ( 'NONE', #4250, 1000.000000000000000 ) ;
#7710 = CARTESIAN_POINT ( 'NONE',  ( -28.35455173280955421, -12.00000000000000000, 7.150000000000007461 ) ) ;
#7711 = VERTEX_POINT ( 'NONE', #2835 ) ;
#7712 = DIRECTION ( 'NONE',  ( 0.5000000000000008882, 0.000000000000000000, 0.8660254037844381525 ) ) ;
#7713 = EDGE_LOOP ( 'NONE', ( #1443, #3130, #6485, #4755, #4545, #2914 ) ) ;
#7714 = LINE ( 'NONE', #2380, #3941 ) ;
#7715 = ORIENTED_EDGE ( 'NONE', *, *, #5225, .F. ) ;
#7716 = EDGE_CURVE ( 'NONE', #5099, #6431, #5119, .T. ) ;
#7717 = DIRECTION ( 'NONE',  ( -1.000000000000000000, 0.000000000000000000, 0.000000000000000000 ) ) ;
#7718 = LINE ( 'NONE', #885, #8341 ) ;
#7719 = CARTESIAN_POINT ( 'NONE',  ( 21.64544826719011539, -12.00000000000000000, 37.15000000000000568 ) ) ;
#7720 = CARTESIAN_POINT ( 'NONE',  ( -60.35455173280956132, 17.99999999999997868, -48.64544826719049553 ) ) ;
#7721 = ORIENTED_EDGE ( 'NONE', *, *, #2738, .T. ) ;
#7722 = LINE ( 'NONE', #889, #6929 ) ;
#7723 = DIRECTION ( 'NONE',  ( 0.000000000000000000, 1.000000000000000000, -2.227185007473450017E-16 ) ) ;
#7724 = FACE_BOUND ( 'NONE', #1126, .T. ) ;
#7725 = LINE ( 'NONE', #3938, #4088 ) ;
#7726 = AXIS2_PLACEMENT_3D ( 'NONE', #1278, #489, #5909 ) ;
#7727 = DIRECTION ( 'NONE',  ( 0.000000000000000000, 0.000000000000000000, 1.000000000000000000 ) ) ;
#7728 = ORIENTED_EDGE ( 'NONE', *, *, #1407, .F. ) ;
#7729 = VECTOR ( 'NONE', #9782, 1000.000000000000227 ) ;
#7730 = VECTOR ( 'NONE', #5314, 1000.000000000000000 ) ;
#7731 = CARTESIAN_POINT ( 'NONE',  ( 53.29089653438087026, -12.00000000000000000, 3.038187096183830448E-15 ) ) ;
#7732 = ADVANCED_FACE ( 'NONE', ( #1341 ), #4386, .T. ) ;
#7733 = ORIENTED_EDGE ( 'NONE', *, *, #5367, .T. ) ;
#7734 = CARTESIAN_POINT ( 'NONE',  ( -16.70910346561901960, -12.00000000000000000, 20.00000000000000355 ) ) ;
#7735 = ADVANCED_FACE ( 'NONE', ( #650 ), #3692, .T. ) ;
#7736 = EDGE_LOOP ( 'NONE', ( #5715, #5371, #8174, #4765 ) ) ;
#7737 = ORIENTED_EDGE ( 'NONE', *, *, #6455, .F. ) ;
#7738 = PLANE ( 'NONE',  #4829 ) ;
#7739 = CARTESIAN_POINT ( 'NONE',  ( 38.35455173280954710, -0.000000000000000000, 12.85000000000000320 ) ) ;
#7740 = FACE_OUTER_BOUND ( 'NONE', #5040, .T. ) ;
#7741 = AXIS2_PLACEMENT_3D ( 'NONE', #1613, #1464, #7559 ) ;
#7742 = EDGE_LOOP ( 'NONE', ( #4187, #5747, #1619, #1146, #1881, #3923 ) ) ;
#7743 = CARTESIAN_POINT ( 'NONE',  ( 31.64544826719042803, -12.00000000000000000, 12.85000000000000675 ) ) ;
#7744 = EDGE_CURVE ( 'NONE', #4812, #8606, #6189, .T. ) ;
#7745 = ORIENTED_EDGE ( 'NONE', *, *, #2699, .F. ) ;
#7746 = EDGE_CURVE ( 'NONE', #7397, #3950, #1488, .T. ) ;
#7747 = DIRECTION ( 'NONE',  ( 0.4999999999999996669, -0.000000000000000000, 0.8660254037844388186 ) ) ;
#7748 = EDGE_CURVE ( 'NONE', #631, #3177, #3936, .T. ) ;
#7749 = FACE_OUTER_BOUND ( 'NONE', #2350, .T. ) ;
#7750 = ORIENTED_EDGE ( 'NONE', *, *, #1112, .T. ) ;
#7751 = EDGE_CURVE ( 'NONE', #3299, #4812, #6226, .T. ) ;
#7752 = AXIS2_PLACEMENT_3D ( 'NONE', #8486, #7843, #7043 ) ;
#7753 = FACE_OUTER_BOUND ( 'NONE', #2906, .T. ) ;
#7754 = VECTOR ( 'NONE', #8419, 1000.000000000000114 ) ;
#7755 = AXIS2_PLACEMENT_3D ( 'NONE', #3000, #3605, #6681 ) ;
#7756 = VECTOR ( 'NONE', #7969, 1000.000000000000000 ) ;
#7757 = ORIENTED_EDGE ( 'NONE', *, *, #4982, .F. ) ;
#7758 = DIRECTION ( 'NONE',  ( 0.000000000000000000, 0.000000000000000000, -1.000000000000000000 ) ) ;
#7759 = ORIENTED_EDGE ( 'NONE', *, *, #7092, .T. ) ;
#7760 = VECTOR ( 'NONE', #418, 1000.000000000000000 ) ;
#7761 = LINE ( 'NONE', #1573, #5169 ) ;
#7762 = VECTOR ( 'NONE', #9280, 1000.000000000000000 ) ;
#7763 = VECTOR ( 'NONE', #1283, 1000.000000000000000 ) ;
#7764 = ORIENTED_EDGE ( 'NONE', *, *, #2224, .F. ) ;
#7765 = DIRECTION ( 'NONE',  ( -1.000000000000000000, 0.000000000000000000, -0.000000000000000000 ) ) ;
#7766 = CARTESIAN_POINT ( 'NONE',  ( -51.64544826719043158, -12.00000000000000000, -2.850000000000000089 ) ) ;
#7767 = ORIENTED_EDGE ( 'NONE', *, *, #4653, .T. ) ;
#7768 = CARTESIAN_POINT ( 'NONE',  ( 43.29089653438087026, 0.000000000000000000, 3.038187096183830448E-15 ) ) ;
#7769 = VECTOR ( 'NONE', #8512, 1000.000000000000000 ) ;
#7770 = CARTESIAN_POINT ( 'NONE',  ( -23.29089653438086316, -12.00000000000000000, 10.00000000000000711 ) ) ;
#7771 = FACE_OUTER_BOUND ( 'NONE', #4749, .T. ) ;
#7772 = DIRECTION ( 'NONE',  ( -0.4999999999999989453, 0.000000000000000000, 0.8660254037844391517 ) ) ;
#7773 = DIRECTION ( 'NONE',  ( 0.8660254037844392627, 0.000000000000000000, -0.4999999999999990008 ) ) ;
#7774 = LINE ( 'NONE', #7122, #533 ) ;
#7775 = ORIENTED_EDGE ( 'NONE', *, *, #2366, .F. ) ;
#7776 = DIRECTION ( 'NONE',  ( -0.8660254037844389297, 0.000000000000000000, -0.4999999999999995004 ) ) ;
#7777 = CARTESIAN_POINT ( 'NONE',  ( -58.35455173280956132, -0.000000000000000000, 7.150000000000007461 ) ) ;
#7778 = VECTOR ( 'NONE', #4581, 1000.000000000000000 ) ;
#7779 = FACE_BOUND ( 'NONE', #2871, .T. ) ;
#7780 = LINE ( 'NONE', #4597, #2014 ) ;
#7781 = CARTESIAN_POINT ( 'NONE',  ( -6.709103465619120854, -12.00000000000000000, 10.00000000000000711 ) ) ;
#7782 = ORIENTED_EDGE ( 'NONE', *, *, #484, .F. ) ;
#7783 = CARTESIAN_POINT ( 'NONE',  ( -18.35455173280955421, -12.00000000000000000, -2.850000000000000089 ) ) ;
#7784 = ORIENTED_EDGE ( 'NONE', *, *, #4330, .T. ) ;
#7785 = ORIENTED_EDGE ( 'NONE', *, *, #4576, .T. ) ;
#7786 = FACE_OUTER_BOUND ( 'NONE', #34, .T. ) ;
#7787 = ORIENTED_EDGE ( 'NONE', *, *, #375, .T. ) ;
#7788 = ORIENTED_EDGE ( 'NONE', *, *, #2376, .T. ) ;
#7789 = DIRECTION ( 'NONE',  ( -0.5000000000000008882, -0.000000000000000000, -0.8660254037844381525 ) ) ;
#7790 = CARTESIAN_POINT ( 'NONE',  ( 50.35455173280956132, 10.00000000000000178, -56.64544826719043158 ) ) ;
#7791 = DIRECTION ( 'NONE',  ( 0.000000000000000000, 0.000000000000000000, 1.000000000000000000 ) ) ;
#7792 = ORIENTED_EDGE ( 'NONE', *, *, #6716, .T. ) ;
#7793 = DIRECTION ( 'NONE',  ( 0.000000000000000000, 1.000000000000000000, 0.000000000000000000 ) ) ;
#7794 = CARTESIAN_POINT ( 'NONE',  ( -36.70910346561912974, 0.000000000000000000, 0.000000000000000000 ) ) ;
#7795 = CARTESIAN_POINT ( 'NONE',  ( 8.354551732809238018, -12.00000000000000000, 37.15000000000000568 ) ) ;
#7796 = VERTEX_POINT ( 'NONE', #9099 ) ;
#7797 = CARTESIAN_POINT ( 'NONE',  ( 41.64544826719043158, -12.00000000000000000, -2.850000000000000089 ) ) ;
#7798 = EDGE_CURVE ( 'NONE', #2023, #7239, #841, .T. ) ;
#7799 = EDGE_CURVE ( 'NONE', #8128, #1576, #4593, .T. ) ;
#7800 = ADVANCED_FACE ( 'NONE', ( #4487 ), #3041, .F. ) ;
#7801 = ORIENTED_EDGE ( 'NONE', *, *, #8244, .F. ) ;
#7802 = CARTESIAN_POINT ( 'NONE',  ( 58.35455173280956842, 0.000000000000000000, -48.35455173280956842 ) ) ;
#7803 = FACE_OUTER_BOUND ( 'NONE', #8891, .T. ) ;
#7804 = ORIENTED_EDGE ( 'NONE', *, *, #3961, .F. ) ;
#7805 = DIRECTION ( 'NONE',  ( -1.000000000000000000, 0.000000000000000000, 0.000000000000000000 ) ) ;
#7806 = ORIENTED_EDGE ( 'NONE', *, *, #4317, .T. ) ;
#7807 = DIRECTION ( 'NONE',  ( 0.4999999999999997224, 0.000000000000000000, 0.8660254037844388186 ) ) ;
#7808 = EDGE_CURVE ( 'NONE', #9304, #5911, #6033, .T. ) ;
#7809 = ORIENTED_EDGE ( 'NONE', *, *, #6957, .F. ) ;
#7810 = PLANE ( 'NONE',  #3469 ) ;
#7811 = ADVANCED_FACE ( 'NONE', ( #7634 ), #5273, .T. ) ;
#7812 = ORIENTED_EDGE ( 'NONE', *, *, #5807, .F. ) ;
#7813 = CARTESIAN_POINT ( 'NONE',  ( 21.64544826719001236, -12.00000000000000000, 47.14999999999999858 ) ) ;
#7814 = ORIENTED_EDGE ( 'NONE', *, *, #3438, .F. ) ;
#7815 = DIRECTION ( 'NONE',  ( -0.4999999999999990563, 0.000000000000000000, 0.8660254037844391517 ) ) ;
#7816 = CARTESIAN_POINT ( 'NONE',  ( -41.64544826719043868, -12.00000000000000000, 2.849999999999998312 ) ) ;
#7817 = ORIENTED_EDGE ( 'NONE', *, *, #4000, .T. ) ;
#7818 = CARTESIAN_POINT ( 'NONE',  ( -11.64544826719042447, -12.00000000000000000, 7.150000000000007461 ) ) ;
#7819 = EDGE_LOOP ( 'NONE', ( #4108, #4310, #7531, #5864 ) ) ;
#7820 = FACE_OUTER_BOUND ( 'NONE', #27, .T. ) ;
#7821 = PLANE ( 'NONE',  #6481 ) ;
#7822 = FACE_BOUND ( 'NONE', #3689, .T. ) ;
#7823 = LINE ( 'NONE', #1932, #8230 ) ;
#7824 = EDGE_CURVE ( 'NONE', #9649, #3264, #9475, .T. ) ;
#7825 = DIRECTION ( 'NONE',  ( -1.734723475976807094E-16, -0.000000000000000000, -1.000000000000000000 ) ) ;
#7826 = ORIENTED_EDGE ( 'NONE', *, *, #6180, .T. ) ;
#7827 = LINE ( 'NONE', #2488, #5700 ) ;
#7828 = ORIENTED_EDGE ( 'NONE', *, *, #5684, .F. ) ;
#7829 = ORIENTED_EDGE ( 'NONE', *, *, #6401, .F. ) ;
#7830 = CARTESIAN_POINT ( 'NONE',  ( 28.35455173280955421, -12.00000000000000000, -2.850000000000000089 ) ) ;
#7831 = ORIENTED_EDGE ( 'NONE', *, *, #7748, .T. ) ;
#7832 = VERTEX_POINT ( 'NONE', #8269 ) ;
#7833 = CARTESIAN_POINT ( 'NONE',  ( 48.35455173280956132, 0.000000000000000000, -2.850000000000000089 ) ) ;
#7834 = LINE ( 'NONE', #9167, #9633 ) ;
#7835 = CARTESIAN_POINT ( 'NONE',  ( -23.29089653438086316, -12.00000000000000000, 3.038187096183830448E-15 ) ) ;
#7836 = ORIENTED_EDGE ( 'NONE', *, *, #632, .T. ) ;
#7837 = CARTESIAN_POINT ( 'NONE',  ( -11.64544826719032145, -12.00000000000000000, 22.85000000000000497 ) ) ;
#7838 = ADVANCED_FACE ( 'NONE', ( #5326 ), #890, .F. ) ;
#7839 = PLANE ( 'NONE',  #6806 ) ;
#7840 = ORIENTED_EDGE ( 'NONE', *, *, #8440, .T. ) ;
#7842 = EDGE_CURVE ( 'NONE', #1830, #7226, #1067, .T. ) ;
#7841 = VECTOR ( 'NONE', #4473, 1000.000000000000114 ) ;
#7843 = DIRECTION ( 'NONE',  ( 0.8660254037844381525, -0.000000000000000000, 0.5000000000000008882 ) ) ;
#7844 = VECTOR ( 'NONE', #5426, 1000.000000000000000 ) ;
#7845 = CIRCLE ( 'NONE', #2110, 2.999999999999995559 ) ;
#7846 = FACE_OUTER_BOUND ( 'NONE', #1316, .T. ) ;
#7847 = VECTOR ( 'NONE', #5207, 1000.000000000000000 ) ;
#7848 = PLANE ( 'NONE',  #8007 ) ;
#7849 = ORIENTED_EDGE ( 'NONE', *, *, #2867, .F. ) ;
#7850 = ADVANCED_FACE ( 'NONE', ( #159 ), #6926, .T. ) ;
#7851 = EDGE_CURVE ( 'NONE', #8606, #3248, #6832, .T. ) ;
#7852 = ADVANCED_FACE ( 'NONE', ( #3195 ), #1437, .T. ) ;
#7853 = VECTOR ( 'NONE', #6113, 1000.000000000000000 ) ;
#7854 = EDGE_LOOP ( 'NONE', ( #8937, #6556, #8757, #2900 ) ) ;
#7855 = VECTOR ( 'NONE', #5777, 1000.000000000000000 ) ;
#7856 = CARTESIAN_POINT ( 'NONE',  ( -23.29089653438086316, -12.00000000000000000, 20.00000000000000355 ) ) ;
#7857 = EDGE_LOOP ( 'NONE', ( #2563, #5124, #1140, #7932 ) ) ;
#7858 = DIRECTION ( 'NONE',  ( -0.8660254037844383745, 0.000000000000000000, -0.5000000000000004441 ) ) ;
#7859 = DIRECTION ( 'NONE',  ( -0.8660254037844381525, 0.000000000000000000, -0.5000000000000008882 ) ) ;
#7860 = ORIENTED_EDGE ( 'NONE', *, *, #3146, .T. ) ;
#7861 = CARTESIAN_POINT ( 'NONE',  ( -11.64544826719011361, -0.000000000000000000, 37.15000000000000568 ) ) ;
#7862 = VECTOR ( 'NONE', #4939, 1000.000000000000000 ) ;
#7863 = DIRECTION ( 'NONE',  ( 0.8660254037844928865, -0.000000000000000000, 0.4999999999999060751 ) ) ;
#7864 = VECTOR ( 'NONE', #6923, 1000.000000000000114 ) ;
#7865 = EDGE_CURVE ( 'NONE', #2638, #8268, #5379, .T. ) ;
#7866 = EDGE_LOOP ( 'NONE', ( #7680, #3652, #5011, #6288 ) ) ;
#7867 = CARTESIAN_POINT ( 'NONE',  ( 58.35455173280956132, 10.00000000000000000, -8.354551732809563092 ) ) ;
#7868 = ORIENTED_EDGE ( 'NONE', *, *, #3690, .T. ) ;
#7869 = DIRECTION ( 'NONE',  ( 0.000000000000000000, 0.000000000000000000, -1.000000000000000000 ) ) ;
#7870 = CARTESIAN_POINT ( 'NONE',  ( 8.354551732809342823, -12.00000000000000000, 27.15000000000000568 ) ) ;
#7871 = ADVANCED_FACE ( 'NONE', ( #1585 ), #2189, .T. ) ;
#7872 = DIRECTION ( 'NONE',  ( 0.000000000000000000, 1.000000000000000000, 0.000000000000000000 ) ) ;
#7873 = CARTESIAN_POINT ( 'NONE',  ( 60.35455173280956132, 33.15544456622761516, -16.35455173280956487 ) ) ;
#7874 = PLANE ( 'NONE',  #4578 ) ;
#7875 = AXIS2_PLACEMENT_3D ( 'NONE', #3898, #3109, #862 ) ;
#7876 = EDGE_LOOP ( 'NONE', ( #6536, #2039, #8267, #3015 ) ) ;
#7877 = ORIENTED_EDGE ( 'NONE', *, *, #6400, .F. ) ;
#7878 = VERTEX_POINT ( 'NONE', #8699 ) ;
#7879 = CARTESIAN_POINT ( 'NONE',  ( -21.64544826719021842, -12.00000000000000000, 27.15000000000000568 ) ) ;
#7880 = AXIS2_PLACEMENT_3D ( 'NONE', #6871, #9098, #4592 ) ;
#7881 = ORIENTED_EDGE ( 'NONE', *, *, #7400, .T. ) ;
#7882 = ORIENTED_EDGE ( 'NONE', *, *, #4931, .T. ) ;
#7883 = LINE ( 'NONE', #3548, #8945 ) ;
#7884 = LINE ( 'NONE', #2735, #3618 ) ;
#7885 = EDGE_CURVE ( 'NONE', #2069, #3168, #7169, .T. ) ;
#7886 = CARTESIAN_POINT ( 'NONE',  ( 23.29089653438045460, 0.000000000000000000, 50.00000000000000000 ) ) ;
#7887 = LINE ( 'NONE', #1057, #3128 ) ;
#7888 = VERTEX_POINT ( 'NONE', #4833 ) ;
#7889 = AXIS2_PLACEMENT_3D ( 'NONE', #1414, #4459, #665 ) ;
#7890 = PLANE ( 'NONE',  #5006 ) ;
#7891 = VECTOR ( 'NONE', #9423, 1000.000000000000114 ) ;
#7892 = ORIENTED_EDGE ( 'NONE', *, *, #2398, .F. ) ;
#7893 = FACE_OUTER_BOUND ( 'NONE', #5447, .T. ) ;
#7894 = ORIENTED_EDGE ( 'NONE', *, *, #4276, .F. ) ;
#7895 = VECTOR ( 'NONE', #4809, 1000.000000000000000 ) ;
#7896 = DIRECTION ( 'NONE',  ( 1.000000000000000000, -0.000000000000000000, 1.317819823453642871E-16 ) ) ;
#7897 = DIRECTION ( 'NONE',  ( -1.000000000000000000, 0.000000000000000000, 0.000000000000000000 ) ) ;
#7898 = VECTOR ( 'NONE', #2367, 1000.000000000000000 ) ;
#7899 = ORIENTED_EDGE ( 'NONE', *, *, #6584, .T. ) ;
#7900 = VECTOR ( 'NONE', #171, 999.9999999999998863 ) ;
#7901 = CARTESIAN_POINT ( 'NONE',  ( 8.354551732809447628, -12.00000000000000000, 17.15000000000000568 ) ) ;
#7902 = EDGE_LOOP ( 'NONE', ( #969, #596, #2514, #5324 ) ) ;
#7903 = VERTEX_POINT ( 'NONE', #6421 ) ;
#7904 = EDGE_LOOP ( 'NONE', ( #6547, #7764, #8861, #953 ) ) ;
#7905 = CARTESIAN_POINT ( 'NONE',  ( 31.64544826719043513, -12.00000000000000000, 2.849999999999998312 ) ) ;
#7906 = VECTOR ( 'NONE', #1041, 1000.000000000000000 ) ;
#7907 = ORIENTED_EDGE ( 'NONE', *, *, #2495, .T. ) ;
#7908 = LINE ( 'NONE', #4268, #3785 ) ;
#7909 = ORIENTED_EDGE ( 'NONE', *, *, #7999, .T. ) ;
#7910 = ADVANCED_FACE ( 'NONE', ( #1038 ), #2626, .T. ) ;
#7911 = EDGE_LOOP ( 'NONE', ( #8282, #7282, #7868, #4603 ) ) ;
#7912 = AXIS2_PLACEMENT_3D ( 'NONE', #6470, #9495, #8016 ) ;
#7913 = CARTESIAN_POINT ( 'NONE',  ( 31.64544826719042803, -12.00000000000000000, -2.850000000000000089 ) ) ;
#7914 = CARTESIAN_POINT ( 'NONE',  ( 6.709103465618912132, -12.00000000000000000, 30.00000000000000711 ) ) ;
#7915 = VECTOR ( 'NONE', #1400, 1000.000000000000000 ) ;
#7916 = VECTOR ( 'NONE', #424, 1000.000000000000000 ) ;
#7917 = VERTEX_POINT ( 'NONE', #396 ) ;
#7918 = DIRECTION ( 'NONE',  ( 1.000000000000000000, -0.000000000000000000, -0.000000000000000000 ) ) ;
#7919 = ORIENTED_EDGE ( 'NONE', *, *, #8992, .F. ) ;
#7920 = CARTESIAN_POINT ( 'NONE',  ( -28.35455173280955421, -12.00000000000000000, -2.850000000000000089 ) ) ;
#7921 = CARTESIAN_POINT ( 'NONE',  ( -8.354551732809550657, 0.000000000000000000, -2.850000000000000089 ) ) ;
#7922 = CARTESIAN_POINT ( 'NONE',  ( 61.64544826719043868, -12.00000000000000000, 2.849999999999998312 ) ) ;
#7923 = DIRECTION ( 'NONE',  ( -0.000000000000000000, -0.000000000000000000, 1.000000000000000000 ) ) ;
#7924 = VECTOR ( 'NONE', #9763, 1000.000000000000114 ) ;
#7925 = CARTESIAN_POINT ( 'NONE',  ( 0.000000000000000000, -12.00000000000000000, 0.000000000000000000 ) ) ;
#7926 = EDGE_CURVE ( 'NONE', #9243, #9092, #3380, .T. ) ;
#7927 = ORIENTED_EDGE ( 'NONE', *, *, #9718, .T. ) ;
#7928 = ADVANCED_FACE ( 'NONE', ( #5522 ), #1129, .T. ) ;
#7929 = ADVANCED_FACE ( 'NONE', ( #3338 ), #1686, .T. ) ;
#7930 = VECTOR ( 'NONE', #2948, 1000.000000000000000 ) ;
#7931 = CARTESIAN_POINT ( 'NONE',  ( -23.29089653438086316, -12.00000000000000000, 20.00000000000000355 ) ) ;
#7932 = ORIENTED_EDGE ( 'NONE', *, *, #6117, .F. ) ;
#7933 = ORIENTED_EDGE ( 'NONE', *, *, #3740, .F. ) ;
#7934 = DIRECTION ( 'NONE',  ( 0.000000000000000000, 0.000000000000000000, 1.000000000000000000 ) ) ;
#7935 = VERTEX_POINT ( 'NONE', #8555 ) ;
#7936 = ORIENTED_EDGE ( 'NONE', *, *, #5783, .F. ) ;
#7937 = LINE ( 'NONE', #315, #8324 ) ;
#7938 = DIRECTION ( 'NONE',  ( -1.000000000000000000, 0.000000000000000000, -0.000000000000000000 ) ) ;
#7939 = CARTESIAN_POINT ( 'NONE',  ( 60.35455173280956132, 36.15544456622760805, -16.35455173280956487 ) ) ;
#7940 = EDGE_CURVE ( 'NONE', #8430, #3029, #7072, .T. ) ;
#7941 = EDGE_LOOP ( 'NONE', ( #9143, #5348, #7085, #7455, #4676, #5999 ) ) ;
#7942 = DIRECTION ( 'NONE',  ( 0.000000000000000000, 2.227185007473450511E-16, 1.000000000000000000 ) ) ;
#7943 = EDGE_CURVE ( 'NONE', #5108, #5211, #7216, .T. ) ;
#7944 = CARTESIAN_POINT ( 'NONE',  ( -58.35455173280956132, 10.00000000000000000, -8.354551732809563092 ) ) ;
#7945 = VERTEX_POINT ( 'NONE', #7777 ) ;
#7946 = CARTESIAN_POINT ( 'NONE',  ( 28.35455173280955421, 10.00000000000000000, 18.35455173280956842 ) ) ;
#7947 = CARTESIAN_POINT ( 'NONE',  ( 11.64544826719042447, -12.00000000000000000, 7.150000000000007461 ) ) ;
#7948 = PLANE ( 'NONE',  #2501 ) ;
#7949 = VERTEX_POINT ( 'NONE', #5470 ) ;
#7950 = LINE ( 'NONE', #1916, #6259 ) ;
#7951 = ORIENTED_EDGE ( 'NONE', *, *, #5109, .F. ) ;
#7952 = ORIENTED_EDGE ( 'NONE', *, *, #5225, .T. ) ;
#7953 = EDGE_LOOP ( 'NONE', ( #5153, #3344, #1556, #3821 ) ) ;
#7954 = DIRECTION ( 'NONE',  ( -0.000000000000000000, -1.000000000000000000, -0.000000000000000000 ) ) ;
#7955 = ORIENTED_EDGE ( 'NONE', *, *, #1530, .T. ) ;
#7956 = ADVANCED_FACE ( 'NONE', ( #8505 ), #1839, .T. ) ;
#7957 = FACE_OUTER_BOUND ( 'NONE', #575, .T. ) ;
#7958 = VERTEX_POINT ( 'NONE', #250 ) ;
#7959 = LINE ( 'NONE', #1831, #9625 ) ;
#7960 = LINE ( 'NONE', #9284, #2493 ) ;
#7961 = DIRECTION ( 'NONE',  ( -0.000000000000000000, -1.000000000000000000, -0.000000000000000000 ) ) ;
#7962 = ORIENTED_EDGE ( 'NONE', *, *, #8407, .F. ) ;
#7963 = DIRECTION ( 'NONE',  ( 0.000000000000000000, 1.000000000000000000, -0.000000000000000000 ) ) ;
#7964 = VERTEX_POINT ( 'NONE', #7022 ) ;
#7965 = CARTESIAN_POINT ( 'NONE',  ( -43.29089653438087026, -12.00000000000000000, 3.038187096183830448E-15 ) ) ;
#7966 = CARTESIAN_POINT ( 'NONE',  ( 11.64544826719021664, -12.00000000000000000, 27.15000000000000568 ) ) ;
#7967 = DIRECTION ( 'NONE',  ( 0.000000000000000000, -0.000000000000000000, 1.000000000000000000 ) ) ;
#7968 = PLANE ( 'NONE',  #1168 ) ;
#7969 = DIRECTION ( 'NONE',  ( 0.000000000000000000, 1.000000000000000000, 0.000000000000000000 ) ) ;
#7970 = ORIENTED_EDGE ( 'NONE', *, *, #8720, .T. ) ;
#7971 = DIRECTION ( 'NONE',  ( -1.000000000000000000, 0.000000000000000000, 0.000000000000000000 ) ) ;
#7972 = ORIENTED_EDGE ( 'NONE', *, *, #4514, .T. ) ;
#7973 = CARTESIAN_POINT ( 'NONE',  ( 0.000000000000000000, -12.00000000000000000, 0.000000000000000000 ) ) ;
#7974 = FACE_OUTER_BOUND ( 'NONE', #286, .T. ) ;
#7975 = ORIENTED_EDGE ( 'NONE', *, *, #5743, .T. ) ;
#7976 = ORIENTED_EDGE ( 'NONE', *, *, #257, .F. ) ;
#7977 = CARTESIAN_POINT ( 'NONE',  ( 8.354551732809134990, -12.00000000000000000, 47.14999999999999858 ) ) ;
#7978 = EDGE_CURVE ( 'NONE', #8089, #4044, #9385, .T. ) ;
#7979 = ORIENTED_EDGE ( 'NONE', *, *, #7744, .F. ) ;
#7980 = ADVANCED_FACE ( 'NONE', ( #4786 ), #1087, .T. ) ;
#7981 = EDGE_LOOP ( 'NONE', ( #770, #8917, #6009, #8354, #6433, #6658 ) ) ;
#7982 = ADVANCED_FACE ( 'NONE', ( #302 ), #7821, .T. ) ;
#7983 = CARTESIAN_POINT ( 'NONE',  ( -8.354551732809342823, 0.000000000000000000, 32.85000000000000142 ) ) ;
#7984 = PLANE ( 'NONE',  #3623 ) ;
#7985 = CARTESIAN_POINT ( 'NONE',  ( -21.64544826719042447, -12.00000000000000000, 52.85000000000000853 ) ) ;
#7986 = ORIENTED_EDGE ( 'NONE', *, *, #9555, .F. ) ;
#7987 = DIRECTION ( 'NONE',  ( 0.4999999999999992784, 0.000000000000000000, -0.8660254037844390407 ) ) ;
#7988 = EDGE_CURVE ( 'NONE', #3865, #1367, #2532, .T. ) ;
#7989 = LINE ( 'NONE', #3458, #132 ) ;
#7990 = ORIENTED_EDGE ( 'NONE', *, *, #4601, .T. ) ;
#7991 = CARTESIAN_POINT ( 'NONE',  ( -23.29089653438044749, -12.00000000000000000, 50.00000000000000000 ) ) ;
#7992 = ADVANCED_FACE ( 'NONE', ( #1788 ), #2578, .T. ) ;
#7993 = LINE ( 'NONE', #3565, #3886 ) ;
#7994 = LINE ( 'NONE', #4303, #7102 ) ;
#7995 = CARTESIAN_POINT ( 'NONE',  ( 60.35455173280956132, 41.15544456622760805, 18.35455173280956132 ) ) ;
#7996 = ORIENTED_EDGE ( 'NONE', *, *, #4265, .F. ) ;
#7997 = CARTESIAN_POINT ( 'NONE',  ( 21.64544826719011184, -12.00000000000000000, 42.85000000000000142 ) ) ;
#7998 = ORIENTED_EDGE ( 'NONE', *, *, #6917, .F. ) ;
#7999 = EDGE_CURVE ( 'NONE', #3639, #6651, #4879, .T. ) ;
#8000 = ORIENTED_EDGE ( 'NONE', *, *, #2551, .F. ) ;
#8001 = ADVANCED_FACE ( 'NONE', ( #1279 ), #7608, .T. ) ;
#8002 = VERTEX_POINT ( 'NONE', #2263 ) ;
#8003 = FACE_OUTER_BOUND ( 'NONE', #6284, .T. ) ;
#8004 = VECTOR ( 'NONE', #4302, 1000.000000000000000 ) ;
#8005 = EDGE_CURVE ( 'NONE', #4211, #1708, #3585, .T. ) ;
#8006 = CARTESIAN_POINT ( 'NONE',  ( -61.64544826719043158, -12.00000000000000000, -2.850000000000000089 ) ) ;
#8007 = AXIS2_PLACEMENT_3D ( 'NONE', #1571, #4768, #4716 ) ;
#8008 = ORIENTED_EDGE ( 'NONE', *, *, #3364, .T. ) ;
#8009 = FACE_OUTER_BOUND ( 'NONE', #4442, .T. ) ;
#8010 = PLANE ( 'NONE',  #280 ) ;
#8011 = CARTESIAN_POINT ( 'NONE',  ( -8.354551732809134990, 0.000000000000000000, 52.85000000000000142 ) ) ;
#8012 = ORIENTED_EDGE ( 'NONE', *, *, #4318, .T. ) ;
#8013 = VECTOR ( 'NONE', #5992, 999.9999999999998863 ) ;
#8015 = LINE ( 'NONE', #9535, #1508 ) ;
#8014 = VECTOR ( 'NONE', #6058, 1000.000000000000000 ) ;
#8016 = DIRECTION ( 'NONE',  ( -0.4999999999999990563, 0.000000000000000000, -0.8660254037844391517 ) ) ;
#8017 = PLANE ( 'NONE',  #5541 ) ;
#8018 = DIRECTION ( 'NONE',  ( -1.317819823453642871E-16, 0.000000000000000000, 1.000000000000000000 ) ) ;
#8019 = CARTESIAN_POINT ( 'NONE',  ( 18.35455173280945118, -12.00000000000000000, 22.85000000000000497 ) ) ;
#8020 = ORIENTED_EDGE ( 'NONE', *, *, #4029, .F. ) ;
#8021 = LINE ( 'NONE', #4973, #768 ) ;
#8022 = EDGE_CURVE ( 'NONE', #8491, #5441, #1329, .T. ) ;
#8023 = VERTEX_POINT ( 'NONE', #2823 ) ;
#8024 = VECTOR ( 'NONE', #6686, 1000.000000000000000 ) ;
#8025 = VECTOR ( 'NONE', #5683, 1000.000000000000000 ) ;
#8026 = LINE ( 'NONE', #6534, #9735 ) ;
#8027 = VERTEX_POINT ( 'NONE', #8893 ) ;
#8028 = ORIENTED_EDGE ( 'NONE', *, *, #2558, .T. ) ;
#8029 = CARTESIAN_POINT ( 'NONE',  ( 50.35455173280956132, 10.00000000000000178, -56.64544826719043158 ) ) ;
#8030 = ORIENTED_EDGE ( 'NONE', *, *, #9474, .T. ) ;
#8031 = ORIENTED_EDGE ( 'NONE', *, *, #2492, .T. ) ;
#8032 = LINE ( 'NONE', #1992, #9734 ) ;
#8033 = CARTESIAN_POINT ( 'NONE',  ( 13.29089653438086316, 0.000000000000000000, 3.038187096183830448E-15 ) ) ;
#8034 = DIRECTION ( 'NONE',  ( 0.000000000000000000, 0.000000000000000000, 1.000000000000000000 ) ) ;
#8035 = VECTOR ( 'NONE', #2268, 1000.000000000000000 ) ;
#8036 = ORIENTED_EDGE ( 'NONE', *, *, #1455, .F. ) ;
#8037 = LINE ( 'NONE', #1997, #7540 ) ;
#8038 = EDGE_CURVE ( 'NONE', #9263, #5884, #5299, .T. ) ;
#8039 = LINE ( 'NONE', #469, #3313 ) ;
#8040 = ORIENTED_EDGE ( 'NONE', *, *, #7028, .T. ) ;
#8041 = CARTESIAN_POINT ( 'NONE',  ( 33.29089653438086316, 0.000000000000000000, 10.00000000000000711 ) ) ;
#8042 = CARTESIAN_POINT ( 'NONE',  ( 58.35455173280956132, 0.000000000000000000, 7.150000000000007461 ) ) ;
#8043 = CARTESIAN_POINT ( 'NONE',  ( -8.354551732809550657, -12.00000000000000000, 12.85000000000000675 ) ) ;
#8044 = FACE_OUTER_BOUND ( 'NONE', #5857, .T. ) ;
#8045 = AXIS2_PLACEMENT_3D ( 'NONE', #3180, #3968, #9087 ) ;
#8046 = ADVANCED_FACE ( 'NONE', ( #4969 ), #781, .T. ) ;
#8047 = ORIENTED_EDGE ( 'NONE', *, *, #3836, .T. ) ;
#8048 = ADVANCED_FACE ( 'NONE', ( #4223 ), #3489, .T. ) ;
#8049 = ADVANCED_FACE ( 'NONE', ( #5021 ), #6474, .T. ) ;
#8050 =( GEOMETRIC_REPRESENTATION_CONTEXT ( 3 ) GLOBAL_UNCERTAINTY_ASSIGNED_CONTEXT ( ( #3554 ) ) GLOBAL_UNIT_ASSIGNED_CONTEXT ( ( #7600, #7649, #3852 ) ) REPRESENTATION_CONTEXT ( 'NONE', 'WORKASPACE' ) );
#8051 = DIRECTION ( 'NONE',  ( -0.5000000000000009992, -0.000000000000000000, -0.8660254037844380415 ) ) ;
#8052 = VERTEX_POINT ( 'NONE', #9336 ) ;
#8053 = AXIS2_PLACEMENT_3D ( 'NONE', #6406, #4773, #7807 ) ;
#8054 = ORIENTED_EDGE ( 'NONE', *, *, #5837, .T. ) ;
#8055 = PLANE ( 'NONE',  #6301 ) ;
#8056 = CARTESIAN_POINT ( 'NONE',  ( -26.70910346561912618, -12.00000000000000000, 1.294402214996931218E-15 ) ) ;
#8057 = EDGE_CURVE ( 'NONE', #7115, #6285, #6368, .T. ) ;
#8058 = VECTOR ( 'NONE', #1558, 1000.000000000000000 ) ;
#8059 = EDGE_LOOP ( 'NONE', ( #6016, #66, #7602, #3085 ) ) ;
#8060 = DIRECTION ( 'NONE',  ( 0.000000000000000000, 0.000000000000000000, 1.000000000000000000 ) ) ;
#8061 = VERTEX_POINT ( 'NONE', #1031 ) ;
#8062 = VERTEX_POINT ( 'NONE', #1174 ) ;
#8063 = FACE_OUTER_BOUND ( 'NONE', #9658, .T. ) ;
#8064 = VECTOR ( 'NONE', #689, 1000.000000000000114 ) ;
#8065 = PLANE ( 'NONE',  #4754 ) ;
#8066 = CARTESIAN_POINT ( 'NONE',  ( 23.29089653438065710, -12.00000000000000000, 30.00000000000000711 ) ) ;
#8067 = CARTESIAN_POINT ( 'NONE',  ( -16.70910346561880999, 0.000000000000000000, 40.00000000000000000 ) ) ;
#8068 = VERTEX_POINT ( 'NONE', #7861 ) ;
#8069 = DIRECTION ( 'NONE',  ( 0.000000000000000000, 1.000000000000000000, 0.000000000000000000 ) ) ;
#8070 = ORIENTED_EDGE ( 'NONE', *, *, #6692, .T. ) ;
#8071 = AXIS2_PLACEMENT_3D ( 'NONE', #8951, #1393, #7479 ) ;
#8072 = VECTOR ( 'NONE', #4639, 999.9999999999998863 ) ;
#8073 = AXIS2_PLACEMENT_3D ( 'NONE', #7342, #1914, #4354 ) ;
#8074 = FACE_OUTER_BOUND ( 'NONE', #3668, .T. ) ;
#8075 = DIRECTION ( 'NONE',  ( -0.4999999999999995004, 0.000000000000000000, -0.8660254037844389297 ) ) ;
#8076 = VERTEX_POINT ( 'NONE', #1924 ) ;
#8077 = ORIENTED_EDGE ( 'NONE', *, *, #347, .T. ) ;
#8078 = LINE ( 'NONE', #3651, #1216 ) ;
#8079 = VECTOR ( 'NONE', #8528, 1000.000000000000000 ) ;
#8080 = EDGE_LOOP ( 'NONE', ( #3251, #2984, #4460, #4599 ) ) ;
#8081 = AXIS2_PLACEMENT_3D ( 'NONE', #8006, #7858, #5758 ) ;
#8082 = CARTESIAN_POINT ( 'NONE',  ( -8.354551732809134990, -12.00000000000000000, 52.85000000000000142 ) ) ;
#8083 = DIRECTION ( 'NONE',  ( -1.000000000000000000, -0.000000000000000000, -0.000000000000000000 ) ) ;
#8084 = CARTESIAN_POINT ( 'NONE',  ( 11.64544826719021664, -12.00000000000000000, 32.85000000000000142 ) ) ;
#8085 = ORIENTED_EDGE ( 'NONE', *, *, #6520, .T. ) ;
#8086 = DIRECTION ( 'NONE',  ( -0.4999999999999995004, -0.000000000000000000, 0.8660254037844389297 ) ) ;
#8087 = VECTOR ( 'NONE', #1202, 1000.000000000000000 ) ;
#8088 = LINE ( 'NONE', #4297, #2658 ) ;
#8089 = VERTEX_POINT ( 'NONE', #5718 ) ;
#8090 = PLANE ( 'NONE',  #7382 ) ;
#8091 = LINE ( 'NONE', #5796, #7133 ) ;
#8092 = CARTESIAN_POINT ( 'NONE',  ( -13.29089653438055052, -12.00000000000000000, 40.00000000000000000 ) ) ;
#8093 = CARTESIAN_POINT ( 'NONE',  ( -21.64544826719011184, -12.00000000000000000, 42.85000000000000142 ) ) ;
#8094 = CARTESIAN_POINT ( 'NONE',  ( -38.35455173280955421, -12.00000000000000000, -2.850000000000000089 ) ) ;
#8095 = PLANE ( 'NONE',  #915 ) ;
#8096 = ADVANCED_FACE ( 'NONE', ( #337 ), #4922, .T. ) ;
#8097 = CARTESIAN_POINT ( 'NONE',  ( 0.000000000000000000, -12.00000000000000000, 0.000000000000000000 ) ) ;
#8098 = VERTEX_POINT ( 'NONE', #8643 ) ;
#8099 = VERTEX_POINT ( 'NONE', #3375 ) ;
#8100 = LINE ( 'NONE', #1821, #1011 ) ;
#8101 = ORIENTED_EDGE ( 'NONE', *, *, #8280, .T. ) ;
#8102 = ORIENTED_EDGE ( 'NONE', *, *, #6177, .T. ) ;
#8103 = EDGE_CURVE ( 'NONE', #3840, #1809, #4218, .T. ) ;
#8104 = EDGE_CURVE ( 'NONE', #327, #1134, #4966, .T. ) ;
#8105 = EDGE_CURVE ( 'NONE', #2377, #6045, #2475, .T. ) ;
#8106 = EDGE_CURVE ( 'NONE', #4236, #7416, #8690, .T. ) ;
#8107 = DIRECTION ( 'NONE',  ( -0.4999999999999992784, 0.000000000000000000, -0.8660254037844390407 ) ) ;
#8108 = CARTESIAN_POINT ( 'NONE',  ( -51.64544826719043158, 0.000000000000000000, -2.850000000000000089 ) ) ;
#8109 = EDGE_LOOP ( 'NONE', ( #1595, #5097, #9795, #7138 ) ) ;
#8110 = DIRECTION ( 'NONE',  ( 1.000000000000000000, 0.000000000000000000, -0.000000000000000000 ) ) ;
#8111 = ORIENTED_EDGE ( 'NONE', *, *, #5626, .T. ) ;
#8112 = PLANE ( 'NONE',  #7726 ) ;
#8113 = EDGE_CURVE ( 'NONE', #3996, #8588, #7960, .T. ) ;
#8114 = DIRECTION ( 'NONE',  ( 0.000000000000000000, 0.000000000000000000, -1.000000000000000000 ) ) ;
#8115 = EDGE_CURVE ( 'NONE', #4706, #2544, #8740, .T. ) ;
#8116 = CARTESIAN_POINT ( 'NONE',  ( -60.35455173280956132, 10.00000000000000178, -56.64544826719043158 ) ) ;
#8117 = ORIENTED_EDGE ( 'NONE', *, *, #4622, .T. ) ;
#8118 = DIRECTION ( 'NONE',  ( 0.000000000000000000, 0.000000000000000000, -1.000000000000000000 ) ) ;
#8119 = FACE_OUTER_BOUND ( 'NONE', #2869, .T. ) ;
#8120 = ORIENTED_EDGE ( 'NONE', *, *, #3786, .F. ) ;
#8121 = SURFACE_SIDE_STYLE ('',( #5082 ) ) ;
#8122 = CARTESIAN_POINT ( 'NONE',  ( 8.354551732809447628, -12.00000000000000000, 22.85000000000000497 ) ) ;
#8123 = ADVANCED_FACE ( 'NONE', ( #5562 ), #8010, .T. ) ;
#8124 = ORIENTED_EDGE ( 'NONE', *, *, #9364, .T. ) ;
#8125 = FACE_OUTER_BOUND ( 'NONE', #3347, .T. ) ;
#8126 = DIRECTION ( 'NONE',  ( 0.8660254037844391517, -0.000000000000000000, 0.4999999999999992784 ) ) ;
#8127 = LINE ( 'NONE', #2595, #9802 ) ;
#8128 = VERTEX_POINT ( 'NONE', #7209 ) ;
#8129 = DIRECTION ( 'NONE',  ( 0.000000000000000000, 0.000000000000000000, -1.000000000000000000 ) ) ;
#8130 = LINE ( 'NONE', #3006, #6181 ) ;
#8131 = ORIENTED_EDGE ( 'NONE', *, *, #4159, .F. ) ;
#8132 = CARTESIAN_POINT ( 'NONE',  ( -23.29089653438044749, 0.000000000000000000, 50.00000000000000000 ) ) ;
#8133 = LINE ( 'NONE', #8239, #8087 ) ;
#8134 = CARTESIAN_POINT ( 'NONE',  ( 6.709103465619120854, -12.00000000000000000, 1.294402214996931218E-15 ) ) ;
#8135 = CARTESIAN_POINT ( 'NONE',  ( -48.35455173280956132, -0.000000000000000000, -2.849999999999998312 ) ) ;
#8136 = CARTESIAN_POINT ( 'NONE',  ( 0.000000000000000000, -12.00000000000000000, 0.000000000000000000 ) ) ;
#8137 = EDGE_LOOP ( 'NONE', ( #3208, #5835, #8833, #3853 ) ) ;
#8138 = FACE_OUTER_BOUND ( 'NONE', #8856, .T. ) ;
#8139 = EDGE_CURVE ( 'NONE', #3771, #4361, #7163, .T. ) ;
#8140 = VERTEX_POINT ( 'NONE', #6266 ) ;
#8141 = DIRECTION ( 'NONE',  ( -1.000000000000000000, -0.000000000000000000, -0.000000000000000000 ) ) ;
#8142 = ORIENTED_EDGE ( 'NONE', *, *, #1458, .T. ) ;
#8143 = EDGE_CURVE ( 'NONE', #6467, #4512, #5514, .T. ) ;
#8144 = ORIENTED_EDGE ( 'NONE', *, *, #6177, .F. ) ;
#8145 = ORIENTED_EDGE ( 'NONE', *, *, #6545, .T. ) ;
#8146 = DIRECTION ( 'NONE',  ( 0.000000000000000000, 1.000000000000000000, 0.000000000000000000 ) ) ;
#8147 = LINE ( 'NONE', #8199, #2772 ) ;
#8148 = EDGE_LOOP ( 'NONE', ( #573, #2809, #9031, #8316 ) ) ;
#8149 = EDGE_CURVE ( 'NONE', #4841, #3315, #8550, .T. ) ;
#8150 = CARTESIAN_POINT ( 'NONE',  ( 11.64544826719000881, 0.000000000000000000, 52.85000000000000142 ) ) ;
#8151 = ORIENTED_EDGE ( 'NONE', *, *, #6707, .F. ) ;
#8152 = EDGE_CURVE ( 'NONE', #2552, #8579, #1834, .T. ) ;
#8153 = EDGE_LOOP ( 'NONE', ( #8733, #7555, #2904, #7260 ) ) ;
#8154 = DIRECTION ( 'NONE',  ( -0.8660254037844392627, 0.000000000000000000, -0.4999999999999990008 ) ) ;
#8155 = CARTESIAN_POINT ( 'NONE',  ( 60.35455173280956132, 14.99999999999997868, -16.35455173280956487 ) ) ;
#8156 = CARTESIAN_POINT ( 'NONE',  ( 60.35455173280956132, 14.99999999999997868, -16.35455173280956487 ) ) ;
#8157 = VECTOR ( 'NONE', #4874, 1000.000000000000000 ) ;
#8158 = AXIS2_PLACEMENT_3D ( 'NONE', #4447, #7588, #607 ) ;
#8159 = DIRECTION ( 'NONE',  ( -0.4999999999999995004, 0.000000000000000000, -0.8660254037844389297 ) ) ;
#8160 = AXIS2_PLACEMENT_3D ( 'NONE', #4801, #6347, #9610 ) ;
#8161 = EDGE_CURVE ( 'NONE', #9779, #7958, #3333, .T. ) ;
#8162 = ORIENTED_EDGE ( 'NONE', *, *, #4903, .F. ) ;
#8163 = EDGE_CURVE ( 'NONE', #3831, #306, #980, .T. ) ;
#8164 = AXIS2_PLACEMENT_3D ( 'NONE', #7922, #8018, #2630 ) ;
#8165 = ADVANCED_FACE ( 'NONE', ( #7061 ), #244, .T. ) ;
#8166 = CARTESIAN_POINT ( 'NONE',  ( 6.709103465618808215, -12.00000000000000000, 40.00000000000000000 ) ) ;
#8167 = VECTOR ( 'NONE', #866, 1000.000000000000000 ) ;
#8168 = EDGE_CURVE ( 'NONE', #8928, #6749, #6746, .T. ) ;
#8169 = CARTESIAN_POINT ( 'NONE',  ( 0.000000000000000000, -12.00000000000000000, 0.000000000000000000 ) ) ;
#8170 = LINE ( 'NONE', #8900, #3868 ) ;
#8171 = ORIENTED_EDGE ( 'NONE', *, *, #9788, .F. ) ;
#8172 = ORIENTED_EDGE ( 'NONE', *, *, #8691, .T. ) ;
#8173 = CARTESIAN_POINT ( 'NONE',  ( 48.35455173280956132, -12.00000000000000000, -2.850000000000000089 ) ) ;
#8174 = ORIENTED_EDGE ( 'NONE', *, *, #5337, .F. ) ;
#8175 = CARTESIAN_POINT ( 'NONE',  ( 43.29089653438087026, -12.00000000000000000, 10.00000000000000711 ) ) ;
#8176 = LINE ( 'NONE', #9744, #5357 ) ;
#8177 = VECTOR ( 'NONE', #9753, 1000.000000000000000 ) ;
#8178 = PLANE ( 'NONE',  #9005 ) ;
#8179 = VECTOR ( 'NONE', #8315, 1000.000000000000000 ) ;
#8180 = ORIENTED_EDGE ( 'NONE', *, *, #5386, .F. ) ;
#8181 = CARTESIAN_POINT ( 'NONE',  ( 21.64544826719011184, -12.00000000000000000, 42.85000000000000142 ) ) ;
#8182 = DIRECTION ( 'NONE',  ( 0.000000000000000000, -0.000000000000000000, -1.000000000000000000 ) ) ;
#8183 = VECTOR ( 'NONE', #1203, 1000.000000000000000 ) ;
#8184 = ORIENTED_EDGE ( 'NONE', *, *, #4947, .T. ) ;
#8185 = DIRECTION ( 'NONE',  ( 0.000000000000000000, 1.000000000000000000, -0.000000000000000000 ) ) ;
#8186 = ADVANCED_FACE ( 'NONE', ( #3670 ), #7605, .F. ) ;
#8187 = PLANE ( 'NONE',  #7230 ) ;
#8188 = CARTESIAN_POINT ( 'NONE',  ( 50.35455173280956132, 30.15544456622761516, -48.64544826719049553 ) ) ;
#8189 = CARTESIAN_POINT ( 'NONE',  ( -8.354551732809550657, -12.00000000000000000, -2.850000000000000089 ) ) ;
#8190 = EDGE_LOOP ( 'NONE', ( #1026, #7745, #5405, #9077 ) ) ;
#8191 = DIRECTION ( 'NONE',  ( -1.000000000000000000, 0.000000000000000000, -0.000000000000000000 ) ) ;
#8192 = VERTEX_POINT ( 'NONE', #1510 ) ;
#8193 = LINE ( 'NONE', #3763, #5939 ) ;
#8194 = VERTEX_POINT ( 'NONE', #5760 ) ;
#8195 = ORIENTED_EDGE ( 'NONE', *, *, #8302, .F. ) ;
#8196 = LINE ( 'NONE', #7556, #7099 ) ;
#8197 = VECTOR ( 'NONE', #2070, 1000.000000000000114 ) ;
#8198 = FACE_OUTER_BOUND ( 'NONE', #2, .T. ) ;
#8199 = CARTESIAN_POINT ( 'NONE',  ( -6.709103465619120854, -12.00000000000000000, 1.294402214996931218E-15 ) ) ;
#8200 = EDGE_CURVE ( 'NONE', #702, #2012, #8394, .T. ) ;
#8201 = ORIENTED_EDGE ( 'NONE', *, *, #9349, .F. ) ;
#8202 = AXIS2_PLACEMENT_3D ( 'NONE', #1723, #7047, #3265 ) ;
#8203 = VECTOR ( 'NONE', #4633, 1000.000000000000000 ) ;
#8204 = PLANE ( 'NONE',  #688 ) ;
#8205 = VERTEX_POINT ( 'NONE', #2312 ) ;
#8206 = VERTEX_POINT ( 'NONE', #7499 ) ;
#8207 = DIRECTION ( 'NONE',  ( -0.8660254037844392627, 0.000000000000000000, 0.4999999999999990008 ) ) ;
#8208 = ORIENTED_EDGE ( 'NONE', *, *, #5228, .T. ) ;
#8209 = LINE ( 'NONE', #2275, #923 ) ;
#8210 = DIRECTION ( 'NONE',  ( 0.5000000000000009992, -0.000000000000000000, -0.8660254037844380415 ) ) ;
#8211 = VECTOR ( 'NONE', #2165, 1000.000000000000000 ) ;
#8212 = EDGE_LOOP ( 'NONE', ( #2170, #1201, #2651, #3625 ) ) ;
#8213 = EDGE_CURVE ( 'NONE', #6669, #6383, #668, .T. ) ;
#8214 = VERTEX_POINT ( 'NONE', #2901 ) ;
#8215 = VECTOR ( 'NONE', #6739, 1000.000000000000000 ) ;
#8216 = CARTESIAN_POINT ( 'NONE',  ( 50.35455173280956132, 41.15544456622760805, 18.35455173280956132 ) ) ;
#8217 = CARTESIAN_POINT ( 'NONE',  ( -58.35455173280956132, -12.00000000000000000, 2.849999999999997868 ) ) ;
#8218 = ORIENTED_EDGE ( 'NONE', *, *, #9441, .F. ) ;
#8219 = FILL_AREA_STYLE ('',( #2135 ) ) ;
#8220 = DIRECTION ( 'NONE',  ( 0.000000000000000000, 1.000000000000000000, 0.000000000000000000 ) ) ;
#8221 = ORIENTED_EDGE ( 'NONE', *, *, #3838, .T. ) ;
#8222 = DIRECTION ( 'NONE',  ( 0.4999999999999996669, 0.000000000000000000, -0.8660254037844388186 ) ) ;
#8223 = FACE_OUTER_BOUND ( 'NONE', #4667, .T. ) ;
#8224 = EDGE_CURVE ( 'NONE', #5561, #2574, #1973, .T. ) ;
#8225 = AXIS2_PLACEMENT_3D ( 'NONE', #342, #9290, #3234 ) ;
#8226 = DIRECTION ( 'NONE',  ( 1.000000000000000000, -0.000000000000000000, 1.317819823453642871E-16 ) ) ;
#8227 = EDGE_CURVE ( 'NONE', #9300, #8286, #2157, .T. ) ;
#8228 = VECTOR ( 'NONE', #5231, 1000.000000000000000 ) ;
#8229 = ADVANCED_FACE ( 'NONE', ( #7552 ), #9531, .T. ) ;
#8230 = VECTOR ( 'NONE', #4972, 1000.000000000000000 ) ;
#8231 = ORIENTED_EDGE ( 'NONE', *, *, #8590, .T. ) ;
#8232 = CARTESIAN_POINT ( 'NONE',  ( -16.70910346561891302, -12.00000000000000000, 30.00000000000000711 ) ) ;
#8233 = EDGE_CURVE ( 'NONE', #1903, #5764, #6852, .T. ) ;
#8234 = DIRECTION ( 'NONE',  ( -0.8660254037844383745, 0.000000000000000000, -0.5000000000000004441 ) ) ;
#8235 = AXIS2_PLACEMENT_3D ( 'NONE', #7590, #6787, #5089 ) ;
#8236 = ORIENTED_EDGE ( 'NONE', *, *, #32, .F. ) ;
#8237 = DIRECTION ( 'NONE',  ( -0.8660254037844391517, 0.000000000000000000, -0.4999999999999992784 ) ) ;
#8238 = AXIS2_PLACEMENT_3D ( 'NONE', #4325, #4280, #7316 ) ;
#8239 = CARTESIAN_POINT ( 'NONE',  ( 31.64544826719042803, 0.000000000000000000, 12.85000000000000675 ) ) ;
#8240 = CARTESIAN_POINT ( 'NONE',  ( 13.29089653438086316, -12.00000000000000000, 10.00000000000000711 ) ) ;
#8241 = DIRECTION ( 'NONE',  ( 0.000000000000000000, -0.000000000000000000, -1.000000000000000000 ) ) ;
#8242 = ADVANCED_FACE ( 'NONE', ( #8248 ), #1416, .T. ) ;
#8243 = LINE ( 'NONE', #773, #6012 ) ;
#8244 = EDGE_CURVE ( 'NONE', #1732, #3211, #3063, .T. ) ;
#8245 = AXIS2_PLACEMENT_3D ( 'NONE', #5463, #107, #2990 ) ;
#8246 = DIRECTION ( 'NONE',  ( 0.4999999999999997224, 0.000000000000000000, -0.8660254037844388186 ) ) ;
#8247 = EDGE_LOOP ( 'NONE', ( #962, #7327, #8991, #2528 ) ) ;
#8248 = FACE_OUTER_BOUND ( 'NONE', #4698, .T. ) ;
#8249 = CARTESIAN_POINT ( 'NONE',  ( 13.29089653438075835, -12.00000000000000000, 20.00000000000000355 ) ) ;
#8250 = ORIENTED_EDGE ( 'NONE', *, *, #4391, .T. ) ;
#8251 = VECTOR ( 'NONE', #2252, 1000.000000000000000 ) ;
#8252 = ORIENTED_EDGE ( 'NONE', *, *, #2492, .F. ) ;
#8253 = CARTESIAN_POINT ( 'NONE',  ( -8.354551732809238018, -12.00000000000000000, 42.85000000000000142 ) ) ;
#8254 = DIRECTION ( 'NONE',  ( 1.000000000000000000, 0.000000000000000000, -0.000000000000000000 ) ) ;
#8255 = LINE ( 'NONE', #1422, #2160 ) ;
#8256 = DIRECTION ( 'NONE',  ( -0.5000000000000008882, 0.000000000000000000, -0.8660254037844381525 ) ) ;
#8257 = VERTEX_POINT ( 'NONE', #2213 ) ;
#8258 = LINE ( 'NONE', #2915, #2270 ) ;
#8259 = ORIENTED_EDGE ( 'NONE', *, *, #9665, .F. ) ;
#8260 = ORIENTED_EDGE ( 'NONE', *, *, #3070, .T. ) ;
#8261 = CARTESIAN_POINT ( 'NONE',  ( 21.64544826719021842, -12.00000000000000000, 27.15000000000000568 ) ) ;
#8262 = VERTEX_POINT ( 'NONE', #5248 ) ;
#8263 = CARTESIAN_POINT ( 'NONE',  ( -48.35455173280956132, 0.000000000000000000, 2.849999999999997868 ) ) ;
#8264 = EDGE_LOOP ( 'NONE', ( #6876, #2555, #4863, #2957, #5388 ) ) ;
#8265 = CARTESIAN_POINT ( 'NONE',  ( 8.354551732809238018, -12.00000000000000000, 42.85000000000000142 ) ) ;
#8266 = CARTESIAN_POINT ( 'NONE',  ( 18.35455173280934815, -12.00000000000000000, 32.85000000000000142 ) ) ;
#8267 = ORIENTED_EDGE ( 'NONE', *, *, #6508, .F. ) ;
#8268 = VERTEX_POINT ( 'NONE', #4507 ) ;
#8269 = CARTESIAN_POINT ( 'NONE',  ( 16.70910346561891302, -12.00000000000000000, 30.00000000000000711 ) ) ;
#8270 = ORIENTED_EDGE ( 'NONE', *, *, #1581, .T. ) ;
#8271 = CARTESIAN_POINT ( 'NONE',  ( -38.35455173280955421, 0.000000000000000000, 2.849999999999997868 ) ) ;
#8272 = DIRECTION ( 'NONE',  ( -0.8660254037844381525, 0.000000000000000000, -0.5000000000000008882 ) ) ;
#8273 = CARTESIAN_POINT ( 'NONE',  ( 50.35455173280956132, 14.99999999999997691, -48.64544826719049553 ) ) ;
#8274 = VERTEX_POINT ( 'NONE', #6104 ) ;
#8275 = DIRECTION ( 'NONE',  ( 1.000000000000000000, -0.000000000000000000, -0.000000000000000000 ) ) ;
#8276 = DIRECTION ( 'NONE',  ( -0.4999999999999995004, -0.000000000000000000, 0.8660254037844389297 ) ) ;
#8277 = EDGE_CURVE ( 'NONE', #1590, #643, #722, .T. ) ;
#8278 = ORIENTED_EDGE ( 'NONE', *, *, #9676, .T. ) ;
#8279 = CARTESIAN_POINT ( 'NONE',  ( -18.35455173280913499, 0.000000000000000000, 47.14999999999999858 ) ) ;
#8280 = EDGE_CURVE ( 'NONE', #211, #2023, #2259, .T. ) ;
#8281 = LINE ( 'NONE', #8330, #774 ) ;
#8282 = ORIENTED_EDGE ( 'NONE', *, *, #5418, .F. ) ;
#8283 = CARTESIAN_POINT ( 'NONE',  ( 28.35455173280955421, 0.000000000000000000, 58.35455173280957553 ) ) ;
#8284 = CARTESIAN_POINT ( 'NONE',  ( -41.64544826719043158, -12.00000000000000000, -2.850000000000000089 ) ) ;
#8285 = CARTESIAN_POINT ( 'NONE',  ( -58.35455173280956132, 10.00000000000000000, -8.354551732809563092 ) ) ;
#8286 = VERTEX_POINT ( 'NONE', #5492 ) ;
#8287 = DIRECTION ( 'NONE',  ( 0.000000000000000000, 0.000000000000000000, -1.000000000000000000 ) ) ;
#8288 = EDGE_CURVE ( 'NONE', #8413, #2890, #7041, .T. ) ;
#8289 = ORIENTED_EDGE ( 'NONE', *, *, #4764, .F. ) ;
#8290 = DIRECTION ( 'NONE',  ( -0.4999999999999989453, 0.000000000000000000, -0.8660254037844391517 ) ) ;
#8291 = ORIENTED_EDGE ( 'NONE', *, *, #9819, .T. ) ;
#8292 = EDGE_CURVE ( 'NONE', #5493, #5596, #5546, .T. ) ;
#8293 = VERTEX_POINT ( 'NONE', #6897 ) ;
#8294 = DIRECTION ( 'NONE',  ( 0.000000000000000000, -0.000000000000000000, -1.000000000000000000 ) ) ;
#8295 = DIRECTION ( 'NONE',  ( 0.8660254037844391517, 0.000000000000000000, -0.4999999999999990563 ) ) ;
#8296 = ORIENTED_EDGE ( 'NONE', *, *, #2742, .F. ) ;
#8297 = DIRECTION ( 'NONE',  ( 0.000000000000000000, 1.000000000000000000, 0.000000000000000000 ) ) ;
#8298 = LINE ( 'NONE', #3860, #2284 ) ;
#8299 = FACE_OUTER_BOUND ( 'NONE', #1074, .T. ) ;
#8300 = ORIENTED_EDGE ( 'NONE', *, *, #5670, .F. ) ;
#8301 = EDGE_CURVE ( 'NONE', #9709, #1449, #4803, .T. ) ;
#8302 = EDGE_CURVE ( 'NONE', #2142, #6126, #1608, .T. ) ;
#8303 = FACE_OUTER_BOUND ( 'NONE', #6909, .T. ) ;
#8304 = ORIENTED_EDGE ( 'NONE', *, *, #4642, .T. ) ;
#8305 = LINE ( 'NONE', #3822, #1844 ) ;
#8306 = ORIENTED_EDGE ( 'NONE', *, *, #2011, .F. ) ;
#8307 = CARTESIAN_POINT ( 'NONE',  ( 18.35455173280955776, -12.00000000000000000, 12.85000000000000675 ) ) ;
#8308 = ADVANCED_FACE ( 'NONE', ( #2554, #1009, #4613 ), #6997, .F. ) ;
#8309 = LINE ( 'NONE', #6218, #8695 ) ;
#8310 = ORIENTED_EDGE ( 'NONE', *, *, #1375, .F. ) ;
#8311 = CARTESIAN_POINT ( 'NONE',  ( -11.64544826719000881, -0.000000000000000000, 47.14999999999999858 ) ) ;
#8312 = ORIENTED_EDGE ( 'NONE', *, *, #8227, .T. ) ;
#8313 = CARTESIAN_POINT ( 'NONE',  ( 13.29089653438065355, -12.00000000000000000, 30.00000000000000711 ) ) ;
#8314 = LINE ( 'NONE', #3932, #6767 ) ;
#8315 = DIRECTION ( 'NONE',  ( 0.000000000000000000, 0.000000000000000000, -1.000000000000000000 ) ) ;
#8316 = ORIENTED_EDGE ( 'NONE', *, *, #5318, .T. ) ;
#8317 = DIRECTION ( 'NONE',  ( 0.000000000000000000, 1.000000000000000000, 0.000000000000000000 ) ) ;
#8318 = DIRECTION ( 'NONE',  ( 0.000000000000000000, 0.000000000000000000, 1.000000000000000000 ) ) ;
#8319 = CARTESIAN_POINT ( 'NONE',  ( 8.354551732809342823, 0.000000000000000000, 32.85000000000000142 ) ) ;
#8320 = CARTESIAN_POINT ( 'NONE',  ( -51.64544826719043158, 0.000000000000000000, -2.850000000000000089 ) ) ;
#8321 = CARTESIAN_POINT ( 'NONE',  ( 31.64544826719042803, -12.00000000000000000, 7.150000000000007461 ) ) ;
#8322 = ORIENTED_EDGE ( 'NONE', *, *, #1759, .F. ) ;
#8323 = DIRECTION ( 'NONE',  ( 0.000000000000000000, 1.000000000000000000, 0.000000000000000000 ) ) ;
#8324 = VECTOR ( 'NONE', #9511, 1000.000000000000000 ) ;
#8325 = VECTOR ( 'NONE', #3799, 1000.000000000000000 ) ;
#8326 = VECTOR ( 'NONE', #7111, 1000.000000000000000 ) ;
#8327 = DIRECTION ( 'NONE',  ( 1.000000000000000000, 0.000000000000000000, -0.000000000000000000 ) ) ;
#8328 = VERTEX_POINT ( 'NONE', #9313 ) ;
#8329 = DIRECTION ( 'NONE',  ( -0.4999999999999990563, 0.000000000000000000, 0.8660254037844391517 ) ) ;
#8330 = CARTESIAN_POINT ( 'NONE',  ( 60.35455173280956132, 30.15544456622761516, -48.64544826719049553 ) ) ;
#8331 = VERTEX_POINT ( 'NONE', #3854 ) ;
#8332 = AXIS2_PLACEMENT_3D ( 'NONE', #824, #5303, #8349 ) ;
#8333 = VECTOR ( 'NONE', #2609, 1000.000000000000000 ) ;
#8334 = CARTESIAN_POINT ( 'NONE',  ( 8.354551732809238018, -12.00000000000000000, 37.15000000000000568 ) ) ;
#8335 = DIRECTION ( 'NONE',  ( -0.8660254037844385966, 0.000000000000000000, -0.5000000000000003331 ) ) ;
#8336 = FACE_OUTER_BOUND ( 'NONE', #5735, .T. ) ;
#8337 = ORIENTED_EDGE ( 'NONE', *, *, #8168, .F. ) ;
#8338 = EDGE_CURVE ( 'NONE', #7121, #9476, #4760, .T. ) ;
#8339 = FACE_OUTER_BOUND ( 'NONE', #460, .T. ) ;
#8340 = VECTOR ( 'NONE', #2782, 1000.000000000000000 ) ;
#8341 = VECTOR ( 'NONE', #8551, 1000.000000000000000 ) ;
#8342 = ORIENTED_EDGE ( 'NONE', *, *, #5549, .T. ) ;
#8343 = LINE ( 'NONE', #9626, #5306 ) ;
#8344 = VERTEX_POINT ( 'NONE', #8436 ) ;
#8345 = DIRECTION ( 'NONE',  ( -1.000000000000000000, 0.000000000000000000, 0.000000000000000000 ) ) ;
#8346 = LINE ( 'NONE', #9033, #2755 ) ;
#8347 = CARTESIAN_POINT ( 'NONE',  ( -18.35455173280955776, 0.000000000000000000, 12.85000000000000675 ) ) ;
#8348 = ADVANCED_FACE ( 'NONE', ( #6206 ), #865, .T. ) ;
#8349 = DIRECTION ( 'NONE',  ( 0.5000000000000009992, 0.000000000000000000, 0.8660254037844380415 ) ) ;
#8350 = DIRECTION ( 'NONE',  ( 0.000000000000000000, 0.000000000000000000, -1.000000000000000000 ) ) ;
#8351 = ADVANCED_FACE ( 'NONE', ( #6349 ), #7839, .T. ) ;
#8352 = EDGE_CURVE ( 'NONE', #295, #2168, #9221, .T. ) ;
#8353 = AXIS2_PLACEMENT_3D ( 'NONE', #3676, #2912, #8980 ) ;
#8354 = ORIENTED_EDGE ( 'NONE', *, *, #8352, .F. ) ;
#8355 = CARTESIAN_POINT ( 'NONE',  ( 8.354551732809238018, -12.00000000000000000, 42.85000000000000142 ) ) ;
#8356 = ORIENTED_EDGE ( 'NONE', *, *, #5212, .F. ) ;
#8357 = CARTESIAN_POINT ( 'NONE',  ( -63.29089653438087026, 0.000000000000000000, 10.00000000000000711 ) ) ;
#8358 = DIRECTION ( 'NONE',  ( 1.000000000000000000, -0.000000000000000000, -0.000000000000000000 ) ) ;
#8359 = ORIENTED_EDGE ( 'NONE', *, *, #8726, .T. ) ;
#8360 = CARTESIAN_POINT ( 'NONE',  ( 21.64544826719032145, 0.000000000000000000, 17.15000000000000568 ) ) ;
#8361 = AXIS2_PLACEMENT_3D ( 'NONE', #5163, #9736, #1986 ) ;
#8362 = ORIENTED_EDGE ( 'NONE', *, *, #2307, .F. ) ;
#8363 = DIRECTION ( 'NONE',  ( 0.000000000000000000, 1.000000000000000000, 0.000000000000000000 ) ) ;
#8364 = LINE ( 'NONE', #2286, #6296 ) ;
#8365 = VECTOR ( 'NONE', #2308, 1000.000000000000000 ) ;
#8366 = LINE ( 'NONE', #5221, #2285 ) ;
#8367 = ORIENTED_EDGE ( 'NONE', *, *, #8875, .F. ) ;
#8368 = CARTESIAN_POINT ( 'NONE',  ( 16.70910346561901960, -12.00000000000000000, 20.00000000000000355 ) ) ;
#8369 = CARTESIAN_POINT ( 'NONE',  ( 21.64544826719032145, -12.00000000000000000, 17.15000000000000568 ) ) ;
#8370 = VECTOR ( 'NONE', #5302, 1000.000000000000227 ) ;
#8371 = EDGE_CURVE ( 'NONE', #6026, #9332, #4001, .T. ) ;
#8372 = FACE_BOUND ( 'NONE', #3187, .T. ) ;
#8373 = FACE_OUTER_BOUND ( 'NONE', #1050, .T. ) ;
#8374 = LINE ( 'NONE', #6085, #6800 ) ;
#8375 = ORIENTED_EDGE ( 'NONE', *, *, #9516, .T. ) ;
#8376 = LINE ( 'NONE', #8961, #4511 ) ;
#8377 = VECTOR ( 'NONE', #8672, 1000.000000000000114 ) ;
#8378 = CARTESIAN_POINT ( 'NONE',  ( -21.64544826719043513, 0.000000000000000000, 2.849999999999998312 ) ) ;
#8379 = VERTEX_POINT ( 'NONE', #88 ) ;
#8380 = CARTESIAN_POINT ( 'NONE',  ( -60.35455173280956132, 20.99999999999997513, -48.64544826719049553 ) ) ;
#8381 = DIRECTION ( 'NONE',  ( 1.000000000000000000, 0.000000000000000000, -0.000000000000000000 ) ) ;
#8382 = ORIENTED_EDGE ( 'NONE', *, *, #8749, .T. ) ;
#8383 = EDGE_CURVE ( 'NONE', #5339, #990, #5398, .T. ) ;
#8384 = PLANE ( 'NONE',  #9105 ) ;
#8385 = FACE_OUTER_BOUND ( 'NONE', #874, .T. ) ;
#8386 = AXIS2_PLACEMENT_3D ( 'NONE', #5472, #3095, #9292 ) ;
#8387 = CARTESIAN_POINT ( 'NONE',  ( 0.000000000000000000, -12.00000000000000000, 0.000000000000000000 ) ) ;
#8388 = ORIENTED_EDGE ( 'NONE', *, *, #8590, .F. ) ;
#8389 = CARTESIAN_POINT ( 'NONE',  ( 8.354551732809447628, 0.000000000000000000, 22.85000000000000497 ) ) ;
#8390 = VECTOR ( 'NONE', #9437, 1000.000000000000227 ) ;
#8391 = ORIENTED_EDGE ( 'NONE', *, *, #6341, .T. ) ;
#8392 = VECTOR ( 'NONE', #6542, 1000.000000000000227 ) ;
#8393 = VECTOR ( 'NONE', #3059, 1000.000000000000000 ) ;
#8394 = LINE ( 'NONE', #9822, #2025 ) ;
#8395 = CARTESIAN_POINT ( 'NONE',  ( -48.35455173280956132, -12.00000000000000000, 12.85000000000000675 ) ) ;
#8396 = CARTESIAN_POINT ( 'NONE',  ( 68.35455173280956842, 10.00000000000000000, -48.35455173280956842 ) ) ;
#8397 = VECTOR ( 'NONE', #3750, 1000.000000000000114 ) ;
#8398 = CARTESIAN_POINT ( 'NONE',  ( -16.70910346561870696, 0.000000000000000000, 50.00000000000000000 ) ) ;
#8399 = LINE ( 'NONE', #1568, #2919 ) ;
#8400 = DIRECTION ( 'NONE',  ( -0.8660254037844381525, 0.000000000000000000, 0.5000000000000008882 ) ) ;
#8401 = ORIENTED_EDGE ( 'NONE', *, *, #1698, .F. ) ;
#8402 = VECTOR ( 'NONE', #1555, 1000.000000000000000 ) ;
#8403 = LINE ( 'NONE', #826, #5933 ) ;
#8404 = VERTEX_POINT ( 'NONE', #6297 ) ;
#8405 = EDGE_CURVE ( 'NONE', #8592, #2490, #1656, .T. ) ;
#8406 = VERTEX_POINT ( 'NONE', #4656 ) ;
#8407 = EDGE_CURVE ( 'NONE', #9540, #8406, #7692, .T. ) ;
#8408 = CARTESIAN_POINT ( 'NONE',  ( -58.35455173280956842, 0.000000000000000000, -48.35455173280956842 ) ) ;
#8409 = EDGE_CURVE ( 'NONE', #5160, #4059, #4707, .T. ) ;
#8410 = DIRECTION ( 'NONE',  ( -1.000000000000000000, -0.000000000000000000, -0.000000000000000000 ) ) ;
#8411 = CARTESIAN_POINT ( 'NONE',  ( 11.64544826719021664, 0.000000000000000000, 32.85000000000000142 ) ) ;
#8412 = DIRECTION ( 'NONE',  ( 0.000000000000000000, 0.000000000000000000, -1.000000000000000000 ) ) ;
#8413 = VERTEX_POINT ( 'NONE', #3956 ) ;
#8414 = FACE_OUTER_BOUND ( 'NONE', #837, .T. ) ;
#8415 = ADVANCED_FACE ( 'NONE', ( #916 ), #6246, .T. ) ;
#8416 = DIRECTION ( 'NONE',  ( 0.5000000000000017764, 0.000000000000000000, 0.8660254037844375974 ) ) ;
#8417 = CARTESIAN_POINT ( 'NONE',  ( -21.64544826719042803, -12.00000000000000000, 7.150000000000007461 ) ) ;
#8418 = EDGE_LOOP ( 'NONE', ( #6824, #9025, #2775, #833 ) ) ;
#8419 = DIRECTION ( 'NONE',  ( -0.4999999999999985012, -0.000000000000000000, 0.8660254037844393737 ) ) ;
#8420 = EDGE_CURVE ( 'NONE', #8194, #7945, #8813, .T. ) ;
#8421 = FACE_BOUND ( 'NONE', #1749, .T. ) ;
#8422 = CARTESIAN_POINT ( 'NONE',  ( 58.35455173280956132, -12.00000000000000000, -2.850000000000000089 ) ) ;
#8423 = ORIENTED_EDGE ( 'NONE', *, *, #6545, .F. ) ;
#8424 = FACE_OUTER_BOUND ( 'NONE', #7904, .T. ) ;
#8425 = ADVANCED_FACE ( 'NONE', ( #3356 ), #2600, .T. ) ;
#8426 = CARTESIAN_POINT ( 'NONE',  ( 53.29089653438087026, 0.000000000000000000, 3.038187096183830448E-15 ) ) ;
#8427 = ORIENTED_EDGE ( 'NONE', *, *, #1894, .T. ) ;
#8428 = CARTESIAN_POINT ( 'NONE',  ( 8.354551732809342823, -12.00000000000000000, 27.15000000000000568 ) ) ;
#8429 = LINE ( 'NONE', #6148, #8402 ) ;
#8430 = VERTEX_POINT ( 'NONE', #9461 ) ;
#8431 = CARTESIAN_POINT ( 'NONE',  ( 11.64544826719000881, -12.00000000000000000, 47.14999999999999858 ) ) ;
#8432 = DIRECTION ( 'NONE',  ( 0.5000000000000942579, 0.000000000000000000, 0.8660254037843843067 ) ) ;
#8433 = DIRECTION ( 'NONE',  ( 0.000000000000000000, 1.000000000000000000, 0.000000000000000000 ) ) ;
#8434 = ORIENTED_EDGE ( 'NONE', *, *, #3633, .T. ) ;
#8435 = ADVANCED_FACE ( 'NONE', ( #7893 ), #1810, .T. ) ;
#8436 = CARTESIAN_POINT ( 'NONE',  ( -28.35455173280955421, -12.00000000000000000, 2.849999999999997868 ) ) ;
#8437 = CARTESIAN_POINT ( 'NONE',  ( 23.29089653438054341, 0.000000000000000000, 40.00000000000000000 ) ) ;
#8438 = FACE_OUTER_BOUND ( 'NONE', #1917, .T. ) ;
#8439 = DIRECTION ( 'NONE',  ( -0.4999999999999995004, 0.000000000000000000, 0.8660254037844389297 ) ) ;
#8440 = EDGE_CURVE ( 'NONE', #4645, #8682, #9559, .T. ) ;
#8441 = EDGE_CURVE ( 'NONE', #670, #9569, #5838, .T. ) ;
#8442 = CARTESIAN_POINT ( 'NONE',  ( -11.64544826719042447, 0.000000000000000000, 7.150000000000007461 ) ) ;
#8443 = CARTESIAN_POINT ( 'NONE',  ( -8.354551732809342823, -12.00000000000000000, 27.15000000000000568 ) ) ;
#8444 = VERTEX_POINT ( 'NONE', #6500 ) ;
#8445 = LINE ( 'NONE', #8538, #3389 ) ;
#8446 = ORIENTED_EDGE ( 'NONE', *, *, #7842, .F. ) ;
#8447 = FACE_OUTER_BOUND ( 'NONE', #4696, .T. ) ;
#8448 = ORIENTED_EDGE ( 'NONE', *, *, #3424, .T. ) ;
#8449 = CARTESIAN_POINT ( 'NONE',  ( 58.35455173280956842, 10.00000000000000178, -48.35455173280956842 ) ) ;
#8450 = CARTESIAN_POINT ( 'NONE',  ( 60.35455173280956132, 17.99999999999997868, -13.35455173280956487 ) ) ;
#8451 = VERTEX_POINT ( 'NONE', #4951 ) ;
#8452 = EDGE_CURVE ( 'NONE', #4814, #9074, #6593, .T. ) ;
#8453 = EDGE_CURVE ( 'NONE', #211, #1853, #8766, .T. ) ;
#8454 = ADVANCED_FACE ( 'NONE', ( #4995 ), #4854, .T. ) ;
#8455 = DIRECTION ( 'NONE',  ( 0.000000000000000000, 0.000000000000000000, -1.000000000000000000 ) ) ;
#8456 = LINE ( 'NONE', #4075, #2295 ) ;
#8457 = CARTESIAN_POINT ( 'NONE',  ( -6.709103465618808215, 0.000000000000000000, 40.00000000000000000 ) ) ;
#8458 = DIRECTION ( 'NONE',  ( 0.000000000000000000, 1.000000000000000000, -2.227185007473450017E-16 ) ) ;
#8459 = ORIENTED_EDGE ( 'NONE', *, *, #8139, .T. ) ;
#8460 = PLANE ( 'NONE',  #5647 ) ;
#8461 = CARTESIAN_POINT ( 'NONE',  ( 6.709103465618704298, -12.00000000000000000, 50.00000000000000000 ) ) ;
#8462 = FACE_BOUND ( 'NONE', #5575, .T. ) ;
#8463 = DIRECTION ( 'NONE',  ( 0.5000000000000942579, -0.000000000000000000, 0.8660254037843843067 ) ) ;
#8464 = PLANE ( 'NONE',  #6000 ) ;
#8465 = EDGE_CURVE ( 'NONE', #470, #3805, #7989, .T. ) ;
#8466 = EDGE_LOOP ( 'NONE', ( #1673, #4999, #2239, #4624, #3021, #4823 ) ) ;
#8467 = EDGE_CURVE ( 'NONE', #6350, #3284, #5690, .T. ) ;
#8468 = EDGE_CURVE ( 'NONE', #2446, #6045, #4147, .T. ) ;
#8469 = LINE ( 'NONE', #71, #4260 ) ;
#8470 = VERTEX_POINT ( 'NONE', #9517 ) ;
#8471 = LINE ( 'NONE', #6198, #7617 ) ;
#8472 = VERTEX_POINT ( 'NONE', #5745 ) ;
#8473 = LINE ( 'NONE', #1600, #8481 ) ;
#8474 = DIRECTION ( 'NONE',  ( -0.4999999999999985012, 0.000000000000000000, -0.8660254037844393737 ) ) ;
#8475 = VECTOR ( 'NONE', #5002, 1000.000000000000000 ) ;
#8476 = CARTESIAN_POINT ( 'NONE',  ( 0.000000000000000000, -12.00000000000000000, 0.000000000000000000 ) ) ;
#8477 = AXIS2_PLACEMENT_3D ( 'NONE', #7619, #1425, #6860 ) ;
#8478 = ORIENTED_EDGE ( 'NONE', *, *, #9322, .T. ) ;
#8479 = CARTESIAN_POINT ( 'NONE',  ( -31.64544826719042803, 0.000000000000000000, 12.85000000000000675 ) ) ;
#8480 = DIRECTION ( 'NONE',  ( -0.5000000000000008882, -0.000000000000000000, -0.8660254037844381525 ) ) ;
#8481 = VECTOR ( 'NONE', #7789, 1000.000000000000000 ) ;
#8482 = EDGE_CURVE ( 'NONE', #2574, #3722, #8039, .T. ) ;
#8483 = DIRECTION ( 'NONE',  ( 0.000000000000000000, -0.000000000000000000, -1.000000000000000000 ) ) ;
#8484 = VECTOR ( 'NONE', #3020, 1000.000000000000000 ) ;
#8485 = ORIENTED_EDGE ( 'NONE', *, *, #1158, .T. ) ;
#8486 = CARTESIAN_POINT ( 'NONE',  ( 53.29089653438087026, -12.00000000000000000, 10.00000000000000711 ) ) ;
#8487 = AXIS2_PLACEMENT_3D ( 'NONE', #2316, #3067, #2368 ) ;
#8488 = VECTOR ( 'NONE', #9688, 1000.000000000000000 ) ;
#8489 = ORIENTED_EDGE ( 'NONE', *, *, #4450, .F. ) ;
#8490 = FACE_OUTER_BOUND ( 'NONE', #2591, .T. ) ;
#8491 = VERTEX_POINT ( 'NONE', #364 ) ;
#8493 = CYLINDRICAL_SURFACE ( 'NONE', #1358, 2.999999999999995559 ) ;
#8492 = VECTOR ( 'NONE', #6248, 1000.000000000000000 ) ;
#8494 = ORIENTED_EDGE ( 'NONE', *, *, #7508, .F. ) ;
#8495 = DIRECTION ( 'NONE',  ( 1.000000000000000000, 0.000000000000000000, -1.317819823453642871E-16 ) ) ;
#8496 = ORIENTED_EDGE ( 'NONE', *, *, #9, .T. ) ;
#8497 = LINE ( 'NONE', #8360, #4254 ) ;
#8498 = CARTESIAN_POINT ( 'NONE',  ( -53.29089653438087026, -12.00000000000000000, 3.038187096183830448E-15 ) ) ;
#8499 = DIRECTION ( 'NONE',  ( 1.000000000000000000, 0.000000000000000000, 0.000000000000000000 ) ) ;
#8500 = DIRECTION ( 'NONE',  ( -0.5000000000000008882, 0.000000000000000000, 0.8660254037844381525 ) ) ;
#8501 = DIRECTION ( 'NONE',  ( 0.000000000000000000, -0.000000000000000000, -1.000000000000000000 ) ) ;
#8502 = FACE_OUTER_BOUND ( 'NONE', #7953, .T. ) ;
#8503 = VERTEX_POINT ( 'NONE', #7187 ) ;
#8504 = CARTESIAN_POINT ( 'NONE',  ( -26.70910346561912618, 0.000000000000000000, 1.294402214996931218E-15 ) ) ;
#8505 = FACE_OUTER_BOUND ( 'NONE', #883, .T. ) ;
#8506 = LINE ( 'NONE', #9498, #4349 ) ;
#8507 = LINE ( 'NONE', #2292, #277 ) ;
#8508 = AXIS2_PLACEMENT_3D ( 'NONE', #3687, #5115, #7522 ) ;
#8509 = CARTESIAN_POINT ( 'NONE',  ( 60.35455173280956132, 41.15544456622760805, -56.64544826719043868 ) ) ;
#8510 = ORIENTED_EDGE ( 'NONE', *, *, #9349, .T. ) ;
#8511 = VECTOR ( 'NONE', #8146, 1000.000000000000000 ) ;
#8512 = DIRECTION ( 'NONE',  ( 1.000000000000000000, 0.000000000000000000, 0.000000000000000000 ) ) ;
#8513 = EDGE_LOOP ( 'NONE', ( #5508, #419, #7806, #6606 ) ) ;
#8514 = VERTEX_POINT ( 'NONE', #6442 ) ;
#8515 = CARTESIAN_POINT ( 'NONE',  ( 56.70910346561912974, -12.00000000000000000, 1.294402214996931218E-15 ) ) ;
#8516 = EDGE_CURVE ( 'NONE', #50, #5280, #4197, .T. ) ;
#8517 = ORIENTED_EDGE ( 'NONE', *, *, #1332, .T. ) ;
#8518 = ADVANCED_FACE ( 'NONE', ( #2701 ), #1200, .T. ) ;
#8519 = EDGE_LOOP ( 'NONE', ( #1173, #147, #4216, #3737 ) ) ;
#8520 = EDGE_CURVE ( 'NONE', #4528, #9161, #8088, .T. ) ;
#8521 = FACE_OUTER_BOUND ( 'NONE', #6187, .T. ) ;
#8522 = CARTESIAN_POINT ( 'NONE',  ( -60.35455173280956132, 41.15544456622760805, -56.64544826719043868 ) ) ;
#8523 = LINE ( 'NONE', #2360, #6129 ) ;
#8524 = VECTOR ( 'NONE', #5635, 999.9999999999998863 ) ;
#8525 = EDGE_LOOP ( 'NONE', ( #209, #4408, #2428, #1645 ) ) ;
#8526 = DIRECTION ( 'NONE',  ( -1.000000000000000000, -0.000000000000000000, -0.000000000000000000 ) ) ;
#8527 = VERTEX_POINT ( 'NONE', #2792 ) ;
#8528 = DIRECTION ( 'NONE',  ( 0.000000000000000000, 1.000000000000000000, 0.000000000000000000 ) ) ;
#8529 = ORIENTED_EDGE ( 'NONE', *, *, #1765, .T. ) ;
#8530 = EDGE_CURVE ( 'NONE', #1903, #6524, #560, .T. ) ;
#8531 = VECTOR ( 'NONE', #8159, 1000.000000000000000 ) ;
#8532 = ADVANCED_FACE ( 'NONE', ( #3611 ), #6732, .T. ) ;
#8533 = CARTESIAN_POINT ( 'NONE',  ( -46.70910346561914395, 0.000000000000000000, 3.469446951953614189E-15 ) ) ;
#8534 = VECTOR ( 'NONE', #4685, 1000.000000000000000 ) ;
#8535 = AXIS2_PLACEMENT_3D ( 'NONE', #3198, #3984, #2435 ) ;
#8536 = VECTOR ( 'NONE', #7923, 1000.000000000000000 ) ;
#8537 = ORIENTED_EDGE ( 'NONE', *, *, #2251, .F. ) ;
#8538 = CARTESIAN_POINT ( 'NONE',  ( 28.35455173280955421, 0.000000000000000000, 58.35455173280957553 ) ) ;
#8539 = ORIENTED_EDGE ( 'NONE', *, *, #7131, .F. ) ;
#8540 = VECTOR ( 'NONE', #4074, 1000.000000000000000 ) ;
#8541 = CARTESIAN_POINT ( 'NONE',  ( -60.35455173280956132, 33.15544456622761516, -16.35455173280956487 ) ) ;
#8542 = AXIS2_PLACEMENT_3D ( 'NONE', #6479, #8602, #9501 ) ;
#8543 = VECTOR ( 'NONE', #130, 1000.000000000000000 ) ;
#8544 = ORIENTED_EDGE ( 'NONE', *, *, #1635, .T. ) ;
#8545 = LINE ( 'NONE', #384, #8983 ) ;
#8546 = LINE ( 'NONE', #2420, #9810 ) ;
#8547 = VECTOR ( 'NONE', #1302, 1000.000000000000000 ) ;
#8548 = LINE ( 'NONE', #5511, #2151 ) ;
#8549 = ORIENTED_EDGE ( 'NONE', *, *, #5067, .T. ) ;
#8550 = LINE ( 'NONE', #9486, #5372 ) ;
#8551 = DIRECTION ( 'NONE',  ( 0.4999999999999995004, -0.000000000000000000, 0.8660254037844389297 ) ) ;
#8552 = ORIENTED_EDGE ( 'NONE', *, *, #7274, .T. ) ;
#8553 = CARTESIAN_POINT ( 'NONE',  ( 68.35455173280956842, 0.000000000000000000, -48.35455173280956842 ) ) ;
#8554 = EDGE_LOOP ( 'NONE', ( #9428, #7040, #998, #5830 ) ) ;
#8555 = CARTESIAN_POINT ( 'NONE',  ( -18.35455173280934815, -12.00000000000000000, 32.85000000000000142 ) ) ;
#8556 = AXIS2_PLACEMENT_3D ( 'NONE', #1929, #1178, #449 ) ;
#8557 = CARTESIAN_POINT ( 'NONE',  ( 41.64544826719043158, 0.000000000000000000, -2.850000000000001865 ) ) ;
#8558 = LINE ( 'NONE', #6375, #5682 ) ;
#8559 = DIRECTION ( 'NONE',  ( 0.000000000000000000, 1.000000000000000000, 0.000000000000000000 ) ) ;
#8560 = ADVANCED_FACE ( 'NONE', ( #2945 ), #3049, .T. ) ;
#8561 = ORIENTED_EDGE ( 'NONE', *, *, #8878, .F. ) ;
#8562 = LINE ( 'NONE', #5530, #4433 ) ;
#8563 = ORIENTED_EDGE ( 'NONE', *, *, #3957, .F. ) ;
#8564 = PLANE ( 'NONE',  #6017 ) ;
#8565 = VERTEX_POINT ( 'NONE', #9010 ) ;
#8566 = DIRECTION ( 'NONE',  ( 0.000000000000000000, 0.000000000000000000, -1.000000000000000000 ) ) ;
#8567 = VERTEX_POINT ( 'NONE', #5128 ) ;
#8568 = ORIENTED_EDGE ( 'NONE', *, *, #9361, .F. ) ;
#8569 = DIRECTION ( 'NONE',  ( -1.000000000000000000, 0.000000000000000000, -0.000000000000000000 ) ) ;
#8570 = CARTESIAN_POINT ( 'NONE',  ( 48.35455173280956132, 0.000000000000000000, 2.849999999999997868 ) ) ;
#8571 = CARTESIAN_POINT ( 'NONE',  ( -18.35455173280913499, -12.00000000000000000, 47.14999999999999858 ) ) ;
#8572 = ORIENTED_EDGE ( 'NONE', *, *, #6165, .T. ) ;
#8573 = LINE ( 'NONE', #5640, #6894 ) ;
#8574 = EDGE_CURVE ( 'NONE', #5564, #7580, #9700, .T. ) ;
#8575 = EDGE_CURVE ( 'NONE', #73, #901, #8130, .T. ) ;
#8576 = ORIENTED_EDGE ( 'NONE', *, *, #7449, .T. ) ;
#8577 = EDGE_CURVE ( 'NONE', #298, #2223, #9062, .T. ) ;
#8578 = DIRECTION ( 'NONE',  ( 0.000000000000000000, 0.000000000000000000, -1.000000000000000000 ) ) ;
#8579 = VERTEX_POINT ( 'NONE', #2146 ) ;
#8580 = CARTESIAN_POINT ( 'NONE',  ( -18.35455173280955421, -12.00000000000000000, -2.850000000000000089 ) ) ;
#8581 = ORIENTED_EDGE ( 'NONE', *, *, #2808, .F. ) ;
#8582 = DIRECTION ( 'NONE',  ( 0.4999999999999990008, 0.000000000000000000, -0.8660254037844391517 ) ) ;
#8583 = EDGE_CURVE ( 'NONE', #626, #2549, #4346, .T. ) ;
#8584 = DIRECTION ( 'NONE',  ( 1.000000000000000000, -0.000000000000000000, -0.000000000000000000 ) ) ;
#8585 = VERTEX_POINT ( 'NONE', #5988 ) ;
#8586 = ORIENTED_EDGE ( 'NONE', *, *, #6471, .F. ) ;
#8587 = PLANE ( 'NONE',  #1042 ) ;
#8588 = VERTEX_POINT ( 'NONE', #2892 ) ;
#8589 = DIRECTION ( 'NONE',  ( 0.8660254037844389297, 0.000000000000000000, -0.4999999999999995004 ) ) ;
#8590 = EDGE_CURVE ( 'NONE', #352, #9321, #5934, .T. ) ;
#8591 = ADVANCED_FACE ( 'NONE', ( #9806 ), #2845, .T. ) ;
#8592 = VERTEX_POINT ( 'NONE', #765 ) ;
#8593 = CARTESIAN_POINT ( 'NONE',  ( 18.35455173280924512, 0.000000000000000000, 42.85000000000000142 ) ) ;
#8594 = DIRECTION ( 'NONE',  ( 0.4999999999999060751, 0.000000000000000000, -0.8660254037844928865 ) ) ;
#8595 = ORIENTED_EDGE ( 'NONE', *, *, #6015, .F. ) ;
#8596 = LINE ( 'NONE', #247, #858 ) ;
#8597 = ORIENTED_EDGE ( 'NONE', *, *, #152, .F. ) ;
#8598 = FACE_OUTER_BOUND ( 'NONE', #6962, .T. ) ;
#8599 = DIRECTION ( 'NONE',  ( -1.000000000000000000, -0.000000000000000000, -0.000000000000000000 ) ) ;
#8600 = DIRECTION ( 'NONE',  ( -0.4999999999999990563, 0.000000000000000000, -0.8660254037844391517 ) ) ;
#8601 = CARTESIAN_POINT ( 'NONE',  ( -33.29089653438086316, 0.000000000000000000, 10.00000000000000711 ) ) ;
#8602 = DIRECTION ( 'NONE',  ( 0.000000000000000000, 1.000000000000000000, -0.000000000000000000 ) ) ;
#8603 = ORIENTED_EDGE ( 'NONE', *, *, #292, .T. ) ;
#8604 = CARTESIAN_POINT ( 'NONE',  ( -18.35455173280934460, 0.000000000000000000, 27.15000000000000568 ) ) ;
#8605 = ORIENTED_EDGE ( 'NONE', *, *, #1092, .F. ) ;
#8606 = VERTEX_POINT ( 'NONE', #5883 ) ;
#8607 = CARTESIAN_POINT ( 'NONE',  ( 16.70910346561880999, -12.00000000000000000, 40.00000000000000000 ) ) ;
#8608 = EDGE_LOOP ( 'NONE', ( #4068, #4428, #700, #24 ) ) ;
#8609 = ORIENTED_EDGE ( 'NONE', *, *, #6694, .T. ) ;
#8610 = DIRECTION ( 'NONE',  ( 0.000000000000000000, 1.000000000000000000, 0.000000000000000000 ) ) ;
#8611 = CARTESIAN_POINT ( 'NONE',  ( -21.64544826719042803, -12.00000000000000000, -2.850000000000000089 ) ) ;
#8612 = CARTESIAN_POINT ( 'NONE',  ( 53.29089653438087026, -12.00000000000000000, 3.038187096183830448E-15 ) ) ;
#8613 = CARTESIAN_POINT ( 'NONE',  ( 31.64544826719043513, -12.00000000000000000, 2.849999999999998312 ) ) ;
#8614 = ORIENTED_EDGE ( 'NONE', *, *, #6654, .T. ) ;
#8615 = DIRECTION ( 'NONE',  ( 0.000000000000000000, 1.000000000000000000, 0.000000000000000000 ) ) ;
#8616 = EDGE_LOOP ( 'NONE', ( #3275, #3967, #7165, #1160 ) ) ;
#8617 = CARTESIAN_POINT ( 'NONE',  ( 31.64544826719042803, 0.000000000000000000, 7.150000000000007461 ) ) ;
#8618 = ORIENTED_EDGE ( 'NONE', *, *, #4903, .T. ) ;
#8619 = LINE ( 'NONE', #9519, #9727 ) ;
#8620 = CARTESIAN_POINT ( 'NONE',  ( -11.64544826719011361, -12.00000000000000000, 37.15000000000000568 ) ) ;
#8621 = ADVANCED_FACE ( 'NONE', ( #1496 ), #4398, .T. ) ;
#8622 = ADVANCED_FACE ( 'NONE', ( #4495 ), #2048, .T. ) ;
#8623 = ORIENTED_EDGE ( 'NONE', *, *, #7673, .F. ) ;
#8624 = VECTOR ( 'NONE', #1543, 1000.000000000000000 ) ;
#8625 = AXIS2_PLACEMENT_3D ( 'NONE', #8731, #8828, #6510 ) ;
#8626 = CARTESIAN_POINT ( 'NONE',  ( 56.70910346561912263, 0.000000000000000000, 0.000000000000000000 ) ) ;
#8627 = VECTOR ( 'NONE', #8738, 1000.000000000000114 ) ;
#8628 = LINE ( 'NONE', #9570, #3080 ) ;
#8629 = ORIENTED_EDGE ( 'NONE', *, *, #1123, .F. ) ;
#8630 = ORIENTED_EDGE ( 'NONE', *, *, #1542, .T. ) ;
#8631 = EDGE_CURVE ( 'NONE', #9086, #1012, #610, .T. ) ;
#8632 = VECTOR ( 'NONE', #398, 1000.000000000000000 ) ;
#8633 = ORIENTED_EDGE ( 'NONE', *, *, #737, .F. ) ;
#8634 = ADVANCED_FACE ( 'NONE', ( #2247 ), #710, .T. ) ;
#8635 = VECTOR ( 'NONE', #156, 1000.000000000000000 ) ;
#8636 = EDGE_CURVE ( 'NONE', #7173, #1926, #9751, .T. ) ;
#8637 = CARTESIAN_POINT ( 'NONE',  ( 38.35455173280955421, -12.00000000000000000, -2.850000000000000089 ) ) ;
#8638 = VERTEX_POINT ( 'NONE', #3801 ) ;
#8639 = DIRECTION ( 'NONE',  ( -0.4999999999999990563, 0.000000000000000000, -0.8660254037844391517 ) ) ;
#8640 = EDGE_LOOP ( 'NONE', ( #8597, #8586, #5950, #4486 ) ) ;
#8641 = FACE_OUTER_BOUND ( 'NONE', #9353, .T. ) ;
#8642 = ORIENTED_EDGE ( 'NONE', *, *, #5488, .T. ) ;
#8643 = CARTESIAN_POINT ( 'NONE',  ( 18.35455173280955421, -12.00000000000000000, 7.150000000000007461 ) ) ;
#8644 = CARTESIAN_POINT ( 'NONE',  ( 11.64544826719042447, -12.00000000000000000, 12.85000000000000675 ) ) ;
#8645 = VECTOR ( 'NONE', #7544, 1000.000000000000114 ) ;
#8646 = VERTEX_POINT ( 'NONE', #6839 ) ;
#8647 = LINE ( 'NONE', #7867, #1493 ) ;
#8648 = CARTESIAN_POINT ( 'NONE',  ( -51.64544826719043158, 0.000000000000000000, 7.150000000000007461 ) ) ;
#8649 = DIRECTION ( 'NONE',  ( -1.000000000000000000, 0.000000000000000000, -0.000000000000000000 ) ) ;
#8650 = EDGE_CURVE ( 'NONE', #4220, #8023, #23, .T. ) ;
#8651 = CARTESIAN_POINT ( 'NONE',  ( 60.35455173280956132, 36.15544456622761516, -48.64544826719049553 ) ) ;
#8652 = DIRECTION ( 'NONE',  ( 0.000000000000000000, 1.000000000000000000, 0.000000000000000000 ) ) ;
#8653 = FACE_OUTER_BOUND ( 'NONE', #4047, .T. ) ;
#8654 = VERTEX_POINT ( 'NONE', #7641 ) ;
#8655 = DIRECTION ( 'NONE',  ( -0.8660254037844389297, 0.000000000000000000, 0.4999999999999995004 ) ) ;
#8656 = ORIENTED_EDGE ( 'NONE', *, *, #4205, .T. ) ;
#8657 = ORIENTED_EDGE ( 'NONE', *, *, #9685, .F. ) ;
#8658 = CARTESIAN_POINT ( 'NONE',  ( 11.64544826719021664, -12.00000000000000000, 32.85000000000000142 ) ) ;
#8659 = AXIS2_PLACEMENT_3D ( 'NONE', #6525, #5617, #3432 ) ;
#8660 = ORIENTED_EDGE ( 'NONE', *, *, #922, .T. ) ;
#8661 = ORIENTED_EDGE ( 'NONE', *, *, #9296, .F. ) ;
#8662 = LINE ( 'NONE', #1101, #3398 ) ;
#8663 = DIRECTION ( 'NONE',  ( -0.5000000000000004441, -0.000000000000000000, -0.8660254037844383745 ) ) ;
#8664 = CARTESIAN_POINT ( 'NONE',  ( -58.35455173280956132, -12.00000000000000000, 2.849999999999997868 ) ) ;
#8665 = EDGE_LOOP ( 'NONE', ( #4011, #7015, #7094, #8921, #9225, #1963 ) ) ;
#8666 = VECTOR ( 'NONE', #6797, 1000.000000000000000 ) ;
#8667 = VECTOR ( 'NONE', #835, 1000.000000000000000 ) ;
#8668 = DIRECTION ( 'NONE',  ( 0.8660254037844394848, 0.000000000000000000, -0.4999999999999985567 ) ) ;
#8669 = ORIENTED_EDGE ( 'NONE', *, *, #2836, .F. ) ;
#8670 = DIRECTION ( 'NONE',  ( 0.4999999999999060751, 0.000000000000000000, 0.8660254037844928865 ) ) ;
#8671 = LINE ( 'NONE', #7946, #5146 ) ;
#8672 = DIRECTION ( 'NONE',  ( -0.4999999999999992784, 0.000000000000000000, -0.8660254037844390407 ) ) ;
#8673 = VECTOR ( 'NONE', #4056, 1000.000000000000114 ) ;
#8674 = CARTESIAN_POINT ( 'NONE',  ( -18.35455173280955421, -12.00000000000000000, 2.849999999999997868 ) ) ;
#8675 = ORIENTED_EDGE ( 'NONE', *, *, #5925, .F. ) ;
#8676 = AXIS2_PLACEMENT_3D ( 'NONE', #1993, #7182, #5037 ) ;
#8677 = DIRECTION ( 'NONE',  ( 0.000000000000000000, 1.000000000000000000, 0.000000000000000000 ) ) ;
#8678 = ORIENTED_EDGE ( 'NONE', *, *, #5107, .F. ) ;
#8679 = EDGE_CURVE ( 'NONE', #3417, #4044, #8562, .T. ) ;
#8680 = ORIENTED_EDGE ( 'NONE', *, *, #4588, .F. ) ;
#8681 = AXIS2_PLACEMENT_3D ( 'NONE', #7870, #5618, #8649 ) ;
#8682 = VERTEX_POINT ( 'NONE', #3842 ) ;
#8683 = LINE ( 'NONE', #5657, #3268 ) ;
#8684 = VECTOR ( 'NONE', #2484, 1000.000000000000000 ) ;
#8685 = ORIENTED_EDGE ( 'NONE', *, *, #8688, .F. ) ;
#8686 = DIRECTION ( 'NONE',  ( 1.000000000000000000, 0.000000000000000000, 0.000000000000000000 ) ) ;
#8687 = EDGE_LOOP ( 'NONE', ( #3392, #4934, #2018, #6892 ) ) ;
#8688 = EDGE_CURVE ( 'NONE', #2302, #9096, #8469, .T. ) ;
#8689 = AXIS2_PLACEMENT_3D ( 'NONE', #8962, #8234, #1350 ) ;
#8690 = LINE ( 'NONE', #8593, #5513 ) ;
#8691 = EDGE_CURVE ( 'NONE', #6285, #5429, #6879, .T. ) ;
#8692 = PLANE ( 'NONE',  #6253 ) ;
#8693 = VECTOR ( 'NONE', #3745, 1000.000000000000000 ) ;
#8694 = EDGE_CURVE ( 'NONE', #8286, #7949, #7827, .T. ) ;
#8695 = VECTOR ( 'NONE', #5264, 1000.000000000000000 ) ;
#8696 = ORIENTED_EDGE ( 'NONE', *, *, #5762, .F. ) ;
#8697 = DIRECTION ( 'NONE',  ( 0.000000000000000000, 0.000000000000000000, 1.000000000000000000 ) ) ;
#8698 = CARTESIAN_POINT ( 'NONE',  ( -8.354551732809238018, -12.00000000000000000, 37.15000000000000568 ) ) ;
#8699 = CARTESIAN_POINT ( 'NONE',  ( -18.35455173280944763, -12.00000000000000000, 17.15000000000000568 ) ) ;
#8700 = FACE_OUTER_BOUND ( 'NONE', #6384, .T. ) ;
#8701 = DIRECTION ( 'NONE',  ( -0.4999999999999992228, 0.000000000000000000, -0.8660254037844390407 ) ) ;
#8702 = CARTESIAN_POINT ( 'NONE',  ( 13.29089653438055052, -12.00000000000000000, 40.00000000000000000 ) ) ;
#8703 = VECTOR ( 'NONE', #1445, 1000.000000000000000 ) ;
#8704 = FACE_OUTER_BOUND ( 'NONE', #918, .T. ) ;
#8705 = EDGE_LOOP ( 'NONE', ( #329, #9797, #9265, #6836 ) ) ;
#8706 = EDGE_CURVE ( 'NONE', #7104, #5068, #207, .T. ) ;
#8707 = EDGE_CURVE ( 'NONE', #7644, #8527, #4602, .T. ) ;
#8708 = VECTOR ( 'NONE', #9109, 1000.000000000000000 ) ;
#8709 = CARTESIAN_POINT ( 'NONE',  ( 48.35455173280956132, -0.000000000000000000, 12.85000000000000675 ) ) ;
#8710 = ORIENTED_EDGE ( 'NONE', *, *, #257, .T. ) ;
#8711 = ORIENTED_EDGE ( 'NONE', *, *, #8301, .T. ) ;
#8712 = DIRECTION ( 'NONE',  ( -0.8660254037844389297, 0.000000000000000000, -0.4999999999999995004 ) ) ;
#8713 = ORIENTED_EDGE ( 'NONE', *, *, #3800, .F. ) ;
#8714 = ORIENTED_EDGE ( 'NONE', *, *, #206, .T. ) ;
#8715 = DIRECTION ( 'NONE',  ( -1.000000000000000000, 0.000000000000000000, 0.000000000000000000 ) ) ;
#8716 = CARTESIAN_POINT ( 'NONE',  ( -23.29089653438086316, 0.000000000000000000, 20.00000000000000355 ) ) ;
#8717 = DIRECTION ( 'NONE',  ( 0.4999999999999997224, 0.000000000000000000, -0.8660254037844388186 ) ) ;
#8718 = EDGE_LOOP ( 'NONE', ( #2058, #7668, #7574, #7464 ) ) ;
#8719 = FACE_OUTER_BOUND ( 'NONE', #1229, .T. ) ;
#8720 = EDGE_CURVE ( 'NONE', #517, #4584, #1748, .T. ) ;
#8721 = EDGE_CURVE ( 'NONE', #4865, #1809, #9159, .T. ) ;
#8722 = EDGE_CURVE ( 'NONE', #7958, #777, #3156, .T. ) ;
#8723 = CARTESIAN_POINT ( 'NONE',  ( -8.354551732809238018, -12.00000000000000000, 37.15000000000000568 ) ) ;
#8724 = ORIENTED_EDGE ( 'NONE', *, *, #8407, .T. ) ;
#8725 = CARTESIAN_POINT ( 'NONE',  ( -50.35455173280956132, 10.00000000000000178, -56.64544826719043158 ) ) ;
#8726 = EDGE_CURVE ( 'NONE', #2147, #9332, #1551, .T. ) ;
#8727 = PLANE ( 'NONE',  #3388 ) ;
#8728 = DIRECTION ( 'NONE',  ( -0.8660254037844391517, 0.000000000000000000, 0.4999999999999992784 ) ) ;
#8729 = CARTESIAN_POINT ( 'NONE',  ( -60.35455173280956132, 30.15544456622761516, -48.64544826719049553 ) ) ;
#8730 = EDGE_LOOP ( 'NONE', ( #3732, #4138, #6768, #6995 ) ) ;
#8731 = CARTESIAN_POINT ( 'NONE',  ( 0.000000000000000000, -12.00000000000000000, 0.000000000000000000 ) ) ;
#8732 = ORIENTED_EDGE ( 'NONE', *, *, #3357, .T. ) ;
#8733 = ORIENTED_EDGE ( 'NONE', *, *, #5547, .F. ) ;
#8734 = EDGE_CURVE ( 'NONE', #235, #2608, #2298, .T. ) ;
#8735 = VERTEX_POINT ( 'NONE', #1594 ) ;
#8736 = PLANE ( 'NONE',  #2636 ) ;
#8737 = ORIENTED_EDGE ( 'NONE', *, *, #1268, .F. ) ;
#8738 = DIRECTION ( 'NONE',  ( -0.4999999999999992784, -0.000000000000000000, 0.8660254037844390407 ) ) ;
#8739 = ORIENTED_EDGE ( 'NONE', *, *, #7078, .F. ) ;
#8740 = LINE ( 'NONE', #1082, #8850 ) ;
#8741 = DIRECTION ( 'NONE',  ( -0.5000000000000008882, 0.000000000000000000, 0.8660254037844381525 ) ) ;
#8742 = ORIENTED_EDGE ( 'NONE', *, *, #3740, .T. ) ;
#8743 = LINE ( 'NONE', #5020, #2460 ) ;
#8744 = DIRECTION ( 'NONE',  ( -1.000000000000000000, 0.000000000000000000, -0.000000000000000000 ) ) ;
#8745 = CARTESIAN_POINT ( 'NONE',  ( -23.29089653438044749, -12.00000000000000000, 50.00000000000000000 ) ) ;
#8746 = CARTESIAN_POINT ( 'NONE',  ( 23.29089653438055052, -12.00000000000000000, 40.00000000000000000 ) ) ;
#8747 = FACE_OUTER_BOUND ( 'NONE', #850, .T. ) ;
#8748 = EDGE_CURVE ( 'NONE', #5377, #7239, #5334, .T. ) ;
#8749 = EDGE_CURVE ( 'NONE', #908, #237, #3243, .T. ) ;
#8750 = ORIENTED_EDGE ( 'NONE', *, *, #2511, .F. ) ;
#8751 = LINE ( 'NONE', #1935, #7703 ) ;
#8752 = CARTESIAN_POINT ( 'NONE',  ( -8.354551732809447628, -12.00000000000000000, 17.15000000000000568 ) ) ;
#8753 = ORIENTED_EDGE ( 'NONE', *, *, #2017, .F. ) ;
#8754 = ORIENTED_EDGE ( 'NONE', *, *, #4128, .T. ) ;
#8755 = DIRECTION ( 'NONE',  ( 0.4999999999999990008, -0.000000000000000000, 0.8660254037844391517 ) ) ;
#8756 = ORIENTED_EDGE ( 'NONE', *, *, #5496, .F. ) ;
#8757 = ORIENTED_EDGE ( 'NONE', *, *, #3116, .T. ) ;
#8758 = LINE ( 'NONE', #412, #4976 ) ;
#8759 = DIRECTION ( 'NONE',  ( 1.000000000000000000, -0.000000000000000000, -0.000000000000000000 ) ) ;
#8760 = EDGE_CURVE ( 'NONE', #3033, #8089, #849, .T. ) ;
#8761 = LINE ( 'NONE', #317, #8392 ) ;
#8762 = EDGE_CURVE ( 'NONE', #3510, #949, #6936, .T. ) ;
#8763 = EDGE_CURVE ( 'NONE', #4512, #3840, #1693, .T. ) ;
#8764 = VERTEX_POINT ( 'NONE', #5432 ) ;
#8765 = DIRECTION ( 'NONE',  ( -1.000000000000000000, 0.000000000000000000, -0.000000000000000000 ) ) ;
#8766 = LINE ( 'NONE', #7944, #601 ) ;
#8767 = ORIENTED_EDGE ( 'NONE', *, *, #5512, .F. ) ;
#8768 = CYLINDRICAL_SURFACE ( 'NONE', #3413, 2.999999999999999112 ) ;
#8769 = LINE ( 'NONE', #1955, #8475 ) ;
#8770 = DIRECTION ( 'NONE',  ( 0.000000000000000000, -0.000000000000000000, -1.000000000000000000 ) ) ;
#8771 = EDGE_CURVE ( 'NONE', #4230, #3126, #4692, .T. ) ;
#8772 = LINE ( 'NONE', #8674, #2184 ) ;
#8773 = VERTEX_POINT ( 'NONE', #6985 ) ;
#8774 = ADVANCED_FACE ( 'NONE', ( #3200 ), #6233, .F. ) ;
#8775 = CARTESIAN_POINT ( 'NONE',  ( 28.35455173280955421, 0.000000000000000000, 18.35455173280956842 ) ) ;
#8776 = ORIENTED_EDGE ( 'NONE', *, *, #7673, .T. ) ;
#8777 = ORIENTED_EDGE ( 'NONE', *, *, #9460, .F. ) ;
#8778 = VERTEX_POINT ( 'NONE', #4744 ) ;
#8779 = CARTESIAN_POINT ( 'NONE',  ( 60.35455173280956132, 41.15544456622760805, -56.64544826719043868 ) ) ;
#8780 = VECTOR ( 'NONE', #3305, 1000.000000000000114 ) ;
#8781 = DIRECTION ( 'NONE',  ( -0.5000000000000004441, -0.000000000000000000, -0.8660254037844383745 ) ) ;
#8782 = AXIS2_PLACEMENT_3D ( 'NONE', #7259, #4319, #391 ) ;
#8783 = ORIENTED_EDGE ( 'NONE', *, *, #2565, .T. ) ;
#8784 = DIRECTION ( 'NONE',  ( -1.000000000000000000, -0.000000000000000000, -0.000000000000000000 ) ) ;
#8785 = DIRECTION ( 'NONE',  ( 0.000000000000000000, 1.000000000000000000, 0.000000000000000000 ) ) ;
#8786 = EDGE_LOOP ( 'NONE', ( #8537, #4085, #6509, #8572 ) ) ;
#8787 = VECTOR ( 'NONE', #9557, 1000.000000000000000 ) ;
#8788 = VECTOR ( 'NONE', #851, 1000.000000000000000 ) ;
#8790 = DIRECTION ( 'NONE',  ( 0.4999999999999999445, -0.000000000000000000, -0.8660254037844387076 ) ) ;
#8789 = VECTOR ( 'NONE', #6961, 1000.000000000000000 ) ;
#8791 = CARTESIAN_POINT ( 'NONE',  ( 38.35455173280955421, 0.000000000000000000, -2.850000000000000089 ) ) ;
#8792 = DIRECTION ( 'NONE',  ( 0.000000000000000000, -2.312964634635742895E-17, 1.000000000000000000 ) ) ;
#8793 = FACE_OUTER_BOUND ( 'NONE', #6912, .T. ) ;
#8794 = VERTEX_POINT ( 'NONE', #3297 ) ;
#8795 = CARTESIAN_POINT ( 'NONE',  ( -23.29089653438055052, 0.000000000000000000, 40.00000000000000000 ) ) ;
#8796 = ORIENTED_EDGE ( 'NONE', *, *, #2966, .F. ) ;
#8797 = VECTOR ( 'NONE', #5535, 1000.000000000000000 ) ;
#8798 = VECTOR ( 'NONE', #8075, 1000.000000000000000 ) ;
#8799 = CARTESIAN_POINT ( 'NONE',  ( 38.35455173280955421, 0.000000000000000000, 2.849999999999997868 ) ) ;
#8800 = CARTESIAN_POINT ( 'NONE',  ( 13.29089653438075835, -12.00000000000000000, 20.00000000000000355 ) ) ;
#8801 = ORIENTED_EDGE ( 'NONE', *, *, #5592, .F. ) ;
#8802 = VERTEX_POINT ( 'NONE', #6331 ) ;
#8803 = LINE ( 'NONE', #1989, #5312 ) ;
#8804 = ORIENTED_EDGE ( 'NONE', *, *, #2117, .T. ) ;
#8805 = PLANE ( 'NONE',  #5938 ) ;
#8806 = CARTESIAN_POINT ( 'NONE',  ( -8.354551732809238018, -12.00000000000000000, 42.85000000000000142 ) ) ;
#8807 = LINE ( 'NONE', #1946, #592 ) ;
#8808 = AXIS2_PLACEMENT_3D ( 'NONE', #1319, #578, #3634 ) ;
#8809 = VERTEX_POINT ( 'NONE', #2539 ) ;
#8810 = CARTESIAN_POINT ( 'NONE',  ( -28.35455173280955421, -12.00000000000000000, 7.150000000000007461 ) ) ;
#8811 = EDGE_CURVE ( 'NONE', #2010, #5577, #5573, .T. ) ;
#8812 = VECTOR ( 'NONE', #1684, 1000.000000000000114 ) ;
#8813 = LINE ( 'NONE', #1910, #9807 ) ;
#8814 = EDGE_CURVE ( 'NONE', #8646, #4213, #6827, .T. ) ;
#8815 = VERTEX_POINT ( 'NONE', #3975 ) ;
#8816 = CARTESIAN_POINT ( 'NONE',  ( 26.70910346561912618, -12.00000000000000000, 10.00000000000000711 ) ) ;
#8817 = EDGE_CURVE ( 'NONE', #5429, #2020, #7576, .T. ) ;
#8818 = DIRECTION ( 'NONE',  ( -1.000000000000000000, 0.000000000000000000, -0.000000000000000000 ) ) ;
#8819 = LINE ( 'NONE', #4150, #4664 ) ;
#8820 = DIRECTION ( 'NONE',  ( -0.4999999999999990563, -0.000000000000000000, 0.8660254037844391517 ) ) ;
#8821 = FACE_OUTER_BOUND ( 'NONE', #2099, .T. ) ;
#8822 = PLANE ( 'NONE',  #2813 ) ;
#8823 = VECTOR ( 'NONE', #3918, 1000.000000000000000 ) ;
#8824 = VERTEX_POINT ( 'NONE', #7627 ) ;
#8825 = ORIENTED_EDGE ( 'NONE', *, *, #435, .F. ) ;
#8826 = ADVANCED_FACE ( 'NONE', ( #747 ), #1481, .T. ) ;
#8827 = VECTOR ( 'NONE', #1027, 999.9999999999998863 ) ;
#8828 = DIRECTION ( 'NONE',  ( 0.000000000000000000, 1.000000000000000000, -0.000000000000000000 ) ) ;
#8829 = ORIENTED_EDGE ( 'NONE', *, *, #5057, .F. ) ;
#8830 = EDGE_CURVE ( 'NONE', #643, #1185, #2235, .T. ) ;
#8831 = VECTOR ( 'NONE', #6006, 1000.000000000000000 ) ;
#8832 = ORIENTED_EDGE ( 'NONE', *, *, #4617, .F. ) ;
#8833 = ORIENTED_EDGE ( 'NONE', *, *, #6281, .T. ) ;
#8834 = CARTESIAN_POINT ( 'NONE',  ( -23.29089653438065710, -12.00000000000000000, 30.00000000000000711 ) ) ;
#8835 = DIRECTION ( 'NONE',  ( 0.8660254037844381525, 0.000000000000000000, -0.5000000000000008882 ) ) ;
#8836 = VECTOR ( 'NONE', #6050, 1000.000000000000000 ) ;
#8837 = ORIENTED_EDGE ( 'NONE', *, *, #539, .F. ) ;
#8838 = PLANE ( 'NONE',  #6450 ) ;
#8839 = ADVANCED_FACE ( 'NONE', ( #798 ), #7016, .T. ) ;
#8840 = DIRECTION ( 'NONE',  ( -0.8660254037844381525, 0.000000000000000000, 0.5000000000000008882 ) ) ;
#8841 = ORIENTED_EDGE ( 'NONE', *, *, #1840, .F. ) ;
#8842 = ORIENTED_EDGE ( 'NONE', *, *, #6089, .F. ) ;
#8843 = LINE ( 'NONE', #585, #5809 ) ;
#8844 = VECTOR ( 'NONE', #8663, 1000.000000000000114 ) ;
#8845 = LINE ( 'NONE', #9537, #3954 ) ;
#8846 = LINE ( 'NONE', #5024, #1069 ) ;
#8847 = EDGE_LOOP ( 'NONE', ( #4035, #5136, #1826, #2697, #7976, #5155 ) ) ;
#8848 = CARTESIAN_POINT ( 'NONE',  ( 21.64544826719021486, 0.000000000000000000, 27.15000000000000213 ) ) ;
#8849 = VERTEX_POINT ( 'NONE', #6973 ) ;
#8850 = VECTOR ( 'NONE', #6413, 1000.000000000000114 ) ;
#8851 = VECTOR ( 'NONE', #7637, 1000.000000000000114 ) ;
#8852 = VECTOR ( 'NONE', #6071, 1000.000000000000114 ) ;
#8853 = CARTESIAN_POINT ( 'NONE',  ( -16.70910346561880999, -12.00000000000000000, 40.00000000000000000 ) ) ;
#8854 = CARTESIAN_POINT ( 'NONE',  ( 48.35455173280956132, -12.00000000000000000, -2.850000000000000089 ) ) ;
#8855 = DIRECTION ( 'NONE',  ( 0.5000000000000008882, 0.000000000000000000, 0.8660254037844381525 ) ) ;
#8856 = EDGE_LOOP ( 'NONE', ( #6415, #7467, #4913, #9609 ) ) ;
#8857 = ORIENTED_EDGE ( 'NONE', *, *, #539, .T. ) ;
#8858 = DIRECTION ( 'NONE',  ( 1.000000000000000000, -0.000000000000000000, -8.673617379884034239E-17 ) ) ;
#8859 = VECTOR ( 'NONE', #1299, 1000.000000000000000 ) ;
#8860 = ADVANCED_FACE ( 'NONE', ( #7771 ), #6920, .T. ) ;
#8861 = ORIENTED_EDGE ( 'NONE', *, *, #5670, .T. ) ;
#8862 = VECTOR ( 'NONE', #8943, 1000.000000000000000 ) ;
#8863 = LINE ( 'NONE', #8319, #9577 ) ;
#8864 = DIRECTION ( 'NONE',  ( 0.000000000000000000, 0.000000000000000000, 1.000000000000000000 ) ) ;
#8865 = DIRECTION ( 'NONE',  ( -0.8660254037844377084, 0.000000000000000000, 0.5000000000000017764 ) ) ;
#8866 = ORIENTED_EDGE ( 'NONE', *, *, #4813, .T. ) ;
#8867 = CARTESIAN_POINT ( 'NONE',  ( 46.70910346561912974, -12.00000000000000000, 10.00000000000000711 ) ) ;
#8868 = AXIS2_PLACEMENT_3D ( 'NONE', #5844, #7392, #562 ) ;
#8869 = DIRECTION ( 'NONE',  ( 0.8660254037844380415, 0.000000000000000000, -0.5000000000000009992 ) ) ;
#8870 = VERTEX_POINT ( 'NONE', #3086 ) ;
#8871 = CARTESIAN_POINT ( 'NONE',  ( -8.354551732809134990, 0.000000000000000000, 47.14999999999999858 ) ) ;
#8872 = CARTESIAN_POINT ( 'NONE',  ( 18.35455173280934460, -12.00000000000000000, 27.15000000000000568 ) ) ;
#8873 = CARTESIAN_POINT ( 'NONE',  ( 33.29089653438086316, -12.00000000000000000, 3.038187096183830448E-15 ) ) ;
#8874 = CARTESIAN_POINT ( 'NONE',  ( 18.35455173280944763, 0.000000000000000000, 17.15000000000000568 ) ) ;
#8875 = EDGE_CURVE ( 'NONE', #1116, #4769, #884, .T. ) ;
#8876 = CARTESIAN_POINT ( 'NONE',  ( 46.70910346561912974, -12.00000000000000000, 10.00000000000000711 ) ) ;
#8877 = ADVANCED_FACE ( 'NONE', ( #4677 ), #9237, .T. ) ;
#8878 = EDGE_CURVE ( 'NONE', #4322, #8503, #3787, .T. ) ;
#8879 = ORIENTED_EDGE ( 'NONE', *, *, #6278, .T. ) ;
#8880 = CARTESIAN_POINT ( 'NONE',  ( 8.354551732809550657, 0.000000000000000000, -2.850000000000000089 ) ) ;
#8881 = ORIENTED_EDGE ( 'NONE', *, *, #9542, .T. ) ;
#8882 = ORIENTED_EDGE ( 'NONE', *, *, #679, .T. ) ;
#8883 = CARTESIAN_POINT ( 'NONE',  ( 16.70910346561901960, -12.00000000000000000, 20.00000000000000355 ) ) ;
#8884 = EDGE_CURVE ( 'NONE', #4865, #9629, #3036, .T. ) ;
#8885 = LINE ( 'NONE', #9632, #221 ) ;
#8886 = EDGE_CURVE ( 'NONE', #540, #9677, #5268, .T. ) ;
#8887 = EDGE_LOOP ( 'NONE', ( #4465, #7227, #1438, #1615 ) ) ;
#8888 = CARTESIAN_POINT ( 'NONE',  ( 63.29089653438087026, -12.00000000000000000, 10.00000000000000711 ) ) ;
#8890 = ORIENTED_EDGE ( 'NONE', *, *, #3615, .F. ) ;
#8889 = CARTESIAN_POINT ( 'NONE',  ( -21.64544826719043513, -12.00000000000000000, 2.849999999999998312 ) ) ;
#8891 = EDGE_LOOP ( 'NONE', ( #854, #4674, #5484, #9256 ) ) ;
#8892 = DIRECTION ( 'NONE',  ( 0.000000000000000000, -2.312964634635742895E-17, 1.000000000000000000 ) ) ;
#8893 = CARTESIAN_POINT ( 'NONE',  ( 31.64544826719042803, 0.000000000000000000, 12.85000000000000675 ) ) ;
#8894 = DIRECTION ( 'NONE',  ( -1.000000000000000000, 0.000000000000000000, 0.000000000000000000 ) ) ;
#8895 = LINE ( 'NONE', #2074, #6319 ) ;
#8896 = ORIENTED_EDGE ( 'NONE', *, *, #9412, .F. ) ;
#8897 = EDGE_CURVE ( 'NONE', #6056, #5623, #4534, .T. ) ;
#8898 = LINE ( 'NONE', #1242, #7224 ) ;
#8899 = FACE_OUTER_BOUND ( 'NONE', #7317, .T. ) ;
#8900 = CARTESIAN_POINT ( 'NONE',  ( 11.64544826719021664, -12.00000000000000000, 32.85000000000000142 ) ) ;
#8901 = ORIENTED_EDGE ( 'NONE', *, *, #8292, .F. ) ;
#8902 = CARTESIAN_POINT ( 'NONE',  ( 0.000000000000000000, -12.00000000000000000, 0.000000000000000000 ) ) ;
#8903 = DIRECTION ( 'NONE',  ( 0.4999999999999992784, -0.000000000000000000, 0.8660254037844390407 ) ) ;
#8904 = VERTEX_POINT ( 'NONE', #6076 ) ;
#8905 = LINE ( 'NONE', #1439, #2438 ) ;
#8906 = PLANE ( 'NONE',  #4570 ) ;
#8907 = LINE ( 'NONE', #3046, #1068 ) ;
#8908 = EDGE_LOOP ( 'NONE', ( #2399, #787, #4557, #6578 ) ) ;
#8909 = PLANE ( 'NONE',  #3232 ) ;
#8910 = DIRECTION ( 'NONE',  ( -0.5000000000000009992, 0.000000000000000000, -0.8660254037844380415 ) ) ;
#8911 = ORIENTED_EDGE ( 'NONE', *, *, #6124, .T. ) ;
#8912 = CARTESIAN_POINT ( 'NONE',  ( 21.64544826719011539, -12.00000000000000000, 37.15000000000000568 ) ) ;
#8913 = CARTESIAN_POINT ( 'NONE',  ( 48.35455173280956132, 0.000000000000000000, -2.850000000000000089 ) ) ;
#8914 = CARTESIAN_POINT ( 'NONE',  ( 58.35455173280956132, -12.00000000000000000, 2.849999999999997868 ) ) ;
#8915 = PLANE ( 'NONE',  #1692 ) ;
#8916 = DIRECTION ( 'NONE',  ( 0.5000000000000942579, -0.000000000000000000, 0.8660254037843843067 ) ) ;
#8917 = ORIENTED_EDGE ( 'NONE', *, *, #1332, .F. ) ;
#8918 = CARTESIAN_POINT ( 'NONE',  ( 16.70910346561912263, -12.00000000000000000, 1.294402214996931218E-15 ) ) ;
#8919 = EDGE_LOOP ( 'NONE', ( #4055, #2327, #7733, #6251 ) ) ;
#8920 = CARTESIAN_POINT ( 'NONE',  ( 46.70910346561912974, -12.00000000000000000, 1.294402214996931218E-15 ) ) ;
#8921 = ORIENTED_EDGE ( 'NONE', *, *, #8636, .T. ) ;
#8922 = VERTEX_POINT ( 'NONE', #9093 ) ;
#8923 = EDGE_CURVE ( 'NONE', #5247, #5577, #2283, .T. ) ;
#8924 = FACE_OUTER_BOUND ( 'NONE', #6817, .T. ) ;
#8925 = DIRECTION ( 'NONE',  ( -0.8660254037844384856, 0.000000000000000000, 0.5000000000000004441 ) ) ;
#8926 = DIRECTION ( 'NONE',  ( 0.000000000000000000, 1.000000000000000000, 0.000000000000000000 ) ) ;
#8927 = DIRECTION ( 'NONE',  ( 1.000000000000000000, 0.000000000000000000, 0.000000000000000000 ) ) ;
#8928 = VERTEX_POINT ( 'NONE', #3828 ) ;
#8929 = CARTESIAN_POINT ( 'NONE',  ( -8.354551732809134990, 0.000000000000000000, 52.85000000000000142 ) ) ;
#8931 = ORIENTED_EDGE ( 'NONE', *, *, #7628, .T. ) ;
#8930 = DIRECTION ( 'NONE',  ( 0.000000000000000000, 0.000000000000000000, 1.000000000000000000 ) ) ;
#8932 = EDGE_CURVE ( 'NONE', #1732, #9263, #3140, .T. ) ;
#8933 = ORIENTED_EDGE ( 'NONE', *, *, #1530, .F. ) ;
#8934 = ADVANCED_FACE ( 'NONE', ( #8414 ), #6182, .F. ) ;
#8935 = DIRECTION ( 'NONE',  ( 1.000000000000000000, 0.000000000000000000, -0.000000000000000000 ) ) ;
#8936 = EDGE_CURVE ( 'NONE', #3805, #1628, #3474, .T. ) ;
#8937 = ORIENTED_EDGE ( 'NONE', *, *, #5010, .F. ) ;
#8938 = CARTESIAN_POINT ( 'NONE',  ( -60.35455173280956132, 14.99999999999997691, -48.64544826719049553 ) ) ;
#8939 = VECTOR ( 'NONE', #3976, 1000.000000000000000 ) ;
#8940 = VECTOR ( 'NONE', #1665, 1000.000000000000000 ) ;
#8941 = DIRECTION ( 'NONE',  ( -1.734723475976807094E-16, -0.000000000000000000, 1.000000000000000000 ) ) ;
#8942 = CARTESIAN_POINT ( 'NONE',  ( 50.35455173280956132, 41.15544456622760805, -56.64544826719043868 ) ) ;
#8943 = DIRECTION ( 'NONE',  ( 0.000000000000000000, 1.000000000000000000, 0.000000000000000000 ) ) ;
#8944 = ORIENTED_EDGE ( 'NONE', *, *, #5967, .F. ) ;
#8945 = VECTOR ( 'NONE', #4942, 1000.000000000000000 ) ;
#8946 = VECTOR ( 'NONE', #6853, 1000.000000000000000 ) ;
#8947 = PLANE ( 'NONE',  #9768 ) ;
#8948 = CARTESIAN_POINT ( 'NONE',  ( -8.354551732809550657, -12.00000000000000000, -2.850000000000000089 ) ) ;
#8949 = ORIENTED_EDGE ( 'NONE', *, *, #4290, .T. ) ;
#8950 = DIRECTION ( 'NONE',  ( 1.000000000000000000, -0.000000000000000000, 8.673617379884034239E-17 ) ) ;
#8951 = CARTESIAN_POINT ( 'NONE',  ( 6.709103465619016937, -12.00000000000000000, 20.00000000000000355 ) ) ;
#8952 = ADVANCED_FACE ( 'NONE', ( #3182 ), #4669, .T. ) ;
#8953 = ORIENTED_EDGE ( 'NONE', *, *, #5996, .F. ) ;
#8954 = DIRECTION ( 'NONE',  ( 0.5000000000000005551, 0.000000000000000000, 0.8660254037844382635 ) ) ;
#8955 = DIRECTION ( 'NONE',  ( -1.000000000000000000, 0.000000000000000000, 0.000000000000000000 ) ) ;
#8956 = AXIS2_PLACEMENT_3D ( 'NONE', #9538, #1931, #3436 ) ;
#8957 = EDGE_CURVE ( 'NONE', #5227, #173, #3217, .T. ) ;
#8958 = CARTESIAN_POINT ( 'NONE',  ( 50.35455173280956132, 33.15544456622761516, -13.35455173280956842 ) ) ;
#8959 = VECTOR ( 'NONE', #4877, 1000.000000000000000 ) ;
#8960 = ORIENTED_EDGE ( 'NONE', *, *, #4038, .F. ) ;
#8961 = CARTESIAN_POINT ( 'NONE',  ( -6.709103465618912132, -12.00000000000000000, 30.00000000000000711 ) ) ;
#8962 = CARTESIAN_POINT ( 'NONE',  ( -31.64544826719042803, -12.00000000000000000, -2.850000000000000089 ) ) ;
#8963 = VECTOR ( 'NONE', #1450, 1000.000000000000000 ) ;
#8964 = VERTEX_POINT ( 'NONE', #5504 ) ;
#8965 = CARTESIAN_POINT ( 'NONE',  ( 13.29089653438086316, -12.00000000000000000, 10.00000000000000711 ) ) ;
#8966 = CARTESIAN_POINT ( 'NONE',  ( -16.70910346561912263, -12.00000000000000000, 10.00000000000000711 ) ) ;
#8967 = CARTESIAN_POINT ( 'NONE',  ( -50.35455173280956132, 41.15544456622760805, -56.64544826719043868 ) ) ;
#8968 = DIRECTION ( 'NONE',  ( -1.000000000000000000, -0.000000000000000000, -0.000000000000000000 ) ) ;
#8969 = ORIENTED_EDGE ( 'NONE', *, *, #7321, .T. ) ;
#8970 = CARTESIAN_POINT ( 'NONE',  ( 18.35455173280924512, -12.00000000000000000, 42.85000000000000142 ) ) ;
#8971 = AXIS2_PLACEMENT_3D ( 'NONE', #6722, #2781, #7429 ) ;
#8972 = VERTEX_POINT ( 'NONE', #877 ) ;
#8973 = CARTESIAN_POINT ( 'NONE',  ( -33.29089653438086316, -12.00000000000000000, 10.00000000000000711 ) ) ;
#8974 = FACE_OUTER_BOUND ( 'NONE', #7620, .T. ) ;
#8975 = ORIENTED_EDGE ( 'NONE', *, *, #3424, .F. ) ;
#8976 = EDGE_LOOP ( 'NONE', ( #5587, #7829, #1072, #2159 ) ) ;
#8977 = DIRECTION ( 'NONE',  ( 0.000000000000000000, -1.000000000000000000, 0.000000000000000000 ) ) ;
#8978 = DIRECTION ( 'NONE',  ( -1.000000000000000000, -0.000000000000000000, -0.000000000000000000 ) ) ;
#8979 = LINE ( 'NONE', #7306, #4228 ) ;
#8980 = DIRECTION ( 'NONE',  ( -1.000000000000000000, 0.000000000000000000, -0.000000000000000000 ) ) ;
#8981 = EDGE_LOOP ( 'NONE', ( #4018, #5502, #6682, #8614 ) ) ;
#8982 = ADVANCED_FACE ( 'NONE', ( #4771 ), #3271, .T. ) ;
#8983 = VECTOR ( 'NONE', #6260, 1000.000000000000000 ) ;
#8984 = FACE_OUTER_BOUND ( 'NONE', #3545, .T. ) ;
#8985 = ORIENTED_EDGE ( 'NONE', *, *, #7746, .T. ) ;
#8986 = CARTESIAN_POINT ( 'NONE',  ( 60.35455173280956132, 0.000000000000000000, 0.000000000000000000 ) ) ;
#8987 = EDGE_LOOP ( 'NONE', ( #9766, #7996, #2874, #6721 ) ) ;
#8988 = LINE ( 'NONE', #6123, #7778 ) ;
#8989 = DIRECTION ( 'NONE',  ( -0.5000000000000009992, 0.000000000000000000, 0.8660254037844380415 ) ) ;
#8990 = AXIS2_PLACEMENT_3D ( 'NONE', #481, #2712, #1369 ) ;
#8991 = ORIENTED_EDGE ( 'NONE', *, *, #6893, .T. ) ;
#8992 = EDGE_CURVE ( 'NONE', #9303, #9526, #9192, .T. ) ;
#8993 = ADVANCED_FACE ( 'NONE', ( #3245 ), #8564, .T. ) ;
#8994 = VECTOR ( 'NONE', #3662, 1000.000000000000000 ) ;
#8995 = PLANE ( 'NONE',  #409 ) ;
#8996 = CARTESIAN_POINT ( 'NONE',  ( 21.64544826719042447, 0.000000000000000000, 52.85000000000000853 ) ) ;
#8997 = ORIENTED_EDGE ( 'NONE', *, *, #192, .T. ) ;
#8998 = CARTESIAN_POINT ( 'NONE',  ( 63.29089653438087026, -12.00000000000000000, 3.038187096183830448E-15 ) ) ;
#8999 = DIRECTION ( 'NONE',  ( 0.000000000000000000, 0.000000000000000000, -1.000000000000000000 ) ) ;
#9000 = ORIENTED_EDGE ( 'NONE', *, *, #3908, .F. ) ;
#9001 = FACE_BOUND ( 'NONE', #699, .T. ) ;
#9002 = DIRECTION ( 'NONE',  ( -1.000000000000000000, 0.000000000000000000, 0.000000000000000000 ) ) ;
#9003 = VECTOR ( 'NONE', #3641, 1000.000000000000000 ) ;
#9004 = DIRECTION ( 'NONE',  ( -0.4999999999999992228, 0.000000000000000000, -0.8660254037844390407 ) ) ;
#9005 = AXIS2_PLACEMENT_3D ( 'NONE', #1345, #6782, #9004 ) ;
#9006 = VECTOR ( 'NONE', #4390, 1000.000000000000000 ) ;
#9007 = ORIENTED_EDGE ( 'NONE', *, *, #9819, .F. ) ;
#9008 = DIRECTION ( 'NONE',  ( 1.000000000000000000, -0.000000000000000000, -0.000000000000000000 ) ) ;
#9009 = EDGE_CURVE ( 'NONE', #9603, #4368, #6687, .T. ) ;
#9010 = CARTESIAN_POINT ( 'NONE',  ( 50.35455173280956132, 36.15544456622761516, -48.64544826719049553 ) ) ;
#9011 = VECTOR ( 'NONE', #3658, 1000.000000000000000 ) ;
#9012 = ADVANCED_FACE ( 'NONE', ( #3514 ), #6549, .T. ) ;
#9013 = ORIENTED_EDGE ( 'NONE', *, *, #143, .F. ) ;
#9014 = DIRECTION ( 'NONE',  ( -0.4999999999999992228, 0.000000000000000000, -0.8660254037844390407 ) ) ;
#9015 = VECTOR ( 'NONE', #2333, 1000.000000000000000 ) ;
#9016 = VECTOR ( 'NONE', #5316, 1000.000000000000000 ) ;
#9017 = LINE ( 'NONE', #2204, #608 ) ;
#9018 = LINE ( 'NONE', #3616, #9414 ) ;
#9019 = DIRECTION ( 'NONE',  ( -0.5000000000000004441, 0.000000000000000000, 0.8660254037844383745 ) ) ;
#9020 = DIRECTION ( 'NONE',  ( -0.4999999999999990008, -0.000000000000000000, 0.8660254037844391517 ) ) ;
#9021 = EDGE_CURVE ( 'NONE', #8027, #2142, #7338, .T. ) ;
#9022 = VECTOR ( 'NONE', #3944, 999.9999999999998863 ) ;
#9023 = ORIENTED_EDGE ( 'NONE', *, *, #1166, .F. ) ;
#9024 = DIRECTION ( 'NONE',  ( 0.4999999999999999445, -0.000000000000000000, -0.8660254037844387076 ) ) ;
#9025 = ORIENTED_EDGE ( 'NONE', *, *, #1158, .F. ) ;
#9026 = DIRECTION ( 'NONE',  ( -1.000000000000000000, -0.000000000000000000, -0.000000000000000000 ) ) ;
#9027 = EDGE_CURVE ( 'NONE', #1190, #8778, #8091, .T. ) ;
#9028 = CARTESIAN_POINT ( 'NONE',  ( -60.35455173280956132, 36.15544456622760805, -16.35455173280956487 ) ) ;
#9029 = ORIENTED_EDGE ( 'NONE', *, *, #4813, .F. ) ;
#9030 = VECTOR ( 'NONE', #7418, 1000.000000000000000 ) ;
#9031 = ORIENTED_EDGE ( 'NONE', *, *, #4776, .T. ) ;
#9032 = CARTESIAN_POINT ( 'NONE',  ( 60.35455173280956132, 33.15544456622761516, -13.35455173280956842 ) ) ;
#9033 = CARTESIAN_POINT ( 'NONE',  ( -8.354551732809238018, -12.00000000000000000, 42.85000000000000142 ) ) ;
#9034 = ORIENTED_EDGE ( 'NONE', *, *, #3001, .F. ) ;
#9035 = PLANE ( 'NONE',  #4869 ) ;
#9036 = PLANE ( 'NONE',  #1010 ) ;
#9037 = LINE ( 'NONE', #8108, #9581 ) ;
#9038 = ORIENTED_EDGE ( 'NONE', *, *, #3321, .T. ) ;
#9039 = DIRECTION ( 'NONE',  ( 0.000000000000000000, 1.000000000000000000, 0.000000000000000000 ) ) ;
#9040 = EDGE_LOOP ( 'NONE', ( #3047, #181, #7728, #2257 ) ) ;
#9041 = EDGE_CURVE ( 'NONE', #5623, #8027, #8133, .T. ) ;
#9042 = ORIENTED_EDGE ( 'NONE', *, *, #1767, .T. ) ;
#9043 = CARTESIAN_POINT ( 'NONE',  ( -18.35455173280955776, -12.00000000000000000, 12.85000000000000675 ) ) ;
#9044 = VERTEX_POINT ( 'NONE', #9562 ) ;
#9045 = CARTESIAN_POINT ( 'NONE',  ( -8.354551732809351705, 0.000000000000000000, 27.15000000000000213 ) ) ;
#9046 = LINE ( 'NONE', #4673, #7604 ) ;
#9047 = ORIENTED_EDGE ( 'NONE', *, *, #3962, .F. ) ;
#9048 = ORIENTED_EDGE ( 'NONE', *, *, #8830, .F. ) ;
#9049 = DIRECTION ( 'NONE',  ( 0.000000000000000000, 1.000000000000000000, 0.000000000000000000 ) ) ;
#9050 = CARTESIAN_POINT ( 'NONE',  ( 33.29089653438086316, 0.000000000000000000, 3.469446951953614189E-15 ) ) ;
#9051 = PLANE ( 'NONE',  #4526 ) ;
#9052 = ORIENTED_EDGE ( 'NONE', *, *, #5914, .T. ) ;
#9053 = LINE ( 'NONE', #649, #559 ) ;
#9054 = CARTESIAN_POINT ( 'NONE',  ( 18.35455173280924157, 0.000000000000000000, 37.15000000000000568 ) ) ;
#9055 = EDGE_CURVE ( 'NONE', #1246, #239, #4401, .T. ) ;
#9056 = EDGE_CURVE ( 'NONE', #9671, #6431, #9660, .T. ) ;
#9057 = FACE_OUTER_BOUND ( 'NONE', #6170, .T. ) ;
#9058 = DIRECTION ( 'NONE',  ( -0.4999999999999992784, 0.000000000000000000, -0.8660254037844390407 ) ) ;
#9059 = LINE ( 'NONE', #5983, #4730 ) ;
#9060 = ORIENTED_EDGE ( 'NONE', *, *, #9364, .F. ) ;
#9061 = DIRECTION ( 'NONE',  ( -0.4999999999999990008, 0.000000000000000000, -0.8660254037844391517 ) ) ;
#9062 = LINE ( 'NONE', #5234, #8703 ) ;
#9063 = ORIENTED_EDGE ( 'NONE', *, *, #8577, .T. ) ;
#9064 = ADVANCED_FACE ( 'NONE', ( #1257 ), #3463, .F. ) ;
#9065 = DIRECTION ( 'NONE',  ( 1.000000000000000000, -0.000000000000000000, -0.000000000000000000 ) ) ;
#9066 = EDGE_LOOP ( 'NONE', ( #2689, #2288, #9413, #7826 ) ) ;
#9067 = ADVANCED_FACE ( 'NONE', ( #512 ), #3561, .T. ) ;
#9068 = EDGE_CURVE ( 'NONE', #9092, #7416, #2848, .T. ) ;
#9069 = DIRECTION ( 'NONE',  ( 0.000000000000000000, -1.000000000000000000, 0.000000000000000000 ) ) ;
#9070 = CARTESIAN_POINT ( 'NONE',  ( -28.35455173280955421, 0.000000000000000000, 2.849999999999997868 ) ) ;
#9071 = CARTESIAN_POINT ( 'NONE',  ( 16.70910346561891302, -12.00000000000000000, 30.00000000000000711 ) ) ;
#9072 = ORIENTED_EDGE ( 'NONE', *, *, #5740, .F. ) ;
#9073 = PLANE ( 'NONE',  #3119 ) ;
#9074 = VERTEX_POINT ( 'NONE', #5338 ) ;
#9075 = CARTESIAN_POINT ( 'NONE',  ( 31.64544826719042803, -12.00000000000000000, -2.850000000000000089 ) ) ;
#9076 = CARTESIAN_POINT ( 'NONE',  ( 48.35455173280956132, -12.00000000000000000, -2.850000000000000089 ) ) ;
#9077 = ORIENTED_EDGE ( 'NONE', *, *, #1223, .T. ) ;
#9078 = CARTESIAN_POINT ( 'NONE',  ( -43.29089653438087026, -12.00000000000000000, 10.00000000000000711 ) ) ;
#9079 = LINE ( 'NONE', #6657, #8831 ) ;
#9080 = CARTESIAN_POINT ( 'NONE',  ( -56.70910346561912974, -12.00000000000000000, 1.294402214996931218E-15 ) ) ;
#9081 = DIRECTION ( 'NONE',  ( 0.000000000000000000, 0.000000000000000000, 1.000000000000000000 ) ) ;
#9082 = FACE_OUTER_BOUND ( 'NONE', #7616, .T. ) ;
#9083 = PLANE ( 'NONE',  #8160 ) ;
#9084 = ORIENTED_EDGE ( 'NONE', *, *, #8280, .F. ) ;
#9085 = LINE ( 'NONE', #7412, #4344 ) ;
#9086 = VERTEX_POINT ( 'NONE', #9164 ) ;
#9087 = DIRECTION ( 'NONE',  ( 1.000000000000000000, 0.000000000000000000, -0.000000000000000000 ) ) ;
#9088 = CARTESIAN_POINT ( 'NONE',  ( -8.354551732809447628, 0.000000000000000000, 22.85000000000000497 ) ) ;
#9089 = FACE_OUTER_BOUND ( 'NONE', #6949, .T. ) ;
#9090 = EDGE_LOOP ( 'NONE', ( #6607, #7525, #8544, #432 ) ) ;
#9091 = DIRECTION ( 'NONE',  ( 0.000000000000000000, 0.000000000000000000, 1.000000000000000000 ) ) ;
#9092 = VERTEX_POINT ( 'NONE', #1448 ) ;
#9093 = CARTESIAN_POINT ( 'NONE',  ( -41.64544826719043158, 0.000000000000000000, -2.850000000000000089 ) ) ;
#9094 = LINE ( 'NONE', #5375, #6935 ) ;
#9095 = CARTESIAN_POINT ( 'NONE',  ( -58.35455173280955421, -0.000000000000000000, -2.849999999999998312 ) ) ;
#9096 = VERTEX_POINT ( 'NONE', #2401 ) ;
#9098 = DIRECTION ( 'NONE',  ( -1.000000000000000000, 0.000000000000000000, 1.734723475976807094E-16 ) ) ;
#9097 = VECTOR ( 'NONE', #2414, 1000.000000000000000 ) ;
#9099 = CARTESIAN_POINT ( 'NONE',  ( 63.29089653438087026, 0.000000000000000000, 10.00000000000000711 ) ) ;
#9100 = FACE_BOUND ( 'NONE', #7713, .T. ) ;
#9101 = LINE ( 'NONE', #6276, #7597 ) ;
#9102 = DIRECTION ( 'NONE',  ( -0.5000000000000247580, -0.000000000000000000, -0.8660254037844242747 ) ) ;
#9103 = EDGE_LOOP ( 'NONE', ( #9029, #7936, #8382, #4961 ) ) ;
#9104 = LINE ( 'NONE', #7440, #9262 ) ;
#9105 = AXIS2_PLACEMENT_3D ( 'NONE', #2545, #3107, #3164 ) ;
#9106 = VECTOR ( 'NONE', #2562, 1000.000000000000114 ) ;
#9107 = VECTOR ( 'NONE', #3480, 1000.000000000000000 ) ;
#9108 = EDGE_CURVE ( 'NONE', #4211, #2519, #8281, .T. ) ;
#9109 = DIRECTION ( 'NONE',  ( 0.000000000000000000, 1.000000000000000000, 0.000000000000000000 ) ) ;
#9110 = ORIENTED_EDGE ( 'NONE', *, *, #1824, .F. ) ;
#9111 = CARTESIAN_POINT ( 'NONE',  ( 18.35455173280934460, -12.00000000000000000, 27.15000000000000568 ) ) ;
#9112 = PLANE ( 'NONE',  #3320 ) ;
#9113 = ORIENTED_EDGE ( 'NONE', *, *, #5016, .T. ) ;
#9114 = CIRCLE ( 'NONE', #1966, 2.999999999999995559 ) ;
#9115 = VECTOR ( 'NONE', #647, 1000.000000000000000 ) ;
#9116 = LINE ( 'NONE', #5184, #1309 ) ;
#9117 = CARTESIAN_POINT ( 'NONE',  ( -61.64544826719043158, -12.00000000000000000, -2.850000000000000089 ) ) ;
#9118 = ORIENTED_EDGE ( 'NONE', *, *, #4982, .T. ) ;
#9119 = CARTESIAN_POINT ( 'NONE',  ( 60.35455173280956132, 36.15544456622761516, -48.64544826719049553 ) ) ;
#9120 = EDGE_CURVE ( 'NONE', #4802, #9234, #8471, .T. ) ;
#9121 = AXIS2_PLACEMENT_3D ( 'NONE', #5576, #1798, #5689 ) ;
#9122 = ADVANCED_FACE ( 'NONE', ( #713 ), #9214, .T. ) ;
#9123 = VECTOR ( 'NONE', #7192, 1000.000000000000114 ) ;
#9124 = ORIENTED_EDGE ( 'NONE', *, *, #8200, .F. ) ;
#9125 = EDGE_CURVE ( 'NONE', #4503, #6714, #3009, .T. ) ;
#9126 = CARTESIAN_POINT ( 'NONE',  ( 8.354551732809134990, 0.000000000000000000, 52.85000000000000142 ) ) ;
#9127 = CARTESIAN_POINT ( 'NONE',  ( -48.35455173280956132, -12.00000000000000000, -2.850000000000000089 ) ) ;
#9128 = DIRECTION ( 'NONE',  ( 0.5000000000000009992, 0.000000000000000000, 0.8660254037844380415 ) ) ;
#9129 = CARTESIAN_POINT ( 'NONE',  ( -21.64544826719011539, -12.00000000000000000, 37.15000000000000568 ) ) ;
#9130 = PLANE ( 'NONE',  #8332 ) ;
#9131 = ORIENTED_EDGE ( 'NONE', *, *, #5237, .F. ) ;
#9132 = ADVANCED_FACE ( 'NONE', ( #5282 ), #9112, .T. ) ;
#9133 = CARTESIAN_POINT ( 'NONE',  ( 0.000000000000000000, -12.00000000000000000, 0.000000000000000000 ) ) ;
#9134 = ORIENTED_EDGE ( 'NONE', *, *, #4161, .F. ) ;
#9135 = PRESENTATION_LAYER_ASSIGNMENT (  '', '', ( #4379 ) ) ;
#9136 = DIRECTION ( 'NONE',  ( 1.000000000000000000, 0.000000000000000000, -0.000000000000000000 ) ) ;
#9137 = LINE ( 'NONE', #743, #5048 ) ;
#9138 = AXIS2_PLACEMENT_3D ( 'NONE', #6358, #9371, #7101 ) ;
#9139 = ORIENTED_EDGE ( 'NONE', *, *, #4039, .F. ) ;
#9140 = LINE ( 'NONE', #190, #1388 ) ;
#9141 = ADVANCED_FACE ( 'NONE', ( #4605 ), #1500, .T. ) ;
#9142 = AXIS2_PLACEMENT_3D ( 'NONE', #3734, #1243, #2831 ) ;
#9143 = ORIENTED_EDGE ( 'NONE', *, *, #4588, .T. ) ;
#9144 = PRODUCT_DEFINITION_CONTEXT ( 'detailed design', #7009, 'design' ) ;
#9145 = DIRECTION ( 'NONE',  ( 0.5000000000000009992, -0.000000000000000000, -0.8660254037844380415 ) ) ;
#9146 = LINE ( 'NONE', #1582, #8203 ) ;
#9147 = FACE_OUTER_BOUND ( 'NONE', #9314, .T. ) ;
#9148 = ORIENTED_EDGE ( 'NONE', *, *, #7940, .T. ) ;
#9149 = EDGE_CURVE ( 'NONE', #8815, #6763, #5238, .T. ) ;
#9150 = CARTESIAN_POINT ( 'NONE',  ( 51.64544826719043158, -12.00000000000000000, 12.85000000000000675 ) ) ;
#9151 = CARTESIAN_POINT ( 'NONE',  ( 0.000000000000000000, -12.00000000000000000, 0.000000000000000000 ) ) ;
#9152 = AXIS2_PLACEMENT_3D ( 'NONE', #8396, #4615, #1566 ) ;
#9153 = FACE_BOUND ( 'NONE', #2960, .T. ) ;
#9154 = CARTESIAN_POINT ( 'NONE',  ( -6.709103465618806439, 0.000000000000000000, 40.00000000000000000 ) ) ;
#9155 = CARTESIAN_POINT ( 'NONE',  ( -13.29089653438055052, 0.000000000000000000, 40.00000000000000000 ) ) ;
#9156 = ORIENTED_EDGE ( 'NONE', *, *, #7368, .F. ) ;
#9157 = PLANE ( 'NONE',  #59 ) ;
#9158 = AXIS2_PLACEMENT_3D ( 'NONE', #8094, #3362, #9620 ) ;
#9159 = LINE ( 'NONE', #7027, #8708 ) ;
#9160 = ADVANCED_FACE ( 'NONE', ( #6842 ), #4498, .T. ) ;
#9161 = VERTEX_POINT ( 'NONE', #9812 ) ;
#9163 = EDGE_CURVE ( 'NONE', #3544, #8206, #8429, .T. ) ;
#9162 = LINE ( 'NONE', #8428, #1817 ) ;
#9164 = CARTESIAN_POINT ( 'NONE',  ( 11.64544826719042447, -12.00000000000000000, 7.150000000000007461 ) ) ;
#9165 = ORIENTED_EDGE ( 'NONE', *, *, #6278, .F. ) ;
#9166 = FACE_OUTER_BOUND ( 'NONE', #4804, .T. ) ;
#9167 = CARTESIAN_POINT ( 'NONE',  ( -43.29089653438087026, -12.00000000000000000, 3.038187096183830448E-15 ) ) ;
#9168 = VECTOR ( 'NONE', #8652, 1000.000000000000000 ) ;
#9169 = DIRECTION ( 'NONE',  ( 1.000000000000000000, 0.000000000000000000, -0.000000000000000000 ) ) ;
#9170 = ORIENTED_EDGE ( 'NONE', *, *, #9544, .F. ) ;
#9171 = CARTESIAN_POINT ( 'NONE',  ( 11.64544826719043158, -12.00000000000000000, 2.849999999999998312 ) ) ;
#9172 = AXIS2_PLACEMENT_3D ( 'NONE', #4540, #803, #1632 ) ;
#9173 = ORIENTED_EDGE ( 'NONE', *, *, #9240, .T. ) ;
#9174 = AXIS2_PLACEMENT_3D ( 'NONE', #5787, #358, #8034 ) ;
#9175 = VECTOR ( 'NONE', #9566, 1000.000000000000000 ) ;
#9176 = DIRECTION ( 'NONE',  ( 1.000000000000000000, 0.000000000000000000, -1.317819823453642871E-16 ) ) ;
#9177 = DIRECTION ( 'NONE',  ( 0.8660254037844387076, -0.000000000000000000, 0.4999999999999998335 ) ) ;
#9178 = CARTESIAN_POINT ( 'NONE',  ( 38.35455173280955421, -12.00000000000000000, -2.850000000000000089 ) ) ;
#9179 = AXIS2_PLACEMENT_3D ( 'NONE', #7795, #2408, #961 ) ;
#9180 = CARTESIAN_POINT ( 'NONE',  ( -48.35455173280956132, 0.000000000000000000, 12.85000000000000675 ) ) ;
#9181 = ADVANCED_FACE ( 'NONE', ( #7489 ), #7681, .F. ) ;
#9182 = EDGE_CURVE ( 'NONE', #4322, #8585, #9017, .T. ) ;
#9183 = CARTESIAN_POINT ( 'NONE',  ( -38.35455173280955421, -12.00000000000000000, 7.150000000000007461 ) ) ;
#9184 = LINE ( 'NONE', #3025, #4036 ) ;
#9185 = VERTEX_POINT ( 'NONE', #6939 ) ;
#9186 = EDGE_CURVE ( 'NONE', #598, #7958, #6047, .T. ) ;
#9187 = AXIS2_PLACEMENT_3D ( 'NONE', #7593, #5991, #853 ) ;
#9188 = CARTESIAN_POINT ( 'NONE',  ( -23.29089653438086316, -12.00000000000000000, 20.00000000000000355 ) ) ;
#9189 = ORIENTED_EDGE ( 'NONE', *, *, #755, .T. ) ;
#9190 = EDGE_CURVE ( 'NONE', #5245, #9738, #125, .T. ) ;
#9191 = CARTESIAN_POINT ( 'NONE',  ( 13.29089653438086316, -12.00000000000000000, 3.038187096183830448E-15 ) ) ;
#9192 = LINE ( 'NONE', #7710, #294 ) ;
#9193 = ORIENTED_EDGE ( 'NONE', *, *, #5914, .F. ) ;
#9194 = EDGE_CURVE ( 'NONE', #5117, #708, #769, .T. ) ;
#9195 = ADVANCED_FACE ( 'NONE', ( #3105 ), #8065, .T. ) ;
#9196 = LINE ( 'NONE', #2278, #9016 ) ;
#9197 = VERTEX_POINT ( 'NONE', #343 ) ;
#9198 = CARTESIAN_POINT ( 'NONE',  ( -21.64544826719042803, -12.00000000000000000, 7.150000000000007461 ) ) ;
#9199 = VERTEX_POINT ( 'NONE', #6422 ) ;
#9200 = CARTESIAN_POINT ( 'NONE',  ( -60.35455173280956132, 33.15544456622761516, -48.64544826719049553 ) ) ;
#9201 = CARTESIAN_POINT ( 'NONE',  ( 23.29089653438065710, 0.000000000000000000, 30.00000000000000711 ) ) ;
#9202 = LINE ( 'NONE', #7666, #8667 ) ;
#9203 = DIRECTION ( 'NONE',  ( 0.4999999999999997224, 0.000000000000000000, -0.8660254037844388186 ) ) ;
#9204 = VERTEX_POINT ( 'NONE', #5675 ) ;
#9205 = DIRECTION ( 'NONE',  ( -0.8660254037844387076, 0.000000000000000000, 0.4999999999999999445 ) ) ;
#9206 = CARTESIAN_POINT ( 'NONE',  ( -58.35455173280956132, 10.00000000000000000, -8.354551732809563092 ) ) ;
#9207 = FACE_BOUND ( 'NONE', #3512, .T. ) ;
#9208 = LINE ( 'NONE', #2392, #7273 ) ;
#9209 = PLANE ( 'NONE',  #3153 ) ;
#9210 = VERTEX_POINT ( 'NONE', #1130 ) ;
#9211 = CARTESIAN_POINT ( 'NONE',  ( 31.64544826719042803, -12.00000000000000000, -2.850000000000000089 ) ) ;
#9212 = ORIENTED_EDGE ( 'NONE', *, *, #3678, .T. ) ;
#9213 = CARTESIAN_POINT ( 'NONE',  ( 8.354551732809134990, -12.00000000000000000, 52.85000000000000142 ) ) ;
#9214 = PLANE ( 'NONE',  #2361 ) ;
#9215 = ORIENTED_EDGE ( 'NONE', *, *, #852, .T. ) ;
#9216 = PLANE ( 'NONE',  #5294 ) ;
#9217 = LINE ( 'NONE', #7684, #1858 ) ;
#9218 = CARTESIAN_POINT ( 'NONE',  ( -26.70910346561912618, -12.00000000000000000, 10.00000000000000711 ) ) ;
#9219 = ORIENTED_EDGE ( 'NONE', *, *, #8771, .T. ) ;
#9220 = CARTESIAN_POINT ( 'NONE',  ( 16.70910346561871052, 0.000000000000000000, 50.00000000000000000 ) ) ;
#9221 = LINE ( 'NONE', #3171, #1552 ) ;
#9222 = CARTESIAN_POINT ( 'NONE',  ( 60.35455173280956132, 30.15544456622761516, -48.64544826719049553 ) ) ;
#9223 = ORIENTED_EDGE ( 'NONE', *, *, #3114, .F. ) ;
#9224 = LINE ( 'NONE', #3910, #120 ) ;
#9225 = ORIENTED_EDGE ( 'NONE', *, *, #911, .T. ) ;
#9226 = LINE ( 'NONE', #9275, #3712 ) ;
#9227 = ORIENTED_EDGE ( 'NONE', *, *, #8277, .F. ) ;
#9228 = CARTESIAN_POINT ( 'NONE',  ( -11.64544826719021664, -0.000000000000000000, 27.15000000000000568 ) ) ;
#9229 = DIRECTION ( 'NONE',  ( 0.8660254037844388186, -0.000000000000000000, 0.4999999999999997224 ) ) ;
#9230 = VERTEX_POINT ( 'NONE', #1281 ) ;
#9231 = DIRECTION ( 'NONE',  ( 0.4999999999999992228, 0.000000000000000000, -0.8660254037844390407 ) ) ;
#9232 = VERTEX_POINT ( 'NONE', #6473 ) ;
#9233 = CARTESIAN_POINT ( 'NONE',  ( 31.64544826719042092, 0.000000000000000000, -2.850000000000000089 ) ) ;
#9234 = VERTEX_POINT ( 'NONE', #4175 ) ;
#9235 = LINE ( 'NONE', #7114, #1046 ) ;
#9236 = ADVANCED_FACE ( 'NONE', ( #8700 ), #3586, .F. ) ;
#9237 = PLANE ( 'NONE',  #8245 ) ;
#9238 = ADVANCED_FACE ( 'NONE', ( #4324, #7217, #5818 ), #8017, .T. ) ;
#9239 = DIRECTION ( 'NONE',  ( -1.000000000000000000, 0.000000000000000000, -0.000000000000000000 ) ) ;
#9240 = EDGE_CURVE ( 'NONE', #3237, #6405, #8845, .T. ) ;
#9241 = CARTESIAN_POINT ( 'NONE',  ( -6.709103465619016937, -12.00000000000000000, 20.00000000000000355 ) ) ;
#9242 = CARTESIAN_POINT ( 'NONE',  ( -28.35455173280955421, -12.00000000000000000, 12.85000000000000675 ) ) ;
#9243 = VERTEX_POINT ( 'NONE', #397 ) ;
#9244 = CARTESIAN_POINT ( 'NONE',  ( 11.64544826719043158, -12.00000000000000000, 2.849999999999998312 ) ) ;
#9245 = ADVANCED_FACE ( 'NONE', ( #3533 ), #7360, .T. ) ;
#9246 = CARTESIAN_POINT ( 'NONE',  ( -31.64544826719042803, 0.000000000000000000, 12.85000000000000675 ) ) ;
#9247 = PLANE ( 'NONE',  #2805 ) ;
#9248 = LINE ( 'NONE', #9345, #7272 ) ;
#9249 = ORIENTED_EDGE ( 'NONE', *, *, #9678, .T. ) ;
#9250 = ADVANCED_FACE ( 'NONE', ( #4970 ), #3434, .T. ) ;
#9251 = EDGE_CURVE ( 'NONE', #1134, #4496, #2681, .T. ) ;
#9252 = CARTESIAN_POINT ( 'NONE',  ( 68.35455173280956842, 10.00000000000000000, 18.35455173280956842 ) ) ;
#9253 = ORIENTED_EDGE ( 'NONE', *, *, #5740, .T. ) ;
#9254 = ORIENTED_EDGE ( 'NONE', *, *, #363, .T. ) ;
#9255 = CARTESIAN_POINT ( 'NONE',  ( 21.64544826719011184, 0.000000000000000000, 37.15000000000000568 ) ) ;
#9256 = ORIENTED_EDGE ( 'NONE', *, *, #475, .T. ) ;
#9257 = ORIENTED_EDGE ( 'NONE', *, *, #6978, .F. ) ;
#9258 = CARTESIAN_POINT ( 'NONE',  ( -6.709103465618808215, -12.00000000000000000, 40.00000000000000000 ) ) ;
#9259 = DIRECTION ( 'NONE',  ( -0.000000000000000000, -1.000000000000000000, -0.000000000000000000 ) ) ;
#9260 = VECTOR ( 'NONE', #5049, 1000.000000000000000 ) ;
#9261 = FACE_OUTER_BOUND ( 'NONE', #1311, .T. ) ;
#9262 = VECTOR ( 'NONE', #3747, 1000.000000000000000 ) ;
#9263 = VERTEX_POINT ( 'NONE', #8156 ) ;
#9264 = CARTESIAN_POINT ( 'NONE',  ( 41.64544826719043158, 0.000000000000000000, -2.850000000000000089 ) ) ;
#9265 = ORIENTED_EDGE ( 'NONE', *, *, #7926, .T. ) ;
#9266 = CARTESIAN_POINT ( 'NONE',  ( -46.70910346561912974, -12.00000000000000000, 1.294402214996931218E-15 ) ) ;
#9267 = VECTOR ( 'NONE', #7332, 1000.000000000000000 ) ;
#9268 = VECTOR ( 'NONE', #9453, 1000.000000000000000 ) ;
#9269 = AXIS2_PLACEMENT_3D ( 'NONE', #3172, #9177, #1609 ) ;
#9270 = ORIENTED_EDGE ( 'NONE', *, *, #4875, .T. ) ;
#9271 = PLANE ( 'NONE',  #572 ) ;
#9272 = VECTOR ( 'NONE', #728, 1000.000000000000000 ) ;
#9273 = VECTOR ( 'NONE', #4679, 1000.000000000000000 ) ;
#9274 = ORIENTED_EDGE ( 'NONE', *, *, #4262, .F. ) ;
#9275 = CARTESIAN_POINT ( 'NONE',  ( 61.64544826719043158, 0.000000000000000000, 7.150000000000007461 ) ) ;
#9276 = ORIENTED_EDGE ( 'NONE', *, *, #5666, .T. ) ;
#9277 = CARTESIAN_POINT ( 'NONE',  ( 53.29089653438087026, 0.000000000000000000, 10.00000000000000711 ) ) ;
#9278 = ORIENTED_EDGE ( 'NONE', *, *, #5851, .T. ) ;
#9279 = CARTESIAN_POINT ( 'NONE',  ( 8.354551732809134990, 0.000000000000000000, 47.14999999999999858 ) ) ;
#9280 = DIRECTION ( 'NONE',  ( 0.000000000000000000, 1.000000000000000000, 0.000000000000000000 ) ) ;
#9281 = EDGE_CURVE ( 'NONE', #3635, #3988, #2072, .T. ) ;
#9282 = VERTEX_POINT ( 'NONE', #5723 ) ;
#9283 = VECTOR ( 'NONE', #3379, 1000.000000000000114 ) ;
#9284 = CARTESIAN_POINT ( 'NONE',  ( -11.64544826719042447, -12.00000000000000000, -2.850000000000000089 ) ) ;
#9285 = FACE_OUTER_BOUND ( 'NONE', #3072, .T. ) ;
#9286 = ORIENTED_EDGE ( 'NONE', *, *, #4904, .F. ) ;
#9287 = CARTESIAN_POINT ( 'NONE',  ( -11.64544826719000881, -12.00000000000000000, 47.14999999999999858 ) ) ;
#9288 = VERTEX_POINT ( 'NONE', #5112 ) ;
#9289 = DIRECTION ( 'NONE',  ( 0.000000000000000000, 0.000000000000000000, 1.000000000000000000 ) ) ;
#9290 = DIRECTION ( 'NONE',  ( 0.8660254037844387076, -0.000000000000000000, 0.4999999999999999445 ) ) ;
#9291 = FACE_BOUND ( 'NONE', #7149, .T. ) ;
#9292 = DIRECTION ( 'NONE',  ( 0.000000000000000000, 0.000000000000000000, 1.000000000000000000 ) ) ;
#9293 = VECTOR ( 'NONE', #3877, 1000.000000000000000 ) ;
#9294 = DIRECTION ( 'NONE',  ( 0.000000000000000000, 1.000000000000000000, -0.000000000000000000 ) ) ;
#9295 = ADVANCED_FACE ( 'NONE', ( #3381 ), #7315, .T. ) ;
#9296 = EDGE_CURVE ( 'NONE', #2638, #949, #3491, .T. ) ;
#9297 = ORIENTED_EDGE ( 'NONE', *, *, #1506, .F. ) ;
#9298 = VECTOR ( 'NONE', #3816, 1000.000000000000000 ) ;
#9299 = CARTESIAN_POINT ( 'NONE',  ( 8.354551732809238018, 0.000000000000000000, 42.85000000000000142 ) ) ;
#9300 = VERTEX_POINT ( 'NONE', #5022 ) ;
#9301 = ORIENTED_EDGE ( 'NONE', *, *, #5290, .F. ) ;
#9302 = CARTESIAN_POINT ( 'NONE',  ( 11.64544826719032145, -12.00000000000000000, 22.85000000000000497 ) ) ;
#9303 = VERTEX_POINT ( 'NONE', #5767 ) ;
#9304 = VERTEX_POINT ( 'NONE', #8791 ) ;
#9305 = CARTESIAN_POINT ( 'NONE',  ( -31.64544826719043513, 0.000000000000000000, 2.849999999999998312 ) ) ;
#9306 = DIRECTION ( 'NONE',  ( 0.000000000000000000, -0.000000000000000000, -1.000000000000000000 ) ) ;
#9307 = CARTESIAN_POINT ( 'NONE',  ( -58.35455173280956132, 0.000000000000000000, 7.150000000000007461 ) ) ;
#9308 = ADVANCED_FACE ( 'NONE', ( #1979 ), #6566, .T. ) ;
#9309 = VECTOR ( 'NONE', #5941, 999.9999999999998863 ) ;
#9310 = ORIENTED_EDGE ( 'NONE', *, *, #4594, .F. ) ;
#9311 = CARTESIAN_POINT ( 'NONE',  ( 28.35455173280955421, 10.00000000000000000, 18.35455173280956842 ) ) ;
#9312 = ORIENTED_EDGE ( 'NONE', *, *, #3772, .F. ) ;
#9313 = CARTESIAN_POINT ( 'NONE',  ( 38.35455173280955421, -12.00000000000000000, 12.85000000000000675 ) ) ;
#9314 = EDGE_LOOP ( 'NONE', ( #8423, #5100, #8221, #2016 ) ) ;
#9315 = AXIS2_PLACEMENT_3D ( 'NONE', #2434, #4542, #64 ) ;
#9316 = DIRECTION ( 'NONE',  ( 0.000000000000000000, 0.000000000000000000, -1.000000000000000000 ) ) ;
#9317 = ADVANCED_FACE ( 'NONE', ( #5913 ), #4529, .T. ) ;
#9318 = VECTOR ( 'NONE', #9550, 1000.000000000000000 ) ;
#9319 = VECTOR ( 'NONE', #117, 1000.000000000000000 ) ;
#9320 = VECTOR ( 'NONE', #7623, 1000.000000000000114 ) ;
#9321 = VERTEX_POINT ( 'NONE', #4431 ) ;
#9322 = EDGE_CURVE ( 'NONE', #5764, #4200, #7517, .T. ) ;
#9323 = FACE_OUTER_BOUND ( 'NONE', #440, .T. ) ;
#9324 = CARTESIAN_POINT ( 'NONE',  ( -11.64544826719032145, -12.00000000000000000, 17.15000000000000568 ) ) ;
#9325 = ORIENTED_EDGE ( 'NONE', *, *, #2117, .F. ) ;
#9326 = VECTOR ( 'NONE', #7747, 1000.000000000000000 ) ;
#9327 = ORIENTED_EDGE ( 'NONE', *, *, #1409, .F. ) ;
#9328 = VECTOR ( 'NONE', #9443, 1000.000000000000000 ) ;
#9329 = DIRECTION ( 'NONE',  ( 0.000000000000000000, 0.000000000000000000, 1.000000000000000000 ) ) ;
#9330 = ORIENTED_EDGE ( 'NONE', *, *, #5010, .T. ) ;
#9331 = DIRECTION ( 'NONE',  ( 1.000000000000000000, -0.000000000000000000, 1.317819823453642871E-16 ) ) ;
#9332 = VERTEX_POINT ( 'NONE', #9088 ) ;
#9333 = PLANE ( 'NONE',  #2183 ) ;
#9334 = AXIS2_PLACEMENT_3D ( 'NONE', #9252, #2442, #5478 ) ;
#9335 = ORIENTED_EDGE ( 'NONE', *, *, #857, .T. ) ;
#9336 = CARTESIAN_POINT ( 'NONE',  ( 8.354551732809342823, -12.00000000000000000, 32.85000000000000142 ) ) ;
#9337 = CARTESIAN_POINT ( 'NONE',  ( 16.70910346561912263, 0.000000000000000000, 1.294402214996931218E-15 ) ) ;
#9338 = ORIENTED_EDGE ( 'NONE', *, *, #7186, .T. ) ;
#9339 = CARTESIAN_POINT ( 'NONE',  ( -13.29089653438075835, -12.00000000000000000, 20.00000000000000355 ) ) ;
#9340 = ORIENTED_EDGE ( 'NONE', *, *, #2013, .T. ) ;
#9341 = LINE ( 'NONE', #2577, #7405 ) ;
#9342 = DIRECTION ( 'NONE',  ( 1.000000000000000000, 0.000000000000000000, -0.000000000000000000 ) ) ;
#9343 = PLANE ( 'NONE',  #5615 ) ;
#9344 = CARTESIAN_POINT ( 'NONE',  ( 21.64544826719042803, -12.00000000000000000, 7.150000000000007461 ) ) ;
#9345 = CARTESIAN_POINT ( 'NONE',  ( -58.35455173280956842, 10.00000000000000000, -48.35455173280956842 ) ) ;
#9346 = VERTEX_POINT ( 'NONE', #5 ) ;
#9347 = DIRECTION ( 'NONE',  ( -1.000000000000000000, 0.000000000000000000, 0.000000000000000000 ) ) ;
#9348 = ORIENTED_EDGE ( 'NONE', *, *, #6455, .T. ) ;
#9349 = EDGE_CURVE ( 'NONE', #3831, #7888, #9825, .T. ) ;
#9351 = EDGE_CURVE ( 'NONE', #8588, #5692, #8209, .T. ) ;
#9350 = ORIENTED_EDGE ( 'NONE', *, *, #7366, .T. ) ;
#9352 = DIRECTION ( 'NONE',  ( -1.000000000000000000, 0.000000000000000000, 0.000000000000000000 ) ) ;
#9353 = EDGE_LOOP ( 'NONE', ( #8629, #8801, #3269, #7759 ) ) ;
#9354 = ORIENTED_EDGE ( 'NONE', *, *, #8886, .T. ) ;
#9355 = DIRECTION ( 'NONE',  ( -0.4999999999999990563, -0.000000000000000000, 0.8660254037844391517 ) ) ;
#9356 = CARTESIAN_POINT ( 'NONE',  ( 13.29089653438075835, 0.000000000000000000, 20.00000000000000355 ) ) ;
#9357 = CARTESIAN_POINT ( 'NONE',  ( -11.64544826719011361, -12.00000000000000000, 42.85000000000000142 ) ) ;
#9358 = LINE ( 'NONE', #9828, #5025 ) ;
#9359 = ORIENTED_EDGE ( 'NONE', *, *, #4944, .T. ) ;
#9360 = DIRECTION ( 'NONE',  ( 0.4999999999999997224, 0.000000000000000000, -0.8660254037844388186 ) ) ;
#9361 = EDGE_CURVE ( 'NONE', #4269, #3746, #686, .T. ) ;
#9362 = CARTESIAN_POINT ( 'NONE',  ( -50.35455173280956132, 10.00000000000000178, -56.64544826719043158 ) ) ;
#9363 = ADVANCED_FACE ( 'NONE', ( #5366 ), #1529, .T. ) ;
#9364 = EDGE_CURVE ( 'NONE', #173, #9518, #6070, .T. ) ;
#9365 = EDGE_LOOP ( 'NONE', ( #6937, #2134, #9762, #5980, #7162, #4761 ) ) ;
#9366 = EDGE_CURVE ( 'NONE', #173, #2280, #8988, .T. ) ;
#9367 = LINE ( 'NONE', #2654, #5953 ) ;
#9368 = DIRECTION ( 'NONE',  ( -0.4999999999999985012, -0.000000000000000000, 0.8660254037844393737 ) ) ;
#9369 = CARTESIAN_POINT ( 'NONE',  ( 58.35455173280956132, 0.000000000000000000, -8.354551732809563092 ) ) ;
#9370 = ORIENTED_EDGE ( 'NONE', *, *, #5768, .T. ) ;
#9371 = DIRECTION ( 'NONE',  ( -0.8660254037844385966, 0.000000000000000000, -0.5000000000000003331 ) ) ;
#9372 = DIRECTION ( 'NONE',  ( -0.5000000000000004441, 0.000000000000000000, 0.8660254037844383745 ) ) ;
#9373 = ORIENTED_EDGE ( 'NONE', *, *, #3974, .F. ) ;
#9374 = VERTEX_POINT ( 'NONE', #7622 ) ;
#9375 = ORIENTED_EDGE ( 'NONE', *, *, #5591, .F. ) ;
#9376 = LINE ( 'NONE', #7856, #882 ) ;
#9377 = CARTESIAN_POINT ( 'NONE',  ( -23.29089653438086316, -12.00000000000000000, 20.00000000000000355 ) ) ;
#9378 = ORIENTED_EDGE ( 'NONE', *, *, #6520, .F. ) ;
#9379 = DIRECTION ( 'NONE',  ( -0.8660254037844394848, 0.000000000000000000, -0.4999999999999985567 ) ) ;
#9380 = CARTESIAN_POINT ( 'NONE',  ( 46.70910346561912974, 0.000000000000000000, 10.00000000000000711 ) ) ;
#9381 = VERTEX_POINT ( 'NONE', #791 ) ;
#9382 = CARTESIAN_POINT ( 'NONE',  ( 18.35455173280944763, -12.00000000000000000, 17.15000000000000568 ) ) ;
#9383 = ORIENTED_EDGE ( 'NONE', *, *, #978, .F. ) ;
#9384 = CARTESIAN_POINT ( 'NONE',  ( 48.35455173280956132, -12.00000000000000000, 12.85000000000000675 ) ) ;
#9385 = LINE ( 'NONE', #199, #2346 ) ;
#9386 = LINE ( 'NONE', #7125, #7542 ) ;
#9387 = CARTESIAN_POINT ( 'NONE',  ( 11.64544826719043158, 0.000000000000000000, 2.849999999999998312 ) ) ;
#9388 = PLANE ( 'NONE',  #6491 ) ;
#9389 = ORIENTED_EDGE ( 'NONE', *, *, #6716, .F. ) ;
#9390 = PLANE ( 'NONE',  #9269 ) ;
#9391 = ORIENTED_EDGE ( 'NONE', *, *, #8688, .T. ) ;
#9392 = ORIENTED_EDGE ( 'NONE', *, *, #8441, .F. ) ;
#9393 = CARTESIAN_POINT ( 'NONE',  ( -41.64544826719043158, -0.000000000000000000, 7.150000000000007461 ) ) ;
#9394 = ORIENTED_EDGE ( 'NONE', *, *, #6091, .F. ) ;
#9395 = EDGE_LOOP ( 'NONE', ( #1701, #5232, #3017, #5984 ) ) ;
#9396 = CARTESIAN_POINT ( 'NONE',  ( 48.35455173280956132, -12.00000000000000000, 12.85000000000000675 ) ) ;
#9397 = CARTESIAN_POINT ( 'NONE',  ( -31.64544826719042803, -12.00000000000000000, 12.85000000000000675 ) ) ;
#9398 = CARTESIAN_POINT ( 'NONE',  ( 50.35455173280956132, 14.99999999999997691, -48.64544826719049553 ) ) ;
#9399 = DIRECTION ( 'NONE',  ( 0.000000000000000000, 0.000000000000000000, 1.000000000000000000 ) ) ;
#9400 = ORIENTED_EDGE ( 'NONE', *, *, #8152, .T. ) ;
#9401 = CARTESIAN_POINT ( 'NONE',  ( 13.29089653438075835, -12.00000000000000000, 20.00000000000000355 ) ) ;
#9402 = EDGE_CURVE ( 'NONE', #3809, #3244, #6863, .T. ) ;
#9403 = DIRECTION ( 'NONE',  ( 0.000000000000000000, 1.000000000000000000, 0.000000000000000000 ) ) ;
#9404 = EDGE_LOOP ( 'NONE', ( #7379, #5951, #4724, #2180 ) ) ;
#9405 = DIRECTION ( 'NONE',  ( 1.000000000000000000, 0.000000000000000000, 0.000000000000000000 ) ) ;
#9406 = VECTOR ( 'NONE', #9564, 1000.000000000000000 ) ;
#9407 = AXIS2_PLACEMENT_3D ( 'NONE', #2516, #5406, #3324 ) ;
#9408 = LINE ( 'NONE', #1865, #2429 ) ;
#9409 = CARTESIAN_POINT ( 'NONE',  ( 38.35455173280955421, 0.000000000000000000, 7.150000000000007461 ) ) ;
#9410 = ADVANCED_FACE ( 'NONE', ( #2178 ), #587, .T. ) ;
#9411 = EDGE_CURVE ( 'NONE', #5280, #4220, #3078, .T. ) ;
#9412 = EDGE_CURVE ( 'NONE', #5577, #4361, #5216, .T. ) ;
#9413 = ORIENTED_EDGE ( 'NONE', *, *, #5352, .T. ) ;
#9414 = VECTOR ( 'NONE', #2205, 1000.000000000000000 ) ;
#9415 = VECTOR ( 'NONE', #458, 1000.000000000000114 ) ;
#9416 = LINE ( 'NONE', #3365, #4831 ) ;
#9417 = VERTEX_POINT ( 'NONE', #9045 ) ;
#9418 = ORIENTED_EDGE ( 'NONE', *, *, #6838, .T. ) ;
#9419 = ADVANCED_FACE ( 'NONE', ( #2230 ), #5262, .T. ) ;
#9420 = VECTOR ( 'NONE', #6753, 1000.000000000000000 ) ;
#9421 = ORIENTED_EDGE ( 'NONE', *, *, #3414, .F. ) ;
#9422 = VECTOR ( 'NONE', #1785, 1000.000000000000227 ) ;
#9423 = DIRECTION ( 'NONE',  ( 0.5000000000000003331, 0.000000000000000000, -0.8660254037844383745 ) ) ;
#9424 = EDGE_CURVE ( 'NONE', #9232, #9197, #3031, .T. ) ;
#9425 = ORIENTED_EDGE ( 'NONE', *, *, #3257, .T. ) ;
#9426 = CARTESIAN_POINT ( 'NONE',  ( 6.709103465618704298, 0.000000000000000000, 50.00000000000000000 ) ) ;
#9427 = EDGE_CURVE ( 'NONE', #9234, #8849, #6464, .T. ) ;
#9428 = ORIENTED_EDGE ( 'NONE', *, *, #3476, .F. ) ;
#9429 = DIRECTION ( 'NONE',  ( 0.000000000000000000, 1.000000000000000000, 0.000000000000000000 ) ) ;
#9430 = DIRECTION ( 'NONE',  ( 0.000000000000000000, 1.000000000000000000, 0.000000000000000000 ) ) ;
#9431 = DIRECTION ( 'NONE',  ( 0.4999999999999996669, 0.000000000000000000, -0.8660254037844388186 ) ) ;
#9432 = AXIS2_PLACEMENT_3D ( 'NONE', #641, #491, #2825 ) ;
#9433 = ORIENTED_EDGE ( 'NONE', *, *, #1241, .T. ) ;
#9434 = CARTESIAN_POINT ( 'NONE',  ( -21.64544826719021842, -0.000000000000000000, 27.15000000000000568 ) ) ;
#9435 = ORIENTED_EDGE ( 'NONE', *, *, #4156, .F. ) ;
#9436 = CARTESIAN_POINT ( 'NONE',  ( 18.35455173280945118, -12.00000000000000000, 22.85000000000000497 ) ) ;
#9437 = DIRECTION ( 'NONE',  ( 0.4999999999999060196, 0.000000000000000000, 0.8660254037844928865 ) ) ;
#9438 = CARTESIAN_POINT ( 'NONE',  ( 0.000000000000000000, -12.00000000000000000, 0.000000000000000000 ) ) ;
#9439 = CARTESIAN_POINT ( 'NONE',  ( -16.70910346561912263, -12.00000000000000000, 10.00000000000000711 ) ) ;
#9440 = LINE ( 'NONE', #2632, #1212 ) ;
#9441 = EDGE_CURVE ( 'NONE', #9725, #1385, #5069, .T. ) ;
#9442 = ADVANCED_FACE ( 'NONE', ( #6518 ), #9530, .T. ) ;
#9443 = DIRECTION ( 'NONE',  ( 0.000000000000000000, 1.000000000000000000, 0.000000000000000000 ) ) ;
#9444 = EDGE_LOOP ( 'NONE', ( #3358, #4984, #6312, #1676 ) ) ;
#9445 = ADVANCED_FACE ( 'NONE', ( #8009 ), #8838, .T. ) ;
#9446 = DIRECTION ( 'NONE',  ( 1.000000000000000000, 0.000000000000000000, -0.000000000000000000 ) ) ;
#9447 = ORIENTED_EDGE ( 'NONE', *, *, #538, .F. ) ;
#9448 = ORIENTED_EDGE ( 'NONE', *, *, #9567, .F. ) ;
#9449 = DIRECTION ( 'NONE',  ( 0.4999999999999995004, 0.000000000000000000, 0.8660254037844389297 ) ) ;
#9450 = AXIS2_PLACEMENT_3D ( 'NONE', #7965, #5567, #3337 ) ;
#9451 = ORIENTED_EDGE ( 'NONE', *, *, #3070, .F. ) ;
#9452 = ORIENTED_EDGE ( 'NONE', *, *, #6847, .T. ) ;
#9453 = DIRECTION ( 'NONE',  ( 0.000000000000000000, 1.000000000000000000, -2.227185007473450017E-16 ) ) ;
#9454 = FACE_OUTER_BOUND ( 'NONE', #248, .T. ) ;
#9455 = PLANE ( 'NONE',  #2348 ) ;
#9456 = ORIENTED_EDGE ( 'NONE', *, *, #9788, .T. ) ;
#9457 = VECTOR ( 'NONE', #7398, 1000.000000000000000 ) ;
#9458 = DIRECTION ( 'NONE',  ( 0.000000000000000000, 1.000000000000000000, 0.000000000000000000 ) ) ;
#9459 = VECTOR ( 'NONE', #7108, 1000.000000000000000 ) ;
#9460 = EDGE_CURVE ( 'NONE', #8585, #2647, #6611, .T. ) ;
#9461 = CARTESIAN_POINT ( 'NONE',  ( 11.64544826719043158, -12.00000000000000000, 2.849999999999998312 ) ) ;
#9462 = ORIENTED_EDGE ( 'NONE', *, *, #1764, .T. ) ;
#9463 = LINE ( 'NONE', #6395, #3097 ) ;
#9464 = CARTESIAN_POINT ( 'NONE',  ( 31.64544826719042803, 0.000000000000000000, 7.150000000000005684 ) ) ;
#9465 = CARTESIAN_POINT ( 'NONE',  ( -50.35455173280956132, 33.15544456622761516, -51.64544826719048842 ) ) ;
#9466 = VECTOR ( 'NONE', #5253, 1000.000000000000000 ) ;
#9467 = LINE ( 'NONE', #3619, #6174 ) ;
#9468 = ORIENTED_EDGE ( 'NONE', *, *, #5496, .T. ) ;
#9469 = VECTOR ( 'NONE', #8474, 1000.000000000000114 ) ;
#9470 = CARTESIAN_POINT ( 'NONE',  ( -61.64544826719043158, -12.00000000000000000, 12.85000000000000675 ) ) ;
#9471 = ORIENTED_EDGE ( 'NONE', *, *, #3175, .T. ) ;
#9472 = EDGE_CURVE ( 'NONE', #8470, #7050, #4121, .T. ) ;
#9473 = EDGE_CURVE ( 'NONE', #2168, #1460, #336, .T. ) ;
#9474 = EDGE_CURVE ( 'NONE', #5908, #5140, #8548, .T. ) ;
#9475 = CIRCLE ( 'NONE', #1862, 2.999999999999995559 ) ;
#9476 = VERTEX_POINT ( 'NONE', #8498 ) ;
#9477 = VECTOR ( 'NONE', #2347, 1000.000000000000000 ) ;
#9478 = DIRECTION ( 'NONE',  ( -1.317819823453642871E-16, 0.000000000000000000, 1.000000000000000000 ) ) ;
#9479 = VECTOR ( 'NONE', #4444, 1000.000000000000114 ) ;
#9480 = ORIENTED_EDGE ( 'NONE', *, *, #6166, .T. ) ;
#9481 = DIRECTION ( 'NONE',  ( -1.000000000000000000, 0.000000000000000000, 0.000000000000000000 ) ) ;
#9482 = ORIENTED_EDGE ( 'NONE', *, *, #8104, .T. ) ;
#9483 = DIRECTION ( 'NONE',  ( 0.5000000000000009992, 0.000000000000000000, 0.8660254037844380415 ) ) ;
#9484 = EDGE_CURVE ( 'NONE', #8444, #1521, #5662, .T. ) ;
#9485 = VECTOR ( 'NONE', #3210, 1000.000000000000000 ) ;
#9486 = CARTESIAN_POINT ( 'NONE',  ( -11.64544826719011361, -12.00000000000000000, 42.85000000000000142 ) ) ;
#9487 = DIRECTION ( 'NONE',  ( 0.000000000000000000, -0.000000000000000000, 1.000000000000000000 ) ) ;
#9488 = VECTOR ( 'NONE', #7625, 1000.000000000000227 ) ;
#9489 = EDGE_CURVE ( 'NONE', #2519, #9649, #1780, .T. ) ;
#9490 = VECTOR ( 'NONE', #4252, 1000.000000000000114 ) ;
#9491 = ORIENTED_EDGE ( 'NONE', *, *, #6457, .T. ) ;
#9492 = FACE_OUTER_BOUND ( 'NONE', #7551, .T. ) ;
#9493 = ADVANCED_FACE ( 'NONE', ( #8641 ), #4168, .T. ) ;
#9494 = CARTESIAN_POINT ( 'NONE',  ( -8.354551732809238018, 0.000000000000000000, 42.85000000000000142 ) ) ;
#9495 = DIRECTION ( 'NONE',  ( 0.8660254037844391517, 0.000000000000000000, -0.4999999999999990563 ) ) ;
#9496 = EDGE_CURVE ( 'NONE', #9653, #4703, #7959, .T. ) ;
#9497 = CARTESIAN_POINT ( 'NONE',  ( -58.35455173280956132, -12.00000000000000000, 7.150000000000007461 ) ) ;
#9498 = CARTESIAN_POINT ( 'NONE',  ( -6.709103465618808215, -12.00000000000000000, 40.00000000000000000 ) ) ;
#9499 = VECTOR ( 'NONE', #9145, 1000.000000000000000 ) ;
#9500 = ORIENTED_EDGE ( 'NONE', *, *, #1578, .T. ) ;
#9501 = DIRECTION ( 'NONE',  ( 0.000000000000000000, 0.000000000000000000, 1.000000000000000000 ) ) ;
#9502 = EDGE_LOOP ( 'NONE', ( #9523, #1188, #1238, #2466 ) ) ;
#9503 = FACE_OUTER_BOUND ( 'NONE', #9707, .T. ) ;
#9504 = AXIS2_PLACEMENT_3D ( 'NONE', #4477, #9726, #7569 ) ;
#9505 = DIRECTION ( 'NONE',  ( 1.000000000000000000, -0.000000000000000000, -0.000000000000000000 ) ) ;
#9506 = ORIENTED_EDGE ( 'NONE', *, *, #6584, .F. ) ;
#9507 = ORIENTED_EDGE ( 'NONE', *, *, #2986, .F. ) ;
#9508 = DIRECTION ( 'NONE',  ( -1.000000000000000000, 0.000000000000000000, -0.000000000000000000 ) ) ;
#9509 = ORIENTED_EDGE ( 'NONE', *, *, #4072, .F. ) ;
#9510 = ORIENTED_EDGE ( 'NONE', *, *, #334, .T. ) ;
#9511 = DIRECTION ( 'NONE',  ( -0.5000000000000008882, 0.000000000000000000, 0.8660254037844381525 ) ) ;
#9512 = CARTESIAN_POINT ( 'NONE',  ( -61.64544826719043158, 0.000000000000000000, -2.850000000000000089 ) ) ;
#9513 = CARTESIAN_POINT ( 'NONE',  ( -61.64544826719043158, -12.00000000000000000, 7.150000000000007461 ) ) ;
#9514 = VERTEX_POINT ( 'NONE', #2619 ) ;
#9515 = CARTESIAN_POINT ( 'NONE',  ( 51.64544826719043868, -12.00000000000000000, 2.849999999999998312 ) ) ;
#9516 = EDGE_CURVE ( 'NONE', #3985, #6141, #7208, .T. ) ;
#9517 = CARTESIAN_POINT ( 'NONE',  ( 21.64544826719001236, -12.00000000000000000, 47.14999999999999858 ) ) ;
#9518 = VERTEX_POINT ( 'NONE', #389 ) ;
#9519 = CARTESIAN_POINT ( 'NONE',  ( -21.64544826719042447, -12.00000000000000000, 52.85000000000000853 ) ) ;
#9520 = CARTESIAN_POINT ( 'NONE',  ( 58.35455173280956842, 10.00000000000000000, -48.35455173280956842 ) ) ;
#9521 = LINE ( 'NONE', #1816, #1532 ) ;
#9522 = DIRECTION ( 'NONE',  ( -0.5000000000000004441, -0.000000000000000000, -0.8660254037844383745 ) ) ;
#9523 = ORIENTED_EDGE ( 'NONE', *, *, #8105, .F. ) ;
#9524 = CARTESIAN_POINT ( 'NONE',  ( -16.70910346561901960, -12.00000000000000000, 20.00000000000000355 ) ) ;
#9525 = ORIENTED_EDGE ( 'NONE', *, *, #9055, .F. ) ;
#9526 = VERTEX_POINT ( 'NONE', #4071 ) ;
#9527 = DIRECTION ( 'NONE',  ( 0.4999999999999992784, 0.000000000000000000, -0.8660254037844390407 ) ) ;
#9528 = CARTESIAN_POINT ( 'NONE',  ( -56.70910346561912974, -12.00000000000000000, 1.294402214996931218E-15 ) ) ;
#9529 = ORIENTED_EDGE ( 'NONE', *, *, #3100, .F. ) ;
#9530 = PLANE ( 'NONE',  #4711 ) ;
#9531 = PLANE ( 'NONE',  #7452 ) ;
#9532 = DIRECTION ( 'NONE',  ( -0.4999999999999990563, 0.000000000000000000, -0.8660254037844391517 ) ) ;
#9533 = EDGE_LOOP ( 'NONE', ( #6712, #5736, #714, #5631, #621, #6403 ) ) ;
#9534 = ORIENTED_EDGE ( 'NONE', *, *, #3421, .T. ) ;
#9535 = CARTESIAN_POINT ( 'NONE',  ( 23.29089653438086316, -12.00000000000000000, 10.00000000000000711 ) ) ;
#9536 = DIRECTION ( 'NONE',  ( -0.8660254037844388186, 0.000000000000000000, 0.4999999999999997224 ) ) ;
#9537 = CARTESIAN_POINT ( 'NONE',  ( 18.35455173280934815, -12.00000000000000000, 32.85000000000000142 ) ) ;
#9538 = CARTESIAN_POINT ( 'NONE',  ( 18.35455173280945118, -12.00000000000000000, 22.85000000000000497 ) ) ;
#9539 = CARTESIAN_POINT ( 'NONE',  ( 61.64544826719043158, -12.00000000000000000, 12.85000000000000675 ) ) ;
#9540 = VERTEX_POINT ( 'NONE', #3426 ) ;
#9541 = PLANE ( 'NONE',  #6318 ) ;
#9542 = EDGE_CURVE ( 'NONE', #7903, #2877, #9235, .T. ) ;
#9543 = ORIENTED_EDGE ( 'NONE', *, *, #3965, .T. ) ;
#9544 = EDGE_CURVE ( 'NONE', #2059, #4399, #4725, .T. ) ;
#9545 = ADVANCED_FACE ( 'NONE', ( #9323 ), #4060, .T. ) ;
#9546 = CARTESIAN_POINT ( 'NONE',  ( -11.64544826719011361, -12.00000000000000000, 37.15000000000000568 ) ) ;
#9547 = CARTESIAN_POINT ( 'NONE',  ( 28.35455173280955421, -12.00000000000000000, 7.150000000000007461 ) ) ;
#9548 = EDGE_LOOP ( 'NONE', ( #9373, #3899, #2509, #1610 ) ) ;
#9549 = ORIENTED_EDGE ( 'NONE', *, *, #1765, .F. ) ;
#9550 = DIRECTION ( 'NONE',  ( 0.000000000000000000, 1.000000000000000000, 0.000000000000000000 ) ) ;
#9551 = ORIENTED_EDGE ( 'NONE', *, *, #940, .T. ) ;
#9552 = DIRECTION ( 'NONE',  ( -0.000000000000000000, -1.000000000000000000, -0.000000000000000000 ) ) ;
#9553 = CARTESIAN_POINT ( 'NONE',  ( 11.64544826719042447, -12.00000000000000000, -2.850000000000000089 ) ) ;
#9554 = CARTESIAN_POINT ( 'NONE',  ( 0.000000000000000000, -12.00000000000000000, 0.000000000000000000 ) ) ;
#9555 = EDGE_CURVE ( 'NONE', #9332, #1658, #2515, .T. ) ;
#9556 = VERTEX_POINT ( 'NONE', #1770 ) ;
#9557 = DIRECTION ( 'NONE',  ( 1.000000000000000000, -0.000000000000000000, -0.000000000000000000 ) ) ;
#9558 = EDGE_CURVE ( 'NONE', #463, #2571, #233, .T. ) ;
#9559 = LINE ( 'NONE', #8723, #5053 ) ;
#9560 = ORIENTED_EDGE ( 'NONE', *, *, #4834, .T. ) ;
#9561 = LINE ( 'NONE', #2745, #1326 ) ;
#9562 = CARTESIAN_POINT ( 'NONE',  ( 18.35455173280944763, -12.00000000000000000, 17.15000000000000568 ) ) ;
#9563 = PLANE ( 'NONE',  #7389 ) ;
#9564 = DIRECTION ( 'NONE',  ( 1.000000000000000000, -0.000000000000000000, -0.000000000000000000 ) ) ;
#9565 = DIRECTION ( 'NONE',  ( -1.000000000000000000, -0.000000000000000000, -0.000000000000000000 ) ) ;
#9566 = DIRECTION ( 'NONE',  ( -0.5000000000000009992, 0.000000000000000000, 0.8660254037844380415 ) ) ;
#9567 = EDGE_CURVE ( 'NONE', #6380, #2927, #284, .T. ) ;
#9568 = ORIENTED_EDGE ( 'NONE', *, *, #9009, .T. ) ;
#9569 = VERTEX_POINT ( 'NONE', #8626 ) ;
#9570 = CARTESIAN_POINT ( 'NONE',  ( 13.29089653438075835, 0.000000000000000000, 20.00000000000000355 ) ) ;
#9571 = ORIENTED_EDGE ( 'NONE', *, *, #3411, .T. ) ;
#9572 = VECTOR ( 'NONE', #7532, 1000.000000000000114 ) ;
#9573 = ORIENTED_EDGE ( 'NONE', *, *, #5344, .F. ) ;
#9574 = EDGE_LOOP ( 'NONE', ( #6054, #7033, #9534, #9721 ) ) ;
#9575 = EDGE_CURVE ( 'NONE', #223, #9282, #5594, .T. ) ;
#9576 = PLANE ( 'NONE',  #3443 ) ;
#9577 = VECTOR ( 'NONE', #3603, 1000.000000000000000 ) ;
#9578 = CARTESIAN_POINT ( 'NONE',  ( 56.70910346561912974, 0.000000000000000000, 10.00000000000000711 ) ) ;
#9579 = AXIS2_PLACEMENT_3D ( 'NONE', #9133, #1, #2113 ) ;
#9580 = ORIENTED_EDGE ( 'NONE', *, *, #6163, .F. ) ;
#9581 = VECTOR ( 'NONE', #6610, 1000.000000000000114 ) ;
#9582 = ADVANCED_FACE ( 'NONE', ( #1820 ), #3323, .T. ) ;
#9583 = ORIENTED_EDGE ( 'NONE', *, *, #2726, .F. ) ;
#9584 = ORIENTED_EDGE ( 'NONE', *, *, #4279, .T. ) ;
#9585 = AXIS2_PLACEMENT_3D ( 'NONE', #629, #438, #2713 ) ;
#9587 = PLANE ( 'NONE',  #3263 ) ;
#9586 = VECTOR ( 'NONE', #2859, 1000.000000000000000 ) ;
#9588 = CARTESIAN_POINT ( 'NONE',  ( 43.29089653438087026, -12.00000000000000000, 3.038187096183830448E-15 ) ) ;
#9589 = ADVANCED_FACE ( 'NONE', ( #7846 ), #1017, .T. ) ;
#9590 = DIRECTION ( 'NONE',  ( 1.000000000000000000, 0.000000000000000000, -0.000000000000000000 ) ) ;
#9591 = ORIENTED_EDGE ( 'NONE', *, *, #8760, .F. ) ;
#9592 = CARTESIAN_POINT ( 'NONE',  ( 6.709103465619120854, -12.00000000000000000, 10.00000000000000711 ) ) ;
#9593 = ORIENTED_EDGE ( 'NONE', *, *, #6037, .T. ) ;
#9594 = VECTOR ( 'NONE', #2081, 1000.000000000000000 ) ;
#9595 = AXIS2_PLACEMENT_3D ( 'NONE', #2340, #5376, #6078 ) ;
#9596 = DIRECTION ( 'NONE',  ( -0.000000000000000000, -1.074435003146972733E-16, -1.000000000000000000 ) ) ;
#9597 = LINE ( 'NONE', #2779, #7550 ) ;
#9598 = ORIENTED_EDGE ( 'NONE', *, *, #8163, .T. ) ;
#9599 = DIRECTION ( 'NONE',  ( 0.000000000000000000, 1.000000000000000000, 0.000000000000000000 ) ) ;
#9600 = FACE_OUTER_BOUND ( 'NONE', #4793, .T. ) ;
#9601 = ADVANCED_FACE ( 'NONE', ( #582 ), #2114, .F. ) ;
#9602 = ADVANCED_FACE ( 'NONE', ( #1671 ), #4721, .T. ) ;
#9603 = VERTEX_POINT ( 'NONE', #2468 ) ;
#9604 = EDGE_CURVE ( 'NONE', #8764, #1137, #1763, .T. ) ;
#9605 = DIRECTION ( 'NONE',  ( 1.000000000000000000, -0.000000000000000000, -0.000000000000000000 ) ) ;
#9606 = DIRECTION ( 'NONE',  ( -0.5000000000000004441, -0.000000000000000000, -0.8660254037844383745 ) ) ;
#9607 = DIRECTION ( 'NONE',  ( 0.000000000000000000, 0.000000000000000000, 1.000000000000000000 ) ) ;
#9608 = AXIS2_PLACEMENT_3D ( 'NONE', #5104, #1466, #5066 ) ;
#9609 = ORIENTED_EDGE ( 'NONE', *, *, #6471, .T. ) ;
#9610 = DIRECTION ( 'NONE',  ( 0.000000000000000000, -0.000000000000000000, -1.000000000000000000 ) ) ;
#9611 = ADVANCED_FACE ( 'NONE', ( #1892 ), #2955, .F. ) ;
#9612 = VECTOR ( 'NONE', #8892, 1000.000000000000000 ) ;
#9613 = CARTESIAN_POINT ( 'NONE',  ( 0.000000000000000000, -12.00000000000000000, 0.000000000000000000 ) ) ;
#9614 = EDGE_LOOP ( 'NONE', ( #2598, #5436, #7176, #322 ) ) ;
#9615 = DIRECTION ( 'NONE',  ( 0.000000000000000000, 1.000000000000000000, 0.000000000000000000 ) ) ;
#9616 = ADVANCED_FACE ( 'NONE', ( #5096 ), #4356, .T. ) ;
#9617 = DIRECTION ( 'NONE',  ( -1.000000000000000000, 0.000000000000000000, 0.000000000000000000 ) ) ;
#9618 = ADVANCED_FACE ( 'NONE', ( #5997 ), #9073, .T. ) ;
#9619 = DIRECTION ( 'NONE',  ( 0.000000000000000000, 1.000000000000000000, 0.000000000000000000 ) ) ;
#9620 = DIRECTION ( 'NONE',  ( -1.000000000000000000, 0.000000000000000000, -0.000000000000000000 ) ) ;
#9621 = DIRECTION ( 'NONE',  ( 0.000000000000000000, -1.000000000000000000, 0.000000000000000000 ) ) ;
#9622 = VECTOR ( 'NONE', #9331, 1000.000000000000000 ) ;
#9623 = FACE_OUTER_BOUND ( 'NONE', #175, .T. ) ;
#9624 = ORIENTED_EDGE ( 'NONE', *, *, #6163, .T. ) ;
#9625 = VECTOR ( 'NONE', #6412, 1000.000000000000000 ) ;
#9626 = CARTESIAN_POINT ( 'NONE',  ( -13.29089653438086316, 0.000000000000000000, 10.00000000000000711 ) ) ;
#9627 = ORIENTED_EDGE ( 'NONE', *, *, #5673, .F. ) ;
#9628 = VECTOR ( 'NONE', #9713, 1000.000000000000000 ) ;
#9629 = VERTEX_POINT ( 'NONE', #2899 ) ;
#9630 = LINE ( 'NONE', #1969, #3915 ) ;
#9631 = DIRECTION ( 'NONE',  ( 0.000000000000000000, 1.000000000000000000, 0.000000000000000000 ) ) ;
#9632 = CARTESIAN_POINT ( 'NONE',  ( 58.35455173280956132, 0.000000000000000000, -2.850000000000000089 ) ) ;
#9633 = VECTOR ( 'NONE', #3058, 1000.000000000000000 ) ;
#9634 = VERTEX_POINT ( 'NONE', #9820 ) ;
#9635 = ORIENTED_EDGE ( 'NONE', *, *, #2423, .T. ) ;
#9636 = DIRECTION ( 'NONE',  ( 0.000000000000000000, 0.000000000000000000, -1.000000000000000000 ) ) ;
#9637 = DIRECTION ( 'NONE',  ( -1.000000000000000000, -0.000000000000000000, -0.000000000000000000 ) ) ;
#9638 = VECTOR ( 'NONE', #345, 1000.000000000000114 ) ;
#9639 = DIRECTION ( 'NONE',  ( 0.000000000000000000, 1.000000000000000000, 0.000000000000000000 ) ) ;
#9640 = CARTESIAN_POINT ( 'NONE',  ( 11.64544826719000881, -12.00000000000000000, 52.85000000000000142 ) ) ;
#9641 = AXIS2_PLACEMENT_3D ( 'NONE', #18, #2086, #5173 ) ;
#9642 = VECTOR ( 'NONE', #9816, 1000.000000000000000 ) ;
#9643 = FACE_OUTER_BOUND ( 'NONE', #780, .T. ) ;
#9644 = LINE ( 'NONE', #595, #6737 ) ;
#9645 = EDGE_LOOP ( 'NONE', ( #8680, #7480, #7472, #7909 ) ) ;
#9646 = DIRECTION ( 'NONE',  ( 0.4999999999999998335, 0.000000000000000000, -0.8660254037844387076 ) ) ;
#9647 = DIRECTION ( 'NONE',  ( -1.000000000000000000, 0.000000000000000000, -0.000000000000000000 ) ) ;
#9648 = VECTOR ( 'NONE', #7117, 1000.000000000000114 ) ;
#9649 = VERTEX_POINT ( 'NONE', #5137 ) ;
#9650 = CARTESIAN_POINT ( 'NONE',  ( 11.64544826719032145, -12.00000000000000000, 17.15000000000000568 ) ) ;
#9651 = DIRECTION ( 'NONE',  ( 0.000000000000000000, -0.000000000000000000, -1.000000000000000000 ) ) ;
#9652 = DIRECTION ( 'NONE',  ( -1.000000000000000000, 0.000000000000000000, -0.000000000000000000 ) ) ;
#9653 = VERTEX_POINT ( 'NONE', #5055 ) ;
#9654 = DIRECTION ( 'NONE',  ( 1.000000000000000000, -0.000000000000000000, -8.673617379884034239E-17 ) ) ;
#9655 = AXIS2_PLACEMENT_3D ( 'NONE', #3928, #7665, #3873 ) ;
#9656 = ADVANCED_FACE ( 'NONE', ( #9623 ), #620, .T. ) ;
#9657 = CARTESIAN_POINT ( 'NONE',  ( -58.35455173280956132, -12.00000000000000000, 12.85000000000000675 ) ) ;
#9658 = EDGE_LOOP ( 'NONE', ( #7986, #5542, #4184, #6231 ) ) ;
#9659 = DIRECTION ( 'NONE',  ( 0.000000000000000000, 1.000000000000000000, 0.000000000000000000 ) ) ;
#9660 = LINE ( 'NONE', #8913, #1882 ) ;
#9661 = FACE_OUTER_BOUND ( 'NONE', #4531, .T. ) ;
#9662 = FACE_OUTER_BOUND ( 'NONE', #4499, .T. ) ;
#9663 = ORIENTED_EDGE ( 'NONE', *, *, #3487, .F. ) ;
#9664 = CARTESIAN_POINT ( 'NONE',  ( 13.29089653438086316, -12.00000000000000000, 10.00000000000000711 ) ) ;
#9665 = EDGE_CURVE ( 'NONE', #1648, #3971, #5944, .T. ) ;
#9666 = ADVANCED_FACE ( 'NONE', ( #2055 ), #516, .T. ) ;
#9667 = EDGE_LOOP ( 'NONE', ( #9694, #4134, #144, #2075 ) ) ;
#9668 = ADVANCED_FACE ( 'NONE', ( #8138 ), #3570, .T. ) ;
#9669 = LINE ( 'NONE', #1417, #9586 ) ;
#9670 = ORIENTED_EDGE ( 'NONE', *, *, #7698, .F. ) ;
#9671 = VERTEX_POINT ( 'NONE', #4409 ) ;
#9672 = DIRECTION ( 'NONE',  ( 0.8660254037844383745, 0.000000000000000000, -0.5000000000000004441 ) ) ;
#9673 = DIRECTION ( 'NONE',  ( 0.000000000000000000, -0.000000000000000000, 1.000000000000000000 ) ) ;
#9674 = CARTESIAN_POINT ( 'NONE',  ( -16.70910346561870696, 0.000000000000000000, 50.00000000000000000 ) ) ;
#9675 = CARTESIAN_POINT ( 'NONE',  ( 28.35455173280955421, -12.00000000000000000, 2.849999999999997868 ) ) ;
#9676 = EDGE_CURVE ( 'NONE', #1100, #6025, #5246, .T. ) ;
#9677 = VERTEX_POINT ( 'NONE', #3665 ) ;
#9678 = EDGE_CURVE ( 'NONE', #2860, #6025, #4505, .T. ) ;
#9679 = CARTESIAN_POINT ( 'NONE',  ( -21.64544826719031789, -12.00000000000000000, 22.85000000000000497 ) ) ;
#9680 = ORIENTED_EDGE ( 'NONE', *, *, #9718, .F. ) ;
#9681 = DIRECTION ( 'NONE',  ( 1.000000000000000000, -0.000000000000000000, -8.673617379884034239E-17 ) ) ;
#9682 = VERTEX_POINT ( 'NONE', #3760 ) ;
#9683 = CARTESIAN_POINT ( 'NONE',  ( -16.70910346561880999, -12.00000000000000000, 40.00000000000000000 ) ) ;
#9684 = FACE_OUTER_BOUND ( 'NONE', #5593, .T. ) ;
#9685 = EDGE_CURVE ( 'NONE', #5755, #1472, #7494, .T. ) ;
#9686 = LINE ( 'NONE', #2125, #9015 ) ;
#9687 = EDGE_LOOP ( 'NONE', ( #863, #7348, #3736, #5395, #3473, #8714 ) ) ;
#9688 = DIRECTION ( 'NONE',  ( 0.000000000000000000, 1.000000000000000000, 0.000000000000000000 ) ) ;
#9689 = DIRECTION ( 'NONE',  ( -0.8660254037844389297, 0.000000000000000000, 0.4999999999999995004 ) ) ;
#9690 = DIRECTION ( 'NONE',  ( 1.000000000000000000, -0.000000000000000000, -0.000000000000000000 ) ) ;
#9691 = VERTEX_POINT ( 'NONE', #568 ) ;
#9692 = EDGE_LOOP ( 'NONE', ( #7682, #7536, #984, #9593, #4957, #355 ) ) ;
#9693 = PLANE ( 'NONE',  #2172 ) ;
#9694 = ORIENTED_EDGE ( 'NONE', *, *, #1954, .F. ) ;
#9695 = LINE ( 'NONE', #5927, #6105 ) ;
#9696 = LINE ( 'NONE', #5928, #5039 ) ;
#9697 = DIRECTION ( 'NONE',  ( -0.5000000000000008882, -0.000000000000000000, -0.8660254037844381525 ) ) ;
#9698 = ORIENTED_EDGE ( 'NONE', *, *, #5109, .T. ) ;
#9699 = DIRECTION ( 'NONE',  ( 0.5000000000000008882, 0.000000000000000000, -0.8660254037844381525 ) ) ;
#9700 = LINE ( 'NONE', #9657, #8859 ) ;
#9701 = EDGE_LOOP ( 'NONE', ( #4193, #6671, #5061, #1915, #3395, #6622 ) ) ;
#9702 = DIRECTION ( 'NONE',  ( -0.4999999999999992228, 0.000000000000000000, 0.8660254037844390407 ) ) ;
#9703 = FACE_OUTER_BOUND ( 'NONE', #2046, .T. ) ;
#9704 = LINE ( 'NONE', #3617, #2482 ) ;
#9705 = CARTESIAN_POINT ( 'NONE',  ( -8.354551732809550657, -12.00000000000000000, 12.85000000000000675 ) ) ;
#9706 = EDGE_CURVE ( 'NONE', #8099, #1534, #6693, .T. ) ;
#9707 = EDGE_LOOP ( 'NONE', ( #752, #348, #4891, #5648 ) ) ;
#9708 = FACE_OUTER_BOUND ( 'NONE', #2258, .T. ) ;
#9709 = VERTEX_POINT ( 'NONE', #8918 ) ;
#9710 = DIRECTION ( 'NONE',  ( 1.000000000000000000, -0.000000000000000000, -0.000000000000000000 ) ) ;
#9711 = ORIENTED_EDGE ( 'NONE', *, *, #4453, .F. ) ;
#9712 = ORIENTED_EDGE ( 'NONE', *, *, #5654, .F. ) ;
#9713 = DIRECTION ( 'NONE',  ( -0.000000000000000000, -1.000000000000000000, -0.000000000000000000 ) ) ;
#9714 = EDGE_CURVE ( 'NONE', #2079, #7302, #7454, .T. ) ;
#9715 = FACE_OUTER_BOUND ( 'NONE', #4474, .T. ) ;
#9716 = VERTEX_POINT ( 'NONE', #2854 ) ;
#9717 = ADVANCED_FACE ( 'NONE', ( #9708 ), #5190, .T. ) ;
#9718 = EDGE_CURVE ( 'NONE', #4852, #5908, #3706, .T. ) ;
#9719 = PLANE ( 'NONE',  #8990 ) ;
#9720 = FACE_OUTER_BOUND ( 'NONE', #4458, .T. ) ;
#9721 = ORIENTED_EDGE ( 'NONE', *, *, #6769, .T. ) ;
#9722 = LINE ( 'NONE', #2169, #7841 ) ;
#9723 = ORIENTED_EDGE ( 'NONE', *, *, #7744, .T. ) ;
#9724 = LINE ( 'NONE', #8261, #402 ) ;
#9725 = VERTEX_POINT ( 'NONE', #3111 ) ;
#9726 = DIRECTION ( 'NONE',  ( -1.000000000000000000, -0.000000000000000000, -0.000000000000000000 ) ) ;
#9727 = VECTOR ( 'NONE', #9405, 1000.000000000000000 ) ;
#9728 = AXIS2_PLACEMENT_3D ( 'NONE', #5125, #1347, #9699 ) ;
#9729 = EDGE_CURVE ( 'NONE', #3246, #5756, #5396, .T. ) ;
#9730 = DIRECTION ( 'NONE',  ( 0.000000000000000000, 0.000000000000000000, 1.000000000000000000 ) ) ;
#9731 = ORIENTED_EDGE ( 'NONE', *, *, #5851, .F. ) ;
#9732 = LINE ( 'NONE', #3782, #2028 ) ;
#9733 = VERTEX_POINT ( 'NONE', #7743 ) ;
#9734 = VECTOR ( 'NONE', #8610, 1000.000000000000000 ) ;
#9735 = VECTOR ( 'NONE', #6625, 1000.000000000000000 ) ;
#9736 = DIRECTION ( 'NONE',  ( 0.8660254037844380415, -0.000000000000000000, 0.5000000000000009992 ) ) ;
#9737 = LINE ( 'NONE', #2237, #5794 ) ;
#9738 = VERTEX_POINT ( 'NONE', #9220 ) ;
#9739 = EDGE_LOOP ( 'NONE', ( #6370, #3373, #3155, #8660, #671, #1747 ) ) ;
#9740 = CARTESIAN_POINT ( 'NONE',  ( -51.64544826719043868, -12.00000000000000000, 2.849999999999998312 ) ) ;
#9741 = EDGE_CURVE ( 'NONE', #2453, #8922, #84, .T. ) ;
#9742 = ORIENTED_EDGE ( 'NONE', *, *, #7626, .T. ) ;
#9743 = FACE_BOUND ( 'NONE', #5261, .T. ) ;
#9744 = CARTESIAN_POINT ( 'NONE',  ( 21.64544826719042447, -12.00000000000000000, 12.85000000000000675 ) ) ;
#9745 = VECTOR ( 'NONE', #3122, 1000.000000000000000 ) ;
#9746 = CARTESIAN_POINT ( 'NONE',  ( -38.35455173280955421, -12.00000000000000000, -2.850000000000000089 ) ) ;
#9747 = VECTOR ( 'NONE', #6317, 1000.000000000000000 ) ;
#9748 = EDGE_LOOP ( 'NONE', ( #8180, #2164, #7775, #9007, #9375, #4573 ) ) ;
#9749 = LINE ( 'NONE', #6087, #7361 ) ;
#9750 = ADVANCED_FACE ( 'NONE', ( #8339 ), #222, .T. ) ;
#9751 = LINE ( 'NONE', #3699, #8397 ) ;
#9752 = ORIENTED_EDGE ( 'NONE', *, *, #4884, .F. ) ;
#9753 = DIRECTION ( 'NONE',  ( 0.000000000000000000, 1.000000000000000000, 0.000000000000000000 ) ) ;
#9754 = DIRECTION ( 'NONE',  ( 0.5000000000000005551, 0.000000000000000000, 0.8660254037844382635 ) ) ;
#9755 = CARTESIAN_POINT ( 'NONE',  ( -50.35455173280956132, 20.99999999999997513, -48.64544826719049553 ) ) ;
#9756 = CARTESIAN_POINT ( 'NONE',  ( -6.709103465619121742, 0.000000000000000000, 10.00000000000000888 ) ) ;
#9757 = DIRECTION ( 'NONE',  ( 0.4999999999999995004, 0.000000000000000000, -0.8660254037844389297 ) ) ;
#9758 = ORIENTED_EDGE ( 'NONE', *, *, #8575, .F. ) ;
#9759 = CARTESIAN_POINT ( 'NONE',  ( -18.35455173280924157, -12.00000000000000000, 37.15000000000000568 ) ) ;
#9760 = EDGE_CURVE ( 'NONE', #2647, #6763, #818, .T. ) ;
#9761 = VECTOR ( 'NONE', #2480, 1000.000000000000000 ) ;
#9762 = ORIENTED_EDGE ( 'NONE', *, *, #2412, .F. ) ;
#9763 = DIRECTION ( 'NONE',  ( 0.5000000000000003331, 0.000000000000000000, -0.8660254037844383745 ) ) ;
#9764 = DIRECTION ( 'NONE',  ( 0.000000000000000000, 1.000000000000000000, 0.000000000000000000 ) ) ;
#9765 = ORIENTED_EDGE ( 'NONE', *, *, #4317, .F. ) ;
#9766 = ORIENTED_EDGE ( 'NONE', *, *, #8520, .T. ) ;
#9767 = DIRECTION ( 'NONE',  ( 0.000000000000000000, 1.000000000000000000, 0.000000000000000000 ) ) ;
#9768 = AXIS2_PLACEMENT_3D ( 'NONE', #8265, #9689, #2881 ) ;
#9769 = LINE ( 'NONE', #3815, #7052 ) ;
#9770 = DIRECTION ( 'NONE',  ( -0.4999999999999985012, 0.000000000000000000, -0.8660254037844393737 ) ) ;
#9771 = CARTESIAN_POINT ( 'NONE',  ( -11.64544826719042447, 0.000000000000000000, 12.85000000000000675 ) ) ;
#9772 = PLANE ( 'NONE',  #2279 ) ;
#9773 = ORIENTED_EDGE ( 'NONE', *, *, #1152, .T. ) ;
#9774 = VECTOR ( 'NONE', #436, 1000.000000000000114 ) ;
#9775 = EDGE_CURVE ( 'NONE', #7270, #2010, #3209, .T. ) ;
#9776 = CARTESIAN_POINT ( 'NONE',  ( 6.709103465619120854, 0.000000000000000000, 1.294402214996931218E-15 ) ) ;
#9777 = VERTEX_POINT ( 'NONE', #4558 ) ;
#9778 = EDGE_CURVE ( 'NONE', #2927, #2069, #6245, .T. ) ;
#9779 = VERTEX_POINT ( 'NONE', #5490 ) ;
#9780 = DIRECTION ( 'NONE',  ( 0.000000000000000000, 0.000000000000000000, 1.000000000000000000 ) ) ;
#9781 = VERTEX_POINT ( 'NONE', #1562 ) ;
#9782 = DIRECTION ( 'NONE',  ( -0.5000000000000005551, 0.000000000000000000, 0.8660254037844382635 ) ) ;
#9783 = LINE ( 'NONE', #1282, #3709 ) ;
#9784 = CARTESIAN_POINT ( 'NONE',  ( 41.64544826719043158, -12.00000000000000000, 12.85000000000000675 ) ) ;
#9785 = VECTOR ( 'NONE', #4352, 1000.000000000000114 ) ;
#9786 = VERTEX_POINT ( 'NONE', #7794 ) ;
#9787 = EDGE_CURVE ( 'NONE', #7888, #5035, #4654, .T. ) ;
#9788 = EDGE_CURVE ( 'NONE', #6766, #5071, #1709, .T. ) ;
#9789 = LINE ( 'NONE', #6131, #3725 ) ;
#9790 = EDGE_CURVE ( 'NONE', #9321, #3342, #1605, .T. ) ;
#9791 = VECTOR ( 'NONE', #3796, 1000.000000000000000 ) ;
#9792 = CARTESIAN_POINT ( 'NONE',  ( -61.64544826719043158, 0.000000000000000000, 12.85000000000000675 ) ) ;
#9793 = CARTESIAN_POINT ( 'NONE',  ( -61.64544826719043158, 0.000000000000000000, 7.150000000000007461 ) ) ;
#9794 = ORIENTED_EDGE ( 'NONE', *, *, #5880, .F. ) ;
#9795 = ORIENTED_EDGE ( 'NONE', *, *, #8814, .T. ) ;
#9796 = DIRECTION ( 'NONE',  ( -0.5000000000000248690, 0.000000000000000000, -0.8660254037844242747 ) ) ;
#9797 = ORIENTED_EDGE ( 'NONE', *, *, #2498, .F. ) ;
#9798 = CARTESIAN_POINT ( 'NONE',  ( 36.70910346561912974, -12.00000000000000000, 10.00000000000000711 ) ) ;
#9799 = CARTESIAN_POINT ( 'NONE',  ( 21.64544826719042803, -12.00000000000000000, -2.850000000000000089 ) ) ;
#9800 = VECTOR ( 'NONE', #5425, 1000.000000000000000 ) ;
#9801 = FACE_OUTER_BOUND ( 'NONE', #979, .T. ) ;
#9802 = VECTOR ( 'NONE', #3399, 1000.000000000000000 ) ;
#9803 = VECTOR ( 'NONE', #8989, 1000.000000000000000 ) ;
#9804 = ORIENTED_EDGE ( 'NONE', *, *, #3974, .T. ) ;
#9805 = CARTESIAN_POINT ( 'NONE',  ( 60.35455173280956132, 41.15544456622760805, -56.64544826719043868 ) ) ;
#9806 = FACE_OUTER_BOUND ( 'NONE', #9103, .T. ) ;
#9807 = VECTOR ( 'NONE', #3557, 1000.000000000000000 ) ;
#9808 = VERTEX_POINT ( 'NONE', #3998 ) ;
#9809 = CARTESIAN_POINT ( 'NONE',  ( -18.35455173280955776, 0.000000000000000000, 52.85000000000000853 ) ) ;
#9810 = VECTOR ( 'NONE', #1674, 1000.000000000000000 ) ;
#9811 = VECTOR ( 'NONE', #217, 1000.000000000000227 ) ;
#9812 = CARTESIAN_POINT ( 'NONE',  ( -28.35455173280955421, 0.000000000000000000, 58.35455173280957553 ) ) ;
#9813 = ORIENTED_EDGE ( 'NONE', *, *, #3610, .F. ) ;
#9814 = CARTESIAN_POINT ( 'NONE',  ( 13.29089653438055052, 0.000000000000000000, 40.00000000000000000 ) ) ;
#9815 = LINE ( 'NONE', #8284, #3133 ) ;
#9816 = DIRECTION ( 'NONE',  ( 0.000000000000000000, 1.000000000000000000, 0.000000000000000000 ) ) ;
#9817 = VECTOR ( 'NONE', #7079, 1000.000000000000000 ) ;
#9818 = EDGE_LOOP ( 'NONE', ( #1076, #2402, #7202, #2035 ) ) ;
#9819 = EDGE_CURVE ( 'NONE', #9044, #1100, #35, .T. ) ;
#9820 = CARTESIAN_POINT ( 'NONE',  ( 48.35455173280957553, -0.000000000000000000, 2.849999999999998312 ) ) ;
#9821 = ORIENTED_EDGE ( 'NONE', *, *, #7865, .F. ) ;
#9822 = CARTESIAN_POINT ( 'NONE',  ( 58.35455173280956842, 10.00000000000000000, -48.35455173280956842 ) ) ;
#9823 = CARTESIAN_POINT ( 'NONE',  ( -16.70910346561912263, -12.00000000000000000, 10.00000000000000711 ) ) ;
#9824 = VERTEX_POINT ( 'NONE', #8479 ) ;
#9825 = CIRCLE ( 'NONE', #9504, 2.999999999999999112 ) ;
#9826 = CARTESIAN_POINT ( 'NONE',  ( 51.64544826719043158, -12.00000000000000000, -2.850000000000000089 ) ) ;
#9827 = FACE_OUTER_BOUND ( 'NONE', #5012, .T. ) ;
#9828 = CARTESIAN_POINT ( 'NONE',  ( 43.29089653438087026, -12.00000000000000000, 10.00000000000000711 ) ) ;
#9829 = DIRECTION ( 'NONE',  ( 0.000000000000000000, -1.000000000000000000, -2.312964634635742895E-17 ) ) ;
#9830 = LINE ( 'NONE', #7091, #1504 ) ;
#9831 = ORIENTED_EDGE ( 'NONE', *, *, #8352, .T. ) ;
ENDSEC;
END-ISO-10303-21;
