ISO-10303-21;
HEADER;
FILE_DESCRIPTION (( 'STEP AP214' ),
    '1' );
FILE_NAME ('Elevator-Driver V2.STEP',
    '2026-02-05T02:30:36',
    ( '' ),
    ( '' ),
    'SwSTEP 2.0',
    'SolidWorks 2025',
    '' );
FILE_SCHEMA (( 'AUTOMOTIVE_DESIGN' ));
ENDSEC;

DATA;
#1 = EDGE_LOOP ( 'NONE', ( #412, #194, #1661, #1146 ) ) ;
#2 = ORIENTED_EDGE ( 'NONE', *, *, #1550, .T. ) ;
#3 = PLANE ( 'NONE',  #821 ) ;
#4 = CARTESIAN_POINT ( 'NONE',  ( 3.840629472727446943E-13, 55.00000000000000000, 0.000000000000000000 ) ) ;
#5 = VERTEX_POINT ( 'NONE', #684 ) ;
#6 = FACE_BOUND ( 'NONE', #558, .T. ) ;
#7 = EDGE_CURVE ( 'NONE', #1404, #887, #808, .T. ) ;
#8 = ORIENTED_EDGE ( 'NONE', *, *, #1421, .T. ) ;
#9 = DIRECTION ( 'NONE',  ( 5.349259755748780182E-15, 1.000000000000000000, 4.488561888120280310E-15 ) ) ;
#10 = CARTESIAN_POINT ( 'NONE',  ( 0.000000000000000000, 2.000000000000000000, 0.000000000000000000 ) ) ;
#11 = ORIENTED_EDGE ( 'NONE', *, *, #398, .F. ) ;
#12 = CARTESIAN_POINT ( 'NONE',  ( -7.381983038097080119, 1.699999999999979305, -13.38689009535993790 ) ) ;
#13 = ORIENTED_EDGE ( 'NONE', *, *, #406, .F. ) ;
#14 = VECTOR ( 'NONE', #723, 1000.000000000000000 ) ;
#15 = CIRCLE ( 'NONE', #1564, 15.00000000000000000 ) ;
#16 = CARTESIAN_POINT ( 'NONE',  ( -2.566876621661802638, 1.700000000000013944, 12.90004435686818951 ) ) ;
#17 = AXIS2_PLACEMENT_3D ( 'NONE', #83, #599, #1112 ) ;
#18 = AXIS2_PLACEMENT_3D ( 'NONE', #1304, #1149, #911 ) ;
#19 = ORIENTED_EDGE ( 'NONE', *, *, #158, .T. ) ;
#20 = LINE ( 'NONE', #1570, #689 ) ;
#21 = ADVANCED_FACE ( 'NONE', ( #569 ), #1082, .T. ) ;
#22 = EDGE_LOOP ( 'NONE', ( #118, #1221, #33, #1621, #575 ) ) ;
#23 = PLANE ( 'NONE',  #94 ) ;
#24 = FACE_BOUND ( 'NONE', #1321, .T. ) ;
#25 = EDGE_LOOP ( 'NONE', ( #388, #596, #941, #1372 ) ) ;
#26 = CARTESIAN_POINT ( 'NONE',  ( -14.16965481057912157, 1.699999999999977973, 4.921471583686321871 ) ) ;
#27 = VERTEX_POINT ( 'NONE', #1622 ) ;
#28 =( NAMED_UNIT ( * ) SI_UNIT ( $, .STERADIAN. ) SOLID_ANGLE_UNIT ( ) );
#29 = CARTESIAN_POINT ( 'NONE',  ( -10.25833024919768555, 1.700000000000013944, 8.232050807568937145 ) ) ;
#30 = EDGE_CURVE ( 'NONE', #511, #1029, #969, .T. ) ;
#31 = LINE ( 'NONE', #805, #199 ) ;
#32 = ORIENTED_EDGE ( 'NONE', *, *, #1356, .T. ) ;
#33 = ORIENTED_EDGE ( 'NONE', *, *, #52, .T. ) ;
#34 = CARTESIAN_POINT ( 'NONE',  ( 2.566876621661967839, 1.699999999999986189, 12.90004435686810069 ) ) ;
#35 = ORIENTED_EDGE ( 'NONE', *, *, #1488, .F. ) ;
#36 =( NAMED_UNIT ( * ) PLANE_ANGLE_UNIT ( ) SI_UNIT ( $, .RADIAN. ) );
#37 = ORIENTED_EDGE ( 'NONE', *, *, #30, .T. ) ;
#38 = CARTESIAN_POINT ( 'NONE',  ( -7.307238107869748589, 53.29999999999997584, -13.09978134301852393 ) ) ;
#39 = VECTOR ( 'NONE', #489, 1000.000000000000114 ) ;
#40 = EDGE_CURVE ( 'NONE', #1239, #561, #258, .T. ) ;
#41 = VECTOR ( 'NONE', #1019, 999.9999999999998863 ) ;
#42 = FACE_OUTER_BOUND ( 'NONE', #1214, .T. ) ;
#43 = ORIENTED_EDGE ( 'NONE', *, *, #1501, .T. ) ;
#44 = AXIS2_PLACEMENT_3D ( 'NONE', #474, #1115, #1636 ) ;
#45 = DIRECTION ( 'NONE',  ( -0.6427876096865300370, 0.000000000000000000, -0.7660444431189858960 ) ) ;
#46 = VERTEX_POINT ( 'NONE', #842 ) ;
#47 = DIRECTION ( 'NONE',  ( 0.6427876096865404731, -4.777500637239653682E-31, -0.7660444431189771253 ) ) ;
#48 = ORIENTED_EDGE ( 'NONE', *, *, #255, .T. ) ;
#49 = DIRECTION ( 'NONE',  ( -0.9640596233749872956, 3.133873384250254331E-15, 0.2656859849109052263 ) ) ;
#50 = APPLICATION_PROTOCOL_DEFINITION ( 'draft international standard', 'automotive_design', 1998, #1500 ) ;
#51 = CARTESIAN_POINT ( 'NONE',  ( 0.000000000000000000, 53.29999999999999716, 0.000000000000000000 ) ) ;
#52 = EDGE_CURVE ( 'NONE', #1591, #424, #176, .T. ) ;
#53 = EDGE_LOOP ( 'NONE', ( #391, #2, #73, #1167 ) ) ;
#54 = CARTESIAN_POINT ( 'NONE',  ( -6.824150039687056690, 1.699999999999986189, -11.24415297991976104 ) ) ;
#55 = VERTEX_POINT ( 'NONE', #1130 ) ;
#56 = EDGE_CURVE ( 'NONE', #395, #110, #1376, .T. ) ;
#57 = DIRECTION ( 'NONE',  ( -0.000000000000000000, -1.000000000000000000, -0.000000000000000000 ) ) ;
#58 = DIRECTION ( 'NONE',  ( -0.08006465109418388348, -6.307553100499602123E-15, 0.9967896727219672792 ) ) ;
#59 = ORIENTED_EDGE ( 'NONE', *, *, #1388, .T. ) ;
#60 = ORIENTED_EDGE ( 'NONE', *, *, #580, .F. ) ;
#61 = DIRECTION ( 'NONE',  ( 0.000000000000000000, 0.000000000000000000, -1.000000000000000000 ) ) ;
#62 = VERTEX_POINT ( 'NONE', #994 ) ;
#63 = FACE_OUTER_BOUND ( 'NONE', #231, .T. ) ;
#64 = DIRECTION ( 'NONE',  ( -0.000000000000000000, -1.000000000000000000, -0.000000000000000000 ) ) ;
#65 = AXIS2_PLACEMENT_3D ( 'NONE', #988, #1385, #243 ) ;
#66 = DIRECTION ( 'NONE',  ( 1.000000000000000000, -6.938893903907229167E-15, 0.000000000000000000 ) ) ;
#67 = AXIS2_PLACEMENT_3D ( 'NONE', #1458, #297, #152 ) ;
#68 = ORIENTED_EDGE ( 'NONE', *, *, #462, .F. ) ;
#69 = AXIS2_PLACEMENT_3D ( 'NONE', #1556, #1431, #266 ) ;
#70 = CARTESIAN_POINT ( 'NONE',  ( 3.840629472727446943E-13, 55.00000000000000000, 0.000000000000000000 ) ) ;
#71 = VECTOR ( 'NONE', #1067, 1000.000000000000000 ) ;
#72 = VECTOR ( 'NONE', #1157, 1000.000000000000000 ) ;
#73 = ORIENTED_EDGE ( 'NONE', *, *, #183, .T. ) ;
#74 = DIRECTION ( 'NONE',  ( 0.8150497554442640569, 3.133873384250253937E-15, -0.5793909700282230402 ) ) ;
#75 = PLANE ( 'NONE',  #742 ) ;
#76 = EDGE_CURVE ( 'NONE', #855, #1073, #1533, .T. ) ;
#77 = DIRECTION ( 'NONE',  ( -0.8232128532601056259, -6.307553100499602123E-15, -0.5677328581536882357 ) ) ;
#78 = CARTESIAN_POINT ( 'NONE',  ( 11.90164525249895533, 1.699999999999979305, -9.594443198209479107 ) ) ;
#79 = ORIENTED_EDGE ( 'NONE', *, *, #811, .F. ) ;
#80 = ORIENTED_EDGE ( 'NONE', *, *, #894, .F. ) ;
#81 = DIRECTION ( 'NONE',  ( 0.000000000000000000, 0.000000000000000000, 1.000000000000000000 ) ) ;
#82 = CARTESIAN_POINT ( 'NONE',  ( 0.000000000000000000, 1.700000000000000178, 0.000000000000000000 ) ) ;
#83 = CARTESIAN_POINT ( 'NONE',  ( -9.460937783098637615E-15, 1.700000000000003508, -6.845845809702794057E-15 ) ) ;
#84 = LINE ( 'NONE', #602, #738 ) ;
#85 = EDGE_CURVE ( 'NONE', #400, #254, #860, .T. ) ;
#86 = ORIENTED_EDGE ( 'NONE', *, *, #1407, .T. ) ;
#87 = DIRECTION ( 'NONE',  ( 6.579758435106329513E-15, -1.000000000000000000, 2.210230802588062789E-15 ) ) ;
#88 = PLANE ( 'NONE',  #982 ) ;
#89 = FACE_OUTER_BOUND ( 'NONE', #932, .T. ) ;
#90 = ORIENTED_EDGE ( 'NONE', *, *, #1611, .F. ) ;
#91 = LINE ( 'NONE', #827, #1429 ) ;
#92 = EDGE_CURVE ( 'NONE', #733, #5, #333, .T. ) ;
#93 = AXIS2_PLACEMENT_3D ( 'NONE', #1513, #715, #1105 ) ;
#94 = AXIS2_PLACEMENT_3D ( 'NONE', #1168, #145, #929 ) ;
#95 = ORIENTED_EDGE ( 'NONE', *, *, #567, .T. ) ;
#96 = CARTESIAN_POINT ( 'NONE',  ( 8.572527594031473190E-16, 2.000000000000000000, 7.000000000000000000 ) ) ;
#97 = VECTOR ( 'NONE', #493, 1000.000000000000000 ) ;
#98 = DIRECTION ( 'NONE',  ( -6.938893903907229167E-15, -1.000000000000000000, 1.734723475976779977E-16 ) ) ;
#99 = CARTESIAN_POINT ( 'NONE',  ( 13.14979714449253123, 1.699999999999986189, -0.2878108036458151830 ) ) ;
#100 = CIRCLE ( 'NONE', #1041, 15.00000000000000000 ) ;
#101 = EDGE_LOOP ( 'NONE', ( #967, #1633 ) ) ;
#102 = CARTESIAN_POINT ( 'NONE',  ( -14.16965481057923171, 53.29999999999997584, 4.921471583686003903 ) ) ;
#103 = EDGE_CURVE ( 'NONE', #726, #440, #1392, .T. ) ;
#104 = ORIENTED_EDGE ( 'NONE', *, *, #473, .T. ) ;
#105 = CARTESIAN_POINT ( 'NONE',  ( 2.949999999999820766, 1.699999999999979305, -15.00000000000000000 ) ) ;
#106 = CARTESIAN_POINT ( 'NONE',  ( 1.999999999999820144, 1.699999999999986189, -12.99999999999999822 ) ) ;
#107 = FACE_BOUND ( 'NONE', #1384, .T. ) ;
#108 = ADVANCED_FACE ( 'NONE', ( #114 ), #232, .F. ) ;
#109 = ORIENTED_EDGE ( 'NONE', *, *, #1298, .F. ) ;
#110 = VERTEX_POINT ( 'NONE', #616 ) ;
#111 = LINE ( 'NONE', #611, #663 ) ;
#112 = DIRECTION ( 'NONE',  ( -0.9640596233749872956, 3.133873384250254331E-15, 0.2656859849109052263 ) ) ;
#113 = VERTEX_POINT ( 'NONE', #222 ) ;
#114 = FACE_OUTER_BOUND ( 'NONE', #1040, .T. ) ;
#115 = CARTESIAN_POINT ( 'NONE',  ( 6.325647104805272036, 53.30000000000001137, 11.53196378356557261 ) ) ;
#116 = CARTESIAN_POINT ( 'NONE',  ( 0.000000000000000000, 0.000000000000000000, -7.000000000000000000 ) ) ;
#117 = EDGE_CURVE ( 'NONE', #797, #1673, #636, .T. ) ;
#118 = ORIENTED_EDGE ( 'NONE', *, *, #965, .T. ) ;
#119 = LINE ( 'NONE', #1646, #314 ) ;
#120 = DIRECTION ( 'NONE',  ( 1.000000000000000000, -5.088522196198634407E-15, 0.000000000000000000 ) ) ;
#121 = VECTOR ( 'NONE', #623, 1000.000000000000341 ) ;
#122 = EDGE_LOOP ( 'NONE', ( #782, #1045, #927, #566 ) ) ;
#123 = LINE ( 'NONE', #641, #549 ) ;
#124 = CARTESIAN_POINT ( 'NONE',  ( -14.16965481057923526, 55.00000000000002132, 4.921471583685995910 ) ) ;
#125 = FACE_OUTER_BOUND ( 'NONE', #384, .T. ) ;
#126 = AXIS2_PLACEMENT_3D ( 'NONE', #1362, #77, #591 ) ;
#127 = VECTOR ( 'NONE', #576, 1000.000000000000000 ) ;
#128 = VERTEX_POINT ( 'NONE', #597 ) ;
#129 = EDGE_CURVE ( 'NONE', #221, #778, #1516, .T. ) ;
#130 = ORIENTED_EDGE ( 'NONE', *, *, #751, .F. ) ;
#131 = AXIS2_PLACEMENT_3D ( 'NONE', #1230, #325, #850 ) ;
#132 = AXIS2_PLACEMENT_3D ( 'NONE', #649, #1184, #1200 ) ;
#133 = FACE_OUTER_BOUND ( 'NONE', #789, .T. ) ;
#134 = ADVANCED_FACE ( 'NONE', ( #465 ), #1506, .T. ) ;
#135 = CARTESIAN_POINT ( 'NONE',  ( 2.566876621661629443, 53.29999999999998295, 12.90004435686822504 ) ) ;
#136 = VERTEX_POINT ( 'NONE', #852 ) ;
#137 = DIRECTION ( 'NONE',  ( 3.619678411827273195E-15, -1.000000000000000000, 5.922522221149832058E-15 ) ) ;
#138 = DIRECTION ( 'NONE',  ( -1.375763194285063557E-15, -1.000000000000000000, -6.803353356861049673E-15 ) ) ;
#139 = ORIENTED_EDGE ( 'NONE', *, *, #1237, .F. ) ;
#140 = DIRECTION ( 'NONE',  ( 0.4999999999999918954, 0.000000000000000000, 0.8660254037844432595 ) ) ;
#141 = LINE ( 'NONE', #759, #72 ) ;
#142 = ORIENTED_EDGE ( 'NONE', *, *, #899, .F. ) ;
#143 = FACE_OUTER_BOUND ( 'NONE', #1428, .T. ) ;
#144 = VERTEX_POINT ( 'NONE', #369 ) ;
#145 = DIRECTION ( 'NONE',  ( 0.000000000000000000, 1.000000000000000000, 0.000000000000000000 ) ) ;
#146 = EDGE_CURVE ( 'NONE', #778, #268, #1229, .T. ) ;
#147 = DIRECTION ( 'NONE',  ( 0.000000000000000000, 0.000000000000000000, -1.000000000000000000 ) ) ;
#148 = ORIENTED_EDGE ( 'NONE', *, *, #510, .F. ) ;
#149 = CARTESIAN_POINT ( 'NONE',  ( -6.824150039686781355, 53.29999999999998295, -11.24415297991999196 ) ) ;
#150 = ORIENTED_EDGE ( 'NONE', *, *, #1010, .F. ) ;
#151 = AXIS2_PLACEMENT_3D ( 'NONE', #739, #648, #1662 ) ;
#152 = DIRECTION ( 'NONE',  ( -0.1736481776669404620, 0.000000000000000000, 0.9848077530122062440 ) ) ;
#153 = VECTOR ( 'NONE', #608, 1000.000000000000227 ) ;
#154 = VECTOR ( 'NONE', #818, 1000.000000000000114 ) ;
#155 = ORIENTED_EDGE ( 'NONE', *, *, #590, .F. ) ;
#156 = CARTESIAN_POINT ( 'NONE',  ( 0.000000000000000000, 55.00000000000000000, -4.500000000000000000 ) ) ;
#157 = ORIENTED_EDGE ( 'NONE', *, *, #706, .T. ) ;
#158 = EDGE_CURVE ( 'NONE', #431, #268, #1410, .T. ) ;
#159 = CARTESIAN_POINT ( 'NONE',  ( 3.561310965619996275E-13, 53.00000000000000000, 0.000000000000000000 ) ) ;
#160 = DIRECTION ( 'NONE',  ( 1.396592535537253342E-14, 1.000000000000000000, -0.000000000000000000 ) ) ;
#161 = EDGE_LOOP ( 'NONE', ( #520, #968, #150, #317 ) ) ;
#162 = CARTESIAN_POINT ( 'NONE',  ( 5.510910596162892340E-16, 53.00000000000000000, 4.500000000000000000 ) ) ;
#163 = ORIENTED_EDGE ( 'NONE', *, *, #1606, .F. ) ;
#164 = CARTESIAN_POINT ( 'NONE',  ( 0.000000000000000000, 53.29999999999999716, 0.000000000000000000 ) ) ;
#165 = EDGE_CURVE ( 'NONE', #184, #1414, #498, .T. ) ;
#166 = EDGE_LOOP ( 'NONE', ( #1397, #415, #1409, #225 ) ) ;
#167 = CARTESIAN_POINT ( 'NONE',  ( 6.824150039686933233, 1.700000000000013944, -11.24415297991989959 ) ) ;
#168 = DIRECTION ( 'NONE',  ( 0.000000000000000000, -1.000000000000000000, 0.000000000000000000 ) ) ;
#169 = ORIENTED_EDGE ( 'NONE', *, *, #1312, .F. ) ;
#170 = LINE ( 'NONE', #560, #848 ) ;
#171 = ORIENTED_EDGE ( 'NONE', *, *, #1052, .T. ) ;
#172 = DIRECTION ( 'NONE',  ( -0.4290568145682875922, 3.133873384250255120E-15, 0.9032775043542897730 ) ) ;
#173 = DIRECTION ( 'NONE',  ( -0.9396926207859057634, -6.938893903907228378E-15, -0.3420201433256757073 ) ) ;
#174 = EDGE_CURVE ( 'NONE', #1288, #1313, #1118, .T. ) ;
#175 = ORIENTED_EDGE ( 'NONE', *, *, #291, .F. ) ;
#176 = CIRCLE ( 'NONE', #767, 15.00000000000000000 ) ;
#177 = APPLICATION_PROTOCOL_DEFINITION ( 'draft international standard', 'automotive_design', 1998, #308 ) ;
#178 = AXIS2_PLACEMENT_3D ( 'NONE', #1540, #892, #1030 ) ;
#179 = AXIS2_PLACEMENT_3D ( 'NONE', #618, #1400, #747 ) ;
#180 = CARTESIAN_POINT ( 'NONE',  ( -2.822707989814164264, 1.700000000000021716, -14.73201682066101981 ) ) ;
#181 = VERTEX_POINT ( 'NONE', #96 ) ;
#182 = AXIS2_PLACEMENT_3D ( 'NONE', #915, #1128, #1647 ) ;
#183 = EDGE_CURVE ( 'NONE', #1460, #655, #1639, .T. ) ;
#184 = VERTEX_POINT ( 'NONE', #484 ) ;
#185 = CARTESIAN_POINT ( 'NONE',  ( -2.386168635817302430, 54.99999999999997868, 14.80899048691171771 ) ) ;
#186 = VERTEX_POINT ( 'NONE', #1553 ) ;
#187 = CARTESIAN_POINT ( 'NONE',  ( -12.25833024919765357, 1.699999999999986189, 4.767949192431163219 ) ) ;
#188 = CARTESIAN_POINT ( 'NONE',  ( -10.25833024919786673, 53.30000000000001137, 8.232050807568624506 ) ) ;
#189 = CARTESIAN_POINT ( 'NONE',  ( 8.572527594031473190E-16, 0.000000000000000000, 7.000000000000000000 ) ) ;
#190 = DIRECTION ( 'NONE',  ( 0.000000000000000000, 1.000000000000000000, 0.000000000000000000 ) ) ;
#191 = ORIENTED_EDGE ( 'NONE', *, *, #480, .F. ) ;
#192 = PLANE ( 'NONE',  #1432 ) ;
#193 = CARTESIAN_POINT ( 'NONE',  ( 6.325647104805610432, 1.700000000000013944, 11.53196378356544827 ) ) ;
#194 = ORIENTED_EDGE ( 'NONE', *, *, #495, .T. ) ;
#195 = ADVANCED_FACE ( 'NONE', ( #1303 ), #1070, .T. ) ;
#196 = ORIENTED_EDGE ( 'NONE', *, *, #1388, .F. ) ;
#197 = DIRECTION ( 'NONE',  ( -0.7660444431189771253, 0.000000000000000000, -0.6427876096865404731 ) ) ;
#198 = FACE_OUTER_BOUND ( 'NONE', #1271, .T. ) ;
#199 = VECTOR ( 'NONE', #667, 1000.000000000000000 ) ;
#200 = DIRECTION ( 'NONE',  ( -6.938893903907229167E-15, -1.000000000000000000, 1.734723475976779977E-16 ) ) ;
#201 = CIRCLE ( 'NONE', #1153, 15.00000000000000000 ) ;
#202 = ORIENTED_EDGE ( 'NONE', *, *, #146, .F. ) ;
#203 = AXIS2_PLACEMENT_3D ( 'NONE', #1210, #1581, #173 ) ;
#204 = DIRECTION ( 'NONE',  ( -0.3420201433256757073, 0.000000000000000000, 0.9396926207859058744 ) ) ;
#205 = VECTOR ( 'NONE', #890, 1000.000000000000000 ) ;
#206 = EDGE_LOOP ( 'NONE', ( #622, #658, #737, #274 ) ) ;
#207 = CARTESIAN_POINT ( 'NONE',  ( 6.325647104805610432, 1.700000000000013944, 11.53196378356544827 ) ) ;
#208 = CARTESIAN_POINT ( 'NONE',  ( 9.888327812163121067, 53.29999999999998295, -8.673002541173504554 ) ) ;
#209 = CARTESIAN_POINT ( 'NONE',  ( -9.888327812163002051, 1.700000000000013944, -8.673002541173639557 ) ) ;
#210 = FACE_OUTER_BOUND ( 'NONE', #1152, .T. ) ;
#211 = EDGE_CURVE ( 'NONE', #1404, #730, #579, .T. ) ;
#212 = CARTESIAN_POINT ( 'NONE',  ( -9.888327812163002051, 1.700000000000013944, -8.673002541173639557 ) ) ;
#213 = EDGE_LOOP ( 'NONE', ( #944, #1211, #1075, #1193 ) ) ;
#214 = DIRECTION ( 'NONE',  ( -0.000000000000000000, -1.000000000000000000, -0.000000000000000000 ) ) ;
#215 = FACE_OUTER_BOUND ( 'NONE', #803, .T. ) ;
#216 = CARTESIAN_POINT ( 'NONE',  ( 10.25833024919775482, 1.699999999999986189, 8.232050807568770168 ) ) ;
#217 = ORIENTED_EDGE ( 'NONE', *, *, #7, .T. ) ;
#218 = ADVANCED_FACE ( 'NONE', ( #1450 ), #1201, .F. ) ;
#219 = ADVANCED_FACE ( 'NONE', ( #1289, #24 ), #672, .T. ) ;
#220 = PLANE ( 'NONE',  #448 ) ;
#221 = VERTEX_POINT ( 'NONE', #389 ) ;
#222 = CARTESIAN_POINT ( 'NONE',  ( -12.25833024919765357, 1.699999999999986189, 4.767949192431163219 ) ) ;
#223 = PLANE ( 'NONE',  #263 ) ;
#224 = DIRECTION ( 'NONE',  ( 0.5793909700282231512, -6.307553100499601334E-15, 0.8150497554442641679 ) ) ;
#225 = ORIENTED_EDGE ( 'NONE', *, *, #840, .F. ) ;
#226 = EDGE_CURVE ( 'NONE', #136, #855, #761, .T. ) ;
#227 = DIRECTION ( 'NONE',  ( 1.212578743696387931E-15, 1.000000000000000000, 6.876875783980329245E-15 ) ) ;
#228 = CLOSED_SHELL ( 'NONE', ( #933, #1058, #1334, #1246, #516, #679, #1368, #1140, #574, #323, #1197, #357, #986, #547, #786, #218, #959, #824, #1259, #1306, #1494, #240, #1437, #1156, #134, #1222, #1013, #635, #1279, #775, #1203, #1150, #647, #1315, #300, #1043, #657, #1526, #1116, #1474, #948, #1322, #1085, #924, #304, #601, #21, #997, #195, #1182, #1329, #777, #1133, #108, #446, #219, #523 ) ) ;
#229 = EDGE_CURVE ( 'NONE', #427, #62, #123, .T. ) ;
#230 = VECTOR ( 'NONE', #386, 1000.000000000000114 ) ;
#231 = EDGE_LOOP ( 'NONE', ( #688, #348, #1066, #661 ) ) ;
#232 = CYLINDRICAL_SURFACE ( 'NONE', #1531, 7.000000000000000000 ) ;
#233 = VECTOR ( 'NONE', #907, 1000.000000000000000 ) ;
#234 = DIRECTION ( 'NONE',  ( -3.491481338843162543E-15, 1.000000000000000000, 6.047423072554899790E-15 ) ) ;
#235 = FACE_BOUND ( 'NONE', #1525, .T. ) ;
#236 = VECTOR ( 'NONE', #694, 1000.000000000000000 ) ;
#237 = ORIENTED_EDGE ( 'NONE', *, *, #1169, .F. ) ;
#238 = EDGE_LOOP ( 'NONE', ( #1532, #1142, #916, #1251 ) ) ;
#239 = CARTESIAN_POINT ( 'NONE',  ( -12.45520443382476650, 53.29999999999998295, -4.227041815694815519 ) ) ;
#240 = ADVANCED_FACE ( 'NONE', ( #42 ), #1425, .T. ) ;
#241 = DIRECTION ( 'NONE',  ( 0.000000000000000000, 1.000000000000000000, 0.000000000000000000 ) ) ;
#242 = ORIENTED_EDGE ( 'NONE', *, *, #103, .T. ) ;
#243 = DIRECTION ( 'NONE',  ( 0.000000000000000000, 6.100444223851771352E-15, -1.000000000000000000 ) ) ;
#244 = PLANE ( 'NONE',  #1233 ) ;
#245 = CARTESIAN_POINT ( 'NONE',  ( 2.386168635816747319, 55.00000000000002132, 14.80899048691180830 ) ) ;
#246 = VERTEX_POINT ( 'NONE', #680 ) ;
#247 = CARTESIAN_POINT ( 'NONE',  ( 0.000000000000000000, 0.000000000000000000, 0.000000000000000000 ) ) ;
#248 = CARTESIAN_POINT ( 'NONE',  ( 0.000000000000000000, 53.29999999999999716, 0.000000000000000000 ) ) ;
#249 = EDGE_CURVE ( 'NONE', #488, #645, #557, .T. ) ;
#250 = ORIENTED_EDGE ( 'NONE', *, *, #174, .T. ) ;
#251 = DIRECTION ( 'NONE',  ( 0.000000000000000000, -6.013708050052930998E-15, -1.000000000000000000 ) ) ;
#252 = PLANE ( 'NONE',  #1671 ) ;
#253 = DIRECTION ( 'NONE',  ( 0.4161583085489235501, -6.307553100499602123E-15, -0.9092921764898777015 ) ) ;
#254 = VERTEX_POINT ( 'NONE', #180 ) ;
#255 = EDGE_CURVE ( 'NONE', #144, #564, #1665, .T. ) ;
#256 = CARTESIAN_POINT ( 'NONE',  ( 0.000000000000000000, 55.00000000000000000, 0.000000000000000000 ) ) ;
#257 = CARTESIAN_POINT ( 'NONE',  ( 7.691124373140064030, 54.99999999999997868, 12.87814450442651903 ) ) ;
#258 = CIRCLE ( 'NONE', #65, 15.00000000000000000 ) ;
#259 = ORIENTED_EDGE ( 'NONE', *, *, #229, .T. ) ;
#260 = CARTESIAN_POINT ( 'NONE',  ( 2.811207708209062960E-13, 53.29999999999999716, -2.421157669560080352E-13 ) ) ;
#261 = CARTESIAN_POINT ( 'NONE',  ( 6.548956255472457184E-15, 1.700000000000003508, 9.668822086986431846E-15 ) ) ;
#262 = VECTOR ( 'NONE', #1415, 1000.000000000000000 ) ;
#263 = AXIS2_PLACEMENT_3D ( 'NONE', #735, #762, #361 ) ;
#264 = ORIENTED_EDGE ( 'NONE', *, *, #56, .F. ) ;
#265 = CIRCLE ( 'NONE', #1207, 7.000000000000000000 ) ;
#266 = DIRECTION ( 'NONE',  ( -0.5000000000000039968, -6.938893903907228378E-15, 0.8660254037844363761 ) ) ;
#267 = LINE ( 'NONE', #628, #1350 ) ;
#268 = VERTEX_POINT ( 'NONE', #411 ) ;
#269 = FACE_OUTER_BOUND ( 'NONE', #1521, .T. ) ;
#270 = ORIENTED_EDGE ( 'NONE', *, *, #1542, .F. ) ;
#271 = EDGE_CURVE ( 'NONE', #797, #830, #31, .T. ) ;
#272 = CARTESIAN_POINT ( 'NONE',  ( -11.63187764815894454, 53.30000000000002558, -9.470977899787349941 ) ) ;
#273 = CARTESIAN_POINT ( 'NONE',  ( -11.63187764815915770, 1.700000000000021716, -9.470977899787087040 ) ) ;
#274 = ORIENTED_EDGE ( 'NONE', *, *, #1590, .F. ) ;
#275 = DIRECTION ( 'NONE',  ( 0.7121206240498395568, 0.000000000000000000, -0.7020571321501314355 ) ) ;
#276 = EDGE_LOOP ( 'NONE', ( #1359, #1302, #139, #1493 ) ) ;
#277 = CARTESIAN_POINT ( 'NONE',  ( -2.822707989813824536, 54.99999999999997868, -14.73201682066108908 ) ) ;
#278 = EDGE_CURVE ( 'NONE', #181, #518, #1502, .T. ) ;
#279 = ORIENTED_EDGE ( 'NONE', *, *, #1390, .F. ) ;
#280 = FACE_BOUND ( 'NONE', #1294, .T. ) ;
#281 = EDGE_CURVE ( 'NONE', #494, #1239, #919, .T. ) ;
#282 = AXIS2_PLACEMENT_3D ( 'NONE', #1110, #477, #734 ) ;
#283 = ORIENTED_EDGE ( 'NONE', *, *, #590, .T. ) ;
#284 = AXIS2_PLACEMENT_3D ( 'NONE', #159, #1035, #653 ) ;
#285 = AXIS2_PLACEMENT_3D ( 'NONE', #382, #98, #1523 ) ;
#286 = DIRECTION ( 'NONE',  ( 0.9967896727219685005, 3.133873384250255909E-15, -0.08006465109416932568 ) ) ;
#287 = AXIS2_PLACEMENT_3D ( 'NONE', #82, #1360, #702 ) ;
#288 = AXIS2_PLACEMENT_3D ( 'NONE', #54, #45, #299 ) ;
#289 = CARTESIAN_POINT ( 'NONE',  ( 0.000000000000000000, 2.000000000000000000, 0.000000000000000000 ) ) ;
#290 = ORIENTED_EDGE ( 'NONE', *, *, #334, .F. ) ;
#291 = EDGE_CURVE ( 'NONE', #774, #136, #901, .T. ) ;
#292 = DIRECTION ( 'NONE',  ( -0.000000000000000000, -1.000000000000000000, -0.000000000000000000 ) ) ;
#293 = EDGE_CURVE ( 'NONE', #1453, #1228, #1327, .T. ) ;
#294 = ORIENTED_EDGE ( 'NONE', *, *, #165, .T. ) ;
#295 = CARTESIAN_POINT ( 'NONE',  ( 2.566876621661967839, 1.699999999999986189, 12.90004435686810069 ) ) ;
#296 = EDGE_LOOP ( 'NONE', ( #1537, #1049 ) ) ;
#297 = DIRECTION ( 'NONE',  ( -0.9848077530122062440, 0.000000000000000000, -0.1736481776669404620 ) ) ;
#298 = CARTESIAN_POINT ( 'NONE',  ( 12.25833024919776904, 1.700000000000013944, 4.767949192431022887 ) ) ;
#299 = DIRECTION ( 'NONE',  ( -0.7660444431189857850, 0.000000000000000000, 0.6427876096865299260 ) ) ;
#300 = ADVANCED_FACE ( 'NONE', ( #1335 ), #381, .T. ) ;
#301 = EDGE_LOOP ( 'NONE', ( #931, #48, #1178, #953 ) ) ;
#302 = ORIENTED_EDGE ( 'NONE', *, *, #1440, .T. ) ;
#303 = CARTESIAN_POINT ( 'NONE',  ( 0.000000000000000000, 2.000000000000000000, -7.000000000000000000 ) ) ;
#304 = ADVANCED_FACE ( 'NONE', ( #930 ), #1459, .T. ) ;
#305 = DIRECTION ( 'NONE',  ( 0.000000000000000000, 0.000000000000000000, -1.000000000000000000 ) ) ;
#306 = ORIENTED_EDGE ( 'NONE', *, *, #211, .F. ) ;
#307 = CARTESIAN_POINT ( 'NONE',  ( 10.25833024919757364, 53.29999999999998295, 8.232050807569082806 ) ) ;
#308 = APPLICATION_CONTEXT ( 'automotive_design' ) ;
#309 = VERTEX_POINT ( 'NONE', #984 ) ;
#310 = CARTESIAN_POINT ( 'NONE',  ( 2.000000000000179856, 53.29999999999998295, -12.99999999999999822 ) ) ;
#311 = CARTESIAN_POINT ( 'NONE',  ( 8.572527594031473190E-16, 2.000000000000000000, 7.000000000000000000 ) ) ;
#312 = ORIENTED_EDGE ( 'NONE', *, *, #1076, .T. ) ;
#313 = AXIS2_PLACEMENT_3D ( 'NONE', #796, #1185, #1577 ) ;
#314 = VECTOR ( 'NONE', #1163, 1000.000000000000000 ) ;
#315 = CIRCLE ( 'NONE', #1267, 15.00000000000000000 ) ;
#316 = DIRECTION ( 'NONE',  ( 0.9967896727219672792, 0.000000000000000000, 0.08006465109418388348 ) ) ;
#317 = ORIENTED_EDGE ( 'NONE', *, *, #281, .T. ) ;
#318 = VECTOR ( 'NONE', #1031, 1000.000000000000000 ) ;
#319 = CARTESIAN_POINT ( 'NONE',  ( 2.386168635817091932, 1.699999999999977973, 14.80899048691175679 ) ) ;
#320 = VERTEX_POINT ( 'NONE', #442 ) ;
#321 = DIRECTION ( 'NONE',  ( -5.427006992139303561E-15, -1.000000000000000000, -4.327347498449030885E-15 ) ) ;
#322 = DIRECTION ( 'NONE',  ( 0.9396926207859104263, 0.000000000000000000, -0.3420201433256629953 ) ) ;
#323 = ADVANCED_FACE ( 'NONE', ( #1220 ), #1257, .T. ) ;
#324 = DIRECTION ( 'NONE',  ( -0.5677328581536762453, 3.133873384250254726E-15, -0.8232128532601137305 ) ) ;
#325 = DIRECTION ( 'NONE',  ( -5.203995240821315653E-15, -1.000000000000000000, 4.593122554272968741E-15 ) ) ;
#326 = ORIENTED_EDGE ( 'NONE', *, *, #1071, .F. ) ;
#327 = DIRECTION ( 'NONE',  ( 0.9396926207859057634, 6.938893903907227589E-15, 0.3420201433256757073 ) ) ;
#328 = FACE_OUTER_BOUND ( 'NONE', #1607, .T. ) ;
#329 = FACE_OUTER_BOUND ( 'NONE', #1098, .T. ) ;
#330 = LINE ( 'NONE', #583, #1293 ) ;
#331 = ORIENTED_EDGE ( 'NONE', *, *, #1619, .F. ) ;
#332 = CARTESIAN_POINT ( 'NONE',  ( 6.824150039687209457, 53.30000000000001137, -11.24415297991966689 ) ) ;
#333 = LINE ( 'NONE', #207, #578 ) ;
#334 = EDGE_CURVE ( 'NONE', #1455, #55, #704, .T. ) ;
#335 = DIRECTION ( 'NONE',  ( 0.000000000000000000, 0.000000000000000000, -1.000000000000000000 ) ) ;
#336 = PLANE ( 'NONE',  #528 ) ;
#337 = VECTOR ( 'NONE', #324, 1000.000000000000000 ) ;
#338 = LINE ( 'NONE', #1604, #612 ) ;
#339 = VECTOR ( 'NONE', #172, 1000.000000000000341 ) ;
#340 = ORIENTED_EDGE ( 'NONE', *, *, #7, .F. ) ;
#341 = CARTESIAN_POINT ( 'NONE',  ( 11.51538105676662482, 1.699999999999979305, 10.05477494116399306 ) ) ;
#342 = VECTOR ( 'NONE', #903, 1000.000000000000000 ) ;
#343 = EDGE_CURVE ( 'NONE', #1216, #1171, #91, .T. ) ;
#344 = ORIENTED_EDGE ( 'NONE', *, *, #293, .T. ) ;
#345 = DIRECTION ( 'NONE',  ( -0.4290568145682870371, 3.133873384250253542E-15, -0.9032775043542901061 ) ) ;
#346 = FACE_OUTER_BOUND ( 'NONE', #529, .T. ) ;
#347 = FACE_BOUND ( 'NONE', #533, .T. ) ;
#348 = ORIENTED_EDGE ( 'NONE', *, *, #1427, .T. ) ;
#349 = DIRECTION ( 'NONE',  ( 0.000000000000000000, 1.000000000000000000, 0.000000000000000000 ) ) ;
#350 = CARTESIAN_POINT ( 'NONE',  ( -14.46538105676653529, 1.699999999999979305, 4.945225058835927001 ) ) ;
#351 = ORIENTED_EDGE ( 'NONE', *, *, #1660, .T. ) ;
#352 = DIRECTION ( 'NONE',  ( -6.938893903907229167E-15, -1.000000000000000000, 1.734723475976779977E-16 ) ) ;
#353 = DIRECTION ( 'NONE',  ( 0.000000000000000000, 0.000000000000000000, -1.000000000000000000 ) ) ;
#354 = CARTESIAN_POINT ( 'NONE',  ( -14.25985417106564945, 1.699999999999979305, -5.509905536389937630 ) ) ;
#355 = EDGE_CURVE ( 'NONE', #110, #774, #1248, .T. ) ;
#356 = LINE ( 'NONE', #1144, #1319 ) ;
#357 = ADVANCED_FACE ( 'NONE', ( #1227 ), #1634, .T. ) ;
#358 = CARTESIAN_POINT ( 'NONE',  ( -2.566876621662141034, 53.30000000000001137, 12.90004435686806339 ) ) ;
#359 = ORIENTED_EDGE ( 'NONE', *, *, #669, .F. ) ;
#360 = CARTESIAN_POINT ( 'NONE',  ( 0.000000000000000000, 53.29999999999999716, 0.000000000000000000 ) ) ;
#361 = DIRECTION ( 'NONE',  ( 0.5000000000000041078, 0.000000000000000000, -0.8660254037844363761 ) ) ;
#362 = CARTESIAN_POINT ( 'NONE',  ( 0.000000000000000000, 53.29999999999999716, 0.000000000000000000 ) ) ;
#363 = EDGE_LOOP ( 'NONE', ( #1055, #525 ) ) ;
#364 = VERTEX_POINT ( 'NONE', #1499 ) ;
#365 = CYLINDRICAL_SURFACE ( 'NONE', #1175, 4.500000000000000000 ) ;
#366 = VECTOR ( 'NONE', #1137, 999.9999999999998863 ) ;
#367 = CIRCLE ( 'NONE', #954, 7.000000000000000000 ) ;
#368 = ORIENTED_EDGE ( 'NONE', *, *, #117, .T. ) ;
#369 = CARTESIAN_POINT ( 'NONE',  ( -11.34694682076532857, 53.30000000000002558, 9.810545236974522965 ) ) ;
#370 = CIRCLE ( 'NONE', #1039, 4.500000000000000000 ) ;
#371 = DIRECTION ( 'NONE',  ( 0.1736481776669404620, -6.938893903907229167E-15, -0.9848077530122062440 ) ) ;
#372 = DIRECTION ( 'NONE',  ( 1.000000000000000000, 6.476300976980080082E-15, 0.000000000000000000 ) ) ;
#373 = VECTOR ( 'NONE', #1337, 1000.000000000000000 ) ;
#374 = VERTEX_POINT ( 'NONE', #189 ) ;
#375 = ORIENTED_EDGE ( 'NONE', *, *, #40, .T. ) ;
#376 = LINE ( 'NONE', #884, #262 ) ;
#377 = EDGE_CURVE ( 'NONE', #859, #186, #1492, .T. ) ;
#378 = CARTESIAN_POINT ( 'NONE',  ( 0.000000000000000000, 53.29999999999999716, 0.000000000000000000 ) ) ;
#379 = PRODUCT_RELATED_PRODUCT_CATEGORY ( 'part', '', ( #537 ) ) ;
#380 = VERTEX_POINT ( 'NONE', #1086 ) ;
#381 = PLANE ( 'NONE',  #1344 ) ;
#382 = CARTESIAN_POINT ( 'NONE',  ( 0.000000000000000000, 1.700000000000000178, 0.000000000000000000 ) ) ;
#383 = CARTESIAN_POINT ( 'NONE',  ( 10.25833024919775482, 1.699999999999986189, 8.232050807568770168 ) ) ;
#384 = EDGE_LOOP ( 'NONE', ( #757, #259, #1614, #1330 ) ) ;
#385 = ORIENTED_EDGE ( 'NONE', *, *, #885, .F. ) ;
#386 = DIRECTION ( 'NONE',  ( -0.9092921764898777015, 3.133873384250253148E-15, -0.4161583085489235501 ) ) ;
#387 = CARTESIAN_POINT ( 'NONE',  ( 0.000000000000000000, 55.00000000000000000, -15.00000000000000000 ) ) ;
#388 = ORIENTED_EDGE ( 'NONE', *, *, #669, .T. ) ;
#389 = CARTESIAN_POINT ( 'NONE',  ( -2.566876621661802638, 1.700000000000013944, 12.90004435686818951 ) ) ;
#390 = DIRECTION ( 'NONE',  ( 0.2519389993251382465, 0.000000000000000000, 0.9677431170610556466 ) ) ;
#391 = ORIENTED_EDGE ( 'NONE', *, *, #1648, .T. ) ;
#392 = FACE_OUTER_BOUND ( 'NONE', #921, .T. ) ;
#393 =( LENGTH_UNIT ( ) NAMED_UNIT ( * ) SI_UNIT ( .MILLI., .METRE. ) );
#394 = VECTOR ( 'NONE', #501, 1000.000000000000000 ) ;
#395 = VERTEX_POINT ( 'NONE', #1097 ) ;
#396 = CARTESIAN_POINT ( 'NONE',  ( 0.000000000000000000, 55.00000000000000000, 0.000000000000000000 ) ) ;
#397 = VECTOR ( 'NONE', #74, 1000.000000000000114 ) ;
#398 = EDGE_CURVE ( 'NONE', #1571, #1216, #949, .T. ) ;
#399 = AXIS2_PLACEMENT_3D ( 'NONE', #1132, #1139, #1387 ) ;
#400 = VERTEX_POINT ( 'NONE', #1382 ) ;
#401 = VECTOR ( 'NONE', #1170, 1000.000000000000000 ) ;
#402 = CARTESIAN_POINT ( 'NONE',  ( -3.502387902511095554E-13, 53.29999999999999716, -1.223998455843623192E-13 ) ) ;
#403 = DIRECTION ( 'NONE',  ( 0.000000000000000000, 0.000000000000000000, -1.000000000000000000 ) ) ;
#404 = ORIENTED_EDGE ( 'NONE', *, *, #56, .T. ) ;
#405 = CARTESIAN_POINT ( 'NONE',  ( 3.561310965619996275E-13, 53.00000000000000000, -4.500000000000000000 ) ) ;
#406 = EDGE_CURVE ( 'NONE', #1239, #440, #84, .T. ) ;
#407 = LINE ( 'NONE', #1589, #906 ) ;
#408 = ORIENTED_EDGE ( 'NONE', *, *, #1444, .T. ) ;
#409 = DIRECTION ( 'NONE',  ( 6.982962677686267499E-15, 1.000000000000000000, 0.000000000000000000 ) ) ;
#410 = EDGE_CURVE ( 'NONE', #364, #27, #960, .T. ) ;
#411 = CARTESIAN_POINT ( 'NONE',  ( -7.691124373140250547, 1.699999999999977973, 12.87814450442640712 ) ) ;
#412 = ORIENTED_EDGE ( 'NONE', *, *, #543, .F. ) ;
#413 = DIRECTION ( 'NONE',  ( 0.5000000000000039968, 6.938893903907227589E-15, -0.8660254037844363761 ) ) ;
#414 = VECTOR ( 'NONE', #160, 1000.000000000000000 ) ;
#415 = ORIENTED_EDGE ( 'NONE', *, *, #480, .T. ) ;
#416 = VECTOR ( 'NONE', #659, 1000.000000000000000 ) ;
#417 = SURFACE_STYLE_USAGE ( .BOTH. , #837 ) ;
#418 = AXIS2_PLACEMENT_3D ( 'NONE', #956, #64, #1218 ) ;
#419 = CARTESIAN_POINT ( 'NONE',  ( -13.14979714449252945, 53.30000000000001137, -0.2878108036459904318 ) ) ;
#420 = VECTOR ( 'NONE', #1677, 1000.000000000000000 ) ;
#421 =( NAMED_UNIT ( * ) PLANE_ANGLE_UNIT ( ) SI_UNIT ( $, .RADIAN. ) );
#422 = DIRECTION ( 'NONE',  ( -0.9955492785771388187, -6.307553100499602123E-15, 0.09424242104561308953 ) ) ;
#423 = EDGE_CURVE ( 'NONE', #1313, #400, #330, .T. ) ;
#424 = VERTEX_POINT ( 'NONE', #697 ) ;
#425 = EDGE_LOOP ( 'NONE', ( #1025, #869 ) ) ;
#426 = CARTESIAN_POINT ( 'NONE',  ( 0.000000000000000000, 2.000000000000000000, 0.000000000000000000 ) ) ;
#427 = VERTEX_POINT ( 'NONE', #1626 ) ;
#428 = EDGE_CURVE ( 'NONE', #730, #1404, #873, .T. ) ;
#429 = CARTESIAN_POINT ( 'NONE',  ( 5.510910596163088569E-16, 2.000000000000000000, 4.500000000000000000 ) ) ;
#430 = DIRECTION ( 'NONE',  ( -0.9092921764898777015, 3.133873384250253148E-15, -0.4161583085489235501 ) ) ;
#431 = VERTEX_POINT ( 'NONE', #1080 ) ;
#432 = LINE ( 'NONE', #16, #551 ) ;
#433 = CARTESIAN_POINT ( 'NONE',  ( 3.561310965619996275E-13, 53.00000000000000000, 0.000000000000000000 ) ) ;
#434 = ORIENTED_EDGE ( 'NONE', *, *, #741, .T. ) ;
#435 = EDGE_LOOP ( 'NONE', ( #264, #681, #981, #1599 ) ) ;
#436 = DIRECTION ( 'NONE',  ( 0.000000000000000000, -1.000000000000000000, 0.000000000000000000 ) ) ;
#437 = ORIENTED_EDGE ( 'NONE', *, *, #343, .T. ) ;
#438 = LINE ( 'NONE', #1092, #397 ) ;
#439 = FILL_AREA_STYLE_COLOUR ( '', #1320 ) ;
#440 = VERTEX_POINT ( 'NONE', #857 ) ;
#441 = DIRECTION ( 'NONE',  ( 0.8150497554442559522, 3.133873384250255515E-15, 0.5793909700282344755 ) ) ;
#442 = CARTESIAN_POINT ( 'NONE',  ( 0.000000000000000000, 2.000000000000000000, -4.500000000000000000 ) ) ;
#443 = LINE ( 'NONE', #1470, #154 ) ;
#444 = DIRECTION ( 'NONE',  ( -0.5000000000000039968, -6.938893903907228378E-15, 0.8660254037844363761 ) ) ;
#445 = CARTESIAN_POINT ( 'NONE',  ( 2.358208918566678136, 1.699999999999979305, 15.10434873459930394 ) ) ;
#446 = ADVANCED_FACE ( 'NONE', ( #833, #1389 ), #220, .T. ) ;
#447 = VECTOR ( 'NONE', #345, 1000.000000000000227 ) ;
#448 = AXIS2_PLACEMENT_3D ( 'NONE', #1620, #454, #972 ) ;
#449 = CARTESIAN_POINT ( 'NONE',  ( -6.999999999999643840, 53.00000000000009237, 0.000000000000000000 ) ) ;
#450 = EDGE_LOOP ( 'NONE', ( #1308, #652, #302, #1552 ) ) ;
#451 = AXIS2_PLACEMENT_3D ( 'NONE', #1383, #604, #1250 ) ;
#452 = ORIENTED_EDGE ( 'NONE', *, *, #1488, .T. ) ;
#453 = LINE ( 'NONE', #1077, #1637 ) ;
#454 = DIRECTION ( 'NONE',  ( 0.000000000000000000, -1.000000000000000000, 0.000000000000000000 ) ) ;
#455 = EDGE_LOOP ( 'NONE', ( #68, #326, #1543, #80 ) ) ;
#456 = EDGE_CURVE ( 'NONE', #62, #839, #338, .T. ) ;
#457 = LINE ( 'NONE', #332, #1065 ) ;
#458 = CARTESIAN_POINT ( 'NONE',  ( -1.813586445743516653E-13, 53.29999999999999716, 3.236633659124715972E-13 ) ) ;
#459 = DIRECTION ( 'NONE',  ( 1.000000000000000000, -6.938893903907229167E-15, 0.000000000000000000 ) ) ;
#460 = DIRECTION ( 'NONE',  ( -1.375763194285063557E-15, -1.000000000000000000, -6.803353356861049673E-15 ) ) ;
#461 = CARTESIAN_POINT ( 'NONE',  ( 3.709800194417544868E-13, 53.29999999999999716, -4.770489558936145357E-15 ) ) ;
#462 = EDGE_CURVE ( 'NONE', #733, #1629, #1371, .T. ) ;
#463 = CARTESIAN_POINT ( 'NONE',  ( -6.325647104805426579, 1.699999999999986189, 11.53196378356548379 ) ) ;
#464 = ORIENTED_EDGE ( 'NONE', *, *, #531, .T. ) ;
#465 = FACE_OUTER_BOUND ( 'NONE', #276, .T. ) ;
#466 = LINE ( 'NONE', #728, #153 ) ;
#467 = PLANE ( 'NONE',  #957 ) ;
#468 = EDGE_LOOP ( 'NONE', ( #595, #1136, #707, #1276 ) ) ;
#469 = PLANE ( 'NONE',  #1295 ) ;
#470 = DIRECTION ( 'NONE',  ( -0.9092921764898836967, 3.133873384250255120E-15, 0.4161583085489105049 ) ) ;
#471 = AXIS2_PLACEMENT_3D ( 'NONE', #1209, #1497, #335 ) ;
#472 = VECTOR ( 'NONE', #1196, 1000.000000000000114 ) ;
#473 = EDGE_CURVE ( 'NONE', #839, #1588, #849, .T. ) ;
#474 = CARTESIAN_POINT ( 'NONE',  ( 0.000000000000000000, 53.29999999999999716, 0.000000000000000000 ) ) ;
#475 = VECTOR ( 'NONE', #241, 1000.000000000000000 ) ;
#476 = EDGE_LOOP ( 'NONE', ( #1260, #1002, #1061, #1336 ) ) ;
#477 = DIRECTION ( 'NONE',  ( -0.2656859849109052263, -6.307553100499602912E-15, -0.9640596233749872956 ) ) ;
#478 = DIRECTION ( 'NONE',  ( -0.000000000000000000, -1.000000000000000000, -0.000000000000000000 ) ) ;
#479 = DIRECTION ( 'NONE',  ( -6.938893903907229167E-15, -1.000000000000000000, 1.734723475976779977E-16 ) ) ;
#480 = EDGE_CURVE ( 'NONE', #1475, #221, #1011, .T. ) ;
#481 = ORIENTED_EDGE ( 'NONE', *, *, #1575, .T. ) ;
#482 = DIRECTION ( 'NONE',  ( -0.9092921764898836967, 0.000000000000000000, 0.4161583085489105605 ) ) ;
#483 = ORIENTED_EDGE ( 'NONE', *, *, #1606, .T. ) ;
#484 = CARTESIAN_POINT ( 'NONE',  ( -11.34694682076510830, 1.700000000000021716, 9.810545236974778760 ) ) ;
#485 = DIRECTION ( 'NONE',  ( 0.000000000000000000, 0.000000000000000000, -1.000000000000000000 ) ) ;
#486 = DIRECTION ( 'NONE',  ( 0.000000000000000000, -6.866613759074861678E-15, -1.000000000000000000 ) ) ;
#487 = ORIENTED_EDGE ( 'NONE', *, *, #355, .F. ) ;
#488 = VERTEX_POINT ( 'NONE', #239 ) ;
#489 = DIRECTION ( 'NONE',  ( 0.9396926207859057634, 6.938893903907227589E-15, 0.3420201433256757073 ) ) ;
#490 = ORIENTED_EDGE ( 'NONE', *, *, #943, .T. ) ;
#491 = CARTESIAN_POINT ( 'NONE',  ( 0.000000000000000000, 1.700000000000000178, 0.000000000000000000 ) ) ;
#492 = CARTESIAN_POINT ( 'NONE',  ( 5.972198922360272313E-14, 53.29999999999999716, -3.661723861773472465E-13 ) ) ;
#493 = DIRECTION ( 'NONE',  ( 5.349259755748840925E-15, 1.000000000000000000, -4.488561888120207734E-15 ) ) ;
#494 = VERTEX_POINT ( 'NONE', #766 ) ;
#495 = EDGE_CURVE ( 'NONE', #1672, #961, #1402, .T. ) ;
#496 = ORIENTED_EDGE ( 'NONE', *, *, #1127, .T. ) ;
#497 = PLANE ( 'NONE',  #178 ) ;
#498 = CIRCLE ( 'NONE', #1401, 15.00000000000000000 ) ;
#499 = DIRECTION ( 'NONE',  ( 0.8150497554442640569, 3.133873384250253937E-15, -0.5793909700282230402 ) ) ;
#500 = EDGE_LOOP ( 'NONE', ( #629, #237, #270, #1087 ) ) ;
#501 = DIRECTION ( 'NONE',  ( -0.9640596233749835209, 3.133873384250255515E-15, -0.2656859849109187155 ) ) ;
#502 = VECTOR ( 'NONE', #858, 999.9999999999998863 ) ;
#503 = CARTESIAN_POINT ( 'NONE',  ( -12.25833024919783298, 53.29999999999998295, 4.767949192430851468 ) ) ;
#504 = PLANE ( 'NONE',  #1567 ) ;
#505 = AXIS2_PLACEMENT_3D ( 'NONE', #10, #1301, #147 ) ;
#506 = ORIENTED_EDGE ( 'NONE', *, *, #802, .T. ) ;
#507 = ORIENTED_EDGE ( 'NONE', *, *, #828, .F. ) ;
#508 = CARTESIAN_POINT ( 'NONE',  ( 14.99836248101034819, 55.00000000000002132, 0.2216368385922003470 ) ) ;
#509 = DIRECTION ( 'NONE',  ( 1.212578743696387931E-15, 1.000000000000000000, 6.876875783980329245E-15 ) ) ;
#510 = EDGE_CURVE ( 'NONE', #1313, #882, #111, .T. ) ;
#511 = VERTEX_POINT ( 'NONE', #1520 ) ;
#512 = CARTESIAN_POINT ( 'NONE',  ( 11.90164525249923244, 53.29999999999997584, -9.594443198209246404 ) ) ;
#513 = CARTESIAN_POINT ( 'NONE',  ( -7.902395381203390023, 1.699999999999979305, 13.08642988897790715 ) ) ;
#514 = ORIENTED_EDGE ( 'NONE', *, *, #1256, .T. ) ;
#515 = CARTESIAN_POINT ( 'NONE',  ( 11.34694682076519712, 1.699999999999977973, 9.810545236974684613 ) ) ;
#516 = ADVANCED_FACE ( 'NONE', ( #392 ), #365, .F. ) ;
#517 = LINE ( 'NONE', #1664, #614 ) ;
#518 = VERTEX_POINT ( 'NONE', #1286 ) ;
#519 = FACE_BOUND ( 'NONE', #1, .T. ) ;
#520 = ORIENTED_EDGE ( 'NONE', *, *, #406, .T. ) ;
#521 = CARTESIAN_POINT ( 'NONE',  ( -12.25833024919765357, 1.699999999999986189, 4.767949192431163219 ) ) ;
#522 = CARTESIAN_POINT ( 'NONE',  ( -11.63187764815893921, 54.99999999999997868, -9.470977899787357046 ) ) ;
#523 = ADVANCED_FACE ( 'NONE', ( #133 ), #900, .F. ) ;
#524 = AXIS2_PLACEMENT_3D ( 'NONE', #1657, #87, #879 ) ;
#525 = ORIENTED_EDGE ( 'NONE', *, *, #605, .F. ) ;
#526 = DIRECTION ( 'NONE',  ( -0.000000000000000000, -1.000000000000000000, -0.000000000000000000 ) ) ;
#527 = AXIS2_PLACEMENT_3D ( 'NONE', #532, #1057, #795 ) ;
#528 = AXIS2_PLACEMENT_3D ( 'NONE', #1535, #844, #459 ) ;
#529 = EDGE_LOOP ( 'NONE', ( #851, #1123, #664, #1424 ) ) ;
#530 = AXIS2_PLACEMENT_3D ( 'NONE', #513, #1027, #275 ) ;
#531 = EDGE_CURVE ( 'NONE', #1216, #488, #356, .T. ) ;
#532 = CARTESIAN_POINT ( 'NONE',  ( 0.000000000000000000, 1.700000000000000178, 0.000000000000000000 ) ) ;
#533 = EDGE_LOOP ( 'NONE', ( #331, #1391, #1109, #644 ) ) ;
#534 = DIRECTION ( 'NONE',  ( -0.9677431170610556466, 6.307553100499602912E-15, 0.2519389993251382465 ) ) ;
#535 = ORIENTED_EDGE ( 'NONE', *, *, #1114, .T. ) ;
#536 = EDGE_CURVE ( 'NONE', #806, #700, #864, .T. ) ;
#537 = PRODUCT ( 'Elevator-Driver V2', 'Elevator-Driver V2', '', ( #1342 ) ) ;
#538 = LINE ( 'NONE', #1466, #1670 ) ;
#539 =( NAMED_UNIT ( * ) SI_UNIT ( $, .STERADIAN. ) SOLID_ANGLE_UNIT ( ) );
#540 = DIRECTION ( 'NONE',  ( 0.7660444431189857850, -6.938893903907227589E-15, -0.6427876096865299260 ) ) ;
#541 = LINE ( 'NONE', #1579, #1452 ) ;
#542 = EDGE_LOOP ( 'NONE', ( #148, #1266, #434, #1559 ) ) ;
#543 = EDGE_CURVE ( 'NONE', #1672, #309, #119, .T. ) ;
#544 = DIRECTION ( 'NONE',  ( -0.000000000000000000, -1.000000000000000000, -0.000000000000000000 ) ) ;
#545 = DIRECTION ( 'NONE',  ( 0.9967896727219672792, 3.133873384250253542E-15, 0.08006465109418386961 ) ) ;
#546 = ORIENTED_EDGE ( 'NONE', *, *, #976, .T. ) ;
#547 = ADVANCED_FACE ( 'NONE', ( #872 ), #3, .T. ) ;
#548 = FACE_OUTER_BOUND ( 'NONE', #974, .T. ) ;
#549 = VECTOR ( 'NONE', #1026, 1000.000000000000114 ) ;
#550 = EDGE_LOOP ( 'NONE', ( #1569, #1106, #812, #1079 ) ) ;
#551 = VECTOR ( 'NONE', #914, 1000.000000000000000 ) ;
#552 = DIRECTION ( 'NONE',  ( 0.9677431170610520939, -6.307553100499602123E-15, 0.2519389993251520687 ) ) ;
#553 = VECTOR ( 'NONE', #1601, 1000.000000000000000 ) ;
#554 = ORIENTED_EDGE ( 'NONE', *, *, #1177, .T. ) ;
#555 = FACE_BOUND ( 'NONE', #1034, .T. ) ;
#556 = CIRCLE ( 'NONE', #1674, 7.000000000000000000 ) ;
#557 = LINE ( 'NONE', #1053, #683 ) ;
#558 = EDGE_LOOP ( 'NONE', ( #13, #375, #1345, #640 ) ) ;
#559 = ORIENTED_EDGE ( 'NONE', *, *, #1590, .T. ) ;
#560 = CARTESIAN_POINT ( 'NONE',  ( -12.25833024919765357, 1.699999999999986189, 4.767949192431163219 ) ) ;
#561 = VERTEX_POINT ( 'NONE', #515 ) ;
#562 = CARTESIAN_POINT ( 'NONE',  ( -14.99836248101035707, 54.99999999999997868, 0.2216368385916421824 ) ) ;
#563 = FILL_AREA_STYLE ('',( #439 ) ) ;
#564 = VERTEX_POINT ( 'NONE', #102 ) ;
#565 = CARTESIAN_POINT ( 'NONE',  ( 7.000000000000357048, 52.99999999999990052, 8.572527594031473190E-16 ) ) ;
#566 = ORIENTED_EDGE ( 'NONE', *, *, #183, .F. ) ;
#567 = EDGE_CURVE ( 'NONE', #1465, #1413, #1134, .T. ) ;
#568 = CARTESIAN_POINT ( 'NONE',  ( 9.888327812162842179, 1.699999999999986189, -8.673002541173737256 ) ) ;
#569 = FACE_OUTER_BOUND ( 'NONE', #1678, .T. ) ;
#570 = PLANE ( 'NONE',  #1430 ) ;
#571 = CARTESIAN_POINT ( 'NONE',  ( 2.566876621661967839, 1.699999999999986189, 12.90004435686810069 ) ) ;
#572 = DIRECTION ( 'NONE',  ( -1.396592535537253342E-14, -1.000000000000000000, -0.000000000000000000 ) ) ;
#573 = CARTESIAN_POINT ( 'NONE',  ( 7.000000000000357048, 52.99999999999990052, 8.572527594031473190E-16 ) ) ;
#574 = ADVANCED_FACE ( 'NONE', ( #1277 ), #497, .T. ) ;
#575 = ORIENTED_EDGE ( 'NONE', *, *, #1563, .T. ) ;
#576 = DIRECTION ( 'NONE',  ( 0.7121206240498395568, 3.133873384250255515E-15, -0.7020571321501314355 ) ) ;
#577 = PRESENTATION_STYLE_ASSIGNMENT (( #417 ) ) ;
#578 = VECTOR ( 'NONE', #719, 1000.000000000000000 ) ;
#579 = CIRCLE ( 'NONE', #1121, 4.500000000000000000 ) ;
#580 = EDGE_CURVE ( 'NONE', #62, #1332, #376, .T. ) ;
#581 = VECTOR ( 'NONE', #1022, 1000.000000000000000 ) ;
#582 = STYLED_ITEM ( 'NONE', ( #577 ), #1044 ) ;
#583 = CARTESIAN_POINT ( 'NONE',  ( 1.999999999999820144, 1.699999999999986189, -12.99999999999999822 ) ) ;
#584 = ORIENTED_EDGE ( 'NONE', *, *, #495, .F. ) ;
#585 = AXIS2_PLACEMENT_3D ( 'NONE', #396, #526, #403 ) ;
#586 = EDGE_LOOP ( 'NONE', ( #157, #368 ) ) ;
#587 = CARTESIAN_POINT ( 'NONE',  ( -14.99836248101035174, 53.30000000000002558, 0.2216368385916534511 ) ) ;
#588 = EDGE_LOOP ( 'NONE', ( #1325, #294, #142, #895 ) ) ;
#589 = DIRECTION ( 'NONE',  ( -1.034089368590311007E-15, -1.000000000000000000, 6.863599670932916969E-15 ) ) ;
#590 = EDGE_CURVE ( 'NONE', #374, #1249, #367, .T. ) ;
#591 = DIRECTION ( 'NONE',  ( -0.5677328581536882357, 0.000000000000000000, 0.8232128532601056259 ) ) ;
#592 = EDGE_CURVE ( 'NONE', #1460, #961, #1154, .T. ) ;
#593 = CARTESIAN_POINT ( 'NONE',  ( 3.561310965619996275E-13, 53.00000000000000000, 0.000000000000000000 ) ) ;
#594 = ORIENTED_EDGE ( 'NONE', *, *, #129, .F. ) ;
#595 = ORIENTED_EDGE ( 'NONE', *, *, #1675, .T. ) ;
#596 = ORIENTED_EDGE ( 'NONE', *, *, #965, .F. ) ;
#597 = CARTESIAN_POINT ( 'NONE',  ( 2.386168635816760641, 53.29999999999997584, 14.80899048691181008 ) ) ;
#598 = CARTESIAN_POINT ( 'NONE',  ( -2.566876621662141034, 53.30000000000001137, 12.90004435686806339 ) ) ;
#599 = DIRECTION ( 'NONE',  ( 3.619678411827273195E-15, -1.000000000000000000, 5.922522221149832058E-15 ) ) ;
#600 = ORIENTED_EDGE ( 'NONE', *, *, #1247, .F. ) ;
#601 = ADVANCED_FACE ( 'NONE', ( #1549 ), #1423, .F. ) ;
#602 = CARTESIAN_POINT ( 'NONE',  ( 14.16965481057905052, 54.99999999999997868, 4.921471583686532369 ) ) ;
#603 = UNCERTAINTY_MEASURE_WITH_UNIT (LENGTH_MEASURE( 1.000000000000000082E-05 ), #1226, 'distance_accuracy_value', 'NONE');
#604 = DIRECTION ( 'NONE',  ( 0.000000000000000000, 1.000000000000000000, 0.000000000000000000 ) ) ;
#605 = EDGE_CURVE ( 'NONE', #830, #1029, #1536, .T. ) ;
#606 = ORIENTED_EDGE ( 'NONE', *, *, #1501, .F. ) ;
#607 = CARTESIAN_POINT ( 'NONE',  ( -7.691124373140547199, 55.00000000000002132, 12.87814450442622771 ) ) ;
#608 = DIRECTION ( 'NONE',  ( -0.4290568145682870371, 3.133873384250253542E-15, -0.9032775043542901061 ) ) ;
#609 = DIRECTION ( 'NONE',  ( 0.09424242104562723099, 0.000000000000000000, -0.9955492785771374864 ) ) ;
#610 = AXIS2_PLACEMENT_3D ( 'NONE', #1544, #896, #888 ) ;
#611 = CARTESIAN_POINT ( 'NONE',  ( 1.999999999999820144, 1.699999999999986189, -12.99999999999999822 ) ) ;
#612 = VECTOR ( 'NONE', #838, 999.9999999999998863 ) ;
#613 = CIRCLE ( 'NONE', #687, 15.00000000000000000 ) ;
#614 = VECTOR ( 'NONE', #499, 1000.000000000000114 ) ;
#615 = VERTEX_POINT ( 'NONE', #1333 ) ;
#616 = CARTESIAN_POINT ( 'NONE',  ( 7.307238107869928889, 1.700000000000021716, -13.09978134301842445 ) ) ;
#617 = DIRECTION ( 'NONE',  ( 0.8232128532601138415, 6.307553100499603701E-15, -0.5677328581536763563 ) ) ;
#618 = CARTESIAN_POINT ( 'NONE',  ( 0.000000000000000000, 55.00000000000000000, 0.000000000000000000 ) ) ;
#619 = ORIENTED_EDGE ( 'NONE', *, *, #456, .T. ) ;
#620 = DIRECTION ( 'NONE',  ( 1.212578743696479439E-15, 1.000000000000000000, -6.876875783980312679E-15 ) ) ;
#621 = EDGE_CURVE ( 'NONE', #395, #1073, #1174, .T. ) ;
#622 = ORIENTED_EDGE ( 'NONE', *, *, #722, .F. ) ;
#623 = DIRECTION ( 'NONE',  ( -0.4290568145682875922, 3.133873384250255120E-15, 0.9032775043542897730 ) ) ;
#624 = FACE_OUTER_BOUND ( 'NONE', #455, .T. ) ;
#625 = DIRECTION ( 'NONE',  ( 1.000000000000000000, -6.938893903907228378E-15, 0.000000000000000000 ) ) ;
#626 = ORIENTED_EDGE ( 'NONE', *, *, #654, .T. ) ;
#627 = DIRECTION ( 'NONE',  ( 0.000000000000000000, 0.000000000000000000, -1.000000000000000000 ) ) ;
#628 = CARTESIAN_POINT ( 'NONE',  ( 13.14979714449253123, 1.699999999999986189, -0.2878108036458151830 ) ) ;
#629 = ORIENTED_EDGE ( 'NONE', *, *, #281, .F. ) ;
#630 = DIRECTION ( 'NONE',  ( 0.09424242104561308953, 3.133873384250253937E-15, 0.9955492785771388187 ) ) ;
#631 = CARTESIAN_POINT ( 'NONE',  ( 13.14979714449253123, 1.699999999999986189, -0.2878108036458151830 ) ) ;
#632 = PLANE ( 'NONE',  #1616 ) ;
#633 = ORIENTED_EDGE ( 'NONE', *, *, #1663, .T. ) ;
#634 = DIRECTION ( 'NONE',  ( 6.982962677686267499E-15, 1.000000000000000000, 0.000000000000000000 ) ) ;
#635 = ADVANCED_FACE ( 'NONE', ( #1448 ), #1572, .T. ) ;
#636 = CIRCLE ( 'NONE', #1582, 15.00000000000000000 ) ;
#637 = VECTOR ( 'NONE', #409, 1000.000000000000000 ) ;
#638 = CARTESIAN_POINT ( 'NONE',  ( -1.805559322863005306E-29, 53.29999999999999716, -15.00000000000000000 ) ) ;
#639 = VECTOR ( 'NONE', #1618, 1000.000000000000000 ) ;
#640 = ORIENTED_EDGE ( 'NONE', *, *, #1094, .F. ) ;
#641 = CARTESIAN_POINT ( 'NONE',  ( -7.381983038097080119, 1.699999999999979305, -13.38689009535993790 ) ) ;
#642 = VECTOR ( 'NONE', #1669, 1000.000000000000000 ) ;
#643 = DIRECTION ( 'NONE',  ( -0.000000000000000000, -1.000000000000000000, -0.000000000000000000 ) ) ;
#644 = ORIENTED_EDGE ( 'NONE', *, *, #1663, .F. ) ;
#645 = VERTEX_POINT ( 'NONE', #419 ) ;
#646 = PRODUCT_DEFINITION_CONTEXT ( 'detailed design', #308, 'design' ) ;
#647 = ADVANCED_FACE ( 'NONE', ( #678 ), #939, .T. ) ;
#648 = DIRECTION ( 'NONE',  ( 1.396592535537253342E-14, 1.000000000000000000, -0.000000000000000000 ) ) ;
#649 = CARTESIAN_POINT ( 'NONE',  ( 0.000000000000000000, 0.000000000000000000, 0.000000000000000000 ) ) ;
#650 = VERTEX_POINT ( 'NONE', #272 ) ;
#651 = FACE_BOUND ( 'NONE', #1515, .T. ) ;
#652 = ORIENTED_EDGE ( 'NONE', *, *, #377, .T. ) ;
#653 = DIRECTION ( 'NONE',  ( 0.000000000000000000, 0.000000000000000000, -1.000000000000000000 ) ) ;
#654 = EDGE_CURVE ( 'NONE', #1453, #1455, #1584, .T. ) ;
#655 = VERTEX_POINT ( 'NONE', #666 ) ;
#656 = FACE_OUTER_BOUND ( 'NONE', #1617, .T. ) ;
#657 = ADVANCED_FACE ( 'NONE', ( #671 ), #1565, .T. ) ;
#658 = ORIENTED_EDGE ( 'NONE', *, *, #1071, .T. ) ;
#659 = DIRECTION ( 'NONE',  ( -6.561838499445209529E-15, 1.000000000000000000, 2.388313895860013042E-15 ) ) ;
#660 = VECTOR ( 'NONE', #214, 1000.000000000000000 ) ;
#661 = ORIENTED_EDGE ( 'NONE', *, *, #76, .F. ) ;
#662 = LINE ( 'NONE', #1033, #233 ) ;
#663 = VECTOR ( 'NONE', #634, 1000.000000000000000 ) ;
#664 = ORIENTED_EDGE ( 'NONE', *, *, #226, .T. ) ;
#665 = CIRCLE ( 'NONE', #451, 15.00000000000000000 ) ;
#666 = CARTESIAN_POINT ( 'NONE',  ( 13.14979714449259518, 53.29999999999998295, -0.2878108036454603558 ) ) ;
#667 = DIRECTION ( 'NONE',  ( -0.000000000000000000, -1.000000000000000000, -0.000000000000000000 ) ) ;
#668 = DIRECTION ( 'NONE',  ( -0.000000000000000000, -1.000000000000000000, -0.000000000000000000 ) ) ;
#669 = EDGE_CURVE ( 'NONE', #254, #615, #1595, .T. ) ;
#670 = ORIENTED_EDGE ( 'NONE', *, *, #724, .F. ) ;
#671 = FACE_OUTER_BOUND ( 'NONE', #1047, .T. ) ;
#672 = PLANE ( 'NONE',  #1318 ) ;
#673 = ORIENTED_EDGE ( 'NONE', *, *, #856, .T. ) ;
#674 = CARTESIAN_POINT ( 'NONE',  ( 13.14979714449259518, 53.29999999999998295, -0.2878108036454603558 ) ) ;
#675 = ORIENTED_EDGE ( 'NONE', *, *, #1464, .F. ) ;
#676 = LINE ( 'NONE', #1463, #553 ) ;
#677 = VERTEX_POINT ( 'NONE', #38 ) ;
#678 = FACE_OUTER_BOUND ( 'NONE', #550, .T. ) ;
#679 = ADVANCED_FACE ( 'NONE', ( #1190, #555 ), #23, .T. ) ;
#680 = CARTESIAN_POINT ( 'NONE',  ( -2.386168635817291328, 53.30000000000002558, 14.80899048691171949 ) ) ;
#681 = ORIENTED_EDGE ( 'NONE', *, *, #1427, .F. ) ;
#682 = PLANE ( 'NONE',  #1125 ) ;
#683 = VECTOR ( 'NONE', #940, 1000.000000000000000 ) ;
#684 = CARTESIAN_POINT ( 'NONE',  ( 6.325647104805272036, 53.30000000000001137, 11.53196378356557261 ) ) ;
#685 = VECTOR ( 'NONE', #963, 1000.000000000000000 ) ;
#686 = CARTESIAN_POINT ( 'NONE',  ( 0.000000000000000000, 53.29999999999999716, 0.000000000000000000 ) ) ;
#687 = AXIS2_PLACEMENT_3D ( 'NONE', #1518, #854, #372 ) ;
#688 = ORIENTED_EDGE ( 'NONE', *, *, #1440, .F. ) ;
#689 = VECTOR ( 'NONE', #1314, 1000.000000000000000 ) ;
#690 = EDGE_CURVE ( 'NONE', #518, #1249, #1439, .T. ) ;
#691 = CARTESIAN_POINT ( 'NONE',  ( 12.25833024919776904, 1.700000000000013944, 4.767949192431022887 ) ) ;
#692 = ORIENTED_EDGE ( 'NONE', *, *, #1094, .T. ) ;
#693 = EDGE_LOOP ( 'NONE', ( #600, #1649, #752, #1395 ) ) ;
#694 = DIRECTION ( 'NONE',  ( 0.000000000000000000, 1.000000000000000000, 0.000000000000000000 ) ) ;
#695 = ORIENTED_EDGE ( 'NONE', *, *, #1189, .T. ) ;
#696 = CARTESIAN_POINT ( 'NONE',  ( -6.325647104805426579, 1.699999999999986189, 11.53196378356548379 ) ) ;
#697 = CARTESIAN_POINT ( 'NONE',  ( 2.822707989814166485, 53.29999999999997584, -14.73201682066102158 ) ) ;
#698 = EDGE_CURVE ( 'NONE', #564, #987, #538, .T. ) ;
#699 = CARTESIAN_POINT ( 'NONE',  ( 14.99836248101034819, 53.29999999999997584, 0.2216368385921894946 ) ) ;
#700 = VERTEX_POINT ( 'NONE', #1069 ) ;
#701 = EDGE_CURVE ( 'NONE', #221, #816, #432, .T. ) ;
#702 = DIRECTION ( 'NONE',  ( 1.000000000000000000, -5.204170427930421283E-15, 0.000000000000000000 ) ) ;
#703 = LINE ( 'NONE', #801, #713 ) ;
#704 = LINE ( 'NONE', #449, #14 ) ;
#705 = LINE ( 'NONE', #358, #1179 ) ;
#706 = EDGE_CURVE ( 'NONE', #1673, #797, #201, .T. ) ;
#707 = ORIENTED_EDGE ( 'NONE', *, *, #92, .F. ) ;
#708 = LINE ( 'NONE', #1600, #902 ) ;
#709 = FACE_OUTER_BOUND ( 'NONE', #213, .T. ) ;
#710 = AXIS2_PLACEMENT_3D ( 'NONE', #260, #771, #540 ) ;
#711 = VECTOR ( 'NONE', #544, 1000.000000000000000 ) ;
#712 = PLANE ( 'NONE',  #126 ) ;
#713 = VECTOR ( 'NONE', #430, 1000.000000000000114 ) ;
#714 = VECTOR ( 'NONE', #1194, 999.9999999999998863 ) ;
#715 = DIRECTION ( 'NONE',  ( 0.9032775043542901061, -6.307553100499602912E-15, -0.4290568145682869816 ) ) ;
#716 = ORIENTED_EDGE ( 'NONE', *, *, #913, .F. ) ;
#717 = FACE_OUTER_BOUND ( 'NONE', #166, .T. ) ;
#718 = ORIENTED_EDGE ( 'NONE', *, *, #976, .F. ) ;
#719 = DIRECTION ( 'NONE',  ( -6.561838499445209529E-15, 1.000000000000000000, 2.388313895860013042E-15 ) ) ;
#720 = CARTESIAN_POINT ( 'NONE',  ( 0.000000000000000000, 1.700000000000000178, 0.000000000000000000 ) ) ;
#721 = DIRECTION ( 'NONE',  ( -0.1736481776669273336, 0.000000000000000000, -0.9848077530122086864 ) ) ;
#722 = EDGE_CURVE ( 'NONE', #1413, #748, #1311, .T. ) ;
#723 = DIRECTION ( 'NONE',  ( 1.396592535537253342E-14, 1.000000000000000000, -0.000000000000000000 ) ) ;
#724 = EDGE_CURVE ( 'NONE', #254, #511, #1374, .T. ) ;
#725 = DIRECTION ( 'NONE',  ( -0.5677328581536762453, 3.133873384250254726E-15, -0.8232128532601137305 ) ) ;
#726 = VERTEX_POINT ( 'NONE', #1046 ) ;
#727 = DIRECTION ( 'NONE',  ( 1.000000000000000000, -6.938893903907228378E-15, 0.000000000000000000 ) ) ;
#728 = CARTESIAN_POINT ( 'NONE',  ( -1.999999999999820144, 53.30000000000001137, -12.99999999999999822 ) ) ;
#729 = DIRECTION ( 'NONE',  ( -1.034089368590311007E-15, -1.000000000000000000, 6.863599670932916969E-15 ) ) ;
#730 = VERTEX_POINT ( 'NONE', #405 ) ;
#731 = CARTESIAN_POINT ( 'NONE',  ( -14.25985417106564945, 1.699999999999979305, -5.509905536389937630 ) ) ;
#732 = LINE ( 'NONE', #1024, #342 ) ;
#733 = VERTEX_POINT ( 'NONE', #1443 ) ;
#734 = DIRECTION ( 'NONE',  ( -0.9640596233749872956, 0.000000000000000000, 0.2656859849109052263 ) ) ;
#735 = CARTESIAN_POINT ( 'NONE',  ( 10.25833024919775482, 1.699999999999986189, 8.232050807568770168 ) ) ;
#736 = CARTESIAN_POINT ( 'NONE',  ( -9.888327812162724939, 53.30000000000001137, -8.673002541173872260 ) ) ;
#737 = ORIENTED_EDGE ( 'NONE', *, *, #92, .T. ) ;
#738 = VECTOR ( 'NONE', #349, 1000.000000000000000 ) ;
#739 = CARTESIAN_POINT ( 'NONE',  ( 3.561310965619996275E-13, 53.00000000000000000, 0.000000000000000000 ) ) ;
#740 = CIRCLE ( 'NONE', #1062, 15.00000000000000000 ) ;
#741 = EDGE_CURVE ( 'NONE', #400, #1580, #1051, .T. ) ;
#742 = AXIS2_PLACEMENT_3D ( 'NONE', #1005, #224, #1263 ) ;
#743 = FACE_OUTER_BOUND ( 'NONE', #1653, .T. ) ;
#744 = ORIENTED_EDGE ( 'NONE', *, *, #410, .T. ) ;
#745 = CARTESIAN_POINT ( 'NONE',  ( 0.000000000000000000, 55.00000000000000000, -15.00000000000000000 ) ) ;
#746 = PLANE ( 'NONE',  #1095 ) ;
#747 = DIRECTION ( 'NONE',  ( 0.000000000000000000, 0.000000000000000000, -1.000000000000000000 ) ) ;
#748 = VERTEX_POINT ( 'NONE', #918 ) ;
#749 = ORIENTED_EDGE ( 'NONE', *, *, #690, .F. ) ;
#750 = DIRECTION ( 'NONE',  ( 0.09424242104562721711, 3.133873384250255120E-15, -0.9955492785771374864 ) ) ;
#751 = EDGE_CURVE ( 'NONE', #1017, #1232, #1326, .T. ) ;
#752 = ORIENTED_EDGE ( 'NONE', *, *, #1010, .T. ) ;
#753 = CARTESIAN_POINT ( 'NONE',  ( 0.000000000000000000, 55.00000000000000000, 0.000000000000000000 ) ) ;
#754 = CARTESIAN_POINT ( 'NONE',  ( -8.384716634376705333E-15, 1.700000000000003508, 8.128436230118011907E-15 ) ) ;
#755 = FACE_OUTER_BOUND ( 'NONE', #238, .T. ) ;
#756 = EDGE_CURVE ( 'NONE', #1171, #1469, #1219, .T. ) ;
#757 = ORIENTED_EDGE ( 'NONE', *, *, #1486, .T. ) ;
#758 = DIRECTION ( 'NONE',  ( 0.000000000000000000, -1.000000000000000000, 0.000000000000000000 ) ) ;
#759 = CARTESIAN_POINT ( 'NONE',  ( -11.34694682076533923, 54.99999999999997868, 9.810545236974515859 ) ) ;
#760 = ORIENTED_EDGE ( 'NONE', *, *, #690, .T. ) ;
#761 = LINE ( 'NONE', #512, #1007 ) ;
#762 = DIRECTION ( 'NONE',  ( 0.8660254037844363761, 0.000000000000000000, 0.5000000000000041078 ) ) ;
#763 = LINE ( 'NONE', #1420, #1539 ) ;
#764 = EDGE_CURVE ( 'NONE', #1161, #488, #1603, .T. ) ;
#765 = ORIENTED_EDGE ( 'NONE', *, *, #531, .F. ) ;
#766 = CARTESIAN_POINT ( 'NONE',  ( 12.25833024919776904, 1.700000000000013944, 4.767949192431022887 ) ) ;
#767 = AXIS2_PLACEMENT_3D ( 'NONE', #360, #352, #727 ) ;
#768 = VECTOR ( 'NONE', #1238, 1000.000000000000114 ) ;
#769 = AXIS2_PLACEMENT_3D ( 'NONE', #445, #1484, #609 ) ;
#770 = ORIENTED_EDGE ( 'NONE', *, *, #1364, .T. ) ;
#771 = DIRECTION ( 'NONE',  ( -5.203995240821315653E-15, -1.000000000000000000, 4.593122554272968741E-15 ) ) ;
#772 = CIRCLE ( 'NONE', #44, 15.00000000000000000 ) ;
#773 = DIRECTION ( 'NONE',  ( -0.9396926207859104263, -6.938893903907227589E-15, 0.3420201433256630508 ) ) ;
#774 = VERTEX_POINT ( 'NONE', #958 ) ;
#775 = ADVANCED_FACE ( 'NONE', ( #329 ), #712, .T. ) ;
#776 = CARTESIAN_POINT ( 'NONE',  ( 0.000000000000000000, 0.000000000000000000, 0.000000000000000000 ) ) ;
#777 = ADVANCED_FACE ( 'NONE', ( #1341 ), #1104, .T. ) ;
#778 = VERTEX_POINT ( 'NONE', #1381 ) ;
#779 = CYLINDRICAL_SURFACE ( 'NONE', #1300, 15.00000000000000000 ) ;
#780 = ORIENTED_EDGE ( 'NONE', *, *, #423, .F. ) ;
#781 = DIRECTION ( 'NONE',  ( 0.000000000000000000, 1.000000000000000000, 0.000000000000000000 ) ) ;
#782 = ORIENTED_EDGE ( 'NONE', *, *, #592, .T. ) ;
#783 = PLANE ( 'NONE',  #876 ) ;
#784 = ORIENTED_EDGE ( 'NONE', *, *, #52, .F. ) ;
#785 = CARTESIAN_POINT ( 'NONE',  ( 2.566876621661967839, 1.699999999999986189, 12.90004435686810069 ) ) ;
#786 = ADVANCED_FACE ( 'NONE', ( #210 ), #469, .T. ) ;
#787 = VECTOR ( 'NONE', #800, 1000.000000000000000 ) ;
#788 = VECTOR ( 'NONE', #9, 1000.000000000000000 ) ;
#789 = EDGE_LOOP ( 'NONE', ( #1594, #626, #1417, #163 ) ) ;
#790 = CARTESIAN_POINT ( 'NONE',  ( 0.000000000000000000, 0.000000000000000000, 0.000000000000000000 ) ) ;
#791 = AXIS2_PLACEMENT_3D ( 'NONE', #776, #1307, #813 ) ;
#792 = VECTOR ( 'NONE', #1353, 1000.000000000000000 ) ;
#793 = EDGE_LOOP ( 'NONE', ( #1255, #506, #1578, #1310 ) ) ;
#794 = AXIS2_PLACEMENT_3D ( 'NONE', #1373, #204, #1241 ) ;
#795 = DIRECTION ( 'NONE',  ( 1.000000000000000000, -6.938893903907228378E-15, 0.000000000000000000 ) ) ;
#796 = CARTESIAN_POINT ( 'NONE',  ( 0.000000000000000000, 53.29999999999999716, 0.000000000000000000 ) ) ;
#797 = VERTEX_POINT ( 'NONE', #1438 ) ;
#798 = ORIENTED_EDGE ( 'NONE', *, *, #756, .F. ) ;
#799 = CARTESIAN_POINT ( 'NONE',  ( 9.888327812162842179, 1.699999999999986189, -8.673002541173737256 ) ) ;
#800 = DIRECTION ( 'NONE',  ( -0.000000000000000000, -1.000000000000000000, -0.000000000000000000 ) ) ;
#801 = CARTESIAN_POINT ( 'NONE',  ( -9.888327812162724939, 53.30000000000001137, -8.673002541173872260 ) ) ;
#802 = EDGE_CURVE ( 'NONE', #1505, #1161, #740, .T. ) ;
#803 = EDGE_LOOP ( 'NONE', ( #312, #1101, #1519, #1165 ) ) ;
#804 = DIRECTION ( 'NONE',  ( 6.579758435106329513E-15, -1.000000000000000000, 2.210230802588062394E-15 ) ) ;
#805 = CARTESIAN_POINT ( 'NONE',  ( 1.836970198721029589E-15, 55.00000000000000000, 15.00000000000000000 ) ) ;
#806 = VERTEX_POINT ( 'NONE', #809 ) ;
#807 = LINE ( 'NONE', #568, #373 ) ;
#808 = LINE ( 'NONE', #1208, #787 ) ;
#809 = CARTESIAN_POINT ( 'NONE',  ( 12.45520443382482334, 1.700000000000013944, -4.227041815694650317 ) ) ;
#810 = DIRECTION ( 'NONE',  ( 3.319215492079929939E-15, -1.000000000000000000, -6.095994568747462280E-15 ) ) ;
#811 = EDGE_CURVE ( 'NONE', #424, #882, #1352, .T. ) ;
#812 = ORIENTED_EDGE ( 'NONE', *, *, #751, .T. ) ;
#813 = DIRECTION ( 'NONE',  ( 0.000000000000000000, 0.000000000000000000, 1.000000000000000000 ) ) ;
#814 = EDGE_CURVE ( 'NONE', #1455, #1453, #1504, .T. ) ;
#815 = DIRECTION ( 'NONE',  ( 0.09424242104561308953, 0.000000000000000000, 0.9955492785771388187 ) ) ;
#816 = VERTEX_POINT ( 'NONE', #598 ) ;
#817 = ORIENTED_EDGE ( 'NONE', *, *, #1464, .T. ) ;
#818 = DIRECTION ( 'NONE',  ( -0.5677328581536881247, 3.133873384250253937E-15, 0.8232128532601056259 ) ) ;
#819 = AXIS2_PLACEMENT_3D ( 'NONE', #458, #1338, #444 ) ;
#820 = ORIENTED_EDGE ( 'NONE', *, *, #536, .F. ) ;
#821 = AXIS2_PLACEMENT_3D ( 'NONE', #1126, #1654, #482 ) ;
#822 = PLANE ( 'NONE',  #203 ) ;
#823 = VECTOR ( 'NONE', #1659, 999.9999999999998863 ) ;
#824 = ADVANCED_FACE ( 'NONE', ( #63 ), #570, .T. ) ;
#825 = ORIENTED_EDGE ( 'NONE', *, *, #943, .F. ) ;
#826 = CIRCLE ( 'NONE', #1235, 15.00000000000000000 ) ;
#827 = CARTESIAN_POINT ( 'NONE',  ( -12.45520443382482867, 1.699999999999986189, -4.227041815694460247 ) ) ;
#828 = EDGE_CURVE ( 'NONE', #1469, #1505, #1608, .T. ) ;
#829 = CARTESIAN_POINT ( 'NONE',  ( -14.99836248101034819, 1.700000000000021716, 0.2216368385919900152 ) ) ;
#830 = VERTEX_POINT ( 'NONE', #955 ) ;
#831 = DIRECTION ( 'NONE',  ( 0.000000000000000000, -6.938893903907228378E-15, -1.000000000000000000 ) ) ;
#832 = LINE ( 'NONE', #696, #792 ) ;
#833 = FACE_BOUND ( 'NONE', #425, .T. ) ;
#834 = EDGE_CURVE ( 'NONE', #136, #859, #453, .T. ) ;
#835 = ORIENTED_EDGE ( 'NONE', *, *, #278, .F. ) ;
#836 = DIRECTION ( 'NONE',  ( 0.4999999999999919509, 6.938893903907228378E-15, 0.8660254037844432595 ) ) ;
#837 = SURFACE_SIDE_STYLE ('',( #1056 ) ) ;
#838 = DIRECTION ( 'NONE',  ( -0.7660444431189858960, 6.938893903907227589E-15, 0.6427876096865300370 ) ) ;
#839 = VERTEX_POINT ( 'NONE', #1490 ) ;
#840 = EDGE_CURVE ( 'NONE', #380, #816, #708, .T. ) ;
#841 = DIRECTION ( 'NONE',  ( 0.2519389993251520687, 3.133873384250253148E-15, -0.9677431170610520939 ) ) ;
#842 = CARTESIAN_POINT ( 'NONE',  ( 10.25833024919775482, 1.699999999999986189, 8.232050807568770168 ) ) ;
#843 = LINE ( 'NONE', #187, #1122 ) ;
#844 = DIRECTION ( 'NONE',  ( -6.938893903907229167E-15, -1.000000000000000000, 1.734723475976779977E-16 ) ) ;
#845 = EDGE_CURVE ( 'NONE', #113, #1017, #843, .T. ) ;
#846 = VECTOR ( 'NONE', #441, 1000.000000000000000 ) ;
#847 = CIRCLE ( 'NONE', #1640, 15.00000000000000000 ) ;
#848 = VECTOR ( 'NONE', #1074, 1000.000000000000000 ) ;
#849 = LINE ( 'NONE', #212, #230 ) ;
#850 = DIRECTION ( 'NONE',  ( 0.7660444431189857850, -6.938893903907227589E-15, -0.6427876096865299260 ) ) ;
#851 = ORIENTED_EDGE ( 'NONE', *, *, #1511, .T. ) ;
#852 = CARTESIAN_POINT ( 'NONE',  ( 11.63187764815928915, 53.29999999999997584, -9.470977899786930720 ) ) ;
#853 = DIRECTION ( 'NONE',  ( 0.7660444431189771253, -6.938893903907227589E-15, 0.6427876096865404731 ) ) ;
#854 = DIRECTION ( 'NONE',  ( 6.461096360729566053E-15, -1.000000000000000000, -2.536252172483866757E-15 ) ) ;
#855 = VERTEX_POINT ( 'NONE', #208 ) ;
#856 = EDGE_CURVE ( 'NONE', #806, #1672, #438, .T. ) ;
#857 = CARTESIAN_POINT ( 'NONE',  ( 14.16965481057905230, 53.30000000000002558, 4.921471583686522600 ) ) ;
#858 = DIRECTION ( 'NONE',  ( 0.9967896727219685005, 3.133873384250255909E-15, -0.08006465109416932568 ) ) ;
#859 = VERTEX_POINT ( 'NONE', #1472 ) ;
#860 = LINE ( 'NONE', #1398, #447 ) ;
#861 = DIRECTION ( 'NONE',  ( -1.000000000000000000, 0.000000000000000000, -0.000000000000000000 ) ) ;
#862 = DIRECTION ( 'NONE',  ( 0.8150497554442560633, 0.000000000000000000, 0.5793909700282344755 ) ) ;
#863 = EDGE_CURVE ( 'NONE', #961, #1285, #945, .T. ) ;
#864 = LINE ( 'NONE', #1396, #980 ) ;
#865 = ORIENTED_EDGE ( 'NONE', *, *, #814, .T. ) ;
#866 = DIRECTION ( 'NONE',  ( 0.2519389993251520687, 3.133873384250253148E-15, -0.9677431170610520939 ) ) ;
#867 = CARTESIAN_POINT ( 'NONE',  ( 12.25833024919776904, 1.700000000000013944, 4.767949192431022887 ) ) ;
#868 = CYLINDRICAL_SURFACE ( 'NONE', #179, 15.00000000000000000 ) ;
#869 = ORIENTED_EDGE ( 'NONE', *, *, #1356, .F. ) ;
#870 = EDGE_CURVE ( 'NONE', #110, #859, #15, .T. ) ;
#871 = VECTOR ( 'NONE', #630, 999.9999999999998863 ) ;
#872 = FACE_OUTER_BOUND ( 'NONE', #450, .T. ) ;
#873 = CIRCLE ( 'NONE', #922, 4.500000000000000000 ) ;
#874 = AXIS2_PLACEMENT_3D ( 'NONE', #754, #1253, #1668 ) ;
#875 = CARTESIAN_POINT ( 'NONE',  ( -7.902395381203390023, 1.699999999999979305, 13.08642988897790715 ) ) ;
#876 = AXIS2_PLACEMENT_3D ( 'NONE', #261, #138, #1435 ) ;
#877 = EDGE_CURVE ( 'NONE', #1588, #427, #1014, .T. ) ;
#878 = ORIENTED_EDGE ( 'NONE', *, *, #1511, .F. ) ;
#879 = DIRECTION ( 'NONE',  ( 1.000000000000000000, 6.577493179745393303E-15, 0.000000000000000000 ) ) ;
#880 = FACE_OUTER_BOUND ( 'NONE', #542, .T. ) ;
#881 = LINE ( 'NONE', #245, #642 ) ;
#882 = VERTEX_POINT ( 'NONE', #310 ) ;
#883 = ORIENTED_EDGE ( 'NONE', *, *, #355, .T. ) ;
#884 = CARTESIAN_POINT ( 'NONE',  ( -6.824150039687056690, 1.699999999999986189, -11.24415297991976104 ) ) ;
#885 = EDGE_CURVE ( 'NONE', #431, #380, #1225, .T. ) ;
#886 = DIRECTION ( 'NONE',  ( 6.579758435106329513E-15, -1.000000000000000000, 2.210230802588062789E-15 ) ) ;
#887 = VERTEX_POINT ( 'NONE', #429 ) ;
#888 = DIRECTION ( 'NONE',  ( -0.9640596233749835209, 0.000000000000000000, -0.2656859849109187155 ) ) ;
#889 = LINE ( 'NONE', #631, #41 ) ;
#890 = DIRECTION ( 'NONE',  ( -3.491481338843162543E-15, 1.000000000000000000, 6.047423072554899790E-15 ) ) ;
#891 = ORIENTED_EDGE ( 'NONE', *, *, #398, .T. ) ;
#892 = DIRECTION ( 'NONE',  ( -0.9032775043542898841, 6.307553100499599756E-15, -0.4290568145682876477 ) ) ;
#893 = LINE ( 'NONE', #257, #318 ) ;
#894 = EDGE_CURVE ( 'NONE', #1629, #1465, #847, .T. ) ;
#895 = ORIENTED_EDGE ( 'NONE', *, *, #255, .F. ) ;
#896 = DIRECTION ( 'NONE',  ( 0.2656859849109187155, 6.307553100499598968E-15, -0.9640596233749835209 ) ) ;
#897 = DIRECTION ( 'NONE',  ( 6.461096360729563686E-15, -1.000000000000000000, -2.536252172483866362E-15 ) ) ;
#898 = ORIENTED_EDGE ( 'NONE', *, *, #877, .F. ) ;
#899 = EDGE_CURVE ( 'NONE', #564, #1414, #1138, .T. ) ;
#900 = CYLINDRICAL_SURFACE ( 'NONE', #151, 7.000000000000000000 ) ;
#901 = CIRCLE ( 'NONE', #313, 15.00000000000000000 ) ;
#902 = VECTOR ( 'NONE', #327, 1000.000000000000114 ) ;
#903 = DIRECTION ( 'NONE',  ( -1.000000000000000000, 6.938893903907228378E-15, 0.000000000000000000 ) ) ;
#904 = AXIS2_PLACEMENT_3D ( 'NONE', #99, #1274, #721 ) ;
#905 = ORIENTED_EDGE ( 'NONE', *, *, #428, .T. ) ;
#906 = VECTOR ( 'NONE', #1186, 999.9999999999998863 ) ;
#907 = DIRECTION ( 'NONE',  ( 1.212578743696479439E-15, 1.000000000000000000, -6.876875783980312679E-15 ) ) ;
#908 = ORIENTED_EDGE ( 'NONE', *, *, #1177, .F. ) ;
#909 = CARTESIAN_POINT ( 'NONE',  ( 0.000000000000000000, 55.00000000000000000, 0.000000000000000000 ) ) ;
#910 = ORIENTED_EDGE ( 'NONE', *, *, #840, .T. ) ;
#911 = DIRECTION ( 'NONE',  ( 0.9967896727219683894, 0.000000000000000000, -0.08006465109416932568 ) ) ;
#912 = ORIENTED_EDGE ( 'NONE', *, *, #856, .F. ) ;
#913 = EDGE_CURVE ( 'NONE', #1285, #806, #889, .T. ) ;
#914 = DIRECTION ( 'NONE',  ( -6.561838499445176397E-15, 1.000000000000000000, -2.388313895860101789E-15 ) ) ;
#915 = CARTESIAN_POINT ( 'NONE',  ( 6.325647104805610432, 1.700000000000013944, 11.53196378356544827 ) ) ;
#916 = ORIENTED_EDGE ( 'NONE', *, *, #1451, .T. ) ;
#917 = DIRECTION ( 'NONE',  ( 0.2519389993251520687, 0.000000000000000000, -0.9677431170610520939 ) ) ;
#918 = CARTESIAN_POINT ( 'NONE',  ( 2.566876621661629443, 53.29999999999998295, 12.90004435686822504 ) ) ;
#919 = LINE ( 'NONE', #691, #1151 ) ;
#920 = AXIS2_PLACEMENT_3D ( 'NONE', #51, #137, #251 ) ;
#921 = EDGE_LOOP ( 'NONE', ( #340, #999, #59, #993 ) ) ;
#922 = AXIS2_PLACEMENT_3D ( 'NONE', #593, #572, #1487 ) ;
#923 = DIRECTION ( 'NONE',  ( -0.000000000000000000, -1.000000000000000000, -0.000000000000000000 ) ) ;
#924 = ADVANCED_FACE ( 'NONE', ( #215 ), #746, .T. ) ;
#925 = VECTOR ( 'NONE', #1188, 1000.000000000000114 ) ;
#926 = VECTOR ( 'NONE', #725, 1000.000000000000000 ) ;
#927 = ORIENTED_EDGE ( 'NONE', *, *, #1628, .T. ) ;
#928 = CYLINDRICAL_SURFACE ( 'NONE', #418, 7.000000000000000000 ) ;
#929 = DIRECTION ( 'NONE',  ( 0.000000000000000000, -0.000000000000000000, 1.000000000000000000 ) ) ;
#930 = FACE_OUTER_BOUND ( 'NONE', #161, .T. ) ;
#931 = ORIENTED_EDGE ( 'NONE', *, *, #1028, .T. ) ;
#932 = EDGE_LOOP ( 'NONE', ( #798, #1496, #11, #1489 ) ) ;
#933 = ADVANCED_FACE ( 'NONE', ( #1508 ), #1262, .F. ) ;
#934 = LINE ( 'NONE', #307, #1096 ) ;
#935 = ORIENTED_EDGE ( 'NONE', *, *, #271, .T. ) ;
#936 = DIRECTION ( 'NONE',  ( -1.034089368590311007E-15, -1.000000000000000000, 6.863599670932916969E-15 ) ) ;
#937 = DIRECTION ( 'NONE',  ( 0.000000000000000000, 6.013708050052930998E-15, -1.000000000000000000 ) ) ;
#938 = ORIENTED_EDGE ( 'NONE', *, *, #1256, .F. ) ;
#939 = PLANE ( 'NONE',  #1009 ) ;
#940 = DIRECTION ( 'NONE',  ( -0.1736481776669404620, 6.938893903907228378E-15, 0.9848077530122062440 ) ) ;
#941 = ORIENTED_EDGE ( 'NONE', *, *, #741, .F. ) ;
#942 = CARTESIAN_POINT ( 'NONE',  ( 0.000000000000000000, 55.00000000000000000, 0.000000000000000000 ) ) ;
#943 = EDGE_CURVE ( 'NONE', #511, #1288, #1566, .T. ) ;
#944 = ORIENTED_EDGE ( 'NONE', *, *, #1628, .F. ) ;
#945 = LINE ( 'NONE', #1217, #1346 ) ;
#946 = LINE ( 'NONE', #311, #1507 ) ;
#947 = ORIENTED_EDGE ( 'NONE', *, *, #473, .F. ) ;
#948 = ADVANCED_FACE ( 'NONE', ( #624 ), #1148, .F. ) ;
#949 = LINE ( 'NONE', #731, #1477 ) ;
#950 = ORIENTED_EDGE ( 'NONE', *, *, #543, .T. ) ;
#951 = LINE ( 'NONE', #156, #1643 ) ;
#952 = VECTOR ( 'NONE', #866, 999.9999999999998863 ) ;
#953 = ORIENTED_EDGE ( 'NONE', *, *, #1107, .T. ) ;
#954 = AXIS2_PLACEMENT_3D ( 'NONE', #247, #758, #1676 ) ;
#955 = CARTESIAN_POINT ( 'NONE',  ( 1.836970198721029589E-15, 0.000000000000000000, 15.00000000000000000 ) ) ;
#956 = CARTESIAN_POINT ( 'NONE',  ( 0.000000000000000000, 2.000000000000000000, 0.000000000000000000 ) ) ;
#957 = AXIS2_PLACEMENT_3D ( 'NONE', #1642, #729, #1254 ) ;
#958 = CARTESIAN_POINT ( 'NONE',  ( 7.307238107870221988, 53.30000000000002558, -13.09978134301826103 ) ) ;
#959 = ADVANCED_FACE ( 'NONE', ( #346 ), #88, .T. ) ;
#960 = LINE ( 'NONE', #1476, #337 ) ;
#961 = VERTEX_POINT ( 'NONE', #1386 ) ;
#962 = ORIENTED_EDGE ( 'NONE', *, *, #1421, .F. ) ;
#963 = DIRECTION ( 'NONE',  ( 0.000000000000000000, 1.000000000000000000, 0.000000000000000000 ) ) ;
#964 = CARTESIAN_POINT ( 'NONE',  ( -13.14979714449259163, 1.700000000000013944, -0.2878108036456355490 ) ) ;
#965 = EDGE_CURVE ( 'NONE', #1580, #615, #466, .T. ) ;
#966 = DIRECTION ( 'NONE',  ( 0.8150497554442559522, 3.133873384250255515E-15, 0.5793909700282344755 ) ) ;
#967 = ORIENTED_EDGE ( 'NONE', *, *, #1597, .T. ) ;
#968 = ORIENTED_EDGE ( 'NONE', *, *, #103, .F. ) ;
#969 = LINE ( 'NONE', #745, #660 ) ;
#970 = CARTESIAN_POINT ( 'NONE',  ( 0.000000000000000000, 1.700000000000000178, 0.000000000000000000 ) ) ;
#971 = DIRECTION ( 'NONE',  ( 0.1736481776669273613, -6.938893903907229955E-15, 0.9848077530122086864 ) ) ;
#972 = DIRECTION ( 'NONE',  ( 0.000000000000000000, -0.000000000000000000, -1.000000000000000000 ) ) ;
#973 = DIRECTION ( 'NONE',  ( -0.000000000000000000, -1.000000000000000000, -0.000000000000000000 ) ) ;
#974 = EDGE_LOOP ( 'NONE', ( #60, #619, #554, #279 ) ) ;
#975 = CARTESIAN_POINT ( 'NONE',  ( 9.888327812163121067, 53.29999999999998295, -8.673002541173504554 ) ) ;
#976 = EDGE_CURVE ( 'NONE', #128, #748, #977, .T. ) ;
#977 = LINE ( 'NONE', #1641, #1012 ) ;
#978 = FACE_OUTER_BOUND ( 'NONE', #476, .T. ) ;
#979 = AXIS2_PLACEMENT_3D ( 'NONE', #1679, #1596, #1418 ) ;
#980 = VECTOR ( 'NONE', #227, 1000.000000000000000 ) ;
#981 = ORIENTED_EDGE ( 'NONE', *, *, #377, .F. ) ;
#982 = AXIS2_PLACEMENT_3D ( 'NONE', #1419, #1399, #853 ) ;
#983 = CIRCLE ( 'NONE', #505, 7.000000000000000000 ) ;
#984 = CARTESIAN_POINT ( 'NONE',  ( 14.01804628397625585, 53.30000000000002558, -5.338012587124489450 ) ) ;
#985 = PLANE ( 'NONE',  #131 ) ;
#986 = ADVANCED_FACE ( 'NONE', ( #880 ), #244, .T. ) ;
#987 = VERTEX_POINT ( 'NONE', #503 ) ;
#988 = CARTESIAN_POINT ( 'NONE',  ( 0.000000000000000000, 1.700000000000000178, 0.000000000000000000 ) ) ;
#989 = DIRECTION ( 'NONE',  ( -1.000000000000000000, 1.387778780781445676E-14, 0.000000000000000000 ) ) ;
#990 = DIRECTION ( 'NONE',  ( -0.5793909700282344755, 6.307553100499600545E-15, 0.8150497554442560633 ) ) ;
#991 = ORIENTED_EDGE ( 'NONE', *, *, #1023, .T. ) ;
#992 = CARTESIAN_POINT ( 'NONE',  ( 0.000000000000000000, 1.700000000000000178, 0.000000000000000000 ) ) ;
#993 = ORIENTED_EDGE ( 'NONE', *, *, #1001, .T. ) ;
#994 = CARTESIAN_POINT ( 'NONE',  ( -6.824150039687056690, 1.699999999999986189, -11.24415297991976104 ) ) ;
#995 = LINE ( 'NONE', #867, #1377 ) ;
#996 = LINE ( 'NONE', #216, #823 ) ;
#997 = ADVANCED_FACE ( 'NONE', ( #1393 ), #223, .T. ) ;
#998 = EDGE_LOOP ( 'NONE', ( #514, #95, #1072, #718 ) ) ;
#999 = ORIENTED_EDGE ( 'NONE', *, *, #428, .F. ) ;
#1000 = DIRECTION ( 'NONE',  ( -1.375763194285063755E-15, -1.000000000000000000, -6.803353356861049673E-15 ) ) ;
#1001 = EDGE_CURVE ( 'NONE', #320, #887, #370, .T. ) ;
#1002 = ORIENTED_EDGE ( 'NONE', *, *, #845, .F. ) ;
#1003 = CARTESIAN_POINT ( 'NONE',  ( 6.824150039686933233, 1.700000000000013944, -11.24415297991989959 ) ) ;
#1004 = DIRECTION ( 'NONE',  ( -1.034089368590311007E-15, -1.000000000000000000, 6.863599670932916969E-15 ) ) ;
#1005 = CARTESIAN_POINT ( 'NONE',  ( 12.45520443382482334, 1.700000000000013944, -4.227041815694650317 ) ) ;
#1006 = ORIENTED_EDGE ( 'NONE', *, *, #1143, .F. ) ;
#1007 = VECTOR ( 'NONE', #1343, 1000.000000000000114 ) ;
#1008 = EDGE_LOOP ( 'NONE', ( #594, #191, #90, #202 ) ) ;
#1009 = AXIS2_PLACEMENT_3D ( 'NONE', #521, #1199, #140 ) ;
#1010 = EDGE_CURVE ( 'NONE', #494, #726, #995, .T. ) ;
#1011 = LINE ( 'NONE', #1269, #39 ) ;
#1012 = VECTOR ( 'NONE', #1517, 999.9999999999998863 ) ;
#1013 = ADVANCED_FACE ( 'NONE', ( #1658 ), #252, .T. ) ;
#1014 = CIRCLE ( 'NONE', #287, 15.00000000000000000 ) ;
#1015 = CARTESIAN_POINT ( 'NONE',  ( -1.999999999999820144, 53.30000000000001137, -12.99999999999999822 ) ) ;
#1016 = VECTOR ( 'NONE', #1215, 1000.000000000000114 ) ;
#1017 = VERTEX_POINT ( 'NONE', #1411 ) ;
#1018 = DIRECTION ( 'NONE',  ( -0.000000000000000000, -1.000000000000000000, -0.000000000000000000 ) ) ;
#1019 = DIRECTION ( 'NONE',  ( -0.1736481776669273613, 6.938893903907229167E-15, -0.9848077530122086864 ) ) ;
#1020 = CARTESIAN_POINT ( 'NONE',  ( -9.888327812163002051, 1.700000000000013944, -8.673002541173639557 ) ) ;
#1021 = ORIENTED_EDGE ( 'NONE', *, *, #1050, .T. ) ;
#1022 = DIRECTION ( 'NONE',  ( -0.000000000000000000, -1.000000000000000000, -0.000000000000000000 ) ) ;
#1023 = EDGE_CURVE ( 'NONE', #5, #1644, #1282, .T. ) ;
#1024 = CARTESIAN_POINT ( 'NONE',  ( 2.000000000000179856, 53.29999999999998295, -12.99999999999999822 ) ) ;
#1025 = ORIENTED_EDGE ( 'NONE', *, *, #1001, .F. ) ;
#1026 = DIRECTION ( 'NONE',  ( 0.2519389993251381910, 3.133873384250255120E-15, 0.9677431170610556466 ) ) ;
#1027 = DIRECTION ( 'NONE',  ( 0.7020571321501314355, 6.307553100499600545E-15, 0.7121206240498395568 ) ) ;
#1028 = EDGE_CURVE ( 'NONE', #1232, #144, #1339, .T. ) ;
#1029 = VERTEX_POINT ( 'NONE', #1473 ) ;
#1030 = DIRECTION ( 'NONE',  ( -0.4290568145682875922, 0.000000000000000000, 0.9032775043542897730 ) ) ;
#1031 = DIRECTION ( 'NONE',  ( 0.000000000000000000, 1.000000000000000000, 0.000000000000000000 ) ) ;
#1032 = ORIENTED_EDGE ( 'NONE', *, *, #706, .F. ) ;
#1033 = CARTESIAN_POINT ( 'NONE',  ( -13.14979714449259163, 1.700000000000013944, -0.2878108036456355490 ) ) ;
#1034 = EDGE_LOOP ( 'NONE', ( #43, #483 ) ) ;
#1035 = DIRECTION ( 'NONE',  ( -1.396592535537253342E-14, -1.000000000000000000, -0.000000000000000000 ) ) ;
#1036 = AXIS2_PLACEMENT_3D ( 'NONE', #461, #200, #66 ) ;
#1037 = VECTOR ( 'NONE', #49, 1000.000000000000000 ) ;
#1038 = CARTESIAN_POINT ( 'NONE',  ( -13.14979714449252945, 53.30000000000001137, -0.2878108036459904318 ) ) ;
#1039 = AXIS2_PLACEMENT_3D ( 'NONE', #1131, #1651, #485 ) ;
#1040 = EDGE_LOOP ( 'NONE', ( #1275, #1158, #760, #408 ) ) ;
#1041 = AXIS2_PLACEMENT_3D ( 'NONE', #248, #1287, #120 ) ;
#1042 = DIRECTION ( 'NONE',  ( -0.9092921764898777015, 0.000000000000000000, -0.4161583085489235501 ) ) ;
#1043 = ADVANCED_FACE ( 'NONE', ( #1491 ), #822, .F. ) ;
#1044 = MANIFOLD_SOLID_BREP ( 'Mirror1', #228 ) ;
#1045 = ORIENTED_EDGE ( 'NONE', *, *, #863, .T. ) ;
#1046 = CARTESIAN_POINT ( 'NONE',  ( 12.25833024919758962, 53.30000000000001137, 4.767949192431335526 ) ) ;
#1047 = EDGE_LOOP ( 'NONE', ( #452, #351, #1340, #910 ) ) ;
#1048 = CARTESIAN_POINT ( 'NONE',  ( 7.000000000000384581, 54.99999999999990052, 8.572527594031489953E-16 ) ) ;
#1049 = ORIENTED_EDGE ( 'NONE', *, *, #654, .F. ) ;
#1050 = EDGE_CURVE ( 'NONE', #1181, #650, #703, .T. ) ;
#1051 = LINE ( 'NONE', #1576, #637 ) ;
#1052 = EDGE_CURVE ( 'NONE', #1475, #380, #832, .T. ) ;
#1053 = CARTESIAN_POINT ( 'NONE',  ( -12.45520443382476650, 53.29999999999998295, -4.227041815694815519 ) ) ;
#1054 = CARTESIAN_POINT ( 'NONE',  ( -7.381983038096803895, 53.29999999999997584, -13.38689009536016883 ) ) ;
#1055 = ORIENTED_EDGE ( 'NONE', *, *, #1495, .F. ) ;
#1056 = SURFACE_STYLE_FILL_AREA ( #563 ) ;
#1057 = DIRECTION ( 'NONE',  ( -6.938893903907229167E-15, -1.000000000000000000, 1.734723475976779977E-16 ) ) ;
#1058 = ADVANCED_FACE ( 'NONE', ( #328 ), #928, .F. ) ;
#1059 = CARTESIAN_POINT ( 'NONE',  ( -2.566876621661802638, 1.700000000000013944, 12.90004435686818951 ) ) ;
#1060 = VECTOR ( 'NONE', #1113, 1000.000000000000000 ) ;
#1061 = ORIENTED_EDGE ( 'NONE', *, *, #1558, .F. ) ;
#1062 = AXIS2_PLACEMENT_3D ( 'NONE', #686, #936, #831 ) ;
#1063 = DIRECTION ( 'NONE',  ( -0.1736481776669273613, 6.938893903907229167E-15, -0.9848077530122086864 ) ) ;
#1064 = VECTOR ( 'NONE', #478, 1000.000000000000000 ) ;
#1065 = VECTOR ( 'NONE', #841, 999.9999999999998863 ) ;
#1066 = ORIENTED_EDGE ( 'NONE', *, *, #621, .T. ) ;
#1067 = DIRECTION ( 'NONE',  ( 0.9396926207859104263, 6.938893903907226800E-15, -0.3420201433256630508 ) ) ;
#1068 = EDGE_LOOP ( 'NONE', ( #865, #344, #606, #290 ) ) ;
#1069 = CARTESIAN_POINT ( 'NONE',  ( 12.45520443382488551, 53.30000000000001137, -4.227041815694295046 ) ) ;
#1070 = PLANE ( 'NONE',  #610 ) ;
#1071 = EDGE_CURVE ( 'NONE', #1413, #733, #1361, .T. ) ;
#1072 = ORIENTED_EDGE ( 'NONE', *, *, #722, .T. ) ;
#1073 = VERTEX_POINT ( 'NONE', #1593 ) ;
#1074 = DIRECTION ( 'NONE',  ( -3.491481338843077346E-15, 1.000000000000000000, -6.047423072554947910E-15 ) ) ;
#1075 = ORIENTED_EDGE ( 'NONE', *, *, #536, .T. ) ;
#1076 = EDGE_CURVE ( 'NONE', #364, #561, #1093, .T. ) ;
#1077 = CARTESIAN_POINT ( 'NONE',  ( 11.63187764815929270, 55.00000000000002132, -9.470977899786920062 ) ) ;
#1078 = CARTESIAN_POINT ( 'NONE',  ( 11.34694682076496797, 55.00000000000002132, 9.810545236974947514 ) ) ;
#1079 = ORIENTED_EDGE ( 'NONE', *, *, #1107, .F. ) ;
#1080 = CARTESIAN_POINT ( 'NONE',  ( -7.691124373140538317, 53.29999999999997584, 12.87814450442623126 ) ) ;
#1081 = LINE ( 'NONE', #1054, #1016 ) ;
#1082 = PLANE ( 'NONE',  #819 ) ;
#1083 = CARTESIAN_POINT ( 'NONE',  ( 9.888327812162842179, 1.699999999999986189, -8.673002541173737256 ) ) ;
#1084 = FACE_OUTER_BOUND ( 'NONE', #998, .T. ) ;
#1085 = ADVANCED_FACE ( 'NONE', ( #1456 ), #192, .T. ) ;
#1086 = CARTESIAN_POINT ( 'NONE',  ( -6.325647104805764975, 53.29999999999998295, 11.53196378356535945 ) ) ;
#1087 = ORIENTED_EDGE ( 'NONE', *, *, #40, .F. ) ;
#1088 = FACE_OUTER_BOUND ( 'NONE', #363, .T. ) ;
#1089 = VECTOR ( 'NONE', #1147, 1000.000000000000000 ) ;
#1090 = ORIENTED_EDGE ( 'NONE', *, *, #456, .F. ) ;
#1091 = VECTOR ( 'NONE', #750, 999.9999999999998863 ) ;
#1092 = CARTESIAN_POINT ( 'NONE',  ( 12.45520443382482334, 1.700000000000013944, -4.227041815694650317 ) ) ;
#1093 = LINE ( 'NONE', #1078, #639 ) ;
#1094 = EDGE_CURVE ( 'NONE', #440, #364, #1585, .T. ) ;
#1095 = AXIS2_PLACEMENT_3D ( 'NONE', #1273, #617, #1631 ) ;
#1096 = VECTOR ( 'NONE', #413, 999.9999999999998863 ) ;
#1097 = CARTESIAN_POINT ( 'NONE',  ( 6.824150039686933233, 1.700000000000013944, -11.24415297991989959 ) ) ;
#1098 = EDGE_LOOP ( 'NONE', ( #481, #1462, #130, #1202 ) ) ;
#1099 = EDGE_LOOP ( 'NONE', ( #1162, #250, #1129, #79 ) ) ;
#1100 = DIRECTION ( 'NONE',  ( 0.000000000000000000, 0.000000000000000000, -1.000000000000000000 ) ) ;
#1101 = ORIENTED_EDGE ( 'NONE', *, *, #1542, .T. ) ;
#1102 = CARTESIAN_POINT ( 'NONE',  ( 2.950000000000180922, 53.29999999999997584, -15.00000000000000000 ) ) ;
#1103 = LINE ( 'NONE', #209, #97 ) ;
#1104 = PLANE ( 'NONE',  #1204 ) ;
#1105 = DIRECTION ( 'NONE',  ( -0.4290568145682869816, 0.000000000000000000, -0.9032775043542901061 ) ) ;
#1106 = ORIENTED_EDGE ( 'NONE', *, *, #845, .T. ) ;
#1107 = EDGE_CURVE ( 'NONE', #987, #1232, #676, .T. ) ;
#1108 = CARTESIAN_POINT ( 'NONE',  ( -7.307238107869737931, 55.00000000000002132, -13.09978134301852748 ) ) ;
#1109 = ORIENTED_EDGE ( 'NONE', *, *, #1486, .F. ) ;
#1110 = CARTESIAN_POINT ( 'NONE',  ( -13.14979714449259163, 1.700000000000013944, -0.2878108036456355490 ) ) ;
#1111 = DIRECTION ( 'NONE',  ( 1.000000000000000000, 6.461844948013606427E-15, 0.000000000000000000 ) ) ;
#1112 = DIRECTION ( 'NONE',  ( -0.4999999999999919509, -6.938893903907229167E-15, -0.8660254037844432595 ) ) ;
#1113 = DIRECTION ( 'NONE',  ( 0.000000000000000000, 1.000000000000000000, 0.000000000000000000 ) ) ;
#1114 = EDGE_CURVE ( 'NONE', #181, #374, #946, .T. ) ;
#1115 = DIRECTION ( 'NONE',  ( -1.375763194285063755E-15, -1.000000000000000000, -6.803353356861049673E-15 ) ) ;
#1116 = ADVANCED_FACE ( 'NONE', ( #1084 ), #1609, .T. ) ;
#1117 = EDGE_LOOP ( 'NONE', ( #1198, #1240, #938, #1561 ) ) ;
#1118 = LINE ( 'NONE', #105, #121 ) ;
#1119 = CARTESIAN_POINT ( 'NONE',  ( 0.000000000000000000, 1.700000000000000178, 0.000000000000000000 ) ) ;
#1120 = PLANE ( 'NONE',  #1349 ) ;
#1121 = AXIS2_PLACEMENT_3D ( 'NONE', #1467, #1192, #1586 ) ;
#1122 = VECTOR ( 'NONE', #836, 1000.000000000000000 ) ;
#1123 = ORIENTED_EDGE ( 'NONE', *, *, #291, .T. ) ;
#1124 = AXIS2_PLACEMENT_3D ( 'NONE', #362, #479, #625 ) ;
#1125 = AXIS2_PLACEMENT_3D ( 'NONE', #790, #190, #1328 ) ;
#1126 = CARTESIAN_POINT ( 'NONE',  ( 11.90164525249895533, 1.699999999999979305, -9.594443198209479107 ) ) ;
#1127 = EDGE_CURVE ( 'NONE', #1644, #128, #613, .T. ) ;
#1128 = DIRECTION ( 'NONE',  ( -0.7020571321501416495, -6.307553100499603701E-15, 0.7121206240498295648 ) ) ;
#1129 = ORIENTED_EDGE ( 'NONE', *, *, #510, .T. ) ;
#1130 = CARTESIAN_POINT ( 'NONE',  ( -6.999999999999616307, 55.00000000000009948, 0.000000000000000000 ) ) ;
#1131 = CARTESIAN_POINT ( 'NONE',  ( 0.000000000000000000, 2.000000000000000000, 0.000000000000000000 ) ) ;
#1132 = CARTESIAN_POINT ( 'NONE',  ( -1.896213748674014079E-13, 53.29999999999999716, -3.188928763535380030E-13 ) ) ;
#1133 = ADVANCED_FACE ( 'NONE', ( #709 ), #1509, .T. ) ;
#1134 = LINE ( 'NONE', #1529, #1091 ) ;
#1135 = CARTESIAN_POINT ( 'NONE',  ( -14.01804628397618302, 1.699999999999977973, -5.338012587124677744 ) ) ;
#1136 = ORIENTED_EDGE ( 'NONE', *, *, #1023, .F. ) ;
#1137 = DIRECTION ( 'NONE',  ( -0.7660444431189771253, 6.938893903907227589E-15, -0.6427876096865405842 ) ) ;
#1138 = LINE ( 'NONE', #124, #1064 ) ;
#1139 = DIRECTION ( 'NONE',  ( 3.619678411827273195E-15, -1.000000000000000000, 5.922522221149832058E-15 ) ) ;
#1140 = ADVANCED_FACE ( 'NONE', ( #1524, #107, #1245, #235, #347 ), #868, .T. ) ;
#1141 = ORIENTED_EDGE ( 'NONE', *, *, #605, .T. ) ;
#1142 = ORIENTED_EDGE ( 'NONE', *, *, #1558, .T. ) ;
#1143 = EDGE_CURVE ( 'NONE', #615, #1591, #1176, .T. ) ;
#1144 = CARTESIAN_POINT ( 'NONE',  ( -12.45520443382482867, 1.699999999999986189, -4.227041815694460247 ) ) ;
#1145 = CARTESIAN_POINT ( 'NONE',  ( 7.691124373140363346, 1.700000000000021716, 12.87814450442633962 ) ) ;
#1146 = ORIENTED_EDGE ( 'NONE', *, *, #1550, .F. ) ;
#1147 = DIRECTION ( 'NONE',  ( -0.000000000000000000, -1.000000000000000000, -0.000000000000000000 ) ) ;
#1148 = PLANE ( 'NONE',  #874 ) ;
#1149 = DIRECTION ( 'NONE',  ( 0.08006465109416932568, 6.307553100499598968E-15, 0.9967896727219683894 ) ) ;
#1150 = ADVANCED_FACE ( 'NONE', ( #1234 ), #1370, .T. ) ;
#1151 = VECTOR ( 'NONE', #545, 1000.000000000000000 ) ;
#1152 = EDGE_LOOP ( 'NONE', ( #883, #878, #1187, #404 ) ) ;
#1153 = AXIS2_PLACEMENT_3D ( 'NONE', #909, #781, #1317 ) ;
#1154 = LINE ( 'NONE', #508, #581 ) ;
#1155 = PRESENTATION_LAYER_ASSIGNMENT (  '', '', ( #582 ) ) ;
#1156 = ADVANCED_FACE ( 'NONE', ( #198 ), #1120, .T. ) ;
#1157 = DIRECTION ( 'NONE',  ( 0.000000000000000000, 1.000000000000000000, 0.000000000000000000 ) ) ;
#1158 = ORIENTED_EDGE ( 'NONE', *, *, #1597, .F. ) ;
#1159 = DIRECTION ( 'NONE',  ( 0.000000000000000000, 0.000000000000000000, -1.000000000000000000 ) ) ;
#1160 = FACE_OUTER_BOUND ( 'NONE', #1666, .T. ) ;
#1161 = VERTEX_POINT ( 'NONE', #1498 ) ;
#1162 = ORIENTED_EDGE ( 'NONE', *, *, #1312, .T. ) ;
#1163 = DIRECTION ( 'NONE',  ( 0.000000000000000000, 1.000000000000000000, 0.000000000000000000 ) ) ;
#1164 = PRODUCT_DEFINITION ( 'General', '', #1645, #646 ) ;
#1165 = ORIENTED_EDGE ( 'NONE', *, *, #410, .F. ) ;
#1166 = FACE_BOUND ( 'NONE', #1117, .T. ) ;
#1167 = ORIENTED_EDGE ( 'NONE', *, *, #1375, .T. ) ;
#1168 = CARTESIAN_POINT ( 'NONE',  ( 0.000000000000000000, 55.00000000000000000, 0.000000000000000000 ) ) ;
#1169 = EDGE_CURVE ( 'NONE', #46, #494, #996, .T. ) ;
#1170 = DIRECTION ( 'NONE',  ( 0.9396926207859104263, 6.938893903907226800E-15, -0.3420201433256630508 ) ) ;
#1171 = VERTEX_POINT ( 'NONE', #1652 ) ;
#1172 = PLANE ( 'NONE',  #1268 ) ;
#1173 = ORIENTED_EDGE ( 'NONE', *, *, #117, .F. ) ;
#1174 = LINE ( 'NONE', #167, #788 ) ;
#1175 = AXIS2_PLACEMENT_3D ( 'NONE', #256, #1297, #627 ) ;
#1176 = CIRCLE ( 'NONE', #1124, 15.00000000000000000 ) ;
#1177 = EDGE_CURVE ( 'NONE', #839, #1181, #1103, .T. ) ;
#1178 = ORIENTED_EDGE ( 'NONE', *, *, #698, .T. ) ;
#1179 = VECTOR ( 'NONE', #1258, 999.9999999999998863 ) ;
#1180 = CARTESIAN_POINT ( 'NONE',  ( 2.822707989813836083, 1.699999999999977973, -14.73201682066108553 ) ) ;
#1181 = VERTEX_POINT ( 'NONE', #736 ) ;
#1182 = ADVANCED_FACE ( 'NONE', ( #1394 ), #75, .T. ) ;
#1183 = DIRECTION ( 'NONE',  ( -0.9396926207859057634, -6.938893903907228378E-15, -0.3420201433256757073 ) ) ;
#1184 = DIRECTION ( 'NONE',  ( 0.000000000000000000, 0.000000000000000000, 1.000000000000000000 ) ) ;
#1185 = DIRECTION ( 'NONE',  ( -5.427006992139303561E-15, -1.000000000000000000, -4.327347498449030885E-15 ) ) ;
#1186 = DIRECTION ( 'NONE',  ( -0.7660444431189858960, 6.938893903907227589E-15, 0.6427876096865300370 ) ) ;
#1187 = ORIENTED_EDGE ( 'NONE', *, *, #621, .F. ) ;
#1188 = DIRECTION ( 'NONE',  ( 0.7121206240498295648, 3.133873384250253148E-15, 0.7020571321501416495 ) ) ;
#1189 = EDGE_CURVE ( 'NONE', #1469, #1571, #315, .T. ) ;
#1190 = FACE_OUTER_BOUND ( 'NONE', #586, .T. ) ;
#1191 = SHAPE_DEFINITION_REPRESENTATION ( #1447, #1528 ) ;
#1192 = DIRECTION ( 'NONE',  ( -1.396592535537253342E-14, -1.000000000000000000, -0.000000000000000000 ) ) ;
#1193 = ORIENTED_EDGE ( 'NONE', *, *, #1375, .F. ) ;
#1194 = DIRECTION ( 'NONE',  ( -0.7660444431189771253, 6.938893903907227589E-15, -0.6427876096865405842 ) ) ;
#1195 = ORIENTED_EDGE ( 'NONE', *, *, #1611, .T. ) ;
#1196 = DIRECTION ( 'NONE',  ( -0.5677328581536881247, 3.133873384250253937E-15, 0.8232128532601056259 ) ) ;
#1197 = ADVANCED_FACE ( 'NONE', ( #1623 ), #336, .F. ) ;
#1198 = ORIENTED_EDGE ( 'NONE', *, *, #1675, .F. ) ;
#1199 = DIRECTION ( 'NONE',  ( -0.8660254037844433705, 4.777500637239655434E-31, 0.4999999999999919509 ) ) ;
#1200 = DIRECTION ( 'NONE',  ( 1.000000000000000000, 0.000000000000000000, 0.000000000000000000 ) ) ;
#1201 = PLANE ( 'NONE',  #979 ) ;
#1202 = ORIENTED_EDGE ( 'NONE', *, *, #1379, .T. ) ;
#1203 = ADVANCED_FACE ( 'NONE', ( #978 ), #1378, .F. ) ;
#1204 = AXIS2_PLACEMENT_3D ( 'NONE', #1624, #460, #971 ) ;
#1205 = ORIENTED_EDGE ( 'NONE', *, *, #1495, .T. ) ;
#1206 = DIRECTION ( 'NONE',  ( 0.000000000000000000, 0.000000000000000000, -1.000000000000000000 ) ) ;
#1207 = AXIS2_PLACEMENT_3D ( 'NONE', #4, #1541, #1530 ) ;
#1208 = CARTESIAN_POINT ( 'NONE',  ( 5.510910596163088569E-16, 55.00000000000000000, 4.500000000000000000 ) ) ;
#1209 = CARTESIAN_POINT ( 'NONE',  ( 3.561310965619996275E-13, 53.00000000000000000, 0.000000000000000000 ) ) ;
#1210 = CARTESIAN_POINT ( 'NONE',  ( -1.164792367973855678E-14, 1.700000000000003508, 8.371514420188885663E-16 ) ) ;
#1211 = ORIENTED_EDGE ( 'NONE', *, *, #913, .T. ) ;
#1212 = DIRECTION ( 'NONE',  ( 1.396592535537253342E-14, 1.000000000000000000, 0.000000000000000000 ) ) ;
#1213 = ORIENTED_EDGE ( 'NONE', *, *, #834, .F. ) ;
#1214 = EDGE_LOOP ( 'NONE', ( #1021, #633, #770, #1347 ) ) ;
#1215 = DIRECTION ( 'NONE',  ( 0.2519389993251381910, 3.133873384250255120E-15, 0.9677431170610556466 ) ) ;
#1216 = VERTEX_POINT ( 'NONE', #1632 ) ;
#1217 = CARTESIAN_POINT ( 'NONE',  ( 15.28437841930053231, 1.699999999999979305, 0.3004602063819282187 ) ) ;
#1218 = DIRECTION ( 'NONE',  ( 0.000000000000000000, 0.000000000000000000, -1.000000000000000000 ) ) ;
#1219 = LINE ( 'NONE', #964, #1037 ) ;
#1220 = FACE_OUTER_BOUND ( 'NONE', #25, .T. ) ;
#1221 = ORIENTED_EDGE ( 'NONE', *, *, #1143, .T. ) ;
#1222 = ADVANCED_FACE ( 'NONE', ( #89 ), #467, .F. ) ;
#1223 = PLANE ( 'NONE',  #182 ) ;
#1224 = ORIENTED_EDGE ( 'NONE', *, *, #1660, .F. ) ;
#1225 = LINE ( 'NONE', #1592, #127 ) ;
#1226 =( LENGTH_UNIT ( ) NAMED_UNIT ( * ) SI_UNIT ( .MILLI., .METRE. ) );
#1227 = FACE_OUTER_BOUND ( 'NONE', #22, .T. ) ;
#1228 = VERTEX_POINT ( 'NONE', #1048 ) ;
#1229 = CIRCLE ( 'NONE', #524, 15.00000000000000000 ) ;
#1230 = CARTESIAN_POINT ( 'NONE',  ( 5.098967424266185585E-15, 1.700000000000003508, -1.050597352900533313E-14 ) ) ;
#1231 = AXIS2_PLACEMENT_3D ( 'NONE', #402, #804, #1183 ) ;
#1232 = VERTEX_POINT ( 'NONE', #1573 ) ;
#1233 = AXIS2_PLACEMENT_3D ( 'NONE', #106, #353, #861 ) ;
#1234 = FACE_OUTER_BOUND ( 'NONE', #301, .T. ) ;
#1235 = AXIS2_PLACEMENT_3D ( 'NONE', #378, #886, #1416 ) ;
#1236 = AXIS2_PLACEMENT_3D ( 'NONE', #70, #1270, #1100 ) ;
#1237 = EDGE_CURVE ( 'NONE', #1171, #645, #662, .T. ) ;
#1238 = DIRECTION ( 'NONE',  ( 0.7121206240498295648, 3.133873384250253148E-15, 0.7020571321501416495 ) ) ;
#1239 = VERTEX_POINT ( 'NONE', #1560 ) ;
#1240 = ORIENTED_EDGE ( 'NONE', *, *, #894, .T. ) ;
#1241 = DIRECTION ( 'NONE',  ( 0.9396926207859058744, 0.000000000000000000, 0.3420201433256757073 ) ) ;
#1242 = ORIENTED_EDGE ( 'NONE', *, *, #1648, .F. ) ;
#1243 = CARTESIAN_POINT ( 'NONE',  ( 0.000000000000000000, 2.000000000000000000, 0.000000000000000000 ) ) ;
#1244 = DIRECTION ( 'NONE',  ( 1.000000000000000000, -5.421010862427522170E-15, 0.000000000000000000 ) ) ;
#1245 = FACE_BOUND ( 'NONE', #588, .T. ) ;
#1246 = ADVANCED_FACE ( 'NONE', ( #1546 ), #1309, .F. ) ;
#1247 = EDGE_CURVE ( 'NONE', #46, #27, #1441, .T. ) ;
#1248 = LINE ( 'NONE', #1357, #1060 ) ;
#1249 = VERTEX_POINT ( 'NONE', #116 ) ;
#1250 = DIRECTION ( 'NONE',  ( 0.000000000000000000, 0.000000000000000000, 1.000000000000000000 ) ) ;
#1251 = ORIENTED_EDGE ( 'NONE', *, *, #698, .F. ) ;
#1252 = CARTESIAN_POINT ( 'NONE',  ( 12.25833024919758962, 53.30000000000001137, 4.767949192431335526 ) ) ;
#1253 = DIRECTION ( 'NONE',  ( 6.461096360729563686E-15, -1.000000000000000000, -2.536252172483866362E-15 ) ) ;
#1254 = DIRECTION ( 'NONE',  ( 0.1736481776669404620, -6.938893903907229167E-15, -0.9848077530122062440 ) ) ;
#1255 = ORIENTED_EDGE ( 'NONE', *, *, #1625, .T. ) ;
#1256 = EDGE_CURVE ( 'NONE', #128, #1465, #881, .T. ) ;
#1257 = PLANE ( 'NONE',  #93 ) ;
#1258 = DIRECTION ( 'NONE',  ( 0.09424242104561308953, 3.133873384250253937E-15, 0.9955492785771388187 ) ) ;
#1259 = ADVANCED_FACE ( 'NONE', ( #125 ), #632, .T. ) ;
#1260 = ORIENTED_EDGE ( 'NONE', *, *, #1379, .F. ) ;
#1261 = DIRECTION ( 'NONE',  ( 0.000000000000000000, -5.926971876254090643E-15, -1.000000000000000000 ) ) ;
#1262 = CYLINDRICAL_SURFACE ( 'NONE', #1615, 7.000000000000000000 ) ;
#1263 = DIRECTION ( 'NONE',  ( 0.8150497554442640569, 0.000000000000000000, -0.5793909700282230402 ) ) ;
#1264 = VECTOR ( 'NONE', #470, 1000.000000000000114 ) ;
#1265 = AXIS2_PLACEMENT_3D ( 'NONE', #992, #1000, #1406 ) ;
#1266 = ORIENTED_EDGE ( 'NONE', *, *, #423, .T. ) ;
#1267 = AXIS2_PLACEMENT_3D ( 'NONE', #970, #589, #486 ) ;
#1268 = AXIS2_PLACEMENT_3D ( 'NONE', #1554, #897, #773 ) ;
#1269 = CARTESIAN_POINT ( 'NONE',  ( -6.325647104805426579, 1.699999999999986189, 11.53196378356548379 ) ) ;
#1270 = DIRECTION ( 'NONE',  ( -1.396592535537253342E-14, -1.000000000000000000, -0.000000000000000000 ) ) ;
#1271 = EDGE_LOOP ( 'NONE', ( #8, #891, #464, #1365 ) ) ;
#1272 = DIRECTION ( 'NONE',  ( 0.000000000000000000, 0.000000000000000000, -1.000000000000000000 ) ) ;
#1273 = CARTESIAN_POINT ( 'NONE',  ( 11.51538105676662482, 1.699999999999979305, 10.05477494116399306 ) ) ;
#1274 = DIRECTION ( 'NONE',  ( 0.9848077530122086864, -2.388750318619827279E-31, -0.1736481776669273336 ) ) ;
#1275 = ORIENTED_EDGE ( 'NONE', *, *, #1114, .F. ) ;
#1276 = ORIENTED_EDGE ( 'NONE', *, *, #462, .T. ) ;
#1277 = FACE_OUTER_BOUND ( 'NONE', #1099, .T. ) ;
#1278 = LINE ( 'NONE', #1038, #1433 ) ;
#1279 = ADVANCED_FACE ( 'NONE', ( #755 ), #1412, .T. ) ;
#1280 = ORIENTED_EDGE ( 'NONE', *, *, #271, .F. ) ;
#1281 = CARTESIAN_POINT ( 'NONE',  ( -2.566876621661802638, 1.700000000000013944, 12.90004435686818951 ) ) ;
#1282 = LINE ( 'NONE', #115, #925 ) ;
#1283 = CARTESIAN_POINT ( 'NONE',  ( 13.14979714449253123, 1.699999999999986189, -0.2878108036458151830 ) ) ;
#1284 = ORIENTED_EDGE ( 'NONE', *, *, #724, .T. ) ;
#1285 = VERTEX_POINT ( 'NONE', #1283 ) ;
#1286 = CARTESIAN_POINT ( 'NONE',  ( 0.000000000000000000, 2.000000000000000000, -7.000000000000000000 ) ) ;
#1287 = DIRECTION ( 'NONE',  ( -5.203995240821318020E-15, -1.000000000000000000, 4.593122554272970319E-15 ) ) ;
#1288 = VERTEX_POINT ( 'NONE', #1180 ) ;
#1289 = FACE_OUTER_BOUND ( 'NONE', #296, .T. ) ;
#1290 = DIRECTION ( 'NONE',  ( 6.461096360729566053E-15, -1.000000000000000000, -2.536252172483866757E-15 ) ) ;
#1291 = CARTESIAN_POINT ( 'NONE',  ( 1.999999999999820144, 1.699999999999986189, -12.99999999999999822 ) ) ;
#1292 = EDGE_LOOP ( 'NONE', ( #765, #437, #1436, #1316 ) ) ;
#1293 = VECTOR ( 'NONE', #1612, 1000.000000000000000 ) ;
#1294 = EDGE_LOOP ( 'NONE', ( #1457, #155 ) ) ;
#1295 = AXIS2_PLACEMENT_3D ( 'NONE', #1512, #552, #917 ) ;
#1296 = UNCERTAINTY_MEASURE_WITH_UNIT (LENGTH_MEASURE( 1.000000000000000082E-05 ), #393, 'distance_accuracy_value', 'NONE');
#1297 = DIRECTION ( 'NONE',  ( -0.000000000000000000, -1.000000000000000000, -0.000000000000000000 ) ) ;
#1298 = EDGE_CURVE ( 'NONE', #1673, #1591, #20, .T. ) ;
#1299 = AXIS2_PLACEMENT_3D ( 'NONE', #164, #810, #937 ) ;
#1300 = AXIS2_PLACEMENT_3D ( 'NONE', #942, #292, #1445 ) ;
#1301 = DIRECTION ( 'NONE',  ( 0.000000000000000000, -1.000000000000000000, 0.000000000000000000 ) ) ;
#1302 = ORIENTED_EDGE ( 'NONE', *, *, #1625, .F. ) ;
#1303 = FACE_OUTER_BOUND ( 'NONE', #122, .T. ) ;
#1304 = CARTESIAN_POINT ( 'NONE',  ( -14.46538105676653529, 1.699999999999979305, 4.945225058835927001 ) ) ;
#1305 = ORIENTED_EDGE ( 'NONE', *, *, #229, .F. ) ;
#1306 = ADVANCED_FACE ( 'NONE', ( #656 ), #504, .T. ) ;
#1307 = DIRECTION ( 'NONE',  ( 0.000000000000000000, 1.000000000000000000, 0.000000000000000000 ) ) ;
#1308 = ORIENTED_EDGE ( 'NONE', *, *, #834, .T. ) ;
#1309 = CYLINDRICAL_SURFACE ( 'NONE', #585, 4.500000000000000000 ) ;
#1310 = ORIENTED_EDGE ( 'NONE', *, *, #249, .T. ) ;
#1311 = LINE ( 'NONE', #785, #416 ) ;
#1312 = EDGE_CURVE ( 'NONE', #424, #1288, #763, .T. ) ;
#1313 = VERTEX_POINT ( 'NONE', #1291 ) ;
#1314 = DIRECTION ( 'NONE',  ( -0.000000000000000000, -1.000000000000000000, -0.000000000000000000 ) ) ;
#1315 = ADVANCED_FACE ( 'NONE', ( #1160 ), #1680, .T. ) ;
#1316 = ORIENTED_EDGE ( 'NONE', *, *, #249, .F. ) ;
#1317 = DIRECTION ( 'NONE',  ( 0.000000000000000000, 0.000000000000000000, 1.000000000000000000 ) ) ;
#1318 = AXIS2_PLACEMENT_3D ( 'NONE', #433, #1212, #1159 ) ;
#1319 = VECTOR ( 'NONE', #620, 1000.000000000000000 ) ;
#1320 = COLOUR_RGB ( '',0.7921568627450980005, 0.8196078431372548767, 0.9333333333333333481 ) ;
#1321 = EDGE_LOOP ( 'NONE', ( #905, #1548 ) ) ;
#1322 = ADVANCED_FACE ( 'NONE', ( #143 ), #1172, .T. ) ;
#1323 = CIRCLE ( 'NONE', #1510, 4.500000000000000000 ) ;
#1324 = LINE ( 'NONE', #674, #1380 ) ;
#1325 = ORIENTED_EDGE ( 'NONE', *, *, #1575, .F. ) ;
#1326 = LINE ( 'NONE', #29, #1479 ) ;
#1327 = LINE ( 'NONE', #565, #414 ) ;
#1328 = DIRECTION ( 'NONE',  ( 0.000000000000000000, -0.000000000000000000, 1.000000000000000000 ) ) ;
#1329 = ADVANCED_FACE ( 'NONE', ( #1426 ), #783, .F. ) ;
#1330 = ORIENTED_EDGE ( 'NONE', *, *, #1364, .F. ) ;
#1331 = DIRECTION ( 'NONE',  ( 0.3420201433256630508, 0.000000000000000000, 0.9396926207859105373 ) ) ;
#1332 = VERTEX_POINT ( 'NONE', #149 ) ;
#1333 = CARTESIAN_POINT ( 'NONE',  ( -2.822707989813834306, 53.30000000000002558, -14.73201682066108553 ) ) ;
#1334 = ADVANCED_FACE ( 'NONE', ( #651, #1166, #6, #519, #269 ), #779, .T. ) ;
#1335 = FACE_OUTER_BOUND ( 'NONE', #1471, .T. ) ;
#1336 = ORIENTED_EDGE ( 'NONE', *, *, #165, .F. ) ;
#1337 = DIRECTION ( 'NONE',  ( 5.349259755748780182E-15, 1.000000000000000000, 4.488561888120280310E-15 ) ) ;
#1338 = DIRECTION ( 'NONE',  ( 3.319215492079929150E-15, -1.000000000000000000, -6.095994568747460703E-15 ) ) ;
#1339 = LINE ( 'NONE', #188, #472 ) ;
#1340 = ORIENTED_EDGE ( 'NONE', *, *, #885, .T. ) ;
#1341 = FACE_OUTER_BOUND ( 'NONE', #53, .T. ) ;
#1342 = PRODUCT_CONTEXT ( 'NONE', #1500, 'mechanical' ) ;
#1343 = DIRECTION ( 'NONE',  ( -0.9092921764898836967, 3.133873384250255120E-15, 0.4161583085489105049 ) ) ;
#1344 = AXIS2_PLACEMENT_3D ( 'NONE', #1059, #422, #815 ) ;
#1345 = ORIENTED_EDGE ( 'NONE', *, *, #1076, .F. ) ;
#1346 = VECTOR ( 'NONE', #1483, 1000.000000000000000 ) ;
#1347 = ORIENTED_EDGE ( 'NONE', *, *, #1390, .T. ) ;
#1348 = LINE ( 'NONE', #185, #236 ) ;
#1349 = AXIS2_PLACEMENT_3D ( 'NONE', #354, #990, #862 ) ;
#1350 = VECTOR ( 'NONE', #509, 1000.000000000000000 ) ;
#1351 = EDGE_LOOP ( 'NONE', ( #912, #716, #1555, #584 ) ) ;
#1352 = LINE ( 'NONE', #1102, #339 ) ;
#1353 = DIRECTION ( 'NONE',  ( -6.561838499445176397E-15, 1.000000000000000000, -2.388313895860101789E-15 ) ) ;
#1354 = ORIENTED_EDGE ( 'NONE', *, *, #1050, .F. ) ;
#1355 = DIRECTION ( 'NONE',  ( -3.491481338843077346E-15, 1.000000000000000000, -6.047423072554947910E-15 ) ) ;
#1356 = EDGE_CURVE ( 'NONE', #887, #320, #1323, .T. ) ;
#1357 = CARTESIAN_POINT ( 'NONE',  ( 7.307238107870232646, 54.99999999999997868, -13.09978134301825392 ) ) ;
#1358 = FACE_OUTER_BOUND ( 'NONE', #468, .T. ) ;
#1359 = ORIENTED_EDGE ( 'NONE', *, *, #828, .T. ) ;
#1360 = DIRECTION ( 'NONE',  ( -5.203995240821318020E-15, -1.000000000000000000, 4.593122554272970319E-15 ) ) ;
#1361 = LINE ( 'NONE', #571, #71 ) ;
#1362 = CARTESIAN_POINT ( 'NONE',  ( -10.25833024919768555, 1.700000000000013944, 8.232050807568937145 ) ) ;
#1363 = DIRECTION ( 'NONE',  ( -0.1736481776669404620, 6.938893903907228378E-15, 0.9848077530122062440 ) ) ;
#1364 = EDGE_CURVE ( 'NONE', #677, #1332, #1081, .T. ) ;
#1365 = ORIENTED_EDGE ( 'NONE', *, *, #764, .F. ) ;
#1366 = LINE ( 'NONE', #1108, #1587 ) ;
#1367 = ORIENTED_EDGE ( 'NONE', *, *, #870, .T. ) ;
#1368 = ADVANCED_FACE ( 'NONE', ( #280, #1088 ), #682, .F. ) ;
#1369 = DIRECTION ( 'NONE',  ( -0.000000000000000000, -1.000000000000000000, -0.000000000000000000 ) ) ;
#1370 = PLANE ( 'NONE',  #399 ) ;
#1371 = LINE ( 'NONE', #193, #768 ) ;
#1372 = ORIENTED_EDGE ( 'NONE', *, *, #85, .T. ) ;
#1373 = CARTESIAN_POINT ( 'NONE',  ( -6.325647104805426579, 1.699999999999986189, 11.53196378356548379 ) ) ;
#1374 = CIRCLE ( 'NONE', #527, 15.00000000000000000 ) ;
#1375 = EDGE_CURVE ( 'NONE', #655, #700, #1324, .T. ) ;
#1376 = LINE ( 'NONE', #1003, #952 ) ;
#1377 = VECTOR ( 'NONE', #234, 1000.000000000000000 ) ;
#1378 = PLANE ( 'NONE',  #17 ) ;
#1379 = EDGE_CURVE ( 'NONE', #1017, #184, #443, .T. ) ;
#1380 = VECTOR ( 'NONE', #1063, 999.9999999999998863 ) ;
#1381 = CARTESIAN_POINT ( 'NONE',  ( -2.386168635816959593, 1.700000000000021716, 14.80899048691177455 ) ) ;
#1382 = CARTESIAN_POINT ( 'NONE',  ( -2.000000000000179856, 1.700000000000013944, -12.99999999999999822 ) ) ;
#1383 = CARTESIAN_POINT ( 'NONE',  ( 0.000000000000000000, 0.000000000000000000, 0.000000000000000000 ) ) ;
#1384 = EDGE_LOOP ( 'NONE', ( #675, #1422, #1638, #1224 ) ) ;
#1385 = DIRECTION ( 'NONE',  ( 3.319215492079929939E-15, -1.000000000000000000, -6.095994568747462280E-15 ) ) ;
#1386 = CARTESIAN_POINT ( 'NONE',  ( 14.99836248101035174, 1.699999999999977973, 0.2216368385918529582 ) ) ;
#1387 = DIRECTION ( 'NONE',  ( -0.4999999999999919509, -6.938893903907229167E-15, -0.8660254037844432595 ) ) ;
#1388 = EDGE_CURVE ( 'NONE', #730, #320, #951, .T. ) ;
#1389 = FACE_OUTER_BOUND ( 'NONE', #101, .T. ) ;
#1390 = EDGE_CURVE ( 'NONE', #1332, #1181, #407, .T. ) ;
#1391 = ORIENTED_EDGE ( 'NONE', *, *, #877, .T. ) ;
#1392 = LINE ( 'NONE', #1252, #1613 ) ;
#1393 = FACE_OUTER_BOUND ( 'NONE', #693, .T. ) ;
#1394 = FACE_OUTER_BOUND ( 'NONE', #1602, .T. ) ;
#1395 = ORIENTED_EDGE ( 'NONE', *, *, #1407, .F. ) ;
#1396 = CARTESIAN_POINT ( 'NONE',  ( 12.45520443382482334, 1.700000000000013944, -4.227041815694650317 ) ) ;
#1397 = ORIENTED_EDGE ( 'NONE', *, *, #1052, .F. ) ;
#1398 = CARTESIAN_POINT ( 'NONE',  ( -2.000000000000179856, 1.700000000000013944, -12.99999999999999822 ) ) ;
#1399 = DIRECTION ( 'NONE',  ( -5.427006992139301194E-15, -1.000000000000000000, -4.327347498449028518E-15 ) ) ;
#1400 = DIRECTION ( 'NONE',  ( -0.000000000000000000, -1.000000000000000000, -0.000000000000000000 ) ) ;
#1401 = AXIS2_PLACEMENT_3D ( 'NONE', #491, #1667, #1261 ) ;
#1402 = CIRCLE ( 'NONE', #1265, 15.00000000000000000 ) ;
#1403 = ORIENTED_EDGE ( 'NONE', *, *, #174, .F. ) ;
#1404 = VERTEX_POINT ( 'NONE', #162 ) ;
#1405 = CIRCLE ( 'NONE', #1236, 7.000000000000000000 ) ;
#1406 = DIRECTION ( 'NONE',  ( 0.000000000000000000, 6.808789643208967846E-15, -1.000000000000000000 ) ) ;
#1407 = EDGE_CURVE ( 'NONE', #27, #726, #934, .T. ) ;
#1408 = LINE ( 'NONE', #522, #475 ) ;
#1409 = ORIENTED_EDGE ( 'NONE', *, *, #701, .T. ) ;
#1410 = LINE ( 'NONE', #607, #1089 ) ;
#1411 = CARTESIAN_POINT ( 'NONE',  ( -10.25833024919768555, 1.700000000000013944, 8.232050807568937145 ) ) ;
#1412 = PLANE ( 'NONE',  #18 ) ;
#1413 = VERTEX_POINT ( 'NONE', #34 ) ;
#1414 = VERTEX_POINT ( 'NONE', #26 ) ;
#1415 = DIRECTION ( 'NONE',  ( 5.349259755748840925E-15, 1.000000000000000000, -4.488561888120207734E-15 ) ) ;
#1416 = DIRECTION ( 'NONE',  ( 1.000000000000000000, 6.476300976980080082E-15, 0.000000000000000000 ) ) ;
#1417 = ORIENTED_EDGE ( 'NONE', *, *, #334, .T. ) ;
#1418 = DIRECTION ( 'NONE',  ( 0.7660444431189771253, -6.938893903907227589E-15, 0.6427876096865404731 ) ) ;
#1419 = CARTESIAN_POINT ( 'NONE',  ( 2.872535939821493874E-13, 53.29999999999999716, 2.348069529208515767E-13 ) ) ;
#1420 = CARTESIAN_POINT ( 'NONE',  ( 2.822707989814177587, 55.00000000000002132, -14.73201682066101803 ) ) ;
#1421 = EDGE_CURVE ( 'NONE', #1161, #1571, #541, .T. ) ;
#1422 = ORIENTED_EDGE ( 'NONE', *, *, #146, .T. ) ;
#1423 = PLANE ( 'NONE',  #69 ) ;
#1424 = ORIENTED_EDGE ( 'NONE', *, *, #76, .T. ) ;
#1425 = PLANE ( 'NONE',  #710 ) ;
#1426 = FACE_OUTER_BOUND ( 'NONE', #1351, .T. ) ;
#1427 = EDGE_CURVE ( 'NONE', #186, #395, #1454, .T. ) ;
#1428 = EDGE_LOOP ( 'NONE', ( #991, #496, #546, #559 ) ) ;
#1429 = VECTOR ( 'NONE', #1363, 1000.000000000000000 ) ;
#1430 = AXIS2_PLACEMENT_3D ( 'NONE', #1083, #47, #197 ) ;
#1431 = DIRECTION ( 'NONE',  ( 3.319215492079929150E-15, -1.000000000000000000, -6.095994568747460703E-15 ) ) ;
#1432 = AXIS2_PLACEMENT_3D ( 'NONE', #295, #1331, #322 ) ;
#1433 = VECTOR ( 'NONE', #112, 1000.000000000000000 ) ;
#1434 = EDGE_LOOP ( 'NONE', ( #306, #217, #32, #196 ) ) ;
#1435 = DIRECTION ( 'NONE',  ( 0.1736481776669273613, -6.938893903907229955E-15, 0.9848077530122086864 ) ) ;
#1436 = ORIENTED_EDGE ( 'NONE', *, *, #1237, .T. ) ;
#1437 = ADVANCED_FACE ( 'NONE', ( #548 ), #1461, .T. ) ;
#1438 = CARTESIAN_POINT ( 'NONE',  ( 1.836970198721029589E-15, 55.00000000000000000, 15.00000000000000000 ) ) ;
#1439 = LINE ( 'NONE', #303, #711 ) ;
#1440 = EDGE_CURVE ( 'NONE', #186, #855, #807, .T. ) ;
#1441 = LINE ( 'NONE', #383, #205 ) ;
#1442 = EDGE_LOOP ( 'NONE', ( #1478, #780, #1403, #825, #670 ) ) ;
#1443 = CARTESIAN_POINT ( 'NONE',  ( 6.325647104805610432, 1.700000000000013944, 11.53196378356544827 ) ) ;
#1444 = EDGE_CURVE ( 'NONE', #1249, #374, #556, .T. ) ;
#1445 = DIRECTION ( 'NONE',  ( 0.000000000000000000, 0.000000000000000000, -1.000000000000000000 ) ) ;
#1446 = ORIENTED_EDGE ( 'NONE', *, *, #701, .F. ) ;
#1447 = PRODUCT_DEFINITION_SHAPE ( 'NONE', 'NONE',  #1164 ) ;
#1448 = FACE_OUTER_BOUND ( 'NONE', #1292, .T. ) ;
#1449 = VECTOR ( 'NONE', #1583, 1000.000000000000000 ) ;
#1450 = FACE_OUTER_BOUND ( 'NONE', #435, .T. ) ;
#1451 = EDGE_CURVE ( 'NONE', #113, #987, #170, .T. ) ;
#1452 = VECTOR ( 'NONE', #923, 1000.000000000000000 ) ;
#1453 = VERTEX_POINT ( 'NONE', #573 ) ;
#1454 = LINE ( 'NONE', #799, #714 ) ;
#1455 = VERTEX_POINT ( 'NONE', #1598 ) ;
#1456 = FACE_OUTER_BOUND ( 'NONE', #206, .T. ) ;
#1457 = ORIENTED_EDGE ( 'NONE', *, *, #1444, .F. ) ;
#1458 = CARTESIAN_POINT ( 'NONE',  ( -12.45520443382482867, 1.699999999999986189, -4.227041815694460247 ) ) ;
#1459 = PLANE ( 'NONE',  #1562 ) ;
#1460 = VERTEX_POINT ( 'NONE', #699 ) ;
#1461 = PLANE ( 'NONE',  #288 ) ;
#1462 = ORIENTED_EDGE ( 'NONE', *, *, #1028, .F. ) ;
#1463 = CARTESIAN_POINT ( 'NONE',  ( -12.25833024919783298, 53.29999999999998295, 4.767949192430851468 ) ) ;
#1464 = EDGE_CURVE ( 'NONE', #778, #246, #1348, .T. ) ;
#1465 = VERTEX_POINT ( 'NONE', #319 ) ;
#1466 = CARTESIAN_POINT ( 'NONE',  ( -14.46538105676671648, 53.29999999999997584, 4.945225058835614362 ) ) ;
#1467 = CARTESIAN_POINT ( 'NONE',  ( 3.561310965619996275E-13, 53.00000000000000000, 0.000000000000000000 ) ) ;
#1468 = EDGE_LOOP ( 'NONE', ( #1280, #1032, #1527, #1006, #359, #1284, #37, #1205 ) ) ;
#1469 = VERTEX_POINT ( 'NONE', #829 ) ;
#1470 = CARTESIAN_POINT ( 'NONE',  ( -10.25833024919768555, 1.700000000000013944, 8.232050807568937145 ) ) ;
#1471 = EDGE_LOOP ( 'NONE', ( #817, #35, #1446, #1547 ) ) ;
#1472 = CARTESIAN_POINT ( 'NONE',  ( 11.63187764815907421, 1.699999999999977973, -9.470977899787191845 ) ) ;
#1473 = CARTESIAN_POINT ( 'NONE',  ( 0.000000000000000000, 0.000000000000000000, -15.00000000000000000 ) ) ;
#1474 = ADVANCED_FACE ( 'NONE', ( #1358 ), #1223, .T. ) ;
#1475 = VERTEX_POINT ( 'NONE', #463 ) ;
#1476 = CARTESIAN_POINT ( 'NONE',  ( 11.51538105676644363, 53.29999999999997584, 10.05477494116430570 ) ) ;
#1477 = VECTOR ( 'NONE', #966, 1000.000000000000000 ) ;
#1478 = ORIENTED_EDGE ( 'NONE', *, *, #85, .F. ) ;
#1479 = VECTOR ( 'NONE', #1355, 1000.000000000000000 ) ;
#1480 = DIRECTION ( 'NONE',  ( 0.000000000000000000, -1.000000000000000000, 0.000000000000000000 ) ) ;
#1481 = MECHANICAL_DESIGN_GEOMETRIC_PRESENTATION_REPRESENTATION (  '', ( #582 ), #1538 ) ;
#1482 = ORIENTED_EDGE ( 'NONE', *, *, #802, .F. ) ;
#1483 = DIRECTION ( 'NONE',  ( -0.9640596233749835209, 3.133873384250255515E-15, -0.2656859849109187155 ) ) ;
#1484 = DIRECTION ( 'NONE',  ( 0.9955492785771374864, 6.307553100499602123E-15, 0.09424242104562723099 ) ) ;
#1485 =( GEOMETRIC_REPRESENTATION_CONTEXT ( 3 ) GLOBAL_UNCERTAINTY_ASSIGNED_CONTEXT ( ( #1296 ) ) GLOBAL_UNIT_ASSIGNED_CONTEXT ( ( #393, #421, #539 ) ) REPRESENTATION_CONTEXT ( 'NONE', 'WORKASPACE' ) );
#1486 = EDGE_CURVE ( 'NONE', #677, #427, #1366, .T. ) ;
#1487 = DIRECTION ( 'NONE',  ( 0.000000000000000000, 0.000000000000000000, -1.000000000000000000 ) ) ;
#1488 = EDGE_CURVE ( 'NONE', #816, #246, #705, .T. ) ;
#1489 = ORIENTED_EDGE ( 'NONE', *, *, #1189, .F. ) ;
#1490 = CARTESIAN_POINT ( 'NONE',  ( -9.888327812163002051, 1.700000000000013944, -8.673002541173639557 ) ) ;
#1491 = FACE_OUTER_BOUND ( 'NONE', #1008, .T. ) ;
#1492 = LINE ( 'NONE', #78, #1264 ) ;
#1493 = ORIENTED_EDGE ( 'NONE', *, *, #756, .T. ) ;
#1494 = ADVANCED_FACE ( 'NONE', ( #743 ), #985, .F. ) ;
#1495 = EDGE_CURVE ( 'NONE', #1029, #830, #665, .T. ) ;
#1496 = ORIENTED_EDGE ( 'NONE', *, *, #343, .F. ) ;
#1497 = DIRECTION ( 'NONE',  ( -1.396592535537253342E-14, -1.000000000000000000, -0.000000000000000000 ) ) ;
#1498 = CARTESIAN_POINT ( 'NONE',  ( -14.01804628397606400, 53.29999999999997584, -5.338012587124992159 ) ) ;
#1499 = CARTESIAN_POINT ( 'NONE',  ( 11.34694682076497685, 53.29999999999997584, 9.810545236974940408 ) ) ;
#1500 = APPLICATION_CONTEXT ( 'automotive_design' ) ;
#1501 = EDGE_CURVE ( 'NONE', #55, #1228, #1405, .T. ) ;
#1502 = CIRCLE ( 'NONE', #1635, 7.000000000000000000 ) ;
#1503 = LINE ( 'NONE', #341, #926 ) ;
#1504 = CIRCLE ( 'NONE', #471, 7.000000000000000000 ) ;
#1505 = VERTEX_POINT ( 'NONE', #587 ) ;
#1506 = PLANE ( 'NONE',  #282 ) ;
#1507 = VECTOR ( 'NONE', #57, 1000.000000000000000 ) ;
#1508 = FACE_OUTER_BOUND ( 'NONE', #1068, .T. ) ;
#1509 = PLANE ( 'NONE',  #904 ) ;
#1510 = AXIS2_PLACEMENT_3D ( 'NONE', #426, #436, #61 ) ;
#1511 = EDGE_CURVE ( 'NONE', #1073, #774, #457, .T. ) ;
#1512 = CARTESIAN_POINT ( 'NONE',  ( 6.824150039686933233, 1.700000000000013944, -11.24415297991989959 ) ) ;
#1513 = CARTESIAN_POINT ( 'NONE',  ( -2.000000000000179856, 1.700000000000013944, -12.99999999999999822 ) ) ;
#1514 = LINE ( 'NONE', #350, #502 ) ;
#1515 = EDGE_LOOP ( 'NONE', ( #487, #1367, #1213, #175 ) ) ;
#1516 = LINE ( 'NONE', #1281, #871 ) ;
#1517 = DIRECTION ( 'NONE',  ( 0.09424242104562721711, 3.133873384250255120E-15, -0.9955492785771374864 ) ) ;
#1518 = CARTESIAN_POINT ( 'NONE',  ( 0.000000000000000000, 53.29999999999999716, 0.000000000000000000 ) ) ;
#1519 = ORIENTED_EDGE ( 'NONE', *, *, #1247, .T. ) ;
#1520 = CARTESIAN_POINT ( 'NONE',  ( -1.655096045957752505E-29, 1.699999999999997513, -15.00000000000000000 ) ) ;
#1521 = EDGE_LOOP ( 'NONE', ( #1173, #935, #1141, #1574, #490, #169, #784, #109 ) ) ;
#1522 = DIRECTION ( 'NONE',  ( 0.000000000000000000, 1.000000000000000000, 0.000000000000000000 ) ) ;
#1523 = DIRECTION ( 'NONE',  ( 1.000000000000000000, -6.938893903907228378E-15, 0.000000000000000000 ) ) ;
#1524 = FACE_OUTER_BOUND ( 'NONE', #1468, .T. ) ;
#1525 = EDGE_LOOP ( 'NONE', ( #507, #695, #962, #1482 ) ) ;
#1526 = ADVANCED_FACE ( 'NONE', ( #717 ), #1627, .T. ) ;
#1527 = ORIENTED_EDGE ( 'NONE', *, *, #1298, .T. ) ;
#1528 = ADVANCED_BREP_SHAPE_REPRESENTATION ( 'Elevator-Driver V2', ( #1044, #132 ), #1485 ) ;
#1529 = CARTESIAN_POINT ( 'NONE',  ( 2.358208918566678136, 1.699999999999979305, 15.10434873459930394 ) ) ;
#1530 = DIRECTION ( 'NONE',  ( 0.000000000000000000, 0.000000000000000000, -1.000000000000000000 ) ) ;
#1531 = AXIS2_PLACEMENT_3D ( 'NONE', #1243, #1018, #1272 ) ;
#1532 = ORIENTED_EDGE ( 'NONE', *, *, #899, .T. ) ;
#1533 = LINE ( 'NONE', #975, #366 ) ;
#1534 = CARTESIAN_POINT ( 'NONE',  ( 3.561310965619996275E-13, 53.00000000000000000, 0.000000000000000000 ) ) ;
#1535 = CARTESIAN_POINT ( 'NONE',  ( 1.065914527314315290E-14, 1.700000000000003508, -4.770489558936145357E-15 ) ) ;
#1536 = CIRCLE ( 'NONE', #791, 15.00000000000000000 ) ;
#1537 = ORIENTED_EDGE ( 'NONE', *, *, #814, .F. ) ;
#1538 =( GEOMETRIC_REPRESENTATION_CONTEXT ( 3 ) GLOBAL_UNCERTAINTY_ASSIGNED_CONTEXT ( ( #603 ) ) GLOBAL_UNIT_ASSIGNED_CONTEXT ( ( #1226, #36, #28 ) ) REPRESENTATION_CONTEXT ( 'NONE', 'WORKASPACE' ) );
#1539 = VECTOR ( 'NONE', #643, 1000.000000000000000 ) ;
#1540 = CARTESIAN_POINT ( 'NONE',  ( 2.949999999999820766, 1.699999999999979305, -15.00000000000000000 ) ) ;
#1541 = DIRECTION ( 'NONE',  ( -1.396592535537253342E-14, -1.000000000000000000, -0.000000000000000000 ) ) ;
#1542 = EDGE_CURVE ( 'NONE', #561, #46, #1503, .T. ) ;
#1543 = ORIENTED_EDGE ( 'NONE', *, *, #567, .F. ) ;
#1544 = CARTESIAN_POINT ( 'NONE',  ( 15.28437841930053231, 1.699999999999979305, 0.3004602063819282187 ) ) ;
#1545 = DIRECTION ( 'NONE',  ( 1.396592535537253342E-14, 1.000000000000000000, -0.000000000000000000 ) ) ;
#1546 = FACE_OUTER_BOUND ( 'NONE', #1434, .T. ) ;
#1547 = ORIENTED_EDGE ( 'NONE', *, *, #129, .T. ) ;
#1548 = ORIENTED_EDGE ( 'NONE', *, *, #211, .T. ) ;
#1549 = FACE_OUTER_BOUND ( 'NONE', #500, .T. ) ;
#1550 = EDGE_CURVE ( 'NONE', #309, #1460, #772, .T. ) ;
#1551 = LINE ( 'NONE', #135, #401 ) ;
#1552 = ORIENTED_EDGE ( 'NONE', *, *, #226, .F. ) ;
#1553 = CARTESIAN_POINT ( 'NONE',  ( 9.888327812162842179, 1.699999999999986189, -8.673002541173737256 ) ) ;
#1554 = CARTESIAN_POINT ( 'NONE',  ( -3.469755832057494347E-13, 53.29999999999999716, 1.313654332564946601E-13 ) ) ;
#1555 = ORIENTED_EDGE ( 'NONE', *, *, #863, .F. ) ;
#1556 = CARTESIAN_POINT ( 'NONE',  ( -1.198207490044515675E-15, 1.700000000000003508, 1.161633536863884160E-14 ) ) ;
#1557 = CARTESIAN_POINT ( 'NONE',  ( 14.01804628397613328, 1.700000000000021716, -5.338012587124804753 ) ) ;
#1558 = EDGE_CURVE ( 'NONE', #1414, #113, #1514, .T. ) ;
#1559 = ORIENTED_EDGE ( 'NONE', *, *, #1563, .F. ) ;
#1560 = CARTESIAN_POINT ( 'NONE',  ( 14.16965481057916243, 1.700000000000021716, 4.921471583686203743 ) ) ;
#1561 = ORIENTED_EDGE ( 'NONE', *, *, #1127, .F. ) ;
#1562 = AXIS2_PLACEMENT_3D ( 'NONE', #298, #58, #316 ) ;
#1563 = EDGE_CURVE ( 'NONE', #882, #1580, #732, .T. ) ;
#1564 = AXIS2_PLACEMENT_3D ( 'NONE', #720, #321, #1244 ) ;
#1565 = PLANE ( 'NONE',  #1231 ) ;
#1566 = CIRCLE ( 'NONE', #285, 15.00000000000000000 ) ;
#1567 = AXIS2_PLACEMENT_3D ( 'NONE', #1020, #253, #1042 ) ;
#1568 = CARTESIAN_POINT ( 'NONE',  ( 7.691124373140074688, 53.30000000000002558, 12.87814450442651193 ) ) ;
#1569 = ORIENTED_EDGE ( 'NONE', *, *, #1451, .F. ) ;
#1570 = CARTESIAN_POINT ( 'NONE',  ( 0.000000000000000000, 55.00000000000000000, -15.00000000000000000 ) ) ;
#1571 = VERTEX_POINT ( 'NONE', #1135 ) ;
#1572 = PLANE ( 'NONE',  #67 ) ;
#1573 = CARTESIAN_POINT ( 'NONE',  ( -10.25833024919786673, 53.30000000000001137, 8.232050807568624506 ) ) ;
#1574 = ORIENTED_EDGE ( 'NONE', *, *, #30, .F. ) ;
#1575 = EDGE_CURVE ( 'NONE', #184, #144, #141, .T. ) ;
#1576 = CARTESIAN_POINT ( 'NONE',  ( -2.000000000000179856, 1.700000000000013944, -12.99999999999999822 ) ) ;
#1577 = DIRECTION ( 'NONE',  ( 1.000000000000000000, -5.551115123125782702E-15, 0.000000000000000000 ) ) ;
#1578 = ORIENTED_EDGE ( 'NONE', *, *, #764, .T. ) ;
#1579 = CARTESIAN_POINT ( 'NONE',  ( -14.01804628397606223, 55.00000000000002132, -5.338012587125002817 ) ) ;
#1580 = VERTEX_POINT ( 'NONE', #1015 ) ;
#1581 = DIRECTION ( 'NONE',  ( 6.579758435106329513E-15, -1.000000000000000000, 2.210230802588062394E-15 ) ) ;
#1582 = AXIS2_PLACEMENT_3D ( 'NONE', #753, #1522, #81 ) ;
#1583 = DIRECTION ( 'NONE',  ( 0.000000000000000000, 1.000000000000000000, 0.000000000000000000 ) ) ;
#1584 = CIRCLE ( 'NONE', #284, 7.000000000000000000 ) ;
#1585 = CIRCLE ( 'NONE', #1299, 15.00000000000000000 ) ;
#1586 = DIRECTION ( 'NONE',  ( 0.000000000000000000, 0.000000000000000000, -1.000000000000000000 ) ) ;
#1587 = VECTOR ( 'NONE', #973, 1000.000000000000000 ) ;
#1588 = VERTEX_POINT ( 'NONE', #273 ) ;
#1589 = CARTESIAN_POINT ( 'NONE',  ( -6.824150039686781355, 53.29999999999998295, -11.24415297991999196 ) ) ;
#1590 = EDGE_CURVE ( 'NONE', #748, #5, #1551, .T. ) ;
#1591 = VERTEX_POINT ( 'NONE', #638 ) ;
#1592 = CARTESIAN_POINT ( 'NONE',  ( -7.902395381203729308, 53.29999999999997584, 13.08642988897778281 ) ) ;
#1593 = CARTESIAN_POINT ( 'NONE',  ( 6.824150039687209457, 53.30000000000001137, -11.24415297991966689 ) ) ;
#1594 = ORIENTED_EDGE ( 'NONE', *, *, #293, .F. ) ;
#1595 = LINE ( 'NONE', #277, #1449 ) ;
#1596 = DIRECTION ( 'NONE',  ( -5.427006992139301194E-15, -1.000000000000000000, -4.327347498449028518E-15 ) ) ;
#1597 = EDGE_CURVE ( 'NONE', #518, #181, #983, .T. ) ;
#1598 = CARTESIAN_POINT ( 'NONE',  ( -6.999999999999643840, 53.00000000000009237, 0.000000000000000000 ) ) ;
#1599 = ORIENTED_EDGE ( 'NONE', *, *, #870, .F. ) ;
#1600 = CARTESIAN_POINT ( 'NONE',  ( -6.325647104805764975, 53.29999999999998295, 11.53196378356535945 ) ) ;
#1601 = DIRECTION ( 'NONE',  ( 0.4999999999999919509, 6.938893903907228378E-15, 0.8660254037844432595 ) ) ;
#1602 = EDGE_LOOP ( 'NONE', ( #950, #1242, #820, #673 ) ) ;
#1603 = LINE ( 'NONE', #1610, #846 ) ;
#1604 = CARTESIAN_POINT ( 'NONE',  ( -6.824150039687056690, 1.699999999999986189, -11.24415297991976104 ) ) ;
#1605 = CARTESIAN_POINT ( 'NONE',  ( 0.000000000000000000, 0.000000000000000000, 0.000000000000000000 ) ) ;
#1606 = EDGE_CURVE ( 'NONE', #1228, #55, #265, .T. ) ;
#1607 = EDGE_LOOP ( 'NONE', ( #835, #535, #283, #749 ) ) ;
#1608 = LINE ( 'NONE', #562, #685 ) ;
#1609 = PLANE ( 'NONE',  #769 ) ;
#1610 = CARTESIAN_POINT ( 'NONE',  ( -14.25985417106558728, 53.29999999999997584, -5.509905536390292902 ) ) ;
#1611 = EDGE_CURVE ( 'NONE', #268, #1475, #1655, .T. ) ;
#1612 = DIRECTION ( 'NONE',  ( -1.000000000000000000, 6.938893903907228378E-15, 0.000000000000000000 ) ) ;
#1613 = VECTOR ( 'NONE', #1630, 1000.000000000000000 ) ;
#1614 = ORIENTED_EDGE ( 'NONE', *, *, #580, .T. ) ;
#1615 = AXIS2_PLACEMENT_3D ( 'NONE', #1534, #1545, #989 ) ;
#1616 = AXIS2_PLACEMENT_3D ( 'NONE', #12, #534, #390 ) ;
#1617 = EDGE_LOOP ( 'NONE', ( #1656, #1354, #908, #104 ) ) ;
#1618 = DIRECTION ( 'NONE',  ( -0.000000000000000000, -1.000000000000000000, -0.000000000000000000 ) ) ;
#1619 = EDGE_CURVE ( 'NONE', #1588, #650, #1408, .T. ) ;
#1620 = CARTESIAN_POINT ( 'NONE',  ( 0.000000000000000000, 2.000000000000000000, 0.000000000000000000 ) ) ;
#1621 = ORIENTED_EDGE ( 'NONE', *, *, #811, .T. ) ;
#1622 = CARTESIAN_POINT ( 'NONE',  ( 10.25833024919757364, 53.29999999999998295, 8.232050807569082806 ) ) ;
#1623 = FACE_OUTER_BOUND ( 'NONE', #1442, .T. ) ;
#1624 = CARTESIAN_POINT ( 'NONE',  ( 6.911801943020606135E-14, 53.29999999999999716, 3.645156125403713388E-13 ) ) ;
#1625 = EDGE_CURVE ( 'NONE', #645, #1505, #1278, .T. ) ;
#1626 = CARTESIAN_POINT ( 'NONE',  ( -7.307238107870042576, 1.699999999999977973, -13.09978134301835873 ) ) ;
#1627 = PLANE ( 'NONE',  #794 ) ;
#1628 = EDGE_CURVE ( 'NONE', #1285, #655, #267, .T. ) ;
#1629 = VERTEX_POINT ( 'NONE', #1145 ) ;
#1630 = DIRECTION ( 'NONE',  ( 0.9967896727219672792, 3.133873384250253542E-15, 0.08006465109418386961 ) ) ;
#1631 = DIRECTION ( 'NONE',  ( -0.5677328581536763563, 0.000000000000000000, -0.8232128532601138415 ) ) ;
#1632 = CARTESIAN_POINT ( 'NONE',  ( -12.45520443382482867, 1.699999999999986189, -4.227041815694460247 ) ) ;
#1633 = ORIENTED_EDGE ( 'NONE', *, *, #278, .T. ) ;
#1634 = PLANE ( 'NONE',  #1036 ) ;
#1635 = AXIS2_PLACEMENT_3D ( 'NONE', #289, #168, #305 ) ;
#1636 = DIRECTION ( 'NONE',  ( 0.000000000000000000, 6.938893903907228378E-15, -1.000000000000000000 ) ) ;
#1637 = VECTOR ( 'NONE', #1369, 1000.000000000000000 ) ;
#1638 = ORIENTED_EDGE ( 'NONE', *, *, #158, .F. ) ;
#1639 = LINE ( 'NONE', #1650, #394 ) ;
#1640 = AXIS2_PLACEMENT_3D ( 'NONE', #1119, #1290, #1111 ) ;
#1641 = CARTESIAN_POINT ( 'NONE',  ( 2.358208918566339740, 53.29999999999997584, 15.10434873459942828 ) ) ;
#1642 = CARTESIAN_POINT ( 'NONE',  ( -2.847073951135608673E-15, 1.700000000000003508, -1.132559572396319938E-14 ) ) ;
#1643 = VECTOR ( 'NONE', #668, 1000.000000000000000 ) ;
#1644 = VERTEX_POINT ( 'NONE', #1568 ) ;
#1645 = PRODUCT_DEFINITION_FORMATION_WITH_SPECIFIED_SOURCE ( 'Symmetric', '', #537, .NOT_KNOWN. ) ;
#1646 = CARTESIAN_POINT ( 'NONE',  ( 14.01804628397625940, 54.99999999999997868, -5.338012587124480568 ) ) ;
#1647 = DIRECTION ( 'NONE',  ( 0.7121206240498295648, 0.000000000000000000, 0.7020571321501416495 ) ) ;
#1648 = EDGE_CURVE ( 'NONE', #700, #309, #517, .T. ) ;
#1649 = ORIENTED_EDGE ( 'NONE', *, *, #1169, .T. ) ;
#1650 = CARTESIAN_POINT ( 'NONE',  ( 15.28437841930059626, 53.29999999999997584, 0.3004602063822830460 ) ) ;
#1651 = DIRECTION ( 'NONE',  ( 0.000000000000000000, -1.000000000000000000, 0.000000000000000000 ) ) ;
#1652 = CARTESIAN_POINT ( 'NONE',  ( -13.14979714449259163, 1.700000000000013944, -0.2878108036456355490 ) ) ;
#1653 = EDGE_LOOP ( 'NONE', ( #947, #1090, #1305, #898 ) ) ;
#1654 = DIRECTION ( 'NONE',  ( -0.4161583085489105605, 6.307553100499602123E-15, -0.9092921764898836967 ) ) ;
#1655 = LINE ( 'NONE', #875, #420 ) ;
#1656 = ORIENTED_EDGE ( 'NONE', *, *, #1619, .T. ) ;
#1657 = CARTESIAN_POINT ( 'NONE',  ( 0.000000000000000000, 1.700000000000000178, 0.000000000000000000 ) ) ;
#1658 = FACE_OUTER_BOUND ( 'NONE', #793, .T. ) ;
#1659 = DIRECTION ( 'NONE',  ( 0.5000000000000039968, 6.938893903907227589E-15, -0.8660254037844363761 ) ) ;
#1660 = EDGE_CURVE ( 'NONE', #246, #431, #826, .T. ) ;
#1661 = ORIENTED_EDGE ( 'NONE', *, *, #592, .F. ) ;
#1662 = DIRECTION ( 'NONE',  ( -1.000000000000000000, 1.387778780781445676E-14, 0.000000000000000000 ) ) ;
#1663 = EDGE_CURVE ( 'NONE', #650, #677, #100, .T. ) ;
#1664 = CARTESIAN_POINT ( 'NONE',  ( 12.45520443382488551, 53.30000000000001137, -4.227041815694295046 ) ) ;
#1665 = CIRCLE ( 'NONE', #920, 15.00000000000000000 ) ;
#1666 = EDGE_LOOP ( 'NONE', ( #19, #1195, #171, #385 ) ) ;
#1667 = DIRECTION ( 'NONE',  ( 3.619678411827273195E-15, -1.000000000000000000, 5.922522221149832058E-15 ) ) ;
#1668 = DIRECTION ( 'NONE',  ( -0.9396926207859104263, -6.938893903907227589E-15, 0.3420201433256630508 ) ) ;
#1669 = DIRECTION ( 'NONE',  ( -0.000000000000000000, -1.000000000000000000, -0.000000000000000000 ) ) ;
#1670 = VECTOR ( 'NONE', #286, 999.9999999999998863 ) ;
#1671 = AXIS2_PLACEMENT_3D ( 'NONE', #492, #1004, #371 ) ;
#1672 = VERTEX_POINT ( 'NONE', #1557 ) ;
#1673 = VERTEX_POINT ( 'NONE', #387 ) ;
#1674 = AXIS2_PLACEMENT_3D ( 'NONE', #1605, #1480, #1206 ) ;
#1675 = EDGE_CURVE ( 'NONE', #1629, #1644, #893, .T. ) ;
#1676 = DIRECTION ( 'NONE',  ( 0.000000000000000000, 0.000000000000000000, -1.000000000000000000 ) ) ;
#1677 = DIRECTION ( 'NONE',  ( 0.7121206240498395568, 3.133873384250255515E-15, -0.7020571321501314355 ) ) ;
#1678 = EDGE_LOOP ( 'NONE', ( #242, #692, #744, #86 ) ) ;
#1679 = CARTESIAN_POINT ( 'NONE',  ( 1.123179058551239368E-14, 1.700000000000003508, 3.197159493845150787E-15 ) ) ;
#1680 = PLANE ( 'NONE',  #530 ) ;
ENDSEC;
END-ISO-10303-21;
