ISO-10303-21;
HEADER;
FILE_DESCRIPTION (( 'STEP AP214' ),
    '1' );
FILE_NAME ('Pivot 2.STEP',
    '2026-02-05T02:30:35',
    ( '' ),
    ( '' ),
    'SwSTEP 2.0',
    'SolidWorks 2025',
    '' );
FILE_SCHEMA (( 'AUTOMOTIVE_DESIGN' ));
ENDSEC;

DATA;
#1 = CARTESIAN_POINT ( 'NONE',  ( 15.00000000000000355, 1.874999999999992228, -3.247595264191649012 ) ) ;
#2 = CARTESIAN_POINT ( 'NONE',  ( -20.00000000000000000, -1.875000000000014433, -3.247595264191636133 ) ) ;
#3 = CARTESIAN_POINT ( 'NONE',  ( 20.00000000000000000, 1.875000000000037526, 3.247595264191622366 ) ) ;
#4 = DIRECTION ( 'NONE',  ( 0.000000000000000000, -0.5000000000000011102, -0.8660254037844380415 ) ) ;
#5 = CYLINDRICAL_SURFACE ( 'NONE', #1530, 0.7500000000000022204 ) ;
#6 = CARTESIAN_POINT ( 'NONE',  ( -1.831578910570087926, 2.383884934582613191, 7.111975416720677678 ) ) ;
#7 = EDGE_LOOP ( 'NONE', ( #1228, #718 ) ) ;
#8 = DIRECTION ( 'NONE',  ( 0.000000000000000000, -0.5000000000000011102, -0.8660254037844380415 ) ) ;
#9 = ADVANCED_FACE ( 'NONE', ( #457 ), #236, .T. ) ;
#10 = DIRECTION ( 'NONE',  ( 1.000000000000000000, -0.000000000000000000, -0.000000000000000000 ) ) ;
#11 = DIRECTION ( 'NONE',  ( 0.000000000000000000, -1.000000000000000000, 0.000000000000000000 ) ) ;
#12 = FACE_OUTER_BOUND ( 'NONE', #739, .T. ) ;
#13 = CARTESIAN_POINT ( 'NONE',  ( -0.7857852795094891762, 2.901967509418357682, 6.915950870038169995 ) ) ;
#14 = EDGE_CURVE ( 'NONE', #1490, #758, #377, .T. ) ;
#15 = ORIENTED_EDGE ( 'NONE', *, *, #1024, .T. ) ;
#16 = AXIS2_PLACEMENT_3D ( 'NONE', #1653, #230, #897 ) ;
#17 = DIRECTION ( 'NONE',  ( 0.000000000000000000, -0.5000000000000011102, -0.8660254037844379305 ) ) ;
#18 = AXIS2_PLACEMENT_3D ( 'NONE', #1031, #1392, #217 ) ;
#19 = CARTESIAN_POINT ( 'NONE',  ( 16.75000000000000355, -1.875000000000014433, -3.247595264191636133 ) ) ;
#20 = CIRCLE ( 'NONE', #712, 3.750000000000000000 ) ;
#21 = CARTESIAN_POINT ( 'NONE',  ( 16.75000000000000355, -1.874999999999969580, 3.247595264191661890 ) ) ;
#22 = CARTESIAN_POINT ( 'NONE',  ( -20.00000000000000000, 1.874999999999992228, -3.247595264191649012 ) ) ;
#23 = LINE ( 'NONE', #1202, #1670 ) ;
#24 = ORIENTED_EDGE ( 'NONE', *, *, #1482, .F. ) ;
#25 = CARTESIAN_POINT ( 'NONE',  ( -20.00000000000000000, -3.749999999999999556, 2.618611004132350016E-14 ) ) ;
#26 = PRODUCT_DEFINITION_SHAPE ( 'NONE', 'NONE',  #1220 ) ;
#27 = DIRECTION ( 'NONE',  ( 0.000000000000000000, 0.000000000000000000, -1.000000000000000000 ) ) ;
#28 = PLANE ( 'NONE',  #200 ) ;
#29 = VERTEX_POINT ( 'NONE', #523 ) ;
#30 = ORIENTED_EDGE ( 'NONE', *, *, #1381, .F. ) ;
#31 =( BOUNDED_CURVE ( )  B_SPLINE_CURVE ( 3, ( #928, #1581, #1316, #104 ),
 .UNSPECIFIED., .F., .F. ) 
 B_SPLINE_CURVE_WITH_KNOTS ( ( 4, 4 ),
 ( 3.141592653589793116, 4.712388980384758952 ),
 .UNSPECIFIED. ) 
 CURVE ( )  GEOMETRIC_REPRESENTATION_ITEM ( )  RATIONAL_B_SPLINE_CURVE ( ( 1.000000000000000000, 0.8047378541243486172, 0.8047378541243486172, 1.000000000000000000 ) ) 
 REPRESENTATION_ITEM ( '' )  );
#32 = CARTESIAN_POINT ( 'NONE',  ( 2.843821574718914391, 0.9753345597129389200, -7.438574086605078683 ) ) ;
#33 = CARTESIAN_POINT ( 'NONE',  ( -18.24999999999997513, -2.128652968088642794, -2.808255435971478864 ) ) ;
#34 = ADVANCED_FACE ( 'NONE', ( #368 ), #247, .F. ) ;
#35 = DIRECTION ( 'NONE',  ( 0.000000000000000000, 0.5000000000000069944, 0.8660254037844345998 ) ) ;
#36 = ORIENTED_EDGE ( 'NONE', *, *, #1063, .T. ) ;
#37 = ORIENTED_EDGE ( 'NONE', *, *, #953, .T. ) ;
#38 = CARTESIAN_POINT ( 'NONE',  ( 20.00000000000000000, 0.000000000000000000, 0.000000000000000000 ) ) ;
#39 =( BOUNDED_CURVE ( )  B_SPLINE_CURVE ( 3, ( #1542, #643, #228, #1421 ),
 .UNSPECIFIED., .F., .F. ) 
 B_SPLINE_CURVE_WITH_KNOTS ( ( 4, 4 ),
 ( 1.570796326794966058, 3.141592653589793116 ),
 .UNSPECIFIED. ) 
 CURVE ( )  GEOMETRIC_REPRESENTATION_ITEM ( )  RATIONAL_B_SPLINE_CURVE ( ( 1.000000000000000000, 0.8047378541243813688, 0.8047378541243813688, 1.000000000000000000 ) ) 
 REPRESENTATION_ITEM ( '' )  );
#40 = AXIS2_PLACEMENT_3D ( 'NONE', #628, #356, #740 ) ;
#41 = CARTESIAN_POINT ( 'NONE',  ( 1.515356963772620302, 2.618376272373581504, -7.029953011533832452 ) ) ;
#42 = ORIENTED_EDGE ( 'NONE', *, *, #1293, .T. ) ;
#43 = DIRECTION ( 'NONE',  ( 0.000000000000000000, -0.5000000000000011102, -0.8660254037844380415 ) ) ;
#44 = EDGE_LOOP ( 'NONE', ( #996, #612, #528, #1061, #584, #1221, #512 ) ) ;
#45 = VERTEX_POINT ( 'NONE', #122 ) ;
#46 = B_SPLINE_CURVE_WITH_KNOTS ( 'NONE', 3,
 ( #904, #1294, #1671, #1303, #99, #453, #982, #126, #825, #268, #6, #665, #1600, #557, #13, #1067, #1196, #923, #1339, #394, #291, #1445, #686, #281, #257, #1572, #792, #1350, #1452, #1051, #1320, #147, #1212, #931 ),
 .UNSPECIFIED., .F., .F.,
 ( 4, 2, 2, 2, 2, 2, 2, 2, 2, 2, 2, 2, 2, 2, 2, 2, 4 ),
 ( 0.009479671589916700836, 0.01007176223270103352, 0.01066385287548536620, 0.01125594351826969888, 0.01184803416105403157, 0.01244012480383836425, 0.01303221544662269867, 0.01362430608940703308, 0.01421639673219136576, 0.01480848737497569845, 0.01540057801776003286, 0.01599266866054436728, 0.01658475930332869996, 0.01717684994611303612, 0.01776894058889736880, 0.01836103123168170148, 0.01895312187446603763 ),
 .UNSPECIFIED. ) ;
#47 = LINE ( 'NONE', #1086, #1641 ) ;
#48 = ORIENTED_EDGE ( 'NONE', *, *, #1523, .T. ) ;
#49 = LINE ( 'NONE', #724, #1146 ) ;
#50 = EDGE_CURVE ( 'NONE', #61, #1573, #597, .T. ) ;
#51 = ORIENTED_EDGE ( 'NONE', *, *, #443, .T. ) ;
#52 = LINE ( 'NONE', #62, #1295 ) ;
#53 = ORIENTED_EDGE ( 'NONE', *, *, #978, .T. ) ;
#54 = EDGE_CURVE ( 'NONE', #765, #1404, #988, .T. ) ;
#55 = EDGE_CURVE ( 'NONE', #744, #61, #735, .T. ) ;
#56 = CARTESIAN_POINT ( 'NONE',  ( -2.599874208922485774, 1.509557687098403100, -7.348393466779369554 ) ) ;
#57 = CARTESIAN_POINT ( 'NONE',  ( -2.598698678559824948, -1.511468369802938749, -7.347982960816993092 ) ) ;
#58 = ORIENTED_EDGE ( 'NONE', *, *, #1588, .F. ) ;
#59 = DIRECTION ( 'NONE',  ( 0.000000000000000000, 1.000000000000000000, 0.000000000000000000 ) ) ;
#60 = DIRECTION ( 'NONE',  ( 0.000000000000000000, 0.000000000000000000, -1.000000000000000000 ) ) ;
#61 = VERTEX_POINT ( 'NONE', #642 ) ;
#62 = CARTESIAN_POINT ( 'NONE',  ( -20.00000000000000000, 1.875000000000037526, 3.247595264191622366 ) ) ;
#63 = PLANE ( 'NONE',  #1344 ) ;
#64 = ORIENTED_EDGE ( 'NONE', *, *, #859, .F. ) ;
#65 = VECTOR ( 'NONE', #91, 1000.000000000000000 ) ;
#66 = CARTESIAN_POINT ( 'NONE',  ( -3.000000000000000444, 9.185151858709078265E-16, -7.500000000000000000 ) ) ;
#67 = VECTOR ( 'NONE', #10, 1000.000000000000000 ) ;
#68 = ORIENTED_EDGE ( 'NONE', *, *, #706, .T. ) ;
#69 = CARTESIAN_POINT ( 'NONE',  ( 15.00000000000000000, 0.000000000000000000, 0.000000000000000000 ) ) ;
#70 = AXIS2_PLACEMENT_3D ( 'NONE', #25, #1326, #1331 ) ;
#71 = DIRECTION ( 'NONE',  ( 0.000000000000000000, 1.000000000000000000, 0.000000000000000000 ) ) ;
#72 = VECTOR ( 'NONE', #4, 1000.000000000000114 ) ;
#73 = ORIENTED_EDGE ( 'NONE', *, *, #804, .F. ) ;
#74 = CARTESIAN_POINT ( 'NONE',  ( 16.75000000000000355, -1.874999999999969580, 3.247595264191661890 ) ) ;
#75 = EDGE_CURVE ( 'NONE', #109, #471, #878, .T. ) ;
#76 = CARTESIAN_POINT ( 'NONE',  ( 15.00000000000000000, 0.000000000000000000, 0.000000000000000000 ) ) ;
#77 = ORIENTED_EDGE ( 'NONE', *, *, #50, .T. ) ;
#78 = CARTESIAN_POINT ( 'NONE',  ( 17.50000000000000000, 1.750000000000003775, 0.7500000000000021094 ) ) ;
#79 = LINE ( 'NONE', #1417, #1235 ) ;
#80 = EDGE_CURVE ( 'NONE', #1658, #1475, #1556, .T. ) ;
#81 = CARTESIAN_POINT ( 'NONE',  ( -17.50000000000000000, -0.2254809471616534833, -1.890544456622774039 ) ) ;
#82 = CARTESIAN_POINT ( 'NONE',  ( -17.50000000000000000, -0.8750000000000092149, 1.515544456622767600 ) ) ;
#83 = ORIENTED_EDGE ( 'NONE', *, *, #1201, .F. ) ;
#84 =( BOUNDED_CURVE ( )  B_SPLINE_CURVE ( 3, ( #21, #155, #1241, #311 ),
 .UNSPECIFIED., .F., .T. ) 
 B_SPLINE_CURVE_WITH_KNOTS ( ( 4, 4 ),
 ( 1.570796326794966058, 3.141592653589793116 ),
 .UNSPECIFIED. ) 
 CURVE ( )  GEOMETRIC_REPRESENTATION_ITEM ( )  RATIONAL_B_SPLINE_CURVE ( ( 1.000000000000000000, 0.8047378541243813688, 0.8047378541243813688, 1.000000000000000000 ) ) 
 REPRESENTATION_ITEM ( '' )  );
#85 = DIRECTION ( 'NONE',  ( 0.000000000000000000, 0.000000000000000000, 1.000000000000000000 ) ) ;
#86 = ADVANCED_FACE ( 'NONE', ( #913 ), #63, .F. ) ;
#87 = DIRECTION ( 'NONE',  ( 1.000000000000000000, 0.000000000000000000, 0.000000000000000000 ) ) ;
#88 = CARTESIAN_POINT ( 'NONE',  ( 1.982678309652553095, -2.259837686633805021, -7.152880777936156065 ) ) ;
#89 = DIRECTION ( 'NONE',  ( 0.000000000000000000, 0.5000000000000039968, -0.8660254037844363761 ) ) ;
#90 = EDGE_LOOP ( 'NONE', ( #843, #1548, #1010, #36, #391 ) ) ;
#91 = DIRECTION ( 'NONE',  ( 1.000000000000000000, -0.000000000000000000, -0.000000000000000000 ) ) ;
#92 = CIRCLE ( 'NONE', #1071, 0.7500000000000021094 ) ;
#93 = CARTESIAN_POINT ( 'NONE',  ( -20.00000000000000000, -1.874999999999969580, 3.247595264191661890 ) ) ;
#94 = CIRCLE ( 'NONE', #1148, 0.7500000000000021094 ) ;
#95 = ORIENTED_EDGE ( 'NONE', *, *, #1467, .T. ) ;
#96 = AXIS2_PLACEMENT_3D ( 'NONE', #335, #1145, #85 ) ;
#97 = ORIENTED_EDGE ( 'NONE', *, *, #240, .F. ) ;
#98 = CARTESIAN_POINT ( 'NONE',  ( 17.50000000000000000, 3.316987298107784365, 0.7500000000000021094 ) ) ;
#99 = CARTESIAN_POINT ( 'NONE',  ( -2.844326237364915855, 0.9738927139267672395, 7.438767265583002164 ) ) ;
#100 = EDGE_LOOP ( 'NONE', ( #1154, #164, #975, #468, #1568 ) ) ;
#101 = DIRECTION ( 'NONE',  ( 0.000000000000000000, 0.000000000000000000, 1.000000000000000000 ) ) ;
#102 = ORIENTED_EDGE ( 'NONE', *, *, #1690, .T. ) ;
#103 = CARTESIAN_POINT ( 'NONE',  ( -20.00000000000000000, 3.750000000000000000, 0.000000000000000000 ) ) ;
#104 = CARTESIAN_POINT ( 'NONE',  ( 16.75000000000000355, -1.875000000000014433, -3.247595264191636133 ) ) ;
#105 = ORIENTED_EDGE ( 'NONE', *, *, #829, .T. ) ;
#106 = DIRECTION ( 'NONE',  ( 0.000000000000000000, 0.000000000000000000, -1.000000000000000000 ) ) ;
#107 = DIRECTION ( 'NONE',  ( 1.000000000000000000, -0.000000000000000000, -0.000000000000000000 ) ) ;
#108 = ADVANCED_FACE ( 'NONE', ( #1644 ), #1287, .F. ) ;
#109 = VERTEX_POINT ( 'NONE', #1328 ) ;
#110 = CARTESIAN_POINT ( 'NONE',  ( 15.00000000000000000, 4.592425496802573972E-16, -3.750000000000000000 ) ) ;
#111 = ADVANCED_FACE ( 'NONE', ( #400 ), #280, .F. ) ;
#112 = EDGE_LOOP ( 'NONE', ( #793, #95, #1084, #1050, #753 ) ) ;
#113 = DIRECTION ( 'NONE',  ( 0.000000000000000000, -0.8660254037844380415, 0.5000000000000011102 ) ) ;
#114 = DIRECTION ( 'NONE',  ( 0.000000000000000000, -0.4999999999999950040, 0.8660254037844414832 ) ) ;
#115 = DIRECTION ( 'NONE',  ( 0.000000000000000000, 0.000000000000000000, -1.000000000000000000 ) ) ;
#116 = ORIENTED_EDGE ( 'NONE', *, *, #687, .T. ) ;
#117 = CARTESIAN_POINT ( 'NONE',  ( 2.980108978609457449, -0.3972183302310668407, 7.491980927288020453 ) ) ;
#118 = EDGE_CURVE ( 'NONE', #119, #1352, #820, .T. ) ;
#119 = VERTEX_POINT ( 'NONE', #562 ) ;
#120 = CARTESIAN_POINT ( 'NONE',  ( 17.50000000000000000, -0.8750000000000092149, 1.515544456622767600 ) ) ;
#121 = CARTESIAN_POINT ( 'NONE',  ( -17.50000000000000000, -1.524519052838338551, 1.140544456622763381 ) ) ;
#122 = CARTESIAN_POINT ( 'NONE',  ( -16.75000000000000000, -1.874999999999969580, 3.247595264191661890 ) ) ;
#123 = AXIS2_PLACEMENT_3D ( 'NONE', #546, #1059, #947 ) ;
#124 =( GEOMETRIC_REPRESENTATION_CONTEXT ( 3 ) GLOBAL_UNCERTAINTY_ASSIGNED_CONTEXT ( ( #623 ) ) GLOBAL_UNIT_ASSIGNED_CONTEXT ( ( #1613, #853, #297 ) ) REPRESENTATION_CONTEXT ( 'NONE', 'WORKASPACE' ) );
#125 = CIRCLE ( 'NONE', #1640, 3.750000000000000000 ) ;
#126 = CARTESIAN_POINT ( 'NONE',  ( -2.381960998815939590, 1.834130108520957148, 7.274156787586345096 ) ) ;
#127 = AXIS2_PLACEMENT_3D ( 'NONE', #1190, #140, #809 ) ;
#128 = CARTESIAN_POINT ( 'NONE',  ( -17.50000000000000000, -2.308012701892223628, 2.497595264191616593 ) ) ;
#129 = ADVANCED_FACE ( 'NONE', ( #1337 ), #940, .F. ) ;
#130 = LINE ( 'NONE', #667, #1586 ) ;
#131 = CARTESIAN_POINT ( 'NONE',  ( -15.00000000000000000, -3.750000000000000000, 2.580401170515500553E-14 ) ) ;
#132 = CARTESIAN_POINT ( 'NONE',  ( -15.00000000000000000, 0.000000000000000000, 0.000000000000000000 ) ) ;
#133 = ADVANCED_BREP_SHAPE_REPRESENTATION ( 'Pivot 2', ( #649, #1236 ), #239 ) ;
#134 = CARTESIAN_POINT ( 'NONE',  ( 17.50000000000000000, -1.524519052838338551, 1.140544456622763381 ) ) ;
#135 = VERTEX_POINT ( 'NONE', #432 ) ;
#136 = CARTESIAN_POINT ( 'NONE',  ( 0.3959797042619668250, -2.980334475548358508, 6.882543018167898374 ) ) ;
#137 = CARTESIAN_POINT ( 'NONE',  ( 15.00000000000000355, -1.874999999999969580, 3.247595264191661890 ) ) ;
#138 = DIRECTION ( 'NONE',  ( 0.000000000000000000, 0.000000000000000000, -1.000000000000000000 ) ) ;
#139 = EDGE_CURVE ( 'NONE', #942, #255, #813, .T. ) ;
#140 = DIRECTION ( 'NONE',  ( 0.000000000000000000, 0.5000000000000039968, -0.8660254037844362651 ) ) ;
#141 = ORIENTED_EDGE ( 'NONE', *, *, #1677, .T. ) ;
#142 = CARTESIAN_POINT ( 'NONE',  ( -1.832372502624466160, -2.383317233322347573, 7.112171011770036522 ) ) ;
#143 = DIRECTION ( 'NONE',  ( 1.000000000000000000, 0.000000000000000000, 0.000000000000000000 ) ) ;
#144 = DIRECTION ( 'NONE',  ( 0.000000000000000000, 0.8660254037844432595, -0.4999999999999920064 ) ) ;
#145 = DIRECTION ( 'NONE',  ( 0.000000000000000000, -0.5000000000000039968, 0.8660254037844362651 ) ) ;
#146 = EDGE_CURVE ( 'NONE', #370, #872, #1621, .T. ) ;
#147 = CARTESIAN_POINT ( 'NONE',  ( 2.979812724963140980, 0.3992186818968238571, 7.491863020393878969 ) ) ;
#148 = ORIENTED_EDGE ( 'NONE', *, *, #729, .T. ) ;
#149 =( BOUNDED_CURVE ( )  B_SPLINE_CURVE ( 3, ( #358, #770, #615, #759 ),
 .UNSPECIFIED., .F., .F. ) 
 B_SPLINE_CURVE_WITH_KNOTS ( ( 4, 4 ),
 ( 3.141592653589793116, 4.712388980384689674 ),
 .UNSPECIFIED. ) 
 CURVE ( )  GEOMETRIC_REPRESENTATION_ITEM ( )  RATIONAL_B_SPLINE_CURVE ( ( 1.000000000000000000, 0.8047378541243649375, 0.8047378541243649375, 1.000000000000000000 ) ) 
 REPRESENTATION_ITEM ( '' )  );
#150 = AXIS2_PLACEMENT_3D ( 'NONE', #1285, #277, #560 ) ;
#151 = DIRECTION ( 'NONE',  ( 0.000000000000000000, 0.8660254037844362651, 0.5000000000000041078 ) ) ;
#152 = AXIS2_PLACEMENT_3D ( 'NONE', #937, #1436, #790 ) ;
#153 = CARTESIAN_POINT ( 'NONE',  ( 18.25000000000000355, -1.875000000000021982, -3.247595264191636133 ) ) ;
#154 = VECTOR ( 'NONE', #1606, 1000.000000000000000 ) ;
#155 = CARTESIAN_POINT ( 'NONE',  ( 16.75000000000003197, -1.367694063822703532, 3.247595264191656117 ) ) ;
#156 = DIRECTION ( 'NONE',  ( 0.000000000000000000, 0.000000000000000000, -1.000000000000000000 ) ) ;
#157 = ORIENTED_EDGE ( 'NONE', *, *, #883, .T. ) ;
#158 = EDGE_LOOP ( 'NONE', ( #1136, #1396 ) ) ;
#159 = EDGE_CURVE ( 'NONE', #1683, #258, #1429, .T. ) ;
#160 = DIRECTION ( 'NONE',  ( 0.000000000000000000, 0.000000000000000000, -1.000000000000000000 ) ) ;
#161 = ADVANCED_FACE ( 'NONE', ( #1593 ), #1088, .F. ) ;
#162 = FACE_OUTER_BOUND ( 'NONE', #1247, .T. ) ;
#163 = DIRECTION ( 'NONE',  ( 1.000000000000000000, 0.000000000000000000, 0.000000000000000000 ) ) ;
#164 = ORIENTED_EDGE ( 'NONE', *, *, #256, .F. ) ;
#165 = VERTEX_POINT ( 'NONE', #22 ) ;
#166 = CARTESIAN_POINT ( 'NONE',  ( -1.832372502624466160, 2.383317233322347573, -7.112171011770036522 ) ) ;
#167 = ADVANCED_FACE ( 'NONE', ( #301 ), #28, .F. ) ;
#168 = CARTESIAN_POINT ( 'NONE',  ( -18.25000000000000355, -1.875000000000010658, -3.247595264191642794 ) ) ;
#169 = CARTESIAN_POINT ( 'NONE',  ( 17.50000000000000000, -1.008974596215580721, 3.247595264191652120 ) ) ;
#170 = ORIENTED_EDGE ( 'NONE', *, *, #426, .T. ) ;
#171 = EDGE_LOOP ( 'NONE', ( #1105, #842, #1280, #1039, #614 ) ) ;
#172 = CARTESIAN_POINT ( 'NONE',  ( 20.00000000000000000, -1.874999999999969580, 3.247595264191661890 ) ) ;
#173 = VECTOR ( 'NONE', #1188, 1000.000000000000000 ) ;
#174 = CIRCLE ( 'NONE', #1402, 0.7500000000000023315 ) ;
#175 = CARTESIAN_POINT ( 'NONE',  ( 2.256911179330486572, 1.985903074955245318, -7.233707451003393629 ) ) ;
#176 = ADVANCED_FACE ( 'NONE', ( #1211 ), #5, .F. ) ;
#177 = AXIS2_PLACEMENT_3D ( 'NONE', #1222, #458, #317 ) ;
#178 = PLANE ( 'NONE',  #664 ) ;
#179 = CIRCLE ( 'NONE', #1505, 0.7500000000000022204 ) ;
#180 = CYLINDRICAL_SURFACE ( 'NONE', #708, 0.7500000000000022204 ) ;
#181 = EDGE_CURVE ( 'NONE', #258, #29, #1013, .T. ) ;
#182 = ORIENTED_EDGE ( 'NONE', *, *, #1569, .T. ) ;
#183 = LINE ( 'NONE', #727, #267 ) ;
#184 = ORIENTED_EDGE ( 'NONE', *, *, #1482, .T. ) ;
#185 = FACE_OUTER_BOUND ( 'NONE', #1469, .T. ) ;
#186 = DIRECTION ( 'NONE',  ( 0.000000000000000000, -0.8660254037844432595, 0.4999999999999920064 ) ) ;
#187 = FACE_OUTER_BOUND ( 'NONE', #1225, .T. ) ;
#188 = CARTESIAN_POINT ( 'NONE',  ( -20.00000000000000000, -1.874999999999969580, 3.247595264191661890 ) ) ;
#189 = VERTEX_POINT ( 'NONE', #675 ) ;
#190 = CARTESIAN_POINT ( 'NONE',  ( 5.000000000000000000, 0.000000000000000000, 7.500000000000000000 ) ) ;
#191 = CARTESIAN_POINT ( 'NONE',  ( 18.25000000000000355, -1.875000000000021982, -3.247595264191636133 ) ) ;
#192 = EDGE_CURVE ( 'NONE', #1380, #1297, #1176, .T. ) ;
#193 = CARTESIAN_POINT ( 'NONE',  ( -2.382314712670397849, 1.833763049767434650, -7.274267250424009568 ) ) ;
#194 = ORIENTED_EDGE ( 'NONE', *, *, #302, .F. ) ;
#195 = CARTESIAN_POINT ( 'NONE',  ( -17.50000000000000000, -0.8750000000000092149, 1.515544456622767600 ) ) ;
#196 = PLANE ( 'NONE',  #490 ) ;
#197 = EDGE_CURVE ( 'NONE', #1404, #1091, #694, .T. ) ;
#198 = VERTEX_POINT ( 'NONE', #662 ) ;
#199 = CARTESIAN_POINT ( 'NONE',  ( 15.00000000000000000, 0.000000000000000000, 0.000000000000000000 ) ) ;
#200 = AXIS2_PLACEMENT_3D ( 'NONE', #669, #833, #407 ) ;
#201 = FACE_OUTER_BOUND ( 'NONE', #427, .T. ) ;
#202 = CIRCLE ( 'NONE', #1179, 3.750000000000000000 ) ;
#203 = EDGE_CURVE ( 'NONE', #1297, #942, #417, .T. ) ;
#204 = ORIENTED_EDGE ( 'NONE', *, *, #1655, .T. ) ;
#205 = LINE ( 'NONE', #1425, #601 ) ;
#206 =( BOUNDED_CURVE ( )  B_SPLINE_CURVE ( 3, ( #424, #1336, #33, #168 ),
 .UNSPECIFIED., .F., .F. ) 
 B_SPLINE_CURVE_WITH_KNOTS ( ( 4, 4 ),
 ( 3.141592653589793116, 4.712388980384630166 ),
 .UNSPECIFIED. ) 
 CURVE ( )  GEOMETRIC_REPRESENTATION_ITEM ( )  RATIONAL_B_SPLINE_CURVE ( ( 1.000000000000000000, 0.8047378541243790373, 0.8047378541243790373, 1.000000000000000000 ) ) 
 REPRESENTATION_ITEM ( '' )  );
#207 = VECTOR ( 'NONE', #737, 1000.000000000000000 ) ;
#208 = DIRECTION ( 'NONE',  ( 0.000000000000000000, -1.000000000000000000, 3.353798720221821396E-15 ) ) ;
#209 = AXIS2_PLACEMENT_3D ( 'NONE', #1685, #755, #186 ) ;
#210 = VERTEX_POINT ( 'NONE', #1703 ) ;
#211 = CARTESIAN_POINT ( 'NONE',  ( 17.50000000000000000, -1.524519052838322120, -1.140544456622783809 ) ) ;
#212 = ORIENTED_EDGE ( 'NONE', *, *, #1068, .F. ) ;
#213 = CARTESIAN_POINT ( 'NONE',  ( -5.000000000000000888, 0.000000000000000000, 0.000000000000000000 ) ) ;
#214 = ADVANCED_FACE ( 'NONE', ( #12 ), #533, .F. ) ;
#215 = ORIENTED_EDGE ( 'NONE', *, *, #995, .T. ) ;
#216 = CARTESIAN_POINT ( 'NONE',  ( 17.06066017177982275, 3.316987298107784365, 0.7500000000000021094 ) ) ;
#217 = DIRECTION ( 'NONE',  ( 0.000000000000000000, 0.000000000000000000, -1.000000000000000000 ) ) ;
#218 =( BOUNDED_CURVE ( )  B_SPLINE_CURVE ( 3, ( #505, #1169, #362, #855 ),
 .UNSPECIFIED., .F., .T. ) 
 B_SPLINE_CURVE_WITH_KNOTS ( ( 4, 4 ),
 ( 1.570796326794965392, 3.141592653589793116 ),
 .UNSPECIFIED. ) 
 CURVE ( )  GEOMETRIC_REPRESENTATION_ITEM ( )  RATIONAL_B_SPLINE_CURVE ( ( 1.000000000000000000, 0.8047378541243812577, 0.8047378541243812577, 1.000000000000000000 ) ) 
 REPRESENTATION_ITEM ( '' )  );
#219 = LINE ( 'NONE', #862, #572 ) ;
#220 = CARTESIAN_POINT ( 'NONE',  ( -2.844326237364915855, -0.9738927139267672395, -7.438767265583002164 ) ) ;
#221 = ORIENTED_EDGE ( 'NONE', *, *, #1079, .F. ) ;
#222 = CARTESIAN_POINT ( 'NONE',  ( 3.000000000000001332, -0.2004815858383031391, 7.500000000000004441 ) ) ;
#223 = ORIENTED_EDGE ( 'NONE', *, *, #325, .T. ) ;
#224 = FACE_OUTER_BOUND ( 'NONE', #482, .T. ) ;
#225 = CARTESIAN_POINT ( 'NONE',  ( -5.000000000000000000, 0.000000000000000000, 7.500000000000000000 ) ) ;
#226 = ORIENTED_EDGE ( 'NONE', *, *, #392, .F. ) ;
#227 = ORIENTED_EDGE ( 'NONE', *, *, #415, .T. ) ;
#228 = CARTESIAN_POINT ( 'NONE',  ( -17.06066017177984406, -1.008974596215580943, 3.247595264191652564 ) ) ;
#229 = CARTESIAN_POINT ( 'NONE',  ( 2.979812724963140980, -0.3992186818968238571, -7.491863020393878969 ) ) ;
#230 = DIRECTION ( 'NONE',  ( 0.000000000000000000, -1.000000000000000000, -0.000000000000000000 ) ) ;
#231 = ORIENTED_EDGE ( 'NONE', *, *, #1474, .T. ) ;
#232 = CARTESIAN_POINT ( 'NONE',  ( -16.75000000000000000, -1.875000000000014433, -3.247595264191636133 ) ) ;
#233 = AXIS2_PLACEMENT_3D ( 'NONE', #195, #1636, #733 ) ;
#234 = DIRECTION ( 'NONE',  ( 1.000000000000000000, 0.000000000000000000, 0.000000000000000000 ) ) ;
#235 = CIRCLE ( 'NONE', #879, 3.750000000000000000 ) ;
#236 = PLANE ( 'NONE',  #1261 ) ;
#237 = VECTOR ( 'NONE', #806, 1000.000000000000000 ) ;
#238 = CARTESIAN_POINT ( 'NONE',  ( 5.000000000000000000, 0.000000000000000000, 0.000000000000000000 ) ) ;
#239 =( GEOMETRIC_REPRESENTATION_CONTEXT ( 3 ) GLOBAL_UNCERTAINTY_ASSIGNED_CONTEXT ( ( #1324 ) ) GLOBAL_UNIT_ASSIGNED_CONTEXT ( ( #1697, #527, #1237 ) ) REPRESENTATION_CONTEXT ( 'NONE', 'WORKASPACE' ) );
#240 = EDGE_CURVE ( 'NONE', #1306, #783, #926, .T. ) ;
#241 = CARTESIAN_POINT ( 'NONE',  ( 3.000000000000000444, 4.987867122739990082E-17, -7.500000000000000000 ) ) ;
#242 = VERTEX_POINT ( 'NONE', #169 ) ;
#243 = CARTESIAN_POINT ( 'NONE',  ( -15.00000000000000000, -2.812500000000006661, -1.623797632095804744 ) ) ;
#244 = VERTEX_POINT ( 'NONE', #707 ) ;
#245 = DIRECTION ( 'NONE',  ( 0.000000000000000000, -1.000000000000000000, 0.000000000000000000 ) ) ;
#246 = CARTESIAN_POINT ( 'NONE',  ( -20.00000000000000000, -3.749999999999999556, 2.618611004132350016E-14 ) ) ;
#247 = PLANE ( 'NONE',  #1319 ) ;
#248 = FACE_OUTER_BOUND ( 'NONE', #780, .T. ) ;
#249 = DIRECTION ( 'NONE',  ( 0.000000000000000000, 0.5000000000000039968, -0.8660254037844362651 ) ) ;
#250 = ORIENTED_EDGE ( 'NONE', *, *, #1077, .T. ) ;
#251 = EDGE_CURVE ( 'NONE', #1341, #1601, #1110, .T. ) ;
#252 = CYLINDRICAL_SURFACE ( 'NONE', #319, 7.500000000000000000 ) ;
#253 = DIRECTION ( 'NONE',  ( 0.000000000000000000, 0.000000000000000000, -1.000000000000000000 ) ) ;
#254 = DIRECTION ( 'NONE',  ( 1.000000000000000000, 0.000000000000000000, 0.000000000000000000 ) ) ;
#255 = VERTEX_POINT ( 'NONE', #1002 ) ;
#256 = EDGE_CURVE ( 'NONE', #1663, #587, #1095, .T. ) ;
#257 = CARTESIAN_POINT ( 'NONE',  ( 1.982678309652553095, 2.259837686633805021, 7.152880777936156065 ) ) ;
#258 = VERTEX_POINT ( 'NONE', #1233 ) ;
#259 = LINE ( 'NONE', #1335, #487 ) ;
#260 = DIRECTION ( 'NONE',  ( 0.000000000000000000, -0.8660254037844363761, -0.5000000000000041078 ) ) ;
#261 = LINE ( 'NONE', #1194, #72 ) ;
#262 = EDGE_CURVE ( 'NONE', #292, #1101, #841, .T. ) ;
#263 = CARTESIAN_POINT ( 'NONE',  ( -17.50000000000000000, 1.750000000000003775, 0.000000000000000000 ) ) ;
#264 = VECTOR ( 'NONE', #585, 1000.000000000000000 ) ;
#265 = VECTOR ( 'NONE', #811, 1000.000000000000000 ) ;
#266 =( BOUNDED_CURVE ( )  B_SPLINE_CURVE ( 3, ( #1076, #1584, #1461, #411 ),
 .UNSPECIFIED., .F., .F. ) 
 B_SPLINE_CURVE_WITH_KNOTS ( ( 4, 4 ),
 ( 3.141592653589793116, 4.712388980384758952 ),
 .UNSPECIFIED. ) 
 CURVE ( )  GEOMETRIC_REPRESENTATION_ITEM ( )  RATIONAL_B_SPLINE_CURVE ( ( 1.000000000000000000, 0.8047378541243486172, 0.8047378541243486172, 1.000000000000000000 ) ) 
 REPRESENTATION_ITEM ( '' )  );
#267 = VECTOR ( 'NONE', #483, 1000.000000000000000 ) ;
#268 = CARTESIAN_POINT ( 'NONE',  ( -1.981314498590477147, 2.261123845909603247, 7.152489085445438377 ) ) ;
#269 = VECTOR ( 'NONE', #1160, 1000.000000000000114 ) ;
#270 = CARTESIAN_POINT ( 'NONE',  ( 2.382091734930015470, -1.834078454891867604, 7.274192337113174034 ) ) ;
#271 = CARTESIAN_POINT ( 'NONE',  ( 16.75000000000000000, 3.496347031911354097, -0.4393398282201799177 ) ) ;
#272 = DIRECTION ( 'NONE',  ( 0.000000000000000000, 1.000000000000000000, 0.000000000000000000 ) ) ;
#273 = CARTESIAN_POINT ( 'NONE',  ( -18.25000000000000355, -1.874999999999979794, 3.247595264191661890 ) ) ;
#274 = LINE ( 'NONE', #676, #1266 ) ;
#275 = EDGE_LOOP ( 'NONE', ( #986, #1533, #1178, #1424, #536 ) ) ;
#276 =( BOUNDED_CURVE ( )  B_SPLINE_CURVE ( 3, ( #781, #899, #1416, #232 ),
 .UNSPECIFIED., .F., .F. ) 
 B_SPLINE_CURVE_WITH_KNOTS ( ( 4, 4 ),
 ( 3.141592653589793116, 4.712388980384758952 ),
 .UNSPECIFIED. ) 
 CURVE ( )  GEOMETRIC_REPRESENTATION_ITEM ( )  RATIONAL_B_SPLINE_CURVE ( ( 1.000000000000000000, 0.8047378541243486172, 0.8047378541243486172, 1.000000000000000000 ) ) 
 REPRESENTATION_ITEM ( '' )  );
#277 = DIRECTION ( 'NONE',  ( -1.000000000000000000, -0.000000000000000000, -0.000000000000000000 ) ) ;
#278 = ADVANCED_FACE ( 'NONE', ( #162 ), #1629, .F. ) ;
#279 = EDGE_CURVE ( 'NONE', #242, #1511, #334, .T. ) ;
#280 = CYLINDRICAL_SURFACE ( 'NONE', #288, 0.7500000000000023315 ) ;
#281 = CARTESIAN_POINT ( 'NONE',  ( 1.833125034136926290, 2.382775748129839943, 7.112357208057511038 ) ) ;
#282 = EDGE_LOOP ( 'NONE', ( #741, #836, #1239, #965 ) ) ;
#283 = ORIENTED_EDGE ( 'NONE', *, *, #674, .T. ) ;
#284 = CARTESIAN_POINT ( 'NONE',  ( -2.599874208922485774, -1.509557687098403100, 7.348393466779369554 ) ) ;
#285 = CARTESIAN_POINT ( 'NONE',  ( 17.50000000000000000, -0.8750000000000092149, 1.515544456622767600 ) ) ;
#286 = CARTESIAN_POINT ( 'NONE',  ( 15.00000000000000000, 0.000000000000000000, 0.000000000000000000 ) ) ;
#287 = CARTESIAN_POINT ( 'NONE',  ( -20.00000000000000000, -3.749999999999999556, 2.618611004132350016E-14 ) ) ;
#288 = AXIS2_PLACEMENT_3D ( 'NONE', #929, #145, #1075 ) ;
#289 = EDGE_CURVE ( 'NONE', #357, #924, #449, .T. ) ;
#290 = AXIS2_PLACEMENT_3D ( 'NONE', #830, #1353, #1093 ) ;
#291 = CARTESIAN_POINT ( 'NONE',  ( 0.9735873907220088386, 2.844365176371865811, 6.940183581765112741 ) ) ;
#292 = VERTEX_POINT ( 'NONE', #976 ) ;
#293 = ORIENTED_EDGE ( 'NONE', *, *, #384, .T. ) ;
#294 = VECTOR ( 'NONE', #754, 1000.000000000000000 ) ;
#295 = DIRECTION ( 'NONE',  ( 0.000000000000000000, -0.8660254037844432595, 0.4999999999999920064 ) ) ;
#296 = ADVANCED_FACE ( 'NONE', ( #1370 ), #180, .F. ) ;
#297 =( NAMED_UNIT ( * ) SI_UNIT ( $, .STERADIAN. ) SOLID_ANGLE_UNIT ( ) );
#298 = CIRCLE ( 'NONE', #1153, 3.750000000000000000 ) ;
#299 = CARTESIAN_POINT ( 'NONE',  ( 0.000000000000000000, 0.000000000000000000, -7.500000000000000000 ) ) ;
#300 = ORIENTED_EDGE ( 'NONE', *, *, #1638, .T. ) ;
#301 = FACE_OUTER_BOUND ( 'NONE', #395, .T. ) ;
#302 = EDGE_CURVE ( 'NONE', #756, #1362, #49, .T. ) ;
#303 = ORIENTED_EDGE ( 'NONE', *, *, #687, .F. ) ;
#304 = EDGE_LOOP ( 'NONE', ( #476, #1630, #1432, #441, #223, #1374, #579 ) ) ;
#305 = CARTESIAN_POINT ( 'NONE',  ( 0.1999020255494123877, 2.999878734858036911, -6.873916466868965180 ) ) ;
#306 = DIRECTION ( 'NONE',  ( 1.000000000000000000, 0.000000000000000000, 0.000000000000000000 ) ) ;
#307 = DIRECTION ( 'NONE',  ( 0.000000000000000000, -0.4999999999999920064, -0.8660254037844432595 ) ) ;
#308 = ORIENTED_EDGE ( 'NONE', *, *, #390, .F. ) ;
#309 = ORIENTED_EDGE ( 'NONE', *, *, #1312, .T. ) ;
#310 = CARTESIAN_POINT ( 'NONE',  ( 0.3959797042619668250, 2.980334475548358508, -6.882543018167898374 ) ) ;
#311 = CARTESIAN_POINT ( 'NONE',  ( 17.50000000000000000, -1.008974596215580721, 3.247595264191652120 ) ) ;
#312 = ORIENTED_EDGE ( 'NONE', *, *, #384, .F. ) ;
#313 = CARTESIAN_POINT ( 'NONE',  ( 18.24999999999996803, -1.367694063822700423, 3.247595264191657449 ) ) ;
#314 = ORIENTED_EDGE ( 'NONE', *, *, #197, .F. ) ;
#315 = DIRECTION ( 'NONE',  ( -0.000000000000000000, -0.000000000000000000, 1.000000000000000000 ) ) ;
#316 = ORIENTED_EDGE ( 'NONE', *, *, #14, .F. ) ;
#317 = DIRECTION ( 'NONE',  ( -0.000000000000000000, 0.000000000000000000, 1.000000000000000000 ) ) ;
#318 = AXIS2_PLACEMENT_3D ( 'NONE', #333, #59, #595 ) ;
#319 = AXIS2_PLACEMENT_3D ( 'NONE', #1080, #398, #1575 ) ;
#320 = DIRECTION ( 'NONE',  ( 0.000000000000000000, -0.5000000000000039968, 0.8660254037844362651 ) ) ;
#321 =( BOUNDED_CURVE ( )  B_SPLINE_CURVE ( 3, ( #531, #271, #1207, #1055 ),
 .UNSPECIFIED., .F., .F. ) 
 B_SPLINE_CURVE_WITH_KNOTS ( ( 4, 4 ),
 ( 1.570796326794896558, 3.141592653589793116 ),
 .UNSPECIFIED. ) 
 CURVE ( )  GEOMETRIC_REPRESENTATION_ITEM ( )  RATIONAL_B_SPLINE_CURVE ( ( 1.000000000000000000, 0.8047378541243649375, 0.8047378541243649375, 1.000000000000000000 ) ) 
 REPRESENTATION_ITEM ( '' )  );
#322 = CIRCLE ( 'NONE', #1325, 3.750000000000000000 ) ;
#323 = CARTESIAN_POINT ( 'NONE',  ( -3.000000000000000888, -0.1973339409151798340, -7.499999999999999112 ) ) ;
#324 = EDGE_LOOP ( 'NONE', ( #1444, #58, #1595, #102, #957, #1570, #1409 ) ) ;
#325 = EDGE_CURVE ( 'NONE', #924, #598, #1391, .T. ) ;
#326 = CARTESIAN_POINT ( 'NONE',  ( -20.00000000000000000, 3.750000000000000000, 0.000000000000000000 ) ) ;
#327 = EDGE_LOOP ( 'NONE', ( #749, #221 ) ) ;
#328 = CARTESIAN_POINT ( 'NONE',  ( -17.50000000000000000, -1.524519052838322120, -1.140544456622783809 ) ) ;
#329 = ORIENTED_EDGE ( 'NONE', *, *, #159, .F. ) ;
#330 = CARTESIAN_POINT ( 'NONE',  ( 18.25000000000003197, -2.128652968088627251, 2.808255435971467762 ) ) ;
#331 = CARTESIAN_POINT ( 'NONE',  ( 2.902543926292192378, 0.7836266216793333905, -7.461467009544066720 ) ) ;
#332 = ORIENTED_EDGE ( 'NONE', *, *, #262, .T. ) ;
#333 = CARTESIAN_POINT ( 'NONE',  ( -17.50000000000000000, 1.750000000000003775, 0.000000000000000000 ) ) ;
#334 =( BOUNDED_CURVE ( )  B_SPLINE_CURVE ( 3, ( #1624, #1648, #313, #857 ),
 .UNSPECIFIED., .F., .F. ) 
 B_SPLINE_CURVE_WITH_KNOTS ( ( 4, 4 ),
 ( 3.141592653589793116, 4.712388980384614179 ),
 .UNSPECIFIED. ) 
 CURVE ( )  GEOMETRIC_REPRESENTATION_ITEM ( )  RATIONAL_B_SPLINE_CURVE ( ( 1.000000000000000000, 0.8047378541243827010, 0.8047378541243827010, 1.000000000000000000 ) ) 
 REPRESENTATION_ITEM ( '' )  );
#335 = CARTESIAN_POINT ( 'NONE',  ( 5.000000000000000000, 0.000000000000000000, 0.000000000000000000 ) ) ;
#336 = SHAPE_DEFINITION_REPRESENTATION ( #26, #133 ) ;
#337 = ORIENTED_EDGE ( 'NONE', *, *, #683, .T. ) ;
#338 = PLANE ( 'NONE',  #880 ) ;
#339 = CARTESIAN_POINT ( 'NONE',  ( 15.00000000000000000, 0.000000000000000000, 0.000000000000000000 ) ) ;
#340 = ORIENTED_EDGE ( 'NONE', *, *, #1181, .T. ) ;
#341 = CYLINDRICAL_SURFACE ( 'NONE', #233, 0.7500000000000023315 ) ;
#342 = PLANE ( 'NONE',  #989 ) ;
#343 = EDGE_LOOP ( 'NONE', ( #1384, #1602 ) ) ;
#344 = LINE ( 'NONE', #211, #207 ) ;
#345 = ADVANCED_FACE ( 'NONE', ( #187 ), #1251, .F. ) ;
#346 = VECTOR ( 'NONE', #1256, 1000.000000000000114 ) ;
#347 = DIRECTION ( 'NONE',  ( 0.000000000000000000, -0.5000000000000039968, 0.8660254037844362651 ) ) ;
#348 = AXIS2_PLACEMENT_3D ( 'NONE', #672, #1198, #1590 ) ;
#349 = ORIENTED_EDGE ( 'NONE', *, *, #1079, .T. ) ;
#350 = LINE ( 'NONE', #910, #65 ) ;
#351 = CIRCLE ( 'NONE', #436, 0.7500000000000022204 ) ;
#352 = DIRECTION ( 'NONE',  ( 1.000000000000000000, 0.000000000000000000, 0.000000000000000000 ) ) ;
#353 = VERTEX_POINT ( 'NONE', #1118 ) ;
#354 = CARTESIAN_POINT ( 'NONE',  ( 17.50000000000000000, -1.524519052838322120, -1.140544456622783809 ) ) ;
#355 = LINE ( 'NONE', #1311, #269 ) ;
#356 = DIRECTION ( 'NONE',  ( -1.000000000000000000, -0.000000000000000000, -0.000000000000000000 ) ) ;
#357 = VERTEX_POINT ( 'NONE', #472 ) ;
#358 = CARTESIAN_POINT ( 'NONE',  ( -17.50000000000000000, 3.316987298107784365, 0.7500000000000021094 ) ) ;
#359 = CYLINDRICAL_SURFACE ( 'NONE', #96, 7.500000000000000000 ) ;
#360 = CARTESIAN_POINT ( 'NONE',  ( -20.00000000000000000, -1.875000000000014433, -3.247595264191636133 ) ) ;
#361 = FACE_OUTER_BOUND ( 'NONE', #44, .T. ) ;
#362 = CARTESIAN_POINT ( 'NONE',  ( -17.06066017177984406, -2.308012701892204532, -2.497595264191676545 ) ) ;
#363 = ADVANCED_FACE ( 'NONE', ( #866 ), #341, .F. ) ;
#364 = ORIENTED_EDGE ( 'NONE', *, *, #834, .T. ) ;
#365 = DIRECTION ( 'NONE',  ( 0.000000000000000000, -0.4999999999999949485, 0.8660254037844415942 ) ) ;
#366 = ORIENTED_EDGE ( 'NONE', *, *, #1693, .F. ) ;
#367 = LINE ( 'NONE', #406, #711 ) ;
#368 = FACE_OUTER_BOUND ( 'NONE', #304, .T. ) ;
#369 = ADVANCED_FACE ( 'NONE', ( #464 ), #1260, .T. ) ;
#370 = VERTEX_POINT ( 'NONE', #700 ) ;
#371 = CARTESIAN_POINT ( 'NONE',  ( 15.00000000000000000, 3.417765712127027887E-14, 3.247595264191642350 ) ) ;
#372 = DIRECTION ( 'NONE',  ( 1.000000000000000000, 0.000000000000000000, 0.000000000000000000 ) ) ;
#373 = FACE_OUTER_BOUND ( 'NONE', #840, .T. ) ;
#374 = EDGE_CURVE ( 'NONE', #119, #1273, #1226, .T. ) ;
#375 = EDGE_LOOP ( 'NONE', ( #1069, #37, #1518, #314, #1029, #1562, #1170 ) ) ;
#376 = CARTESIAN_POINT ( 'NONE',  ( -16.75000000000000000, 3.750000000000000000, 0.000000000000000000 ) ) ;
#377 = CIRCLE ( 'NONE', #1451, 3.750000000000000000 ) ;
#378 = CARTESIAN_POINT ( 'NONE',  ( -17.50000000000000000, 1.750000000000003775, 0.7500000000000021094 ) ) ;
#379 = VECTOR ( 'NONE', #1414, 1000.000000000000000 ) ;
#380 = CARTESIAN_POINT ( 'NONE',  ( -20.00000000000000000, -1.874999999999969580, 3.247595264191661890 ) ) ;
#381 = CIRCLE ( 'NONE', #799, 3.750000000000000000 ) ;
#382 = ORIENTED_EDGE ( 'NONE', *, *, #75, .T. ) ;
#383 = CARTESIAN_POINT ( 'NONE',  ( 1.334800294472110016, -2.693806570228644670, -6.999997683381902647 ) ) ;
#384 = EDGE_CURVE ( 'NONE', #1650, #1672, #92, .T. ) ;
#385 = ORIENTED_EDGE ( 'NONE', *, *, #645, .F. ) ;
#386 = CARTESIAN_POINT ( 'NONE',  ( -2.844188981903637892, -0.9740428617024341484, 7.438719538001652865 ) ) ;
#387 = ORIENTED_EDGE ( 'NONE', *, *, #14, .T. ) ;
#388 = PLANE ( 'NONE',  #1015 ) ;
#389 = LINE ( 'NONE', #1691, #1186 ) ;
#390 = EDGE_CURVE ( 'NONE', #1672, #1650, #1289, .T. ) ;
#391 = ORIENTED_EDGE ( 'NONE', *, *, #991, .F. ) ;
#392 = EDGE_CURVE ( 'NONE', #1330, #744, #750, .T. ) ;
#393 =( BOUNDED_CURVE ( )  B_SPLINE_CURVE ( 3, ( #561, #1231, #958, #680 ),
 .UNSPECIFIED., .F., .F. ) 
 B_SPLINE_CURVE_WITH_KNOTS ( ( 4, 4 ),
 ( 3.141592653589793116, 4.712388980384698556 ),
 .UNSPECIFIED. ) 
 CURVE ( )  GEOMETRIC_REPRESENTATION_ITEM ( )  RATIONAL_B_SPLINE_CURVE ( ( 1.000000000000000000, 0.8047378541243628280, 0.8047378541243628280, 1.000000000000000000 ) ) 
 REPRESENTATION_ITEM ( '' )  );
#394 = CARTESIAN_POINT ( 'NONE',  ( 0.7845031912856964551, 2.902453719584901393, 6.915748059272400106 ) ) ;
#395 = EDGE_LOOP ( 'NONE', ( #97, #1046, #445, #594, #704, #469, #1238 ) ) ;
#396 = CARTESIAN_POINT ( 'NONE',  ( -18.25000000000000355, -1.874999999999979794, 3.247595264191661890 ) ) ;
#397 = ADVANCED_FACE ( 'NONE', ( #1410 ), #1529, .F. ) ;
#398 = DIRECTION ( 'NONE',  ( -1.000000000000000000, -0.000000000000000000, -0.000000000000000000 ) ) ;
#399 = FACE_OUTER_BOUND ( 'NONE', #282, .T. ) ;
#400 = FACE_OUTER_BOUND ( 'NONE', #100, .T. ) ;
#401 = CARTESIAN_POINT ( 'NONE',  ( -17.50000000000000000, -0.8749999999999877875, -1.515544456622778924 ) ) ;
#402 = ORIENTED_EDGE ( 'NONE', *, *, #1618, .T. ) ;
#403 =( BOUNDED_CURVE ( )  B_SPLINE_CURVE ( 3, ( #153, #1064, #1072, #1471 ),
 .UNSPECIFIED., .F., .T. ) 
 B_SPLINE_CURVE_WITH_KNOTS ( ( 4, 4 ),
 ( 1.570796326794819064, 3.141592653589793116 ),
 .UNSPECIFIED. ) 
 CURVE ( )  GEOMETRIC_REPRESENTATION_ITEM ( )  RATIONAL_B_SPLINE_CURVE ( ( 1.000000000000000000, 0.8047378541243467298, 0.8047378541243467298, 1.000000000000000000 ) ) 
 REPRESENTATION_ITEM ( '' )  );
#404 = FACE_OUTER_BOUND ( 'NONE', #1539, .T. ) ;
#405 = CARTESIAN_POINT ( 'NONE',  ( 15.00000000000000000, 0.000000000000000000, 0.000000000000000000 ) ) ;
#406 = CARTESIAN_POINT ( 'NONE',  ( 20.00000000000000000, -1.875000000000014433, -3.247595264191636133 ) ) ;
#407 = DIRECTION ( 'NONE',  ( 0.000000000000000000, 0.4999999999999951150, -0.8660254037844414832 ) ) ;
#408 = VECTOR ( 'NONE', #1082, 1000.000000000000000 ) ;
#409 = AXIS2_PLACEMENT_3D ( 'NONE', #613, #1296, #1141 ) ;
#410 = VECTOR ( 'NONE', #208, 1000.000000000000000 ) ;
#411 = CARTESIAN_POINT ( 'NONE',  ( -16.75000000000000000, -1.874999999999969580, 3.247595264191661890 ) ) ;
#412 = AXIS2_PLACEMENT_3D ( 'NONE', #1430, #372, #115 ) ;
#413 = EDGE_LOOP ( 'NONE', ( #387, #340, #1042 ) ) ;
#414 = CARTESIAN_POINT ( 'NONE',  ( -2.259323397860512728, -1.983216772800502348, 7.234455689103330478 ) ) ;
#415 = EDGE_CURVE ( 'NONE', #244, #1113, #1694, .T. ) ;
#416 = LINE ( 'NONE', #1464, #265 ) ;
#417 = LINE ( 'NONE', #960, #173 ) ;
#418 = DIRECTION ( 'NONE',  ( -1.000000000000000000, -0.000000000000000000, -0.000000000000000000 ) ) ;
#419 = ORIENTED_EDGE ( 'NONE', *, *, #1514, .F. ) ;
#420 = EDGE_LOOP ( 'NONE', ( #1596, #204, #1026, #1536, #182 ) ) ;
#421 = CARTESIAN_POINT ( 'NONE',  ( 1.846081811335382739, -2.396209156954200115, 7.112630998119027659 ) ) ;
#422 = EDGE_CURVE ( 'NONE', #983, #1306, #205, .T. ) ;
#423 = CARTESIAN_POINT ( 'NONE',  ( -15.00000000000000000, 0.000000000000000000, 0.000000000000000000 ) ) ;
#424 = CARTESIAN_POINT ( 'NONE',  ( -17.50000000000000000, -2.308012701892204532, -2.497595264191676101 ) ) ;
#425 = CARTESIAN_POINT ( 'NONE',  ( -17.50000000000000000, -1.008974596215580721, 3.247595264191652120 ) ) ;
#426 = EDGE_CURVE ( 'NONE', #1475, #1242, #350, .T. ) ;
#427 = EDGE_LOOP ( 'NONE', ( #1686, #1415, #648, #1259, #715, #466, #709 ) ) ;
#428 = EDGE_LOOP ( 'NONE', ( #1164, #506, #653, #479, #814, #1254 ) ) ;
#429 = DIRECTION ( 'NONE',  ( 0.000000000000000000, 0.4999999999999919509, 0.8660254037844432595 ) ) ;
#430 = DIRECTION ( 'NONE',  ( 0.000000000000000000, -0.4999999999999920064, -0.8660254037844432595 ) ) ;
#431 = ORIENTED_EDGE ( 'NONE', *, *, #1413, .F. ) ;
#432 = CARTESIAN_POINT ( 'NONE',  ( -5.000000000000000000, 9.184850993605147944E-16, -7.500000000000000000 ) ) ;
#433 = VECTOR ( 'NONE', #1579, 1000.000000000000000 ) ;
#434 = EDGE_LOOP ( 'NONE', ( #1290, #1314, #1447, #747, #689, #1172, #1443 ) ) ;
#435 = EDGE_LOOP ( 'NONE', ( #886, #972, #1133, #542, #688, #64 ) ) ;
#436 = AXIS2_PLACEMENT_3D ( 'NONE', #1603, #429, #295 ) ;
#437 = PLANE ( 'NONE',  #939 ) ;
#438 = CIRCLE ( 'NONE', #526, 7.500000000000000000 ) ;
#439 = CARTESIAN_POINT ( 'NONE',  ( 0.9752972984857017913, 2.843737934024912928, -6.940438601026117205 ) ) ;
#440 = CARTESIAN_POINT ( 'NONE',  ( 5.000000000000000888, 4.592425496802573972E-16, -3.750000000000000000 ) ) ;
#441 = ORIENTED_EDGE ( 'NONE', *, *, #871, .T. ) ;
#442 = CARTESIAN_POINT ( 'NONE',  ( 20.00000000000000000, -3.749999999999999556, 2.618611004132350016E-14 ) ) ;
#443 = EDGE_CURVE ( 'NONE', #1113, #1242, #1150, .T. ) ;
#444 = ORIENTED_EDGE ( 'NONE', *, *, #415, .F. ) ;
#445 = ORIENTED_EDGE ( 'NONE', *, *, #985, .F. ) ;
#446 = EDGE_CURVE ( 'NONE', #908, #1632, #276, .T. ) ;
#447 = DIRECTION ( 'NONE',  ( 1.000000000000000000, 0.000000000000000000, 0.000000000000000000 ) ) ;
#448 = CARTESIAN_POINT ( 'NONE',  ( -17.50000000000000000, 3.316987298107778592, -0.7500000000000021094 ) ) ;
#449 = LINE ( 'NONE', #442, #1206 ) ;
#450 = ORIENTED_EDGE ( 'NONE', *, *, #146, .F. ) ;
#451 = EDGE_LOOP ( 'NONE', ( #979, #605 ) ) ;
#452 = CARTESIAN_POINT ( 'NONE',  ( 1.846081811335382739, 2.396209156954200115, -7.112630998119027659 ) ) ;
#453 = CARTESIAN_POINT ( 'NONE',  ( -2.692884836155871042, 1.336798422352401428, 7.382187712849420436 ) ) ;
#454 = CARTESIAN_POINT ( 'NONE',  ( 20.00000000000000000, -1.874999999999969580, 3.247595264191661890 ) ) ;
#455 = ORIENTED_EDGE ( 'NONE', *, *, #1571, .T. ) ;
#456 = CARTESIAN_POINT ( 'NONE',  ( 16.74999999999996803, -2.128652968088630359, 2.808255435971462877 ) ) ;
#457 = FACE_OUTER_BOUND ( 'NONE', #413, .T. ) ;
#458 = DIRECTION ( 'NONE',  ( -1.000000000000000000, 0.000000000000000000, -0.000000000000000000 ) ) ;
#459 = VECTOR ( 'NONE', #970, 1000.000000000000000 ) ;
#460 = ADVANCED_FACE ( 'NONE', ( #622 ), #1307, .F. ) ;
#461 = MECHANICAL_DESIGN_GEOMETRIC_PRESENTATION_REPRESENTATION (  '', ( #1559 ), #124 ) ;
#462 = LINE ( 'NONE', #1378, #821 ) ;
#463 = AXIS2_PLACEMENT_3D ( 'NONE', #887, #1643, #1112 ) ;
#464 = FACE_OUTER_BOUND ( 'NONE', #1680, .T. ) ;
#465 = PLANE ( 'NONE',  #18 ) ;
#466 = ORIENTED_EDGE ( 'NONE', *, *, #55, .T. ) ;
#467 = DIRECTION ( 'NONE',  ( 0.000000000000000000, -0.4999999999999920064, -0.8660254037844432595 ) ) ;
#468 = ORIENTED_EDGE ( 'NONE', *, *, #953, .F. ) ;
#469 = ORIENTED_EDGE ( 'NONE', *, *, #603, .F. ) ;
#470 = DIRECTION ( 'NONE',  ( -1.000000000000000000, -0.000000000000000000, -0.000000000000000000 ) ) ;
#471 = VERTEX_POINT ( 'NONE', #1030 ) ;
#472 = CARTESIAN_POINT ( 'NONE',  ( 20.00000000000000000, -3.749999999999999556, 2.618611004132350016E-14 ) ) ;
#473 = B_SPLINE_CURVE_WITH_KNOTS ( 'NONE', 3,
 ( #1510, #1223, #592, #331, #32, #1107, #864, #1258, #175, #452, #41, #439, #968, #310, #305, #845, #722, #838, #1102, #980, #1360, #166, #731, #574, #193, #56, #1622, #1249, #1500, #1389, #1367, #66 ),
 .UNSPECIFIED., .F., .F.,
 ( 4, 2, 2, 2, 2, 2, 2, 2, 2, 2, 2, 2, 2, 2, 2, 4 ),
 ( 4.840274664993472385E-20, 0.0005924794743697944528, 0.001184958948739588906, 0.001777438423109383792, 0.002369917897479178245, 0.003554876846218765849, 0.004147356320588560519, 0.004739835794958353887, 0.005332315269328148123, 0.005924794743697941492, 0.006517274218067734860, 0.007109753692437527361, 0.007702233166807321597, 0.008294712641177115833, 0.008887192115546907467, 0.009479671589916700836 ),
 .UNSPECIFIED. ) ;
#474 = FACE_OUTER_BOUND ( 'NONE', #786, .T. ) ;
#475 = ADVANCED_FACE ( 'NONE', ( #519 ), #1165, .F. ) ;
#476 = ORIENTED_EDGE ( 'NONE', *, *, #197, .T. ) ;
#477 = DIRECTION ( 'NONE',  ( 1.000000000000000000, 0.000000000000000000, 0.000000000000000000 ) ) ;
#478 = PLANE ( 'NONE',  #409 ) ;
#479 = ORIENTED_EDGE ( 'NONE', *, *, #1634, .T. ) ;
#480 = CARTESIAN_POINT ( 'NONE',  ( -20.00000000000000000, 1.875000000000037526, 3.247595264191622366 ) ) ;
#481 = CARTESIAN_POINT ( 'NONE',  ( 16.75000000000000355, 3.750000000000000000, 0.000000000000000000 ) ) ;
#482 = EDGE_LOOP ( 'NONE', ( #105, #695, #1142 ) ) ;
#483 = DIRECTION ( 'NONE',  ( 0.000000000000000000, 1.000000000000000000, 0.000000000000000000 ) ) ;
#484 = CARTESIAN_POINT ( 'NONE',  ( 2.599341738160393600, -1.510319152903738749, -7.348214053625107489 ) ) ;
#485 = ORIENTED_EDGE ( 'NONE', *, *, #118, .T. ) ;
#486 = DIRECTION ( 'NONE',  ( 0.000000000000000000, 0.000000000000000000, -1.000000000000000000 ) ) ;
#487 = VECTOR ( 'NONE', #8, 1000.000000000000114 ) ;
#488 = EDGE_LOOP ( 'NONE', ( #922, #1390, #884, #1642 ) ) ;
#489 = DIRECTION ( 'NONE',  ( 0.000000000000000000, -0.5000000000000011102, -0.8660254037844380415 ) ) ;
#490 = AXIS2_PLACEMENT_3D ( 'NONE', #1012, #1138, #596 ) ;
#491 = DIRECTION ( 'NONE',  ( 0.000000000000000000, -1.000000000000000000, 3.353798720221821001E-15 ) ) ;
#492 = PRODUCT_DEFINITION_FORMATION_WITH_SPECIFIED_SOURCE ( 'Symmetric', '', #1609, .NOT_KNOWN. ) ;
#493 = ADVANCED_FACE ( 'NONE', ( #224 ), #1565, .T. ) ;
#494 = LINE ( 'NONE', #190, #549 ) ;
#495 = APPLICATION_CONTEXT ( 'automotive_design' ) ;
#496 = CARTESIAN_POINT ( 'NONE',  ( 2.844536398461871674, -0.9735509386200025261, -7.438842559514748487 ) ) ;
#497 = CARTESIAN_POINT ( 'NONE',  ( 17.50000000000000000, -0.2254809471616534833, -1.890544456622774039 ) ) ;
#498 = ADVANCED_FACE ( 'NONE', ( #1298 ), #388, .F. ) ;
#499 = VERTEX_POINT ( 'NONE', #376 ) ;
#500 = CARTESIAN_POINT ( 'NONE',  ( 18.25000000000000355, 3.750000000000003553, -6.938893903907228378E-15 ) ) ;
#501 = DIRECTION ( 'NONE',  ( 0.000000000000000000, 1.000000000000000000, -1.052398908759260972E-14 ) ) ;
#502 = CARTESIAN_POINT ( 'NONE',  ( -15.00000000000000000, 0.000000000000000000, 0.000000000000000000 ) ) ;
#503 = ORIENTED_EDGE ( 'NONE', *, *, #1003, .F. ) ;
#504 = DIRECTION ( 'NONE',  ( 1.000000000000000000, -0.000000000000000000, -0.000000000000000000 ) ) ;
#505 = CARTESIAN_POINT ( 'NONE',  ( -16.75000000000000000, -1.875000000000014433, -3.247595264191636133 ) ) ;
#506 = ORIENTED_EDGE ( 'NONE', *, *, #1395, .T. ) ;
#507 = CARTESIAN_POINT ( 'NONE',  ( -17.50000000000000000, 3.316987298107784365, 0.7500000000000021094 ) ) ;
#508 = VERTEX_POINT ( 'NONE', #78 ) ;
#509 = CARTESIAN_POINT ( 'NONE',  ( 0.000000000000000000, 0.000000000000000000, -7.500000000000000000 ) ) ;
#510 = LINE ( 'NONE', #1576, #606 ) ;
#511 = DIRECTION ( 'NONE',  ( 1.000000000000000000, 0.000000000000000000, 0.000000000000000000 ) ) ;
#512 = ORIENTED_EDGE ( 'NONE', *, *, #1204, .T. ) ;
#513 = PLANE ( 'NONE',  #604 ) ;
#514 = CARTESIAN_POINT ( 'NONE',  ( -17.50000000000000000, -2.308012701892223628, 2.497595264191616593 ) ) ;
#515 = ORIENTED_EDGE ( 'NONE', *, *, #1693, .T. ) ;
#516 = CARTESIAN_POINT ( 'NONE',  ( 2.256911179330486572, -1.985903074955245318, 7.233707451003393629 ) ) ;
#517 = ORIENTED_EDGE ( 'NONE', *, *, #860, .F. ) ;
#518 = CLOSED_SHELL ( 'NONE', ( #540, #176, #909, #1485, #808, #345, #1446, #1058, #746, #553, #161, #108, #591, #1288, #167, #397, #1104, #701, #1515, #86, #1213, #730, #369, #1257, #9, #1592, #1427, #493, #1184, #1163, #1269, #775, #1538, #930, #34, #460, #752, #1132, #278, #1545, #938, #475, #129, #1397, #363, #773, #636, #498, #1302, #716, #296, #214, #111, #1310 ) ) ;
#519 = FACE_OUTER_BOUND ( 'NONE', #488, .T. ) ;
#520 = AXIS2_PLACEMENT_3D ( 'NONE', #1646, #870, #1268 ) ;
#521 = PLANE ( 'NONE',  #1458 ) ;
#522 = VECTOR ( 'NONE', #315, 1000.000000000000000 ) ;
#523 = CARTESIAN_POINT ( 'NONE',  ( -15.00000000000000000, 1.874999999999992673, -3.247595264191649012 ) ) ;
#524 = AXIS2_PLACEMENT_3D ( 'NONE', #565, #946, #27 ) ;
#525 = EDGE_CURVE ( 'NONE', #783, #499, #149, .T. ) ;
#526 = AXIS2_PLACEMENT_3D ( 'NONE', #1479, #1678, #644 ) ;
#527 =( NAMED_UNIT ( * ) PLANE_ANGLE_UNIT ( ) SI_UNIT ( $, .RADIAN. ) );
#528 = ORIENTED_EDGE ( 'NONE', *, *, #1332, .T. ) ;
#529 = CARTESIAN_POINT ( 'NONE',  ( -0.7840521809332277048, -2.902440285203891968, 6.915751762904312372 ) ) ;
#530 = VERTEX_POINT ( 'NONE', #742 ) ;
#531 = CARTESIAN_POINT ( 'NONE',  ( 16.75000000000000355, 3.750000000000000000, 0.000000000000000000 ) ) ;
#532 = CARTESIAN_POINT ( 'NONE',  ( -20.00000000000000000, -1.874999999999969580, 3.247595264191661890 ) ) ;
#533 = PLANE ( 'NONE',  #123 ) ;
#534 = EDGE_CURVE ( 'NONE', #1497, #1101, #1208, .T. ) ;
#535 = CARTESIAN_POINT ( 'NONE',  ( -17.50000000000000000, 1.750000000000003775, -0.7500000000000021094 ) ) ;
#536 = ORIENTED_EDGE ( 'NONE', *, *, #75, .F. ) ;
#537 = DIRECTION ( 'NONE',  ( 1.000000000000000000, -0.000000000000000000, -0.000000000000000000 ) ) ;
#538 = DIRECTION ( 'NONE',  ( 1.000000000000000000, -0.000000000000000000, -0.000000000000000000 ) ) ;
#539 = DIRECTION ( 'NONE',  ( 0.000000000000000000, 1.000000000000000000, 0.000000000000000000 ) ) ;
#540 = ADVANCED_FACE ( 'NONE', ( #796 ), #657, .F. ) ;
#541 = DIRECTION ( 'NONE',  ( 0.000000000000000000, 0.4999999999999919509, 0.8660254037844432595 ) ) ;
#542 = ORIENTED_EDGE ( 'NONE', *, *, #1312, .F. ) ;
#543 = CARTESIAN_POINT ( 'NONE',  ( 17.50000000000000000, 1.750000000000003775, -0.7500000000000021094 ) ) ;
#544 = DIRECTION ( 'NONE',  ( 1.000000000000000000, 0.000000000000000000, 0.000000000000000000 ) ) ;
#545 = LINE ( 'NONE', #1174, #1698 ) ;
#546 = CARTESIAN_POINT ( 'NONE',  ( 17.50000000000000000, -0.8749999999999877875, -1.515544456622778924 ) ) ;
#547 = AXIS2_PLACEMENT_3D ( 'NONE', #891, #1400, #631 ) ;
#548 = AXIS2_PLACEMENT_3D ( 'NONE', #640, #650, #1144 ) ;
#549 = VECTOR ( 'NONE', #869, 1000.000000000000000 ) ;
#550 = DIRECTION ( 'NONE',  ( 1.000000000000000000, -0.000000000000000000, -0.000000000000000000 ) ) ;
#551 = ORIENTED_EDGE ( 'NONE', *, *, #1114, .T. ) ;
#552 = LINE ( 'NONE', #943, #659 ) ;
#553 = ADVANCED_FACE ( 'NONE', ( #1185 ), #252, .T. ) ;
#554 = CARTESIAN_POINT ( 'NONE',  ( 17.06066017177984406, -2.308012701892204532, -2.497595264191676545 ) ) ;
#555 = CARTESIAN_POINT ( 'NONE',  ( 15.00000000000000355, 3.750000000000000000, 0.000000000000000000 ) ) ;
#556 = CARTESIAN_POINT ( 'NONE',  ( 5.000000000000000000, 0.000000000000000000, 0.000000000000000000 ) ) ;
#557 = CARTESIAN_POINT ( 'NONE',  ( -0.9728248984206067096, 2.844659426459180018, 6.940065077750274369 ) ) ;
#558 = EDGE_LOOP ( 'NONE', ( #116, #969 ) ) ;
#559 = ORIENTED_EDGE ( 'NONE', *, *, #1338, .T. ) ;
#560 = DIRECTION ( 'NONE',  ( 0.000000000000000000, 0.000000000000000000, -1.000000000000000000 ) ) ;
#561 = CARTESIAN_POINT ( 'NONE',  ( -17.50000000000000000, 3.316987298107778592, -0.7500000000000021094 ) ) ;
#562 = CARTESIAN_POINT ( 'NONE',  ( -20.00000000000000000, -3.749999999999999556, 2.618611004132350016E-14 ) ) ;
#563 = VERTEX_POINT ( 'NONE', #1315 ) ;
#564 = EDGE_CURVE ( 'NONE', #1242, #563, #321, .T. ) ;
#565 = CARTESIAN_POINT ( 'NONE',  ( -15.00000000000000000, 0.000000000000000000, 0.000000000000000000 ) ) ;
#566 = DIRECTION ( 'NONE',  ( 0.000000000000000000, 0.8660254037844432595, -0.4999999999999920064 ) ) ;
#567 = EDGE_CURVE ( 'NONE', #29, #580, #1292, .T. ) ;
#568 = AXIS2_PLACEMENT_3D ( 'NONE', #1521, #1512, #847 ) ;
#569 = AXIS2_PLACEMENT_3D ( 'NONE', #1271, #1021, #1155 ) ;
#570 = ORIENTED_EDGE ( 'NONE', *, *, #1364, .F. ) ;
#571 = ORIENTED_EDGE ( 'NONE', *, *, #567, .F. ) ;
#572 = VECTOR ( 'NONE', #1274, 1000.000000000000000 ) ;
#573 = CARTESIAN_POINT ( 'NONE',  ( 3.000000000000000444, 4.987867122739990082E-17, -7.500000000000000000 ) ) ;
#574 = CARTESIAN_POINT ( 'NONE',  ( -2.259323397860512728, 1.983216772800502348, -7.234455689103330478 ) ) ;
#575 = DIRECTION ( 'NONE',  ( 1.000000000000000000, 0.000000000000000000, 0.000000000000000000 ) ) ;
#576 = ORIENTED_EDGE ( 'NONE', *, *, #859, .T. ) ;
#577 = DIRECTION ( 'NONE',  ( 0.000000000000000000, -0.5000000000000039968, 0.8660254037844363761 ) ) ;
#578 =( BOUNDED_CURVE ( )  B_SPLINE_CURVE ( 3, ( #1049, #1187, #1166, #1459 ),
 .UNSPECIFIED., .F., .F. ) 
 B_SPLINE_CURVE_WITH_KNOTS ( ( 4, 4 ),
 ( 3.141592653589793116, 4.712388980384685233 ),
 .UNSPECIFIED. ) 
 CURVE ( )  GEOMETRIC_REPRESENTATION_ITEM ( )  RATIONAL_B_SPLINE_CURVE ( ( 1.000000000000000000, 0.8047378541243661587, 0.8047378541243661587, 1.000000000000000000 ) ) 
 REPRESENTATION_ITEM ( '' )  );
#579 = ORIENTED_EDGE ( 'NONE', *, *, #1139, .F. ) ;
#580 = VERTEX_POINT ( 'NONE', #1598 ) ;
#581 = CARTESIAN_POINT ( 'NONE',  ( -15.00000000000000000, 2.812500000000018652, 1.623797632095812071 ) ) ;
#582 = DIRECTION ( 'NONE',  ( 0.000000000000000000, 0.8660254037844362651, 0.5000000000000041078 ) ) ;
#583 = DIRECTION ( 'NONE',  ( 0.000000000000000000, -0.8660254037844414832, -0.4999999999999951150 ) ) ;
#584 = ORIENTED_EDGE ( 'NONE', *, *, #1005, .F. ) ;
#585 = DIRECTION ( 'NONE',  ( -1.000000000000000000, -0.000000000000000000, -0.000000000000000000 ) ) ;
#586 = EDGE_CURVE ( 'NONE', #1658, #598, #1701, .T. ) ;
#587 = VERTEX_POINT ( 'NONE', #1449 ) ;
#588 = CARTESIAN_POINT ( 'NONE',  ( -20.00000000000000000, -1.875000000000014433, -3.247595264191636133 ) ) ;
#589 = EDGE_LOOP ( 'NONE', ( #83, #915, #1106 ) ) ;
#590 = CARTESIAN_POINT ( 'NONE',  ( -15.00000000000000000, -2.812499999999984901, 1.623797632095843824 ) ) ;
#591 = ADVANCED_FACE ( 'NONE', ( #1193 ), #1345, .F. ) ;
#592 = CARTESIAN_POINT ( 'NONE',  ( 2.980108978609457449, 0.3972183302310668407, -7.491980927288020453 ) ) ;
#593 = CARTESIAN_POINT ( 'NONE',  ( -20.00000000000000000, -1.875000000000014433, -3.247595264191636133 ) ) ;
#594 = ORIENTED_EDGE ( 'NONE', *, *, #392, .T. ) ;
#595 = DIRECTION ( 'NONE',  ( 0.000000000000000000, 0.000000000000000000, 1.000000000000000000 ) ) ;
#596 = DIRECTION ( 'NONE',  ( 0.000000000000000000, 0.000000000000000000, -1.000000000000000000 ) ) ;
#597 = CIRCLE ( 'NONE', #1635, 3.750000000000000000 ) ;
#598 = VERTEX_POINT ( 'NONE', #3 ) ;
#599 = CARTESIAN_POINT ( 'NONE',  ( -18.25000000000002487, -1.367694063822697981, -3.247595264191637465 ) ) ;
#600 = DIRECTION ( 'NONE',  ( 1.000000000000000000, 0.000000000000000000, 0.000000000000000000 ) ) ;
#601 = VECTOR ( 'NONE', #1011, 1000.000000000000000 ) ;
#602 = PLANE ( 'NONE',  #1234 ) ;
#603 = EDGE_CURVE ( 'NONE', #499, #580, #130, .T. ) ;
#604 = AXIS2_PLACEMENT_3D ( 'NONE', #1033, #1040, #903 ) ;
#605 = ORIENTED_EDGE ( 'NONE', *, *, #1655, .F. ) ;
#606 = VECTOR ( 'NONE', #1073, 1000.000000000000114 ) ;
#607 = DIRECTION ( 'NONE',  ( 0.000000000000000000, 0.000000000000000000, -1.000000000000000000 ) ) ;
#608 = EDGE_CURVE ( 'NONE', #471, #1362, #403, .T. ) ;
#609 = FACE_BOUND ( 'NONE', #158, .T. ) ;
#610 = EDGE_LOOP ( 'NONE', ( #815, #1564, #250, #444, #30 ) ) ;
#611 = LINE ( 'NONE', #588, #661 ) ;
#612 = ORIENTED_EDGE ( 'NONE', *, *, #608, .T. ) ;
#613 = CARTESIAN_POINT ( 'NONE',  ( -15.00000000000000000, 0.000000000000000000, 0.000000000000000000 ) ) ;
#614 = ORIENTED_EDGE ( 'NONE', *, *, #1189, .F. ) ;
#615 = CARTESIAN_POINT ( 'NONE',  ( -16.75000000000000000, 3.496347031911358538, 0.4393398282201801397 ) ) ;
#616 = DIRECTION ( 'NONE',  ( 0.000000000000000000, -0.4999999999999949485, 0.8660254037844415942 ) ) ;
#617 = DIRECTION ( 'NONE',  ( 0.000000000000000000, 0.000000000000000000, -1.000000000000000000 ) ) ;
#618 = ORIENTED_EDGE ( 'NONE', *, *, #1068, .T. ) ;
#619 = CARTESIAN_POINT ( 'NONE',  ( -17.50000000000000000, -0.8750000000000092149, 1.515544456622767600 ) ) ;
#620 = VERTEX_POINT ( 'NONE', #1580 ) ;
#621 = EDGE_CURVE ( 'NONE', #292, #1404, #235, .T. ) ;
#622 = FACE_OUTER_BOUND ( 'NONE', #375, .T. ) ;
#623 = UNCERTAINTY_MEASURE_WITH_UNIT (LENGTH_MEASURE( 1.000000000000000082E-05 ), #1613, 'distance_accuracy_value', 'NONE');
#624 = DIRECTION ( 'NONE',  ( 0.000000000000000000, 1.000000000000000000, -1.052398908759260972E-14 ) ) ;
#625 = CARTESIAN_POINT ( 'NONE',  ( -18.25000000000000355, -1.875000000000010658, -3.247595264191642794 ) ) ;
#626 = CARTESIAN_POINT ( 'NONE',  ( 2.902216921322023691, -0.7847269419484790287, -7.461339738874037231 ) ) ;
#627 = AXIS2_PLACEMENT_3D ( 'NONE', #1333, #1473, #156 ) ;
#628 = CARTESIAN_POINT ( 'NONE',  ( 15.00000000000000000, 0.000000000000000000, 0.000000000000000000 ) ) ;
#629 = VECTOR ( 'NONE', #1527, 1000.000000000000000 ) ;
#630 = ORIENTED_EDGE ( 'NONE', *, *, #262, .F. ) ;
#631 = DIRECTION ( 'NONE',  ( 0.000000000000000000, 0.000000000000000000, -1.000000000000000000 ) ) ;
#632 = AXIS2_PLACEMENT_3D ( 'NONE', #1262, #71, #1639 ) ;
#633 = CARTESIAN_POINT ( 'NONE',  ( 5.000000000000000000, 9.184850993605147944E-16, -7.500000000000000000 ) ) ;
#634 = DIRECTION ( 'NONE',  ( 0.000000000000000000, 0.000000000000000000, -1.000000000000000000 ) ) ;
#635 = LINE ( 'NONE', #371, #1478 ) ;
#636 = ADVANCED_FACE ( 'NONE', ( #934 ), #1457, .F. ) ;
#637 = CARTESIAN_POINT ( 'NONE',  ( -0.1980847390288286991, -2.999975033120361623, -6.873874438873255777 ) ) ;
#638 = CYLINDRICAL_SURFACE ( 'NONE', #40, 3.750000000000000000 ) ;
#639 = ORIENTED_EDGE ( 'NONE', *, *, #1437, .F. ) ;
#640 = CARTESIAN_POINT ( 'NONE',  ( -20.00000000000000000, -3.749999999999999556, 2.618611004132350016E-14 ) ) ;
#641 = LINE ( 'NONE', #1299, #237 ) ;
#642 = CARTESIAN_POINT ( 'NONE',  ( -15.00000000000000000, 0.000000000000000000, 3.750000000000000000 ) ) ;
#643 = CARTESIAN_POINT ( 'NONE',  ( -16.75000000000003197, -1.367694063822703532, 3.247595264191656117 ) ) ;
#644 = DIRECTION ( 'NONE',  ( 0.000000000000000000, 0.000000000000000000, -1.000000000000000000 ) ) ;
#645 = EDGE_CURVE ( 'NONE', #1650, #1270, #416, .T. ) ;
#646 = DIRECTION ( 'NONE',  ( 0.000000000000000000, -0.8660254037844363761, -0.5000000000000041078 ) ) ;
#647 = EDGE_CURVE ( 'NONE', #1406, #109, #1450, .T. ) ;
#648 = ORIENTED_EDGE ( 'NONE', *, *, #181, .T. ) ;
#649 = MANIFOLD_SOLID_BREP ( 'Mirror1', #518 ) ;
#650 = DIRECTION ( 'NONE',  ( 0.000000000000000000, 0.8660254037844347108, -0.5000000000000069944 ) ) ;
#651 = CARTESIAN_POINT ( 'NONE',  ( 17.50000000000000000, -2.308012701892223628, 2.497595264191616593 ) ) ;
#652 = CARTESIAN_POINT ( 'NONE',  ( -20.00000000000000000, -1.875000000000014433, -3.247595264191636133 ) ) ;
#653 = ORIENTED_EDGE ( 'NONE', *, *, #981, .T. ) ;
#654 = CARTESIAN_POINT ( 'NONE',  ( 0.1999020255494123877, -2.999878734858036911, 6.873916466868965180 ) ) ;
#655 = ORIENTED_EDGE ( 'NONE', *, *, #1338, .F. ) ;
#656 = AXIS2_PLACEMENT_3D ( 'NONE', #728, #774, #1157 ) ;
#657 = CYLINDRICAL_SURFACE ( 'NONE', #1667, 0.7500000000000023315 ) ;
#658 = EDGE_CURVE ( 'NONE', #587, #1663, #1098, .T. ) ;
#659 = VECTOR ( 'NONE', #787, 1000.000000000000000 ) ;
#660 = LINE ( 'NONE', #532, #1372 ) ;
#661 = VECTOR ( 'NONE', #1140, 1000.000000000000000 ) ;
#662 = CARTESIAN_POINT ( 'NONE',  ( 20.00000000000000000, -1.875000000000014433, -3.247595264191636133 ) ) ;
#663 = EDGE_CURVE ( 'NONE', #1129, #258, #462, .T. ) ;
#664 = AXIS2_PLACEMENT_3D ( 'NONE', #1346, #583, #1465 ) ;
#665 = CARTESIAN_POINT ( 'NONE',  ( -1.509502884316079818, 2.599805709897663686, 7.035915859371310255 ) ) ;
#666 = CARTESIAN_POINT ( 'NONE',  ( 2.843821574718914391, -0.9753345597129389200, 7.438574086605078683 ) ) ;
#667 = CARTESIAN_POINT ( 'NONE',  ( -20.00000000000000000, 3.750000000000000000, 0.000000000000000000 ) ) ;
#668 = CARTESIAN_POINT ( 'NONE',  ( 17.50000000000000000, -0.8749999999999877875, -1.515544456622778924 ) ) ;
#669 = CARTESIAN_POINT ( 'NONE',  ( -20.00000000000000000, 1.875000000000037526, 3.247595264191622366 ) ) ;
#670 = ORIENTED_EDGE ( 'NONE', *, *, #181, .F. ) ;
#671 = CARTESIAN_POINT ( 'NONE',  ( -3.000000000000000444, -3.008649859285624638E-20, 7.500000000000000000 ) ) ;
#672 = CARTESIAN_POINT ( 'NONE',  ( -17.50000000000000000, -0.8749999999999877875, -1.515544456622778924 ) ) ;
#673 = DIRECTION ( 'NONE',  ( -1.000000000000000000, -0.000000000000000000, -0.000000000000000000 ) ) ;
#674 = EDGE_CURVE ( 'NONE', #1380, #255, #1477, .T. ) ;
#675 = CARTESIAN_POINT ( 'NONE',  ( -17.50000000000000000, -1.524519052838322120, -1.140544456622783809 ) ) ;
#676 = CARTESIAN_POINT ( 'NONE',  ( -20.00000000000000000, -1.875000000000014433, -3.247595264191636133 ) ) ;
#677 = VERTEX_POINT ( 'NONE', #1491 ) ;
#678 = CARTESIAN_POINT ( 'NONE',  ( 2.599936407031814944, -1.509481862001305075, 7.348413600519746680 ) ) ;
#679 = SURFACE_STYLE_USAGE ( .BOTH. , #1085 ) ;
#680 = CARTESIAN_POINT ( 'NONE',  ( -18.25000000000000355, 3.750000000000003553, 6.760415694317198582E-15 ) ) ;
#681 = DIRECTION ( 'NONE',  ( 0.000000000000000000, 3.353798720221821396E-15, 1.000000000000000000 ) ) ;
#682 = AXIS2_PLACEMENT_3D ( 'NONE', #556, #1607, #1355 ) ;
#683 = EDGE_CURVE ( 'NONE', #508, #1284, #94, .T. ) ;
#684 = VECTOR ( 'NONE', #973, 1000.000000000000000 ) ;
#685 = AXIS2_PLACEMENT_3D ( 'NONE', #828, #1507, #1496 ) ;
#686 = CARTESIAN_POINT ( 'NONE',  ( 1.509496562591444269, 2.599882263522685033, 7.035897777590540692 ) ) ;
#687 = EDGE_CURVE ( 'NONE', #1404, #765, #797, .T. ) ;
#688 = ORIENTED_EDGE ( 'NONE', *, *, #1204, .F. ) ;
#689 = ORIENTED_EDGE ( 'NONE', *, *, #1395, .F. ) ;
#690 = CARTESIAN_POINT ( 'NONE',  ( 17.50000000000000000, -2.308012701892223628, 2.497595264191616593 ) ) ;
#691 = CARTESIAN_POINT ( 'NONE',  ( 16.75000000000003197, -2.128652968088645014, -2.808255435971474423 ) ) ;
#692 = DIRECTION ( 'NONE',  ( 0.000000000000000000, -0.5000000000000039968, 0.8660254037844363761 ) ) ;
#693 = EDGE_LOOP ( 'NONE', ( #337, #1399 ) ) ;
#694 = LINE ( 'NONE', #1219, #1611 ) ;
#695 = ORIENTED_EDGE ( 'NONE', *, *, #621, .T. ) ;
#696 = EDGE_LOOP ( 'NONE', ( #1191, #789, #366, #630, #1052, #570, #503 ) ) ;
#697 = DIRECTION ( 'NONE',  ( 0.000000000000000000, 0.000000000000000000, -1.000000000000000000 ) ) ;
#698 = EDGE_CURVE ( 'NONE', #942, #677, #473, .T. ) ;
#699 = CARTESIAN_POINT ( 'NONE',  ( 15.00000000000000355, -1.875000000000014433, -3.247595264191636133 ) ) ;
#700 = CARTESIAN_POINT ( 'NONE',  ( -17.50000000000000000, -1.008974596215580721, 3.247595264191652120 ) ) ;
#701 = ADVANCED_FACE ( 'NONE', ( #185 ), #602, .F. ) ;
#702 = PRODUCT_CONTEXT ( 'NONE', #495, 'mechanical' ) ;
#703 = ORIENTED_EDGE ( 'NONE', *, *, #534, .T. ) ;
#704 = ORIENTED_EDGE ( 'NONE', *, *, #916, .T. ) ;
#705 = DIRECTION ( 'NONE',  ( -1.000000000000000000, 0.000000000000000000, -0.000000000000000000 ) ) ;
#706 = EDGE_CURVE ( 'NONE', #598, #861, #1135, .T. ) ;
#707 = CARTESIAN_POINT ( 'NONE',  ( 18.25000000000000355, 3.750000000000003553, -6.938893903907228378E-15 ) ) ;
#708 = AXIS2_PLACEMENT_3D ( 'NONE', #717, #1382, #566 ) ;
#709 = ORIENTED_EDGE ( 'NONE', *, *, #1419, .F. ) ;
#710 = EDGE_LOOP ( 'NONE', ( #856, #1552 ) ) ;
#711 = VECTOR ( 'NONE', #114, 999.9999999999998863 ) ;
#712 = AXIS2_PLACEMENT_3D ( 'NONE', #1594, #418, #948 ) ;
#713 = CARTESIAN_POINT ( 'NONE',  ( -15.00000000000000000, 0.000000000000000000, 0.000000000000000000 ) ) ;
#714 = DIRECTION ( 'NONE',  ( 1.000000000000000000, 0.000000000000000000, 0.000000000000000000 ) ) ;
#715 = ORIENTED_EDGE ( 'NONE', *, *, #945, .T. ) ;
#716 = ADVANCED_FACE ( 'NONE', ( #779 ), #1162, .F. ) ;
#717 = CARTESIAN_POINT ( 'NONE',  ( 17.50000000000000000, -0.8749999999999877875, -1.515544456622778924 ) ) ;
#718 = ORIENTED_EDGE ( 'NONE', *, *, #658, .T. ) ;
#719 = LINE ( 'NONE', #328, #1431 ) ;
#720 = ORIENTED_EDGE ( 'NONE', *, *, #854, .F. ) ;
#721 = DIRECTION ( 'NONE',  ( 0.000000000000000000, 0.4999999999999951150, -0.8660254037844414832 ) ) ;
#722 = CARTESIAN_POINT ( 'NONE',  ( -0.3973251389593238647, 2.980105730599428515, -6.882641345423793133 ) ) ;
#723 = CARTESIAN_POINT ( 'NONE',  ( -2.980166342031684401, -0.3973874120402384746, -7.492002313981848793 ) ) ;
#724 = CARTESIAN_POINT ( 'NONE',  ( 17.50000000000000000, -0.2254809471616534833, -1.890544456622774039 ) ) ;
#725 = CARTESIAN_POINT ( 'NONE',  ( 17.50000000000000000, -1.524519052838338551, 1.140544456622763381 ) ) ;
#726 = EDGE_LOOP ( 'NONE', ( #1300, #300, #1608, #141, #551 ) ) ;
#727 = CARTESIAN_POINT ( 'NONE',  ( 17.50000000000000000, 1.750000000000003775, 0.7500000000000021094 ) ) ;
#728 = CARTESIAN_POINT ( 'NONE',  ( -15.00000000000000000, 0.000000000000000000, 0.000000000000000000 ) ) ;
#729 = EDGE_CURVE ( 'NONE', #1129, #1661, #1695, .T. ) ;
#730 = ADVANCED_FACE ( 'NONE', ( #1398 ), #478, .F. ) ;
#731 = CARTESIAN_POINT ( 'NONE',  ( -1.984865881696844081, 2.257874756427606044, -7.153495611923148978 ) ) ;
#732 = ORIENTED_EDGE ( 'NONE', *, *, #837, .T. ) ;
#733 = DIRECTION ( 'NONE',  ( 0.000000000000000000, -0.8660254037844363761, -0.5000000000000041078 ) ) ;
#734 = DIRECTION ( 'NONE',  ( 1.000000000000000000, -0.000000000000000000, -0.000000000000000000 ) ) ;
#735 = CIRCLE ( 'NONE', #656, 3.750000000000000000 ) ;
#736 = ORIENTED_EDGE ( 'NONE', *, *, #240, .T. ) ;
#737 = DIRECTION ( 'NONE',  ( 0.000000000000000000, -0.4999999999999920064, -0.8660254037844432595 ) ) ;
#738 = AXIS2_PLACEMENT_3D ( 'NONE', #285, #320, #582 ) ;
#739 = EDGE_LOOP ( 'NONE', ( #902, #455 ) ) ;
#740 = DIRECTION ( 'NONE',  ( 0.000000000000000000, 0.000000000000000000, 1.000000000000000000 ) ) ;
#741 = ORIENTED_EDGE ( 'NONE', *, *, #1605, .F. ) ;
#742 = CARTESIAN_POINT ( 'NONE',  ( -3.000000000000000444, -3.008649859285624638E-20, 7.500000000000000000 ) ) ;
#743 = LINE ( 'NONE', #1279, #1371 ) ;
#744 = VERTEX_POINT ( 'NONE', #1423 ) ;
#745 = DIRECTION ( 'NONE',  ( -1.000000000000000000, -0.000000000000000000, -0.000000000000000000 ) ) ;
#746 = ADVANCED_FACE ( 'NONE', ( #201 ), #1283, .T. ) ;
#747 = ORIENTED_EDGE ( 'NONE', *, *, #1690, .F. ) ;
#748 = FACE_OUTER_BOUND ( 'NONE', #112, .T. ) ;
#749 = ORIENTED_EDGE ( 'NONE', *, *, #1553, .F. ) ;
#750 = LINE ( 'NONE', #480, #905 ) ;
#751 = LINE ( 'NONE', #1666, #771 ) ;
#752 = ADVANCED_FACE ( 'NONE', ( #757 ), #1019, .F. ) ;
#753 = ORIENTED_EDGE ( 'NONE', *, *, #251, .F. ) ;
#754 = DIRECTION ( 'NONE',  ( 0.000000000000000000, -0.4999999999999920064, -0.8660254037844432595 ) ) ;
#755 = DIRECTION ( 'NONE',  ( -0.000000000000000000, -0.4999999999999919509, -0.8660254037844432595 ) ) ;
#756 = VERTEX_POINT ( 'NONE', #497 ) ;
#757 = FACE_OUTER_BOUND ( 'NONE', #1388, .T. ) ;
#758 = VERTEX_POINT ( 'NONE', #1027 ) ;
#759 = CARTESIAN_POINT ( 'NONE',  ( -16.75000000000000000, 3.750000000000000000, 0.000000000000000000 ) ) ;
#760 = FACE_OUTER_BOUND ( 'NONE', #778, .T. ) ;
#761 = CARTESIAN_POINT ( 'NONE',  ( 18.24999999999997513, -2.128652968088646347, -2.808255435971472647 ) ) ;
#762 = ORIENTED_EDGE ( 'NONE', *, *, #586, .T. ) ;
#763 = LINE ( 'NONE', #1684, #1125 ) ;
#764 = CARTESIAN_POINT ( 'NONE',  ( -0.7857852795094891762, -2.901967509418357682, -6.915950870038169995 ) ) ;
#765 = VERTEX_POINT ( 'NONE', #1152 ) ;
#766 = VECTOR ( 'NONE', #1460, 1000.000000000000000 ) ;
#767 = CARTESIAN_POINT ( 'NONE',  ( -20.00000000000000000, -1.874999999999969580, 3.247595264191661890 ) ) ;
#768 = AXIS2_PLACEMENT_3D ( 'NONE', #423, #143, #952 ) ;
#769 = ORIENTED_EDGE ( 'NONE', *, *, #1357, .F. ) ;
#770 = CARTESIAN_POINT ( 'NONE',  ( -17.06066017177982275, 3.316987298107784365, 0.7500000000000021094 ) ) ;
#771 = VECTOR ( 'NONE', #624, 1000.000000000000000 ) ;
#772 = FACE_OUTER_BOUND ( 'NONE', #1585, .T. ) ;
#773 = ADVANCED_FACE ( 'NONE', ( #373 ), #1433, .F. ) ;
#774 = DIRECTION ( 'NONE',  ( 1.000000000000000000, 0.000000000000000000, 0.000000000000000000 ) ) ;
#775 = ADVANCED_FACE ( 'NONE', ( #1544 ), #638, .T. ) ;
#776 = DIRECTION ( 'NONE',  ( 1.000000000000000000, 0.000000000000000000, 0.000000000000000000 ) ) ;
#777 = CARTESIAN_POINT ( 'NONE',  ( 0.7845031912856964551, -2.902453719584901393, -6.915748059272400106 ) ) ;
#778 = EDGE_LOOP ( 'NONE', ( #826, #42, #849, #226, #1578, #949, #450 ) ) ;
#779 = FACE_OUTER_BOUND ( 'NONE', #693, .T. ) ;
#780 = EDGE_LOOP ( 'NONE', ( #1376, #1036 ) ) ;
#781 = CARTESIAN_POINT ( 'NONE',  ( -17.50000000000000000, -1.008974596215520325, -3.247595264191639242 ) ) ;
#782 = DIRECTION ( 'NONE',  ( 0.000000000000000000, -0.000000000000000000, -1.000000000000000000 ) ) ;
#783 = VERTEX_POINT ( 'NONE', #507 ) ;
#784 = PLANE ( 'NONE',  #412 ) ;
#785 = EDGE_CURVE ( 'NONE', #1683, #1352, #889, .T. ) ;
#786 = EDGE_LOOP ( 'NONE', ( #1340, #1647 ) ) ;
#787 = DIRECTION ( 'NONE',  ( 1.000000000000000000, -0.000000000000000000, -0.000000000000000000 ) ) ;
#788 = EDGE_CURVE ( 'NONE', #1273, #1330, #1662, .T. ) ;
#789 = ORIENTED_EDGE ( 'NONE', *, *, #804, .T. ) ;
#790 = DIRECTION ( 'NONE',  ( 0.000000000000000000, 0.000000000000000000, -1.000000000000000000 ) ) ;
#791 = DIRECTION ( 'NONE',  ( 0.000000000000000000, 0.000000000000000000, -1.000000000000000000 ) ) ;
#792 = CARTESIAN_POINT ( 'NONE',  ( 2.383154385491072169, 1.832543748532414307, 7.274551335390809115 ) ) ;
#793 = ORIENTED_EDGE ( 'NONE', *, *, #860, .T. ) ;
#794 = CARTESIAN_POINT ( 'NONE',  ( -17.93933982822020212, -2.308012701892223628, 2.497595264191617925 ) ) ;
#795 = VECTOR ( 'NONE', #1167, 1000.000000000000114 ) ;
#796 = FACE_OUTER_BOUND ( 'NONE', #171, .T. ) ;
#797 = CIRCLE ( 'NONE', #290, 3.750000000000000000 ) ;
#798 = CYLINDRICAL_SURFACE ( 'NONE', #963, 3.000000000000000444 ) ;
#799 = AXIS2_PLACEMENT_3D ( 'NONE', #1168, #1558, #895 ) ;
#800 = CARTESIAN_POINT ( 'NONE',  ( -17.93933982822015949, -1.008974596215580721, 3.247595264191652120 ) ) ;
#801 = AXIS2_PLACEMENT_3D ( 'NONE', #1354, #430, #144 ) ;
#802 = DIRECTION ( 'NONE',  ( 0.000000000000000000, -0.4999999999999950040, 0.8660254037844414832 ) ) ;
#803 = CARTESIAN_POINT ( 'NONE',  ( 20.00000000000000000, 3.750000000000000000, 0.000000000000000000 ) ) ;
#804 = EDGE_CURVE ( 'NONE', #758, #1497, #1305, .T. ) ;
#805 = DIRECTION ( 'NONE',  ( 0.000000000000000000, 0.000000000000000000, -1.000000000000000000 ) ) ;
#806 = DIRECTION ( 'NONE',  ( 1.000000000000000000, -0.000000000000000000, -0.000000000000000000 ) ) ;
#807 = DIRECTION ( 'NONE',  ( 0.000000000000000000, -0.4999999999999920064, -0.8660254037844432595 ) ) ;
#808 = ADVANCED_FACE ( 'NONE', ( #748 ), #1519, .F. ) ;
#809 = DIRECTION ( 'NONE',  ( 0.000000000000000000, 0.8660254037844362651, 0.5000000000000041078 ) ) ;
#810 = CARTESIAN_POINT ( 'NONE',  ( 2.902543926292192378, -0.7836266216793333905, 7.461467009544066720 ) ) ;
#811 = DIRECTION ( 'NONE',  ( 0.000000000000000000, 1.000000000000000000, 0.000000000000000000 ) ) ;
#812 = PLANE ( 'NONE',  #524 ) ;
#813 = LINE ( 'NONE', #1599, #766 ) ;
#814 = ORIENTED_EDGE ( 'NONE', *, *, #374, .T. ) ;
#815 = ORIENTED_EDGE ( 'NONE', *, *, #837, .F. ) ;
#816 = CARTESIAN_POINT ( 'NONE',  ( -2.980489846368162166, -0.3955119377038426864, 7.492130265343212692 ) ) ;
#817 = FILL_AREA_STYLE_COLOUR ( '', #848 ) ;
#818 = CARTESIAN_POINT ( 'NONE',  ( 15.00000000000000000, 0.000000000000000000, 0.000000000000000000 ) ) ;
#819 = AXIS2_PLACEMENT_3D ( 'NONE', #69, #873, #607 ) ;
#820 = LINE ( 'NONE', #287, #408 ) ;
#821 = VECTOR ( 'NONE', #992, 1000.000000000000000 ) ;
#822 = EDGE_CURVE ( 'NONE', #1297, #1380, #1043, .T. ) ;
#823 = AXIS2_PLACEMENT_3D ( 'NONE', #82, #89, #1679 ) ;
#824 = VECTOR ( 'NONE', #1442, 1000.000000000000000 ) ;
#825 = CARTESIAN_POINT ( 'NONE',  ( -2.258240017807755073, 1.984600768627658551, 7.234095724630662971 ) ) ;
#826 = ORIENTED_EDGE ( 'NONE', *, *, #1114, .F. ) ;
#827 = VECTOR ( 'NONE', #107, 1000.000000000000000 ) ;
#828 = CARTESIAN_POINT ( 'NONE',  ( -15.00000000000000000, 0.000000000000000000, 0.000000000000000000 ) ) ;
#829 = EDGE_CURVE ( 'NONE', #1658, #292, #202, .T. ) ;
#830 = CARTESIAN_POINT ( 'NONE',  ( 15.00000000000000000, 0.000000000000000000, 0.000000000000000000 ) ) ;
#831 = B_SPLINE_CURVE_WITH_KNOTS ( 'NONE', 3,
 ( #1537, #222, #117, #810, #666, #1597, #678, #270, #516, #421, #1439, #1171, #951, #136, #654, #1687, #1574, #529, #1044, #1470, #1180, #142, #1699, #414, #918, #284, #1205, #386, #932, #816, #1323, #671 ),
 .UNSPECIFIED., .F., .F.,
 ( 4, 2, 2, 2, 2, 2, 2, 2, 2, 2, 2, 2, 2, 2, 2, 4 ),
 ( 4.840274664993472385E-20, 0.0005924794743697944528, 0.001184958948739588906, 0.001777438423109383792, 0.002369917897479178245, 0.003554876846218765849, 0.004147356320588560519, 0.004739835794958353887, 0.005332315269328148123, 0.005924794743697941492, 0.006517274218067734860, 0.007109753692437527361, 0.007702233166807321597, 0.008294712641177115833, 0.008887192115546907467, 0.009479671589916700836 ),
 .UNSPECIFIED. ) ;
#832 = CARTESIAN_POINT ( 'NONE',  ( -17.06066017177982275, 3.316987298107777704, -0.7500000000000019984 ) ) ;
#833 = DIRECTION ( 'NONE',  ( 0.000000000000000000, -0.8660254037844414832, -0.4999999999999951150 ) ) ;
#834 = EDGE_CURVE ( 'NONE', #255, #530, #831, .T. ) ;
#835 = ORIENTED_EDGE ( 'NONE', *, *, #1343, .F. ) ;
#836 = ORIENTED_EDGE ( 'NONE', *, *, #1008, .T. ) ;
#837 = EDGE_CURVE ( 'NONE', #1284, #563, #1342, .T. ) ;
#838 = CARTESIAN_POINT ( 'NONE',  ( -0.7840521809332277048, 2.902440285203891968, -6.915751762904312372 ) ) ;
#839 = LINE ( 'NONE', #1361, #154 ) ;
#840 = EDGE_LOOP ( 'NONE', ( #517, #950 ) ) ;
#841 = LINE ( 'NONE', #1503, #264 ) ;
#842 = ORIENTED_EDGE ( 'NONE', *, *, #1566, .T. ) ;
#843 = ORIENTED_EDGE ( 'NONE', *, *, #967, .T. ) ;
#844 = DIRECTION ( 'NONE',  ( 0.000000000000000000, 0.000000000000000000, 1.000000000000000000 ) ) ;
#845 = CARTESIAN_POINT ( 'NONE',  ( -0.1962455686715917635, 3.000120151002120039, -6.873811104248994219 ) ) ;
#846 = DIRECTION ( 'NONE',  ( 0.000000000000000000, 0.000000000000000000, 1.000000000000000000 ) ) ;
#847 = DIRECTION ( 'NONE',  ( 0.000000000000000000, 0.8660254037844362651, 0.5000000000000041078 ) ) ;
#848 = COLOUR_RGB ( '',0.7921568627450980005, 0.8196078431372548767, 0.9333333333333333481 ) ;
#849 = ORIENTED_EDGE ( 'NONE', *, *, #1201, .T. ) ;
#850 = CARTESIAN_POINT ( 'NONE',  ( -17.50000000000000000, -1.008974596215520325, -3.247595264191639242 ) ) ;
#851 = ORIENTED_EDGE ( 'NONE', *, *, #1532, .F. ) ;
#852 = CIRCLE ( 'NONE', #1403, 0.7500000000000021094 ) ;
#853 =( NAMED_UNIT ( * ) PLANE_ANGLE_UNIT ( ) SI_UNIT ( $, .RADIAN. ) );
#854 = EDGE_CURVE ( 'NONE', #580, #29, #259, .T. ) ;
#855 = CARTESIAN_POINT ( 'NONE',  ( -17.50000000000000000, -2.308012701892204532, -2.497595264191676101 ) ) ;
#856 = ORIENTED_EDGE ( 'NONE', *, *, #1003, .T. ) ;
#857 = CARTESIAN_POINT ( 'NONE',  ( 18.25000000000000355, -1.874999999999964473, 3.247595264191670328 ) ) ;
#858 = DIRECTION ( 'NONE',  ( -0.000000000000000000, 1.000000000000000000, -0.000000000000000000 ) ) ;
#859 = EDGE_CURVE ( 'NONE', #861, #353, #1070, .T. ) ;
#860 = EDGE_CURVE ( 'NONE', #1341, #1506, #174, .T. ) ;
#861 = VERTEX_POINT ( 'NONE', #1587 ) ;
#862 = CARTESIAN_POINT ( 'NONE',  ( -20.00000000000000000, 1.874999999999992228, -3.247595264191649012 ) ) ;
#863 = DIRECTION ( 'NONE',  ( 1.000000000000000000, 0.000000000000000000, 0.000000000000000000 ) ) ;
#864 = CARTESIAN_POINT ( 'NONE',  ( 2.599936407031814944, 1.509481862001305075, -7.348413600519746680 ) ) ;
#865 = ORIENTED_EDGE ( 'NONE', *, *, #80, .T. ) ;
#866 = FACE_OUTER_BOUND ( 'NONE', #726, .T. ) ;
#867 = FACE_OUTER_BOUND ( 'NONE', #710, .T. ) ;
#868 = ORIENTED_EDGE ( 'NONE', *, *, #118, .F. ) ;
#869 = DIRECTION ( 'NONE',  ( -1.000000000000000000, -0.000000000000000000, -0.000000000000000000 ) ) ;
#870 = DIRECTION ( 'NONE',  ( 1.000000000000000000, 0.000000000000000000, 0.000000000000000000 ) ) ;
#871 = EDGE_CURVE ( 'NONE', #1511, #924, #552, .T. ) ;
#872 = VERTEX_POINT ( 'NONE', #396 ) ;
#873 = DIRECTION ( 'NONE',  ( 1.000000000000000000, 0.000000000000000000, 0.000000000000000000 ) ) ;
#874 = CARTESIAN_POINT ( 'NONE',  ( 17.50000000000000000, -0.8750000000000092149, 1.515544456622767600 ) ) ;
#875 = EDGE_CURVE ( 'NONE', #872, #1601, #935, .T. ) ;
#876 = ORIENTED_EDGE ( 'NONE', *, *, #1218, .F. ) ;
#877 = DIRECTION ( 'NONE',  ( 0.000000000000000000, -1.000000000000000000, 3.353798720221821396E-15 ) ) ;
#878 =( BOUNDED_CURVE ( )  B_SPLINE_CURVE ( 3, ( #998, #1386, #761, #191 ),
 .UNSPECIFIED., .F., .F. ) 
 B_SPLINE_CURVE_WITH_KNOTS ( ( 4, 4 ),
 ( 3.141592653589793116, 4.712388980384616843 ),
 .UNSPECIFIED. ) 
 CURVE ( )  GEOMETRIC_REPRESENTATION_ITEM ( )  RATIONAL_B_SPLINE_CURVE ( ( 1.000000000000000000, 0.8047378541243821459, 0.8047378541243821459, 1.000000000000000000 ) ) 
 REPRESENTATION_ITEM ( '' )  );
#879 = AXIS2_PLACEMENT_3D ( 'NONE', #405, #544, #805 ) ;
#880 = AXIS2_PLACEMENT_3D ( 'NONE', #1134, #477, #106 ) ;
#881 = CARTESIAN_POINT ( 'NONE',  ( 20.00000000000000000, 1.875000000000037526, 3.247595264191622366 ) ) ;
#882 = CIRCLE ( 'NONE', #209, 0.7500000000000022204 ) ;
#883 = EDGE_CURVE ( 'NONE', #471, #198, #925, .T. ) ;
#884 = ORIENTED_EDGE ( 'NONE', *, *, #139, .T. ) ;
#885 = FACE_OUTER_BOUND ( 'NONE', #327, .T. ) ;
#886 = ORIENTED_EDGE ( 'NONE', *, *, #706, .F. ) ;
#887 = CARTESIAN_POINT ( 'NONE',  ( -5.000000000000000000, 0.000000000000000000, 0.000000000000000000 ) ) ;
#888 = CARTESIAN_POINT ( 'NONE',  ( 1.833125034136926290, -2.382775748129839943, -7.112357208057511038 ) ) ;
#889 = LINE ( 'NONE', #243, #1121 ) ;
#890 = ORIENTED_EDGE ( 'NONE', *, *, #525, .T. ) ;
#891 = CARTESIAN_POINT ( 'NONE',  ( -17.50000000000000000, 1.750000000000003775, 0.000000000000000000 ) ) ;
#892 = LINE ( 'NONE', #725, #1561 ) ;
#893 = DIRECTION ( 'NONE',  ( 0.000000000000000000, 0.8660254037844415942, 0.4999999999999950040 ) ) ;
#894 = EDGE_LOOP ( 'NONE', ( #73, #316, #851, #303, #1020, #332, #1546 ) ) ;
#895 = DIRECTION ( 'NONE',  ( 0.000000000000000000, 0.000000000000000000, -1.000000000000000000 ) ) ;
#896 = CARTESIAN_POINT ( 'NONE',  ( 0.1973277673969401347, -3.000024919129134826, -6.873852666834287639 ) ) ;
#897 = DIRECTION ( 'NONE',  ( -0.000000000000000000, 0.000000000000000000, -1.000000000000000000 ) ) ;
#898 = EDGE_LOOP ( 'NONE', ( #24, #227, #51, #1620, #1090, #762, #68 ) ) ;
#899 = CARTESIAN_POINT ( 'NONE',  ( -17.06066017177979788, -1.008974596215520103, -3.247595264191639242 ) ) ;
#900 = DIRECTION ( 'NONE',  ( -1.000000000000000000, -0.000000000000000000, -0.000000000000000000 ) ) ;
#901 = DIRECTION ( 'NONE',  ( 0.000000000000000000, -0.4999999999999949485, 0.8660254037844414832 ) ) ;
#902 = ORIENTED_EDGE ( 'NONE', *, *, #1317, .T. ) ;
#903 = DIRECTION ( 'NONE',  ( 0.000000000000000000, -1.000000000000000000, 3.353798720221821396E-15 ) ) ;
#904 = CARTESIAN_POINT ( 'NONE',  ( -3.000000000000000444, -3.008649859285624638E-20, 7.500000000000000000 ) ) ;
#905 = VECTOR ( 'NONE', #1554, 1000.000000000000000 ) ;
#906 = DIRECTION ( 'NONE',  ( 0.000000000000000000, 0.8660254037844415942, 0.4999999999999950040 ) ) ;
#907 = AXIS2_PLACEMENT_3D ( 'NONE', #1009, #906, #1551 ) ;
#908 = VERTEX_POINT ( 'NONE', #1062 ) ;
#909 = ADVANCED_FACE ( 'NONE', ( #404 ), #1455, .F. ) ;
#910 = CARTESIAN_POINT ( 'NONE',  ( -20.00000000000000000, 3.750000000000000000, 0.000000000000000000 ) ) ;
#911 = VECTOR ( 'NONE', #734, 1000.000000000000000 ) ;
#912 = CARTESIAN_POINT ( 'NONE',  ( 17.50000000000000000, -1.008974596215520325, -3.247595264191639242 ) ) ;
#913 = FACE_OUTER_BOUND ( 'NONE', #919, .T. ) ;
#914 = EDGE_CURVE ( 'NONE', #1352, #1573, #966, .T. ) ;
#915 = ORIENTED_EDGE ( 'NONE', *, *, #50, .F. ) ;
#916 = EDGE_CURVE ( 'NONE', #744, #580, #1359, .T. ) ;
#917 = CARTESIAN_POINT ( 'NONE',  ( 1.509496562591444269, -2.599882263522685033, -7.035897777590540692 ) ) ;
#918 = CARTESIAN_POINT ( 'NONE',  ( -2.382314712670397849, -1.833763049767434650, 7.274267250424009568 ) ) ;
#919 = EDGE_LOOP ( 'NONE', ( #1483, #1480 ) ) ;
#920 = CARTESIAN_POINT ( 'NONE',  ( 17.50000000000000000, -2.308012701892204532, -2.497595264191676101 ) ) ;
#921 = CARTESIAN_POINT ( 'NONE',  ( 15.00000000000000000, 0.000000000000000000, 0.000000000000000000 ) ) ;
#922 = ORIENTED_EDGE ( 'NONE', *, *, #1008, .F. ) ;
#923 = CARTESIAN_POINT ( 'NONE',  ( 0.1973277673969401347, 3.000024919129134826, 6.873852666834287639 ) ) ;
#924 = VERTEX_POINT ( 'NONE', #172 ) ;
#925 = LINE ( 'NONE', #2, #1048 ) ;
#926 =( BOUNDED_CURVE ( )  B_SPLINE_CURVE ( 3, ( #1243, #1363, #1130, #1493 ),
 .UNSPECIFIED., .F., .F. ) 
 B_SPLINE_CURVE_WITH_KNOTS ( ( 4, 4 ),
 ( 1.570796326794901443, 3.141592653589793116 ),
 .UNSPECIFIED. ) 
 CURVE ( )  GEOMETRIC_REPRESENTATION_ITEM ( )  RATIONAL_B_SPLINE_CURVE ( ( 1.000000000000000000, 0.8047378541243661587, 0.8047378541243661587, 1.000000000000000000 ) ) 
 REPRESENTATION_ITEM ( '' )  );
#927 = CARTESIAN_POINT ( 'NONE',  ( -20.00000000000000000, 1.875000000000037526, 3.247595264191622366 ) ) ;
#928 = CARTESIAN_POINT ( 'NONE',  ( 17.50000000000000000, -1.008974596215520325, -3.247595264191639242 ) ) ;
#929 = CARTESIAN_POINT ( 'NONE',  ( 17.50000000000000000, -0.8750000000000092149, 1.515544456622767600 ) ) ;
#930 = ADVANCED_FACE ( 'NONE', ( #1248 ), #437, .F. ) ;
#931 = CARTESIAN_POINT ( 'NONE',  ( 3.000000000000000444, -4.987867122739990082E-17, 7.500000000000000000 ) ) ;
#932 = CARTESIAN_POINT ( 'NONE',  ( -2.901940010756388855, -0.7864436350693934097, 7.461229926399323809 ) ) ;
#933 = AXIS2_PLACEMENT_3D ( 'NONE', #132, #1348, #138 ) ;
#934 = FACE_OUTER_BOUND ( 'NONE', #420, .T. ) ;
#935 =( BOUNDED_CURVE ( )  B_SPLINE_CURVE ( 3, ( #1448, #1192, #794, #128 ),
 .UNSPECIFIED., .F., .F. ) 
 B_SPLINE_CURVE_WITH_KNOTS ( ( 4, 4 ),
 ( 1.570796326794833497, 3.141592653589793116 ),
 .UNSPECIFIED. ) 
 CURVE ( )  GEOMETRIC_REPRESENTATION_ITEM ( )  RATIONAL_B_SPLINE_CURVE ( ( 1.000000000000000000, 0.8047378541243501715, 0.8047378541243501715, 1.000000000000000000 ) ) 
 REPRESENTATION_ITEM ( '' )  );
#936 = PRESENTATION_LAYER_ASSIGNMENT (  '', '', ( #1559 ) ) ;
#937 = CARTESIAN_POINT ( 'NONE',  ( 15.00000000000000000, 0.000000000000000000, 0.000000000000000000 ) ) ;
#938 = ADVANCED_FACE ( 'NONE', ( #1230 ), #990, .T. ) ;
#939 = AXIS2_PLACEMENT_3D ( 'NONE', #38, #705, #1092 ) ;
#940 = CYLINDRICAL_SURFACE ( 'NONE', #1502, 0.7500000000000021094 ) ;
#941 = CARTESIAN_POINT ( 'NONE',  ( -15.00000000000000000, -1.875000000000015099, -3.247595264191636133 ) ) ;
#942 = VERTEX_POINT ( 'NONE', #573 ) ;
#943 = CARTESIAN_POINT ( 'NONE',  ( -20.00000000000000000, -1.874999999999969580, 3.247595264191661890 ) ) ;
#944 = DIRECTION ( 'NONE',  ( 0.000000000000000000, -0.5000000000000039968, 0.8660254037844362651 ) ) ;
#945 = EDGE_CURVE ( 'NONE', #580, #744, #1099, .T. ) ;
#946 = DIRECTION ( 'NONE',  ( 1.000000000000000000, 0.000000000000000000, 0.000000000000000000 ) ) ;
#947 = DIRECTION ( 'NONE',  ( 0.000000000000000000, -0.8660254037844432595, 0.4999999999999919509 ) ) ;
#948 = DIRECTION ( 'NONE',  ( 0.000000000000000000, 0.000000000000000000, -1.000000000000000000 ) ) ;
#949 = ORIENTED_EDGE ( 'NONE', *, *, #1437, .T. ) ;
#950 = ORIENTED_EDGE ( 'NONE', *, *, #1638, .F. ) ;
#951 = CARTESIAN_POINT ( 'NONE',  ( 0.7841917789655405979, -2.902453576912532363, 6.915746902319471978 ) ) ;
#952 = DIRECTION ( 'NONE',  ( 0.000000000000000000, 0.000000000000000000, -1.000000000000000000 ) ) ;
#953 = EDGE_CURVE ( 'NONE', #1511, #1356, #1408, .T. ) ;
#954 = FACE_OUTER_BOUND ( 'NONE', #1434, .T. ) ;
#955 = CARTESIAN_POINT ( 'NONE',  ( 17.50000000000000000, -0.8749999999999877875, -1.515544456622778924 ) ) ;
#956 = ORIENTED_EDGE ( 'NONE', *, *, #1571, .F. ) ;
#957 = ORIENTED_EDGE ( 'NONE', *, *, #1215, .T. ) ;
#958 = CARTESIAN_POINT ( 'NONE',  ( -18.25000000000000711, 3.496347031911356762, -0.4393398282201765315 ) ) ;
#959 = AXIS2_PLACEMENT_3D ( 'NONE', #360, #893, #901 ) ;
#960 = CARTESIAN_POINT ( 'NONE',  ( 5.000000000000000000, 9.184850993605147944E-16, -7.500000000000000000 ) ) ;
#961 = AXIS2_PLACEMENT_3D ( 'NONE', #339, #999, #101 ) ;
#962 = VECTOR ( 'NONE', #1633, 1000.000000000000114 ) ;
#963 = AXIS2_PLACEMENT_3D ( 'NONE', #299, #1615, #714 ) ;
#964 = ORIENTED_EDGE ( 'NONE', *, *, #443, .F. ) ;
#965 = ORIENTED_EDGE ( 'NONE', *, *, #139, .F. ) ;
#966 = LINE ( 'NONE', #590, #962 ) ;
#967 = EDGE_CURVE ( 'NONE', #210, #189, #351, .T. ) ;
#968 = CARTESIAN_POINT ( 'NONE',  ( 0.7841917789655405979, 2.902453576912532363, -6.915746902319471978 ) ) ;
#969 = ORIENTED_EDGE ( 'NONE', *, *, #54, .T. ) ;
#970 = DIRECTION ( 'NONE',  ( 0.000000000000000000, 0.5000000000000069944, 0.8660254037844345998 ) ) ;
#971 = ORIENTED_EDGE ( 'NONE', *, *, #1244, .F. ) ;
#972 = ORIENTED_EDGE ( 'NONE', *, *, #325, .F. ) ;
#973 = DIRECTION ( 'NONE',  ( -1.000000000000000000, -0.000000000000000000, -0.000000000000000000 ) ) ;
#974 = CYLINDRICAL_SURFACE ( 'NONE', #1591, 3.750000000000000000 ) ;
#975 = ORIENTED_EDGE ( 'NONE', *, *, #1189, .T. ) ;
#976 = CARTESIAN_POINT ( 'NONE',  ( 15.00000000000000000, 0.000000000000000000, 3.750000000000000000 ) ) ;
#977 = ORIENTED_EDGE ( 'NONE', *, *, #1569, .F. ) ;
#978 = EDGE_CURVE ( 'NONE', #1573, #1352, #1074, .T. ) ;
#979 = ORIENTED_EDGE ( 'NONE', *, *, #967, .F. ) ;
#980 = CARTESIAN_POINT ( 'NONE',  ( -1.337846800178807749, 2.692464485817693820, -7.000525942712345184 ) ) ;
#981 = EDGE_CURVE ( 'NONE', #165, #1628, #219, .T. ) ;
#982 = CARTESIAN_POINT ( 'NONE',  ( -2.598698678559824948, 1.511468369802938749, 7.347982960816993092 ) ) ;
#983 = VERTEX_POINT ( 'NONE', #1246 ) ;
#984 = DIRECTION ( 'NONE',  ( 0.000000000000000000, 1.000000000000000000, -1.052398908759260972E-14 ) ) ;
#985 = EDGE_CURVE ( 'NONE', #1330, #983, #52, .T. ) ;
#986 = ORIENTED_EDGE ( 'NONE', *, *, #995, .F. ) ;
#987 = DIRECTION ( 'NONE',  ( 0.000000000000000000, 0.000000000000000000, -1.000000000000000000 ) ) ;
#988 = LINE ( 'NONE', #1428, #795 ) ;
#989 = AXIS2_PLACEMENT_3D ( 'NONE', #874, #1401, #1531 ) ;
#990 = PLANE ( 'NONE',  #177 ) ;
#991 = EDGE_CURVE ( 'NONE', #210, #908, #1255, .T. ) ;
#992 = DIRECTION ( 'NONE',  ( -1.000000000000000000, -0.000000000000000000, -0.000000000000000000 ) ) ;
#993 = DIRECTION ( 'NONE',  ( 0.000000000000000000, -0.8660254037844380415, 0.5000000000000011102 ) ) ;
#994 = CARTESIAN_POINT ( 'NONE',  ( -18.25000000000000355, 3.750000000000003553, 6.760415694317198582E-15 ) ) ;
#995 = EDGE_CURVE ( 'NONE', #1078, #109, #344, .T. ) ;
#996 = ORIENTED_EDGE ( 'NONE', *, *, #883, .F. ) ;
#997 = CARTESIAN_POINT ( 'NONE',  ( 16.75000000000000355, -1.874999999999969580, 3.247595264191661890 ) ) ;
#998 = CARTESIAN_POINT ( 'NONE',  ( 17.50000000000000000, -2.308012701892204532, -2.497595264191676101 ) ) ;
#999 = DIRECTION ( 'NONE',  ( -1.000000000000000000, -0.000000000000000000, -0.000000000000000000 ) ) ;
#1000 = ORIENTED_EDGE ( 'NONE', *, *, #1634, .F. ) ;
#1001 = EDGE_CURVE ( 'NONE', #1661, #1129, #322, .T. ) ;
#1002 = CARTESIAN_POINT ( 'NONE',  ( 3.000000000000000444, -4.987867122739990082E-17, 7.500000000000000000 ) ) ;
#1003 = EDGE_CURVE ( 'NONE', #1645, #1475, #125, .T. ) ;
#1004 = CARTESIAN_POINT ( 'NONE',  ( -17.50000000000000000, 3.316987298107778592, -0.7500000000000021094 ) ) ;
#1005 = EDGE_CURVE ( 'NONE', #1645, #1490, #1669, .T. ) ;
#1006 = EDGE_LOOP ( 'NONE', ( #385, #293, #559, #890, #231 ) ) ;
#1007 = CYLINDRICAL_SURFACE ( 'NONE', #1614, 3.750000000000000000 ) ;
#1008 = EDGE_CURVE ( 'NONE', #677, #530, #1281, .T. ) ;
#1009 = CARTESIAN_POINT ( 'NONE',  ( -20.00000000000000000, -1.875000000000014433, -3.247595264191636133 ) ) ;
#1010 = ORIENTED_EDGE ( 'NONE', *, *, #1514, .T. ) ;
#1011 = DIRECTION ( 'NONE',  ( 1.000000000000000000, -0.000000000000000000, -0.000000000000000000 ) ) ;
#1012 = CARTESIAN_POINT ( 'NONE',  ( -5.000000000000000000, 0.000000000000000000, 0.000000000000000000 ) ) ;
#1013 = CIRCLE ( 'NONE', #627, 3.750000000000000000 ) ;
#1014 = CARTESIAN_POINT ( 'NONE',  ( -3.000000000000000444, 3.673940397442060361E-16, -7.500000000000000000 ) ) ;
#1015 = AXIS2_PLACEMENT_3D ( 'NONE', #1673, #1540, #1681 ) ;
#1016 = CARTESIAN_POINT ( 'NONE',  ( -1.509502884316079818, -2.599805709897663686, -7.035915859371310255 ) ) ;
#1017 = VECTOR ( 'NONE', #877, 1000.000000000000000 ) ;
#1018 = EDGE_LOOP ( 'NONE', ( #515, #703 ) ) ;
#1019 = PLANE ( 'NONE',  #907 ) ;
#1020 = ORIENTED_EDGE ( 'NONE', *, *, #621, .F. ) ;
#1021 = DIRECTION ( 'NONE',  ( 1.000000000000000000, 0.000000000000000000, 0.000000000000000000 ) ) ;
#1022 = CARTESIAN_POINT ( 'NONE',  ( 17.50000000000000000, 1.750000000000003775, 0.000000000000000000 ) ) ;
#1023 = FACE_BOUND ( 'NONE', #1018, .T. ) ;
#1024 = EDGE_CURVE ( 'NONE', #1490, #1406, #611, .T. ) ;
#1025 = CARTESIAN_POINT ( 'NONE',  ( -15.00000000000000000, -1.874999999999970024, 3.247595264191662334 ) ) ;
#1026 = ORIENTED_EDGE ( 'NONE', *, *, #991, .T. ) ;
#1027 = CARTESIAN_POINT ( 'NONE',  ( 15.00000000000000000, 4.592425496802573972E-16, -3.750000000000000000 ) ) ;
#1028 = APPLICATION_CONTEXT ( 'automotive_design' ) ;
#1029 = ORIENTED_EDGE ( 'NONE', *, *, #54, .F. ) ;
#1030 = CARTESIAN_POINT ( 'NONE',  ( 18.25000000000000355, -1.875000000000021982, -3.247595264191636133 ) ) ;
#1031 = CARTESIAN_POINT ( 'NONE',  ( -15.00000000000000000, 0.000000000000000000, 0.000000000000000000 ) ) ;
#1032 = DIRECTION ( 'NONE',  ( 0.000000000000000000, 0.000000000000000000, -1.000000000000000000 ) ) ;
#1033 = CARTESIAN_POINT ( 'NONE',  ( -20.00000000000000000, 1.874999999999992228, -3.247595264191649012 ) ) ;
#1034 = CARTESIAN_POINT ( 'NONE',  ( 2.258046611778908197, -1.984717901499084558, -7.234048979981269056 ) ) ;
#1035 = DIRECTION ( 'NONE',  ( 0.000000000000000000, 0.000000000000000000, -1.000000000000000000 ) ) ;
#1036 = ORIENTED_EDGE ( 'NONE', *, *, #1218, .T. ) ;
#1037 = CARTESIAN_POINT ( 'NONE',  ( 16.75000000000000355, 3.750000000000000000, 0.000000000000000000 ) ) ;
#1038 = CARTESIAN_POINT ( 'NONE',  ( -17.50000000000000000, 1.750000000000003775, 0.000000000000000000 ) ) ;
#1039 = ORIENTED_EDGE ( 'NONE', *, *, #1087, .F. ) ;
#1040 = DIRECTION ( 'NONE',  ( 0.000000000000000000, 3.353798720221821396E-15, 1.000000000000000000 ) ) ;
#1041 = CARTESIAN_POINT ( 'NONE',  ( -2.381960998815939590, -1.834130108520957148, -7.274156787586345096 ) ) ;
#1042 = ORIENTED_EDGE ( 'NONE', *, *, #1005, .T. ) ;
#1043 = CIRCLE ( 'NONE', #520, 7.500000000000000000 ) ;
#1044 = CARTESIAN_POINT ( 'NONE',  ( -0.9724016673976808578, -2.844931293613329526, 6.939963574587237005 ) ) ;
#1045 = AXIS2_PLACEMENT_3D ( 'NONE', #1197, #1462, #844 ) ;
#1046 = ORIENTED_EDGE ( 'NONE', *, *, #422, .F. ) ;
#1047 = DIRECTION ( 'NONE',  ( 1.000000000000000000, 0.000000000000000000, 0.000000000000000000 ) ) ;
#1048 = VECTOR ( 'NONE', #537, 1000.000000000000000 ) ;
#1049 = CARTESIAN_POINT ( 'NONE',  ( 17.50000000000000000, 3.316987298107778592, -0.7500000000000021094 ) ) ;
#1050 = ORIENTED_EDGE ( 'NONE', *, *, #875, .T. ) ;
#1051 = CARTESIAN_POINT ( 'NONE',  ( 2.844536398461871674, 0.9735509386200025261, 7.438842559514748487 ) ) ;
#1052 = ORIENTED_EDGE ( 'NONE', *, *, #829, .F. ) ;
#1053 = CARTESIAN_POINT ( 'NONE',  ( -17.50000000000000000, -0.8750000000000092149, 1.515544456622767600 ) ) ;
#1054 = ORIENTED_EDGE ( 'NONE', *, *, #698, .T. ) ;
#1055 = CARTESIAN_POINT ( 'NONE',  ( 17.50000000000000000, 3.316987298107778592, -0.7500000000000021094 ) ) ;
#1056 =( BOUNDED_CURVE ( )  B_SPLINE_CURVE ( 3, ( #1631, #1651, #456, #74 ),
 .UNSPECIFIED., .F., .F. ) 
 B_SPLINE_CURVE_WITH_KNOTS ( ( 4, 4 ),
 ( 3.141592653589793116, 4.712388980384758952 ),
 .UNSPECIFIED. ) 
 CURVE ( )  GEOMETRIC_REPRESENTATION_ITEM ( )  RATIONAL_B_SPLINE_CURVE ( ( 1.000000000000000000, 0.8047378541243486172, 0.8047378541243486172, 1.000000000000000000 ) ) 
 REPRESENTATION_ITEM ( '' )  );
#1057 = DIRECTION ( 'NONE',  ( 1.000000000000000000, -0.000000000000000000, -0.000000000000000000 ) ) ;
#1058 = ADVANCED_FACE ( 'NONE', ( #1525 ), #1007, .T. ) ;
#1059 = DIRECTION ( 'NONE',  ( 0.000000000000000000, 0.4999999999999919509, 0.8660254037844432595 ) ) ;
#1060 = CARTESIAN_POINT ( 'NONE',  ( 15.00000000000000000, 1.875000000000038636, 3.247595264191622366 ) ) ;
#1061 = ORIENTED_EDGE ( 'NONE', *, *, #1024, .F. ) ;
#1062 = CARTESIAN_POINT ( 'NONE',  ( -17.50000000000000000, -1.008974596215520325, -3.247595264191639242 ) ) ;
#1063 = EDGE_CURVE ( 'NONE', #1700, #908, #1498, .T. ) ;
#1064 = CARTESIAN_POINT ( 'NONE',  ( 18.25000000000003553, -1.367694063822704864, -3.247595264191638353 ) ) ;
#1065 = PLANE ( 'NONE',  #1616 ) ;
#1066 = DIRECTION ( 'NONE',  ( 0.000000000000000000, 0.000000000000000000, 1.000000000000000000 ) ) ;
#1067 = CARTESIAN_POINT ( 'NONE',  ( -0.3992230799053758661, 2.979848127620675857, 6.882753591319177744 ) ) ;
#1068 = EDGE_CURVE ( 'NONE', #530, #1245, #494, .T. ) ;
#1069 = ORIENTED_EDGE ( 'NONE', *, *, #871, .F. ) ;
#1070 = LINE ( 'NONE', #803, #1454 ) ;
#1071 = AXIS2_PLACEMENT_3D ( 'NONE', #1488, #245, #1656 ) ;
#1072 = CARTESIAN_POINT ( 'NONE',  ( 17.93933982822020923, -1.008974596215520103, -3.247595264191639242 ) ) ;
#1073 = DIRECTION ( 'NONE',  ( 0.000000000000000000, -0.5000000000000011102, -0.8660254037844379305 ) ) ;
#1074 = CIRCLE ( 'NONE', #685, 3.750000000000000000 ) ;
#1075 = DIRECTION ( 'NONE',  ( 0.000000000000000000, -0.8660254037844363761, -0.5000000000000041078 ) ) ;
#1076 = CARTESIAN_POINT ( 'NONE',  ( -17.50000000000000000, -2.308012701892223628, 2.497595264191616593 ) ) ;
#1077 = EDGE_CURVE ( 'NONE', #508, #1113, #183, .T. ) ;
#1078 = VERTEX_POINT ( 'NONE', #354 ) ;
#1079 = EDGE_CURVE ( 'NONE', #135, #1245, #1504, .T. ) ;
#1080 = CARTESIAN_POINT ( 'NONE',  ( 5.000000000000000000, 0.000000000000000000, 0.000000000000000000 ) ) ;
#1081 = CARTESIAN_POINT ( 'NONE',  ( 18.25000000000000355, -1.874999999999964473, 3.247595264191670328 ) ) ;
#1082 = DIRECTION ( 'NONE',  ( 1.000000000000000000, -0.000000000000000000, -0.000000000000000000 ) ) ;
#1083 = CARTESIAN_POINT ( 'NONE',  ( -18.25000000000000355, -1.875000000000010658, -3.247595264191642794 ) ) ;
#1084 = ORIENTED_EDGE ( 'NONE', *, *, #146, .T. ) ;
#1085 = SURFACE_SIDE_STYLE ('',( #1604 ) ) ;
#1086 = CARTESIAN_POINT ( 'NONE',  ( -17.50000000000000000, -0.2254809471616800454, 1.890544456622771818 ) ) ;
#1087 = EDGE_CURVE ( 'NONE', #1356, #1091, #1056, .T. ) ;
#1088 = PLANE ( 'NONE',  #1665 ) ;
#1089 = EDGE_CURVE ( 'NONE', #189, #620, #719, .T. ) ;
#1090 = ORIENTED_EDGE ( 'NONE', *, *, #80, .F. ) ;
#1091 = VERTEX_POINT ( 'NONE', #997 ) ;
#1092 = DIRECTION ( 'NONE',  ( -0.000000000000000000, 0.000000000000000000, 1.000000000000000000 ) ) ;
#1093 = DIRECTION ( 'NONE',  ( 0.000000000000000000, 0.000000000000000000, -1.000000000000000000 ) ) ;
#1094 = DIRECTION ( 'NONE',  ( -1.000000000000000000, -0.000000000000000000, -0.000000000000000000 ) ) ;
#1095 = CIRCLE ( 'NONE', #568, 0.7500000000000023315 ) ;
#1096 = ORIENTED_EDGE ( 'NONE', *, *, #192, .T. ) ;
#1097 = CARTESIAN_POINT ( 'NONE',  ( -20.00000000000000000, -3.749999999999999556, 2.618611004132350016E-14 ) ) ;
#1098 = CIRCLE ( 'NONE', #738, 0.7500000000000023315 ) ;
#1099 = CIRCLE ( 'NONE', #1182, 3.750000000000000000 ) ;
#1100 = ORIENTED_EDGE ( 'NONE', *, *, #1293, .F. ) ;
#1101 = VERTEX_POINT ( 'NONE', #1394 ) ;
#1102 = CARTESIAN_POINT ( 'NONE',  ( -0.9724016673976808578, 2.844931293613329526, -6.939963574587237005 ) ) ;
#1103 = FACE_OUTER_BOUND ( 'NONE', #894, .T. ) ;
#1104 = ADVANCED_FACE ( 'NONE', ( #1517 ), #338, .F. ) ;
#1105 = ORIENTED_EDGE ( 'NONE', *, *, #658, .F. ) ;
#1106 = ORIENTED_EDGE ( 'NONE', *, *, #55, .F. ) ;
#1107 = CARTESIAN_POINT ( 'NONE',  ( 2.692332128045240580, 1.337888771349317274, -7.381985883268838755 ) ) ;
#1108 = CARTESIAN_POINT ( 'NONE',  ( -2.901950959589303825, -0.7861226428269779687, -7.461234925827771924 ) ) ;
#1109 = ORIENTED_EDGE ( 'NONE', *, *, #203, .T. ) ;
#1110 = LINE ( 'NONE', #1617, #1583 ) ;
#1111 = EDGE_LOOP ( 'NONE', ( #956, #215, #1127, #1358, #194 ) ) ;
#1112 = DIRECTION ( 'NONE',  ( 0.000000000000000000, 0.000000000000000000, -1.000000000000000000 ) ) ;
#1113 = VERTEX_POINT ( 'NONE', #98 ) ;
#1114 = EDGE_CURVE ( 'NONE', #45, #370, #39, .T. ) ;
#1115 = CARTESIAN_POINT ( 'NONE',  ( 5.000000000000000000, 0.000000000000000000, 7.500000000000000000 ) ) ;
#1116 = CARTESIAN_POINT ( 'NONE',  ( -1.831578910570087926, -2.383884934582613191, -7.111975416720677678 ) ) ;
#1117 = ORIENTED_EDGE ( 'NONE', *, *, #1677, .F. ) ;
#1118 = CARTESIAN_POINT ( 'NONE',  ( 20.00000000000000000, 1.874999999999992228, -3.247595264191649012 ) ) ;
#1119 = CYLINDRICAL_SURFACE ( 'NONE', #632, 0.7500000000000021094 ) ;
#1120 = AXIS2_PLACEMENT_3D ( 'NONE', #103, #113, #489 ) ;
#1121 = VECTOR ( 'NONE', #365, 1000.000000000000114 ) ;
#1122 = ORIENTED_EDGE ( 'NONE', *, *, #1077, .F. ) ;
#1123 = DIRECTION ( 'NONE',  ( -1.000000000000000000, -0.000000000000000000, -0.000000000000000000 ) ) ;
#1124 = DIRECTION ( 'NONE',  ( 0.000000000000000000, 0.000000000000000000, -1.000000000000000000 ) ) ;
#1125 = VECTOR ( 'NONE', #504, 1000.000000000000000 ) ;
#1126 = EDGE_CURVE ( 'NONE', #1632, #1683, #763, .T. ) ;
#1127 = ORIENTED_EDGE ( 'NONE', *, *, #647, .F. ) ;
#1128 = DIRECTION ( 'NONE',  ( 0.000000000000000000, 0.000000000000000000, -1.000000000000000000 ) ) ;
#1129 = VERTEX_POINT ( 'NONE', #1291 ) ;
#1130 = CARTESIAN_POINT ( 'NONE',  ( -17.93933982822017725, 3.316987298107785698, 0.7500000000000022204 ) ) ;
#1131 = LINE ( 'NONE', #1657, #410 ) ;
#1132 = ADVANCED_FACE ( 'NONE', ( #361 ), #513, .F. ) ;
#1133 = ORIENTED_EDGE ( 'NONE', *, *, #289, .F. ) ;
#1134 = CARTESIAN_POINT ( 'NONE',  ( -15.00000000000000000, 0.000000000000000000, 0.000000000000000000 ) ) ;
#1135 = LINE ( 'NONE', #881, #1322 ) ;
#1136 = ORIENTED_EDGE ( 'NONE', *, *, #1001, .F. ) ;
#1137 = CARTESIAN_POINT ( 'NONE',  ( 18.25000000000000711, 3.496347031911361203, 0.4393398282201761984 ) ) ;
#1138 = DIRECTION ( 'NONE',  ( 1.000000000000000000, 0.000000000000000000, 0.000000000000000000 ) ) ;
#1139 = EDGE_CURVE ( 'NONE', #1404, #1658, #635, .T. ) ;
#1140 = DIRECTION ( 'NONE',  ( 1.000000000000000000, -0.000000000000000000, -0.000000000000000000 ) ) ;
#1141 = DIRECTION ( 'NONE',  ( 0.000000000000000000, 0.000000000000000000, -1.000000000000000000 ) ) ;
#1142 = ORIENTED_EDGE ( 'NONE', *, *, #1139, .T. ) ;
#1143 = PRODUCT_RELATED_PRODUCT_CATEGORY ( 'part', '', ( #1609 ) ) ;
#1144 = DIRECTION ( 'NONE',  ( 0.000000000000000000, 0.5000000000000068834, 0.8660254037844345998 ) ) ;
#1145 = DIRECTION ( 'NONE',  ( -1.000000000000000000, -0.000000000000000000, -0.000000000000000000 ) ) ;
#1146 = VECTOR ( 'NONE', #307, 1000.000000000000000 ) ;
#1147 = DIRECTION ( 'NONE',  ( 0.000000000000000000, 0.4999999999999950595, -0.8660254037844414832 ) ) ;
#1148 = AXIS2_PLACEMENT_3D ( 'NONE', #1486, #1626, #697 ) ;
#1149 = CARTESIAN_POINT ( 'NONE',  ( 3.000000000000001332, -0.2003500140687328457, -7.500000000000002665 ) ) ;
#1150 =( BOUNDED_CURVE ( )  B_SPLINE_CURVE ( 3, ( #1689, #216, #1173, #1037 ),
 .UNSPECIFIED., .F., .F. ) 
 B_SPLINE_CURVE_WITH_KNOTS ( ( 4, 4 ),
 ( 3.141592653589793116, 4.712388980384689674 ),
 .UNSPECIFIED. ) 
 CURVE ( )  GEOMETRIC_REPRESENTATION_ITEM ( )  RATIONAL_B_SPLINE_CURVE ( ( 1.000000000000000000, 0.8047378541243649375, 0.8047378541243649375, 1.000000000000000000 ) ) 
 REPRESENTATION_ITEM ( '' )  );
#1151 = AXIS2_PLACEMENT_3D ( 'NONE', #238, #776, #1301 ) ;
#1152 = CARTESIAN_POINT ( 'NONE',  ( 15.00000000000000355, -3.749999999999999556, 2.618611004132350016E-14 ) ) ;
#1153 = AXIS2_PLACEMENT_3D ( 'NONE', #286, #575, #1209 ) ;
#1154 = ORIENTED_EDGE ( 'NONE', *, *, #1566, .F. ) ;
#1155 = DIRECTION ( 'NONE',  ( 0.000000000000000000, 0.000000000000000000, -1.000000000000000000 ) ) ;
#1156 = CARTESIAN_POINT ( 'NONE',  ( 17.50000000000000000, 1.750000000000003775, -0.7500000000000021094 ) ) ;
#1157 = DIRECTION ( 'NONE',  ( 0.000000000000000000, 0.000000000000000000, -1.000000000000000000 ) ) ;
#1158 = EDGE_LOOP ( 'NONE', ( #977, #1495, #1351, #868, #1000, #1654, #419 ) ) ;
#1159 = FACE_OUTER_BOUND ( 'NONE', #1214, .T. ) ;
#1160 = DIRECTION ( 'NONE',  ( 0.000000000000000000, -0.5000000000000039968, 0.8660254037844363761 ) ) ;
#1161 = ORIENTED_EDGE ( 'NONE', *, *, #1381, .T. ) ;
#1162 = PLANE ( 'NONE',  #16 ) ;
#1163 = ADVANCED_FACE ( 'NONE', ( #1023, #1159 ), #1676, .T. ) ;
#1164 = ORIENTED_EDGE ( 'NONE', *, *, #985, .T. ) ;
#1165 = CYLINDRICAL_SURFACE ( 'NONE', #1612, 3.000000000000000444 ) ;
#1166 = CARTESIAN_POINT ( 'NONE',  ( 18.25000000000000000, 3.496347031911353209, -0.4393398282201817495 ) ) ;
#1167 = DIRECTION ( 'NONE',  ( -0.000000000000000000, 0.5000000000000068834, 0.8660254037844345998 ) ) ;
#1168 = CARTESIAN_POINT ( 'NONE',  ( 15.00000000000000000, 0.000000000000000000, 0.000000000000000000 ) ) ;
#1169 = CARTESIAN_POINT ( 'NONE',  ( -16.75000000000003197, -2.128652968088645014, -2.808255435971474423 ) ) ;
#1170 = ORIENTED_EDGE ( 'NONE', *, *, #289, .T. ) ;
#1171 = CARTESIAN_POINT ( 'NONE',  ( 0.9752972984857017913, -2.843737934024912928, 6.940438601026117205 ) ) ;
#1172 = ORIENTED_EDGE ( 'NONE', *, *, #422, .T. ) ;
#1173 = CARTESIAN_POINT ( 'NONE',  ( 16.75000000000000000, 3.496347031911358538, 0.4393398282201801397 ) ) ;
#1174 = CARTESIAN_POINT ( 'NONE',  ( 5.000000000000000000, 9.184850993605147944E-16, -7.500000000000000000 ) ) ;
#1175 = CARTESIAN_POINT ( 'NONE',  ( 15.00000000000000000, 0.000000000000000000, 0.000000000000000000 ) ) ;
#1176 = CIRCLE ( 'NONE', #682, 7.500000000000000000 ) ;
#1177 = CARTESIAN_POINT ( 'NONE',  ( -5.000000000000000888, 0.000000000000000000, 3.750000000000000000 ) ) ;
#1178 = ORIENTED_EDGE ( 'NONE', *, *, #302, .T. ) ;
#1179 = AXIS2_PLACEMENT_3D ( 'NONE', #76, #1407, #486 ) ;
#1180 = CARTESIAN_POINT ( 'NONE',  ( -1.509468027322435457, -2.599864669077384782, 7.035899461888045714 ) ) ;
#1181 = EDGE_CURVE ( 'NONE', #758, #1645, #381, .T. ) ;
#1182 = AXIS2_PLACEMENT_3D ( 'NONE', #1509, #1610, #1240 ) ;
#1183 = ORIENTED_EDGE ( 'NONE', *, *, #203, .F. ) ;
#1184 = ADVANCED_FACE ( 'NONE', ( #1383 ), #359, .T. ) ;
#1185 = FACE_OUTER_BOUND ( 'NONE', #1265, .T. ) ;
#1186 = VECTOR ( 'NONE', #673, 1000.000000000000000 ) ;
#1187 = CARTESIAN_POINT ( 'NONE',  ( 17.93933982822017725, 3.316987298107778148, -0.7500000000000022204 ) ) ;
#1188 = DIRECTION ( 'NONE',  ( -1.000000000000000000, -0.000000000000000000, -0.000000000000000000 ) ) ;
#1189 = EDGE_CURVE ( 'NONE', #1663, #1356, #892, .T. ) ;
#1190 = CARTESIAN_POINT ( 'NONE',  ( -17.50000000000000000, -0.8750000000000092149, 1.515544456622767600 ) ) ;
#1191 = ORIENTED_EDGE ( 'NONE', *, *, #1181, .F. ) ;
#1192 = CARTESIAN_POINT ( 'NONE',  ( -18.25000000000002842, -2.128652968088631692, 2.808255435971460656 ) ) ;
#1193 = FACE_OUTER_BOUND ( 'NONE', #1203, .T. ) ;
#1194 = CARTESIAN_POINT ( 'NONE',  ( 15.00000000000000000, 2.812499999999996003, -1.623797632095824728 ) ) ;
#1195 = CARTESIAN_POINT ( 'NONE',  ( -20.00000000000000000, 1.874999999999992228, -3.247595264191649012 ) ) ;
#1196 = CARTESIAN_POINT ( 'NONE',  ( -0.1980847390288286991, 2.999975033120361623, 6.873874438873255777 ) ) ;
#1197 = CARTESIAN_POINT ( 'NONE',  ( 17.50000000000000000, 1.750000000000003775, 0.000000000000000000 ) ) ;
#1198 = DIRECTION ( 'NONE',  ( 0.000000000000000000, -0.4999999999999920064, -0.8660254037844432595 ) ) ;
#1199 = DIRECTION ( 'NONE',  ( 0.000000000000000000, -0.8660254037844432595, 0.4999999999999920064 ) ) ;
#1200 = DIRECTION ( 'NONE',  ( 1.000000000000000000, -0.000000000000000000, -0.000000000000000000 ) ) ;
#1201 = EDGE_CURVE ( 'NONE', #1573, #744, #751, .T. ) ;
#1202 = CARTESIAN_POINT ( 'NONE',  ( -20.00000000000000000, 1.874999999999992228, -3.247595264191649012 ) ) ;
#1203 = EDGE_LOOP ( 'NONE', ( #1476, #639, #1489, #485, #1250, #1100, #1117 ) ) ;
#1204 = EDGE_CURVE ( 'NONE', #353, #198, #79, .T. ) ;
#1205 = CARTESIAN_POINT ( 'NONE',  ( -2.693833789987325922, -1.334702203915927088, 7.382538715668408358 ) ) ;
#1206 = VECTOR ( 'NONE', #35, 1000.000000000000000 ) ;
#1207 = CARTESIAN_POINT ( 'NONE',  ( 17.06066017177982275, 3.316987298107778592, -0.7500000000000021094 ) ) ;
#1208 = CIRCLE ( 'NONE', #150, 3.750000000000000000 ) ;
#1209 = DIRECTION ( 'NONE',  ( 0.000000000000000000, 0.000000000000000000, -1.000000000000000000 ) ) ;
#1210 = CIRCLE ( 'NONE', #152, 3.750000000000000000 ) ;
#1211 = FACE_OUTER_BOUND ( 'NONE', #1111, .T. ) ;
#1212 = CARTESIAN_POINT ( 'NONE',  ( 3.000000000000001332, 0.2003500140687328457, 7.500000000000002665 ) ) ;
#1213 = ADVANCED_FACE ( 'NONE', ( #474 ), #465, .F. ) ;
#1214 = EDGE_LOOP ( 'NONE', ( #1096, #1688 ) ) ;
#1215 = EDGE_CURVE ( 'NONE', #29, #1683, #1131, .T. ) ;
#1216 = FILL_AREA_STYLE ('',( #817 ) ) ;
#1217 = FACE_OUTER_BOUND ( 'NONE', #90, .T. ) ;
#1218 = EDGE_CURVE ( 'NONE', #1490, #765, #743, .T. ) ;
#1219 = CARTESIAN_POINT ( 'NONE',  ( -20.00000000000000000, -1.874999999999969580, 3.247595264191661890 ) ) ;
#1220 = PRODUCT_DEFINITION ( 'General', '', #492, #1484 ) ;
#1221 = ORIENTED_EDGE ( 'NONE', *, *, #1343, .T. ) ;
#1222 = CARTESIAN_POINT ( 'NONE',  ( -20.00000000000000000, 0.000000000000000000, 0.000000000000000000 ) ) ;
#1223 = CARTESIAN_POINT ( 'NONE',  ( 3.000000000000001332, 0.2004815858383031391, -7.500000000000004441 ) ) ;
#1224 = CARTESIAN_POINT ( 'NONE',  ( -17.50000000000000000, -0.2254809471616799343, 1.890544456622771818 ) ) ;
#1225 = EDGE_LOOP ( 'NONE', ( #1652, #1516, #48, #736, #655 ) ) ;
#1226 = LINE ( 'NONE', #1097, #459 ) ;
#1227 =( BOUNDED_CURVE ( )  B_SPLINE_CURVE ( 3, ( #1623, #1472, #832, #448 ),
 .UNSPECIFIED., .F., .F. ) 
 B_SPLINE_CURVE_WITH_KNOTS ( ( 4, 4 ),
 ( 1.570796326794896780, 3.141592653589793116 ),
 .UNSPECIFIED. ) 
 CURVE ( )  GEOMETRIC_REPRESENTATION_ITEM ( )  RATIONAL_B_SPLINE_CURVE ( ( 1.000000000000000000, 0.8047378541243650485, 0.8047378541243650485, 1.000000000000000000 ) ) 
 REPRESENTATION_ITEM ( '' )  );
#1228 = ORIENTED_EDGE ( 'NONE', *, *, #256, .T. ) ;
#1229 = ORIENTED_EDGE ( 'NONE', *, *, #674, .F. ) ;
#1230 = FACE_OUTER_BOUND ( 'NONE', #428, .T. ) ;
#1231 = CARTESIAN_POINT ( 'NONE',  ( -17.93933982822018436, 3.316987298107777260, -0.7500000000000021094 ) ) ;
#1232 = AXIS2_PLACEMENT_3D ( 'NONE', #326, #993, #43 ) ;
#1233 = CARTESIAN_POINT ( 'NONE',  ( -15.00000000000000000, 4.592425496802573972E-16, -3.750000000000000000 ) ) ;
#1234 = AXIS2_PLACEMENT_3D ( 'NONE', #713, #447, #1128 ) ;
#1235 = VECTOR ( 'NONE', #491, 1000.000000000000000 ) ;
#1236 = AXIS2_PLACEMENT_3D ( 'NONE', #1468, #1253, #163 ) ;
#1237 =( NAMED_UNIT ( * ) SI_UNIT ( $, .STERADIAN. ) SOLID_ANGLE_UNIT ( ) );
#1238 = ORIENTED_EDGE ( 'NONE', *, *, #525, .F. ) ;
#1239 = ORIENTED_EDGE ( 'NONE', *, *, #834, .F. ) ;
#1240 = DIRECTION ( 'NONE',  ( 0.000000000000000000, 0.000000000000000000, -1.000000000000000000 ) ) ;
#1241 = CARTESIAN_POINT ( 'NONE',  ( 17.06066017177984406, -1.008974596215580943, 3.247595264191652564 ) ) ;
#1242 = VERTEX_POINT ( 'NONE', #481 ) ;
#1243 = CARTESIAN_POINT ( 'NONE',  ( -18.25000000000000355, 3.750000000000003553, 6.760415694317198582E-15 ) ) ;
#1244 = EDGE_CURVE ( 'NONE', #1284, #508, #852, .T. ) ;
#1245 = VERTEX_POINT ( 'NONE', #225 ) ;
#1246 = CARTESIAN_POINT ( 'NONE',  ( -20.00000000000000000, 3.750000000000000000, 0.000000000000000000 ) ) ;
#1247 = EDGE_LOOP ( 'NONE', ( #170, #1309, #1161, #184, #576, #835, #1393 ) ) ;
#1248 = FACE_OUTER_BOUND ( 'NONE', #435, .T. ) ;
#1249 = CARTESIAN_POINT ( 'NONE',  ( -2.844188981903637892, 0.9740428617024341484, -7.438719538001652865 ) ) ;
#1250 = ORIENTED_EDGE ( 'NONE', *, *, #914, .T. ) ;
#1251 = CYLINDRICAL_SURFACE ( 'NONE', #318, 0.7500000000000021094 ) ;
#1252 = FACE_OUTER_BOUND ( 'NONE', #610, .T. ) ;
#1253 = DIRECTION ( 'NONE',  ( 0.000000000000000000, 0.000000000000000000, 1.000000000000000000 ) ) ;
#1254 = ORIENTED_EDGE ( 'NONE', *, *, #788, .T. ) ;
#1255 = LINE ( 'NONE', #81, #294 ) ;
#1256 = DIRECTION ( 'NONE',  ( 0.000000000000000000, 0.4999999999999951150, -0.8660254037844414832 ) ) ;
#1257 = ADVANCED_FACE ( 'NONE', ( #867 ), #1547, .T. ) ;
#1258 = CARTESIAN_POINT ( 'NONE',  ( 2.382091734930015470, 1.834078454891867604, -7.274192337113174034 ) ) ;
#1259 = ORIENTED_EDGE ( 'NONE', *, *, #567, .T. ) ;
#1260 = PLANE ( 'NONE',  #819 ) ;
#1261 = AXIS2_PLACEMENT_3D ( 'NONE', #1418, #511, #634 ) ;
#1262 = CARTESIAN_POINT ( 'NONE',  ( 17.50000000000000000, 1.750000000000003775, 0.000000000000000000 ) ) ;
#1263 = AXIS2_PLACEMENT_3D ( 'NONE', #619, #347, #646 ) ;
#1264 = AXIS2_PLACEMENT_3D ( 'NONE', #1541, #352, #1649 ) ;
#1265 = EDGE_LOOP ( 'NONE', ( #1625, #1109, #1054, #1275, #349, #212, #402, #1229 ) ) ;
#1266 = VECTOR ( 'NONE', #802, 999.9999999999998863 ) ;
#1267 = AXIS2_PLACEMENT_3D ( 'NONE', #1492, #306, #160 ) ;
#1268 = DIRECTION ( 'NONE',  ( 0.000000000000000000, 0.000000000000000000, -1.000000000000000000 ) ) ;
#1269 = ADVANCED_FACE ( 'NONE', ( #609, #885 ), #196, .F. ) ;
#1270 = VERTEX_POINT ( 'NONE', #1004 ) ;
#1271 = CARTESIAN_POINT ( 'NONE',  ( 15.00000000000000000, 0.000000000000000000, 0.000000000000000000 ) ) ;
#1272 = DIRECTION ( 'NONE',  ( 0.000000000000000000, -0.5000000000000039968, 0.8660254037844363761 ) ) ;
#1273 = VERTEX_POINT ( 'NONE', #188 ) ;
#1274 = DIRECTION ( 'NONE',  ( 0.000000000000000000, -1.000000000000000000, 3.353798720221821001E-15 ) ) ;
#1275 = ORIENTED_EDGE ( 'NONE', *, *, #1413, .T. ) ;
#1276 = DIRECTION ( 'NONE',  ( 0.000000000000000000, 0.4999999999999950595, -0.8660254037844414832 ) ) ;
#1277 = EDGE_LOOP ( 'NONE', ( #1440, #148, #1366, #77, #53, #1619, #1524 ) ) ;
#1278 = CARTESIAN_POINT ( 'NONE',  ( 17.50000000000000000, 3.316987298107784365, 0.7500000000000021094 ) ) ;
#1279 = CARTESIAN_POINT ( 'NONE',  ( 15.00000000000000000, -2.812500000000006661, -1.623797632095804744 ) ) ;
#1280 = ORIENTED_EDGE ( 'NONE', *, *, #1463, .F. ) ;
#1281 = LINE ( 'NONE', #1014, #522 ) ;
#1282 = CARTESIAN_POINT ( 'NONE',  ( 0.3938509906994248078, -2.980698617538303452, -6.882386545746140172 ) ) ;
#1283 = CYLINDRICAL_SURFACE ( 'NONE', #961, 3.750000000000000000 ) ;
#1284 = VERTEX_POINT ( 'NONE', #1156 ) ;
#1285 = CARTESIAN_POINT ( 'NONE',  ( 5.000000000000000888, 0.000000000000000000, 0.000000000000000000 ) ) ;
#1286 = DIRECTION ( 'NONE',  ( 0.000000000000000000, -1.052398908759260972E-14, -1.000000000000000000 ) ) ;
#1287 = PLANE ( 'NONE',  #959 ) ;
#1288 = ADVANCED_FACE ( 'NONE', ( #760 ), #1674, .F. ) ;
#1289 = CIRCLE ( 'NONE', #547, 0.7500000000000021094 ) ;
#1290 = ORIENTED_EDGE ( 'NONE', *, *, #1474, .F. ) ;
#1291 = CARTESIAN_POINT ( 'NONE',  ( -5.000000000000000888, 4.592425496802573972E-16, -3.750000000000000000 ) ) ;
#1292 = CIRCLE ( 'NONE', #768, 3.750000000000000000 ) ;
#1293 = EDGE_CURVE ( 'NONE', #45, #1573, #1522, .T. ) ;
#1294 = CARTESIAN_POINT ( 'NONE',  ( -3.000000000000000888, 0.1973339409151798340, 7.499999999999999112 ) ) ;
#1295 = VECTOR ( 'NONE', #1147, 1000.000000000000114 ) ;
#1296 = DIRECTION ( 'NONE',  ( 1.000000000000000000, 0.000000000000000000, 0.000000000000000000 ) ) ;
#1297 = VERTEX_POINT ( 'NONE', #633 ) ;
#1298 = FACE_OUTER_BOUND ( 'NONE', #451, .T. ) ;
#1299 = CARTESIAN_POINT ( 'NONE',  ( -20.00000000000000000, 1.874999999999992228, -3.247595264191649012 ) ) ;
#1300 = ORIENTED_EDGE ( 'NONE', *, *, #1467, .F. ) ;
#1301 = DIRECTION ( 'NONE',  ( 0.000000000000000000, 0.000000000000000000, -1.000000000000000000 ) ) ;
#1302 = ADVANCED_FACE ( 'NONE', ( #1252 ), #1119, .F. ) ;
#1303 = CARTESIAN_POINT ( 'NONE',  ( -2.901950959589303825, 0.7861226428269779687, 7.461234925827771924 ) ) ;
#1304 = ORIENTED_EDGE ( 'NONE', *, *, #1215, .F. ) ;
#1305 = LINE ( 'NONE', #110, #379 ) ;
#1306 = VERTEX_POINT ( 'NONE', #994 ) ;
#1307 = PLANE ( 'NONE',  #548 ) ;
#1308 = CARTESIAN_POINT ( 'NONE',  ( 16.75000000000000355, -1.875000000000014433, -3.247595264191636133 ) ) ;
#1309 = ORIENTED_EDGE ( 'NONE', *, *, #564, .T. ) ;
#1310 = ADVANCED_FACE ( 'NONE', ( #1513 ), #342, .F. ) ;
#1311 = CARTESIAN_POINT ( 'NONE',  ( 17.50000000000000000, -0.2254809471616800454, 1.890544456622771818 ) ) ;
#1312 = EDGE_CURVE ( 'NONE', #198, #357, #367, .T. ) ;
#1313 = ORIENTED_EDGE ( 'NONE', *, *, #192, .F. ) ;
#1314 = ORIENTED_EDGE ( 'NONE', *, *, #603, .T. ) ;
#1315 = CARTESIAN_POINT ( 'NONE',  ( 17.50000000000000000, 3.316987298107778592, -0.7500000000000021094 ) ) ;
#1316 = CARTESIAN_POINT ( 'NONE',  ( 16.74999999999996803, -1.367694063822701089, -3.247595264191637909 ) ) ;
#1317 = EDGE_CURVE ( 'NONE', #756, #1078, #1668, .T. ) ;
#1318 = DIRECTION ( 'NONE',  ( 0.000000000000000000, -1.052398908759260972E-14, -1.000000000000000000 ) ) ;
#1319 = AXIS2_PLACEMENT_3D ( 'NONE', #380, #1318, #1692 ) ;
#1320 = CARTESIAN_POINT ( 'NONE',  ( 2.902216921322023691, 0.7847269419484790287, 7.461339738874037231 ) ) ;
#1321 = B_SPLINE_CURVE_WITH_KNOTS ( 'NONE', 3,
 ( #1379, #323, #723, #1108, #220, #1501, #57, #1041, #1560, #1412, #1116, #1016, #1535, #1550, #764, #1660, #637, #896, #1282, #777, #1422, #383, #917, #888, #88, #1034, #1438, #484, #1627, #496, #626, #229, #1149, #241 ),
 .UNSPECIFIED., .F., .F.,
 ( 4, 2, 2, 2, 2, 2, 2, 2, 2, 2, 2, 2, 2, 2, 2, 2, 4 ),
 ( 0.009479671589916700836, 0.01007176223270103352, 0.01066385287548536620, 0.01125594351826969888, 0.01184803416105403157, 0.01244012480383836425, 0.01303221544662269867, 0.01362430608940703308, 0.01421639673219136576, 0.01480848737497569845, 0.01540057801776003286, 0.01599266866054436728, 0.01658475930332869996, 0.01717684994611303612, 0.01776894058889736880, 0.01836103123168170148, 0.01895312187446603763 ),
 .UNSPECIFIED. ) ;
#1322 = VECTOR ( 'NONE', #1276, 1000.000000000000114 ) ;
#1323 = CARTESIAN_POINT ( 'NONE',  ( -2.999999999999999112, -0.1974635320006780381, 7.499999999999998224 ) ) ;
#1324 = UNCERTAINTY_MEASURE_WITH_UNIT (LENGTH_MEASURE( 1.000000000000000082E-05 ), #1697, 'distance_accuracy_value', 'NONE');
#1325 = AXIS2_PLACEMENT_3D ( 'NONE', #1405, #745, #617 ) ;
#1326 = DIRECTION ( 'NONE',  ( 0.000000000000000000, 0.8660254037844347108, -0.5000000000000069944 ) ) ;
#1327 = DIRECTION ( 'NONE',  ( -0.000000000000000000, -0.4999999999999919509, -0.8660254037844432595 ) ) ;
#1328 = CARTESIAN_POINT ( 'NONE',  ( 17.50000000000000000, -2.308012701892204532, -2.497595264191676101 ) ) ;
#1329 = DIRECTION ( 'NONE',  ( 0.000000000000000000, -0.8660254037844432595, 0.4999999999999920064 ) ) ;
#1330 = VERTEX_POINT ( 'NONE', #1567 ) ;
#1331 = DIRECTION ( 'NONE',  ( 0.000000000000000000, 0.5000000000000068834, 0.8660254037844345998 ) ) ;
#1332 = EDGE_CURVE ( 'NONE', #1362, #1406, #31, .T. ) ;
#1333 = CARTESIAN_POINT ( 'NONE',  ( -15.00000000000000000, 0.000000000000000000, 0.000000000000000000 ) ) ;
#1334 = CARTESIAN_POINT ( 'NONE',  ( -16.75000000000000000, -1.875000000000014433, -3.247595264191636133 ) ) ;
#1335 = CARTESIAN_POINT ( 'NONE',  ( -15.00000000000000000, 2.812499999999996003, -1.623797632095824728 ) ) ;
#1336 = CARTESIAN_POINT ( 'NONE',  ( -17.93933982822015949, -2.308012701892204532, -2.497595264191676545 ) ) ;
#1337 = FACE_OUTER_BOUND ( 'NONE', #1006, .T. ) ;
#1338 = EDGE_CURVE ( 'NONE', #1672, #783, #1555, .T. ) ;
#1339 = CARTESIAN_POINT ( 'NONE',  ( 0.3938509906994248078, 2.980698617538303452, 6.882386545746140172 ) ) ;
#1340 = ORIENTED_EDGE ( 'NONE', *, *, #914, .F. ) ;
#1341 = VERTEX_POINT ( 'NONE', #121 ) ;
#1342 = LINE ( 'NONE', #543, #433 ) ;
#1343 = EDGE_CURVE ( 'NONE', #1645, #353, #641, .T. ) ;
#1344 = AXIS2_PLACEMENT_3D ( 'NONE', #1675, #600, #1124 ) ;
#1345 = PLANE ( 'NONE',  #70 ) ;
#1346 = CARTESIAN_POINT ( 'NONE',  ( -20.00000000000000000, 1.875000000000037526, 3.247595264191622366 ) ) ;
#1347 = VECTOR ( 'NONE', #721, 1000.000000000000114 ) ;
#1348 = DIRECTION ( 'NONE',  ( 1.000000000000000000, 0.000000000000000000, 0.000000000000000000 ) ) ;
#1349 = CIRCLE ( 'NONE', #127, 0.7500000000000023315 ) ;
#1350 = CARTESIAN_POINT ( 'NONE',  ( 2.599341738160393600, 1.510319152903738749, 7.348214053625107489 ) ) ;
#1351 = ORIENTED_EDGE ( 'NONE', *, *, #785, .T. ) ;
#1352 = VERTEX_POINT ( 'NONE', #131 ) ;
#1353 = DIRECTION ( 'NONE',  ( 1.000000000000000000, 0.000000000000000000, 0.000000000000000000 ) ) ;
#1354 = CARTESIAN_POINT ( 'NONE',  ( -17.50000000000000000, -0.8749999999999877875, -1.515544456622778924 ) ) ;
#1355 = DIRECTION ( 'NONE',  ( 0.000000000000000000, 0.000000000000000000, -1.000000000000000000 ) ) ;
#1356 = VERTEX_POINT ( 'NONE', #651 ) ;
#1357 = EDGE_CURVE ( 'NONE', #765, #357, #1682, .T. ) ;
#1358 = ORIENTED_EDGE ( 'NONE', *, *, #1332, .F. ) ;
#1359 = LINE ( 'NONE', #581, #1347 ) ;
#1360 = CARTESIAN_POINT ( 'NONE',  ( -1.509468027322435457, 2.599864669077384782, -7.035899461888045714 ) ) ;
#1361 = CARTESIAN_POINT ( 'NONE',  ( -20.00000000000000000, 3.750000000000000000, 0.000000000000000000 ) ) ;
#1362 = VERTEX_POINT ( 'NONE', #912 ) ;
#1363 = CARTESIAN_POINT ( 'NONE',  ( -18.25000000000000000, 3.496347031911357206, 0.4393398282201817495 ) ) ;
#1364 = EDGE_CURVE ( 'NONE', #1475, #1658, #1210, .T. ) ;
#1365 = ORIENTED_EDGE ( 'NONE', *, *, #1605, .T. ) ;
#1366 = ORIENTED_EDGE ( 'NONE', *, *, #1419, .T. ) ;
#1367 = CARTESIAN_POINT ( 'NONE',  ( -2.999999999999999112, 0.1974635320006780381, -7.499999999999998224 ) ) ;
#1368 = FACE_OUTER_BOUND ( 'NONE', #898, .T. ) ;
#1369 = EDGE_CURVE ( 'NONE', #1475, #1645, #261, .T. ) ;
#1370 = FACE_OUTER_BOUND ( 'NONE', #275, .T. ) ;
#1371 = VECTOR ( 'NONE', #616, 1000.000000000000114 ) ;
#1372 = VECTOR ( 'NONE', #1057, 1000.000000000000000 ) ;
#1373 = APPLICATION_PROTOCOL_DEFINITION ( 'draft international standard', 'automotive_design', 1998, #495 ) ;
#1374 = ORIENTED_EDGE ( 'NONE', *, *, #586, .F. ) ;
#1375 = CARTESIAN_POINT ( 'NONE',  ( 15.00000000000000000, 0.000000000000000000, 0.000000000000000000 ) ) ;
#1376 = ORIENTED_EDGE ( 'NONE', *, *, #1532, .T. ) ;
#1377 = CARTESIAN_POINT ( 'NONE',  ( 18.25000000000000355, -1.874999999999964473, 3.247595264191670328 ) ) ;
#1378 = CARTESIAN_POINT ( 'NONE',  ( 15.00000000000000000, 4.592425496802573972E-16, -3.750000000000000000 ) ) ;
#1379 = CARTESIAN_POINT ( 'NONE',  ( -3.000000000000000444, 9.185151858709078265E-16, -7.500000000000000000 ) ) ;
#1380 = VERTEX_POINT ( 'NONE', #1702 ) ;
#1381 = EDGE_CURVE ( 'NONE', #563, #244, #578, .T. ) ;
#1382 = DIRECTION ( 'NONE',  ( 0.000000000000000000, -0.4999999999999920064, -0.8660254037844432595 ) ) ;
#1383 = FACE_OUTER_BOUND ( 'NONE', #1520, .T. ) ;
#1384 = ORIENTED_EDGE ( 'NONE', *, *, #916, .F. ) ;
#1385 = CARTESIAN_POINT ( 'NONE',  ( 15.00000000000000000, -1.089178084084438044E-14, -3.247595264191642794 ) ) ;
#1386 = CARTESIAN_POINT ( 'NONE',  ( 17.93933982822015594, -2.308012701892204532, -2.497595264191676545 ) ) ;
#1387 = CARTESIAN_POINT ( 'NONE',  ( 17.93933982822020923, -2.308012701892223628, 2.497595264191616149 ) ) ;
#1388 = EDGE_LOOP ( 'NONE', ( #15, #1453, #382, #157, #309, #769, #876 ) ) ;
#1389 = CARTESIAN_POINT ( 'NONE',  ( -2.980489846368162166, 0.3955119377038426864, -7.492130265343212692 ) ) ;
#1390 = ORIENTED_EDGE ( 'NONE', *, *, #698, .F. ) ;
#1391 = LINE ( 'NONE', #454, #1557 ) ;
#1392 = DIRECTION ( 'NONE',  ( 1.000000000000000000, 0.000000000000000000, 0.000000000000000000 ) ) ;
#1393 = ORIENTED_EDGE ( 'NONE', *, *, #1369, .F. ) ;
#1394 = CARTESIAN_POINT ( 'NONE',  ( 5.000000000000000888, 0.000000000000000000, 3.750000000000000000 ) ) ;
#1395 = EDGE_CURVE ( 'NONE', #983, #165, #510, .T. ) ;
#1396 = ORIENTED_EDGE ( 'NONE', *, *, #729, .F. ) ;
#1397 = ADVANCED_FACE ( 'NONE', ( #772 ), #1065, .F. ) ;
#1398 = FACE_OUTER_BOUND ( 'NONE', #589, .T. ) ;
#1399 = ORIENTED_EDGE ( 'NONE', *, *, #1244, .T. ) ;
#1400 = DIRECTION ( 'NONE',  ( 0.000000000000000000, -1.000000000000000000, 0.000000000000000000 ) ) ;
#1401 = DIRECTION ( 'NONE',  ( -0.000000000000000000, 0.5000000000000039968, -0.8660254037844363761 ) ) ;
#1402 = AXIS2_PLACEMENT_3D ( 'NONE', #1053, #249, #151 ) ;
#1403 = AXIS2_PLACEMENT_3D ( 'NONE', #1022, #858, #60 ) ;
#1404 = VERTEX_POINT ( 'NONE', #137 ) ;
#1405 = CARTESIAN_POINT ( 'NONE',  ( -5.000000000000000888, 0.000000000000000000, 0.000000000000000000 ) ) ;
#1406 = VERTEX_POINT ( 'NONE', #1308 ) ;
#1407 = DIRECTION ( 'NONE',  ( 1.000000000000000000, 0.000000000000000000, 0.000000000000000000 ) ) ;
#1408 =( BOUNDED_CURVE ( )  B_SPLINE_CURVE ( 3, ( #1377, #330, #1387, #690 ),
 .UNSPECIFIED., .F., .F. ) 
 B_SPLINE_CURVE_WITH_KNOTS ( ( 4, 4 ),
 ( 1.570796326794815734, 3.141592653589793116 ),
 .UNSPECIFIED. ) 
 CURVE ( )  GEOMETRIC_REPRESENTATION_ITEM ( )  RATIONAL_B_SPLINE_CURVE ( ( 1.000000000000000000, 0.8047378541243459527, 0.8047378541243459527, 1.000000000000000000 ) ) 
 REPRESENTATION_ITEM ( '' )  );
#1409 = ORIENTED_EDGE ( 'NONE', *, *, #446, .F. ) ;
#1410 = FACE_OUTER_BOUND ( 'NONE', #434, .T. ) ;
#1411 = CARTESIAN_POINT ( 'NONE',  ( -20.00000000000000000, -1.874999999999969580, 3.247595264191661890 ) ) ;
#1412 = CARTESIAN_POINT ( 'NONE',  ( -1.981314498590477147, -2.261123845909603247, -7.152489085445438377 ) ) ;
#1413 = EDGE_CURVE ( 'NONE', #677, #135, #545, .T. ) ;
#1414 = DIRECTION ( 'NONE',  ( -1.000000000000000000, -0.000000000000000000, -0.000000000000000000 ) ) ;
#1415 = ORIENTED_EDGE ( 'NONE', *, *, #663, .T. ) ;
#1416 = CARTESIAN_POINT ( 'NONE',  ( -16.74999999999996803, -1.367694063822701089, -3.247595264191637909 ) ) ;
#1417 = CARTESIAN_POINT ( 'NONE',  ( 20.00000000000000000, 1.874999999999992228, -3.247595264191649012 ) ) ;
#1418 = CARTESIAN_POINT ( 'NONE',  ( 15.00000000000000000, 0.000000000000000000, 0.000000000000000000 ) ) ;
#1419 = EDGE_CURVE ( 'NONE', #1661, #61, #389, .T. ) ;
#1420 = ORIENTED_EDGE ( 'NONE', *, *, #1553, .T. ) ;
#1421 = CARTESIAN_POINT ( 'NONE',  ( -17.50000000000000000, -1.008974596215580721, 3.247595264191652120 ) ) ;
#1422 = CARTESIAN_POINT ( 'NONE',  ( 0.9735873907220088386, -2.844365176371865811, -6.940183581765112741 ) ) ;
#1423 = CARTESIAN_POINT ( 'NONE',  ( -15.00000000000000000, 1.875000000000037526, 3.247595264191622366 ) ) ;
#1424 = ORIENTED_EDGE ( 'NONE', *, *, #608, .F. ) ;
#1425 = CARTESIAN_POINT ( 'NONE',  ( -20.00000000000000000, 3.750000000000000000, 0.000000000000000000 ) ) ;
#1426 = FACE_OUTER_BOUND ( 'NONE', #558, .T. ) ;
#1427 = ADVANCED_FACE ( 'NONE', ( #1426 ), #521, .T. ) ;
#1428 = CARTESIAN_POINT ( 'NONE',  ( 15.00000000000000000, -2.812499999999984901, 1.623797632095843824 ) ) ;
#1429 = CIRCLE ( 'NONE', #933, 3.750000000000000000 ) ;
#1430 = CARTESIAN_POINT ( 'NONE',  ( 15.00000000000000000, 0.000000000000000000, 0.000000000000000000 ) ) ;
#1431 = VECTOR ( 'NONE', #467, 1000.000000000000000 ) ;
#1432 = ORIENTED_EDGE ( 'NONE', *, *, #279, .T. ) ;
#1433 = PLANE ( 'NONE',  #823 ) ;
#1434 = EDGE_LOOP ( 'NONE', ( #1304, #670, #329 ) ) ;
#1435 = CARTESIAN_POINT ( 'NONE',  ( 17.93933982822018436, 3.316987298107784810, 0.7500000000000021094 ) ) ;
#1436 = DIRECTION ( 'NONE',  ( 1.000000000000000000, 0.000000000000000000, 0.000000000000000000 ) ) ;
#1437 = EDGE_CURVE ( 'NONE', #1273, #872, #660, .T. ) ;
#1438 = CARTESIAN_POINT ( 'NONE',  ( 2.383154385491072169, -1.832543748532414307, -7.274551335390809115 ) ) ;
#1439 = CARTESIAN_POINT ( 'NONE',  ( 1.515356963772620302, -2.618376272373581504, 7.029953011533832452 ) ) ;
#1440 = ORIENTED_EDGE ( 'NONE', *, *, #663, .F. ) ;
#1441 = PRESENTATION_STYLE_ASSIGNMENT (( #679 ) ) ;
#1442 = DIRECTION ( 'NONE',  ( 1.000000000000000000, -0.000000000000000000, -0.000000000000000000 ) ) ;
#1443 = ORIENTED_EDGE ( 'NONE', *, *, #1523, .F. ) ;
#1444 = ORIENTED_EDGE ( 'NONE', *, *, #1063, .F. ) ;
#1445 = CARTESIAN_POINT ( 'NONE',  ( 1.334800294472110016, 2.693806570228644670, 6.999997683381902647 ) ) ;
#1446 = ADVANCED_FACE ( 'NONE', ( #399 ), #798, .F. ) ;
#1447 = ORIENTED_EDGE ( 'NONE', *, *, #854, .T. ) ;
#1448 = CARTESIAN_POINT ( 'NONE',  ( -18.25000000000000355, -1.874999999999979794, 3.247595264191661890 ) ) ;
#1449 = CARTESIAN_POINT ( 'NONE',  ( 17.50000000000000000, -0.2254809471616799343, 1.890544456622771818 ) ) ;
#1450 =( BOUNDED_CURVE ( )  B_SPLINE_CURVE ( 3, ( #19, #691, #554, #920 ),
 .UNSPECIFIED., .F., .F. ) 
 B_SPLINE_CURVE_WITH_KNOTS ( ( 4, 4 ),
 ( 1.570796326794965170, 3.141592653589793116 ),
 .UNSPECIFIED. ) 
 CURVE ( )  GEOMETRIC_REPRESENTATION_ITEM ( )  RATIONAL_B_SPLINE_CURVE ( ( 1.000000000000000000, 0.8047378541243812577, 0.8047378541243812577, 1.000000000000000000 ) ) 
 REPRESENTATION_ITEM ( '' )  );
#1451 = AXIS2_PLACEMENT_3D ( 'NONE', #1175, #254, #791 ) ;
#1452 = CARTESIAN_POINT ( 'NONE',  ( 2.691945133963340009, 1.338887653238098885, 7.381839872778491518 ) ) ;
#1453 = ORIENTED_EDGE ( 'NONE', *, *, #647, .T. ) ;
#1454 = VECTOR ( 'NONE', #17, 1000.000000000000114 ) ;
#1455 = CYLINDRICAL_SURFACE ( 'NONE', #1045, 0.7500000000000021094 ) ;
#1456 = AXIS2_PLACEMENT_3D ( 'NONE', #1411, #1286, #501 ) ;
#1457 = CYLINDRICAL_SURFACE ( 'NONE', #348, 0.7500000000000022204 ) ;
#1458 = AXIS2_PLACEMENT_3D ( 'NONE', #921, #234, #253 ) ;
#1459 = CARTESIAN_POINT ( 'NONE',  ( 18.25000000000000355, 3.750000000000003553, -6.938893903907228378E-15 ) ) ;
#1460 = DIRECTION ( 'NONE',  ( -0.000000000000000000, -0.000000000000000000, 1.000000000000000000 ) ) ;
#1461 = CARTESIAN_POINT ( 'NONE',  ( -16.74999999999996803, -2.128652968088630359, 2.808255435971462877 ) ) ;
#1462 = DIRECTION ( 'NONE',  ( 0.000000000000000000, 1.000000000000000000, 0.000000000000000000 ) ) ;
#1463 = EDGE_CURVE ( 'NONE', #1091, #242, #84, .T. ) ;
#1464 = CARTESIAN_POINT ( 'NONE',  ( -17.50000000000000000, 1.750000000000003775, -0.7500000000000021094 ) ) ;
#1465 = DIRECTION ( 'NONE',  ( 0.000000000000000000, 0.4999999999999951150, -0.8660254037844414832 ) ) ;
#1466 = CARTESIAN_POINT ( 'NONE',  ( -18.24999999999997513, -1.367694063822708417, 3.247595264191656117 ) ) ;
#1467 = EDGE_CURVE ( 'NONE', #1506, #370, #47, .T. ) ;
#1468 = CARTESIAN_POINT ( 'NONE',  ( 0.000000000000000000, 0.000000000000000000, 0.000000000000000000 ) ) ;
#1469 = EDGE_LOOP ( 'NONE', ( #720, #571 ) ) ;
#1470 = CARTESIAN_POINT ( 'NONE',  ( -1.337846800178807749, -2.692464485817693820, 7.000525942712345184 ) ) ;
#1471 = CARTESIAN_POINT ( 'NONE',  ( 17.50000000000000000, -1.008974596215520325, -3.247595264191639242 ) ) ;
#1472 = CARTESIAN_POINT ( 'NONE',  ( -16.74999999999999645, 3.496347031911354541, -0.4393398282201799732 ) ) ;
#1473 = DIRECTION ( 'NONE',  ( 1.000000000000000000, 0.000000000000000000, 0.000000000000000000 ) ) ;
#1474 = EDGE_CURVE ( 'NONE', #499, #1270, #1227, .T. ) ;
#1475 = VERTEX_POINT ( 'NONE', #555 ) ;
#1476 = ORIENTED_EDGE ( 'NONE', *, *, #875, .F. ) ;
#1477 = LINE ( 'NONE', #1115, #684 ) ;
#1478 = VECTOR ( 'NONE', #1549, 1000.000000000000000 ) ;
#1479 = CARTESIAN_POINT ( 'NONE',  ( -5.000000000000000000, 0.000000000000000000, 0.000000000000000000 ) ) ;
#1480 = ORIENTED_EDGE ( 'NONE', *, *, #1499, .F. ) ;
#1481 = DIRECTION ( 'NONE',  ( 0.000000000000000000, 0.8660254037844432595, -0.4999999999999920064 ) ) ;
#1482 = EDGE_CURVE ( 'NONE', #244, #861, #839, .T. ) ;
#1483 = ORIENTED_EDGE ( 'NONE', *, *, #785, .F. ) ;
#1484 = PRODUCT_DEFINITION_CONTEXT ( 'detailed design', #1028, 'design' ) ;
#1485 = ADVANCED_FACE ( 'NONE', ( #1217 ), #1487, .F. ) ;
#1486 = CARTESIAN_POINT ( 'NONE',  ( 17.50000000000000000, 1.750000000000003775, 0.000000000000000000 ) ) ;
#1487 = CYLINDRICAL_SURFACE ( 'NONE', #801, 0.7500000000000022204 ) ;
#1488 = CARTESIAN_POINT ( 'NONE',  ( -17.50000000000000000, 1.750000000000003775, 0.000000000000000000 ) ) ;
#1489 = ORIENTED_EDGE ( 'NONE', *, *, #374, .F. ) ;
#1490 = VERTEX_POINT ( 'NONE', #699 ) ;
#1491 = CARTESIAN_POINT ( 'NONE',  ( -3.000000000000000444, 9.185151858709078265E-16, -7.500000000000000000 ) ) ;
#1492 = CARTESIAN_POINT ( 'NONE',  ( -15.00000000000000000, 0.000000000000000000, 0.000000000000000000 ) ) ;
#1493 = CARTESIAN_POINT ( 'NONE',  ( -17.50000000000000000, 3.316987298107784365, 0.7500000000000021094 ) ) ;
#1494 = APPLICATION_PROTOCOL_DEFINITION ( 'draft international standard', 'automotive_design', 1998, #1028 ) ;
#1495 = ORIENTED_EDGE ( 'NONE', *, *, #1126, .T. ) ;
#1496 = DIRECTION ( 'NONE',  ( 0.000000000000000000, 0.000000000000000000, -1.000000000000000000 ) ) ;
#1497 = VERTEX_POINT ( 'NONE', #440 ) ;
#1498 =( BOUNDED_CURVE ( )  B_SPLINE_CURVE ( 3, ( #625, #599, #1534, #850 ),
 .UNSPECIFIED., .F., .F. ) 
 B_SPLINE_CURVE_WITH_KNOTS ( ( 4, 4 ),
 ( 1.570796326794832831, 3.141592653589793116 ),
 .UNSPECIFIED. ) 
 CURVE ( )  GEOMETRIC_REPRESENTATION_ITEM ( )  RATIONAL_B_SPLINE_CURVE ( ( 1.000000000000000000, 0.8047378541243499495, 0.8047378541243499495, 1.000000000000000000 ) ) 
 REPRESENTATION_ITEM ( '' )  );
#1499 = EDGE_CURVE ( 'NONE', #1352, #1683, #1563, .T. ) ;
#1500 = CARTESIAN_POINT ( 'NONE',  ( -2.901940010756388855, 0.7864436350693934097, -7.461229926399323809 ) ) ;
#1501 = CARTESIAN_POINT ( 'NONE',  ( -2.692884836155871042, -1.336798422352401428, -7.382187712849420436 ) ) ;
#1502 = AXIS2_PLACEMENT_3D ( 'NONE', #263, #539, #1066 ) ;
#1503 = CARTESIAN_POINT ( 'NONE',  ( 15.00000000000000000, 0.000000000000000000, 3.750000000000000000 ) ) ;
#1504 = CIRCLE ( 'NONE', #463, 7.500000000000000000 ) ;
#1505 = AXIS2_PLACEMENT_3D ( 'NONE', #401, #541, #1329 ) ;
#1506 = VERTEX_POINT ( 'NONE', #1224 ) ;
#1507 = DIRECTION ( 'NONE',  ( 1.000000000000000000, 0.000000000000000000, 0.000000000000000000 ) ) ;
#1508 = CARTESIAN_POINT ( 'NONE',  ( 15.00000000000000000, 2.812500000000018652, 1.623797632095812071 ) ) ;
#1509 = CARTESIAN_POINT ( 'NONE',  ( -15.00000000000000000, 0.000000000000000000, 0.000000000000000000 ) ) ;
#1510 = CARTESIAN_POINT ( 'NONE',  ( 3.000000000000000444, 4.987867122739990082E-17, -7.500000000000000000 ) ) ;
#1511 = VERTEX_POINT ( 'NONE', #1081 ) ;
#1512 = DIRECTION ( 'NONE',  ( 0.000000000000000000, -0.5000000000000039968, 0.8660254037844362651 ) ) ;
#1513 = FACE_OUTER_BOUND ( 'NONE', #7, .T. ) ;
#1514 = EDGE_CURVE ( 'NONE', #620, #1700, #206, .T. ) ;
#1515 = ADVANCED_FACE ( 'NONE', ( #954 ), #812, .F. ) ;
#1516 = ORIENTED_EDGE ( 'NONE', *, *, #645, .T. ) ;
#1517 = FACE_OUTER_BOUND ( 'NONE', #343, .T. ) ;
#1518 = ORIENTED_EDGE ( 'NONE', *, *, #1087, .T. ) ;
#1519 = CYLINDRICAL_SURFACE ( 'NONE', #1263, 0.7500000000000023315 ) ;
#1520 = EDGE_LOOP ( 'NONE', ( #1183, #1313, #283, #364, #618, #1420, #431, #1365 ) ) ;
#1521 = CARTESIAN_POINT ( 'NONE',  ( 17.50000000000000000, -0.8750000000000092149, 1.515544456622767600 ) ) ;
#1522 = LINE ( 'NONE', #93, #911 ) ;
#1523 = EDGE_CURVE ( 'NONE', #1270, #1306, #393, .T. ) ;
#1524 = ORIENTED_EDGE ( 'NONE', *, *, #159, .T. ) ;
#1525 = FACE_OUTER_BOUND ( 'NONE', #696, .T. ) ;
#1526 = ORIENTED_EDGE ( 'NONE', *, *, #564, .F. ) ;
#1527 = DIRECTION ( 'NONE',  ( 0.000000000000000000, 1.000000000000000000, -1.052398908759260972E-14 ) ) ;
#1528 = ORIENTED_EDGE ( 'NONE', *, *, #1364, .T. ) ;
#1529 = PLANE ( 'NONE',  #1120 ) ;
#1530 = AXIS2_PLACEMENT_3D ( 'NONE', #955, #807, #1481 ) ;
#1531 = DIRECTION ( 'NONE',  ( 0.000000000000000000, 0.8660254037844363761, 0.5000000000000039968 ) ) ;
#1532 = EDGE_CURVE ( 'NONE', #765, #1490, #298, .T. ) ;
#1533 = ORIENTED_EDGE ( 'NONE', *, *, #1317, .F. ) ;
#1534 = CARTESIAN_POINT ( 'NONE',  ( -17.93933982822019857, -1.008974596215520103, -3.247595264191638798 ) ) ;
#1535 = CARTESIAN_POINT ( 'NONE',  ( -1.334949105118500512, -2.693768071359047944, -7.000014579533282877 ) ) ;
#1536 = ORIENTED_EDGE ( 'NONE', *, *, #446, .T. ) ;
#1537 = CARTESIAN_POINT ( 'NONE',  ( 3.000000000000000444, -4.987867122739990082E-17, 7.500000000000000000 ) ) ;
#1538 = ADVANCED_FACE ( 'NONE', ( #1103 ), #974, .T. ) ;
#1539 = EDGE_LOOP ( 'NONE', ( #971, #732, #1526, #964, #1122 ) ) ;
#1540 = DIRECTION ( 'NONE',  ( 0.000000000000000000, 0.4999999999999919509, 0.8660254037844432595 ) ) ;
#1541 = CARTESIAN_POINT ( 'NONE',  ( 15.00000000000000000, 0.000000000000000000, 0.000000000000000000 ) ) ;
#1542 = CARTESIAN_POINT ( 'NONE',  ( -16.75000000000000000, -1.874999999999969580, 3.247595264191661890 ) ) ;
#1543 = LINE ( 'NONE', #593, #827 ) ;
#1544 = FACE_OUTER_BOUND ( 'NONE', #1277, .T. ) ;
#1545 = ADVANCED_FACE ( 'NONE', ( #1368 ), #178, .F. ) ;
#1546 = ORIENTED_EDGE ( 'NONE', *, *, #534, .F. ) ;
#1547 = PLANE ( 'NONE',  #1264 ) ;
#1548 = ORIENTED_EDGE ( 'NONE', *, *, #1089, .T. ) ;
#1549 = DIRECTION ( 'NONE',  ( 0.000000000000000000, 1.000000000000000000, -1.052398908759260972E-14 ) ) ;
#1550 = CARTESIAN_POINT ( 'NONE',  ( -0.9728248984206067096, -2.844659426459180018, -6.940065077750274369 ) ) ;
#1551 = DIRECTION ( 'NONE',  ( 0.000000000000000000, -0.4999999999999949485, 0.8660254037844414832 ) ) ;
#1552 = ORIENTED_EDGE ( 'NONE', *, *, #1369, .T. ) ;
#1553 = EDGE_CURVE ( 'NONE', #1245, #135, #438, .T. ) ;
#1554 = DIRECTION ( 'NONE',  ( 1.000000000000000000, -0.000000000000000000, -0.000000000000000000 ) ) ;
#1555 = LINE ( 'NONE', #378, #1696 ) ;
#1556 = LINE ( 'NONE', #1508, #346 ) ;
#1557 = VECTOR ( 'NONE', #984, 1000.000000000000000 ) ;
#1558 = DIRECTION ( 'NONE',  ( 1.000000000000000000, 0.000000000000000000, 0.000000000000000000 ) ) ;
#1559 = STYLED_ITEM ( 'NONE', ( #1441 ), #649 ) ;
#1560 = CARTESIAN_POINT ( 'NONE',  ( -2.258240017807755073, -1.984600768627658551, -7.234095724630662971 ) ) ;
#1561 = VECTOR ( 'NONE', #1272, 1000.000000000000114 ) ;
#1562 = ORIENTED_EDGE ( 'NONE', *, *, #1357, .T. ) ;
#1563 = CIRCLE ( 'NONE', #1267, 3.750000000000000000 ) ;
#1564 = ORIENTED_EDGE ( 'NONE', *, *, #683, .F. ) ;
#1565 = PLANE ( 'NONE',  #569 ) ;
#1566 = EDGE_CURVE ( 'NONE', #587, #242, #355, .T. ) ;
#1567 = CARTESIAN_POINT ( 'NONE',  ( -20.00000000000000000, 1.875000000000037526, 3.247595264191622366 ) ) ;
#1568 = ORIENTED_EDGE ( 'NONE', *, *, #279, .F. ) ;
#1569 = EDGE_CURVE ( 'NONE', #1632, #620, #218, .T. ) ;
#1570 = ORIENTED_EDGE ( 'NONE', *, *, #1126, .F. ) ;
#1571 = EDGE_CURVE ( 'NONE', #1078, #756, #882, .T. ) ;
#1572 = CARTESIAN_POINT ( 'NONE',  ( 2.258046611778908197, 1.984717901499084558, 7.234048979981269056 ) ) ;
#1573 = VERTEX_POINT ( 'NONE', #1025 ) ;
#1574 = CARTESIAN_POINT ( 'NONE',  ( -0.3973251389593238647, -2.980105730599428515, 6.882641345423793133 ) ) ;
#1575 = DIRECTION ( 'NONE',  ( 0.000000000000000000, 0.000000000000000000, 1.000000000000000000 ) ) ;
#1576 = CARTESIAN_POINT ( 'NONE',  ( -20.00000000000000000, 3.750000000000000000, 0.000000000000000000 ) ) ;
#1577 = CARTESIAN_POINT ( 'NONE',  ( -17.50000000000000000, 1.750000000000003775, 0.7500000000000021094 ) ) ;
#1578 = ORIENTED_EDGE ( 'NONE', *, *, #788, .F. ) ;
#1579 = DIRECTION ( 'NONE',  ( 0.000000000000000000, 1.000000000000000000, 0.000000000000000000 ) ) ;
#1580 = CARTESIAN_POINT ( 'NONE',  ( -17.50000000000000000, -2.308012701892204532, -2.497595264191676101 ) ) ;
#1581 = CARTESIAN_POINT ( 'NONE',  ( 17.06066017177979788, -1.008974596215520103, -3.247595264191639242 ) ) ;
#1582 = DIRECTION ( 'NONE',  ( 0.000000000000000000, -1.000000000000000000, 3.353798720221821396E-15 ) ) ;
#1583 = VECTOR ( 'NONE', #577, 1000.000000000000114 ) ;
#1584 = CARTESIAN_POINT ( 'NONE',  ( -17.06066017177979788, -2.308012701892223628, 2.497595264191617037 ) ) ;
#1585 = EDGE_LOOP ( 'NONE', ( #308, #312 ) ) ;
#1586 = VECTOR ( 'NONE', #538, 1000.000000000000000 ) ;
#1587 = CARTESIAN_POINT ( 'NONE',  ( 20.00000000000000000, 3.750000000000000000, 0.000000000000000000 ) ) ;
#1588 = EDGE_CURVE ( 'NONE', #1628, #1700, #1543, .T. ) ;
#1589 = AXIS2_PLACEMENT_3D ( 'NONE', #668, #1327, #1199 ) ;
#1590 = DIRECTION ( 'NONE',  ( 0.000000000000000000, 0.8660254037844432595, -0.4999999999999920064 ) ) ;
#1591 = AXIS2_PLACEMENT_3D ( 'NONE', #818, #1094, #846 ) ;
#1592 = ADVANCED_FACE ( 'NONE', ( #248 ), #784, .T. ) ;
#1593 = FACE_OUTER_BOUND ( 'NONE', #324, .T. ) ;
#1594 = CARTESIAN_POINT ( 'NONE',  ( 5.000000000000000888, 0.000000000000000000, 0.000000000000000000 ) ) ;
#1595 = ORIENTED_EDGE ( 'NONE', *, *, #981, .F. ) ;
#1596 = ORIENTED_EDGE ( 'NONE', *, *, #1089, .F. ) ;
#1597 = CARTESIAN_POINT ( 'NONE',  ( 2.692332128045240580, -1.337888771349317274, 7.381985883268838755 ) ) ;
#1598 = CARTESIAN_POINT ( 'NONE',  ( -15.00000000000000000, 3.750000000000000000, -2.168404344971008868E-16 ) ) ;
#1599 = CARTESIAN_POINT ( 'NONE',  ( 3.000000000000000444, 0.000000000000000000, -7.500000000000000000 ) ) ;
#1600 = CARTESIAN_POINT ( 'NONE',  ( -1.334949105118500512, 2.693768071359047944, 7.000014579533282877 ) ) ;
#1601 = VERTEX_POINT ( 'NONE', #514 ) ;
#1602 = ORIENTED_EDGE ( 'NONE', *, *, #945, .F. ) ;
#1603 = CARTESIAN_POINT ( 'NONE',  ( -17.50000000000000000, -0.8749999999999877875, -1.515544456622778924 ) ) ;
#1604 = SURFACE_STYLE_FILL_AREA ( #1216 ) ;
#1605 = EDGE_CURVE ( 'NONE', #677, #942, #1321, .T. ) ;
#1606 = DIRECTION ( 'NONE',  ( 1.000000000000000000, -0.000000000000000000, -0.000000000000000000 ) ) ;
#1607 = DIRECTION ( 'NONE',  ( 1.000000000000000000, 0.000000000000000000, 0.000000000000000000 ) ) ;
#1608 = ORIENTED_EDGE ( 'NONE', *, *, #251, .T. ) ;
#1609 = PRODUCT ( 'Pivot 2', 'Pivot 2', '', ( #702 ) ) ;
#1610 = DIRECTION ( 'NONE',  ( 1.000000000000000000, 0.000000000000000000, 0.000000000000000000 ) ) ;
#1611 = VECTOR ( 'NONE', #1200, 1000.000000000000000 ) ;
#1612 = AXIS2_PLACEMENT_3D ( 'NONE', #509, #1664, #1047 ) ;
#1613 =( LENGTH_UNIT ( ) NAMED_UNIT ( * ) SI_UNIT ( .MILLI., .METRE. ) );
#1614 = AXIS2_PLACEMENT_3D ( 'NONE', #199, #1123, #1659 ) ;
#1615 = DIRECTION ( 'NONE',  ( -0.000000000000000000, -0.000000000000000000, 1.000000000000000000 ) ) ;
#1616 = AXIS2_PLACEMENT_3D ( 'NONE', #1038, #11, #782 ) ;
#1617 = CARTESIAN_POINT ( 'NONE',  ( -17.50000000000000000, -1.524519052838338551, 1.140544456622763381 ) ) ;
#1618 = EDGE_CURVE ( 'NONE', #530, #255, #46, .T. ) ;
#1619 = ORIENTED_EDGE ( 'NONE', *, *, #1499, .T. ) ;
#1620 = ORIENTED_EDGE ( 'NONE', *, *, #426, .F. ) ;
#1621 =( BOUNDED_CURVE ( )  B_SPLINE_CURVE ( 3, ( #425, #800, #1466, #273 ),
 .UNSPECIFIED., .F., .F. ) 
 B_SPLINE_CURVE_WITH_KNOTS ( ( 4, 4 ),
 ( 3.141592653589793116, 4.712388980384631942 ),
 .UNSPECIFIED. ) 
 CURVE ( )  GEOMETRIC_REPRESENTATION_ITEM ( )  RATIONAL_B_SPLINE_CURVE ( ( 1.000000000000000000, 0.8047378541243785932, 0.8047378541243785932, 1.000000000000000000 ) ) 
 REPRESENTATION_ITEM ( '' )  );
#1622 = CARTESIAN_POINT ( 'NONE',  ( -2.693833789987325922, 1.334702203915927088, -7.382538715668408358 ) ) ;
#1623 = CARTESIAN_POINT ( 'NONE',  ( -16.75000000000000000, 3.750000000000000000, 0.000000000000000000 ) ) ;
#1624 = CARTESIAN_POINT ( 'NONE',  ( 17.50000000000000000, -1.008974596215580721, 3.247595264191652120 ) ) ;
#1625 = ORIENTED_EDGE ( 'NONE', *, *, #822, .F. ) ;
#1626 = DIRECTION ( 'NONE',  ( -0.000000000000000000, 1.000000000000000000, -0.000000000000000000 ) ) ;
#1627 = CARTESIAN_POINT ( 'NONE',  ( 2.691945133963340009, -1.338887653238098885, -7.381839872778491518 ) ) ;
#1628 = VERTEX_POINT ( 'NONE', #652 ) ;
#1629 = PLANE ( 'NONE',  #1232 ) ;
#1630 = ORIENTED_EDGE ( 'NONE', *, *, #1463, .T. ) ;
#1631 = CARTESIAN_POINT ( 'NONE',  ( 17.50000000000000000, -2.308012701892223628, 2.497595264191616593 ) ) ;
#1632 = VERTEX_POINT ( 'NONE', #1334 ) ;
#1633 = DIRECTION ( 'NONE',  ( -0.000000000000000000, 0.5000000000000068834, 0.8660254037844345998 ) ) ;
#1634 = EDGE_CURVE ( 'NONE', #1628, #119, #274, .T. ) ;
#1635 = AXIS2_PLACEMENT_3D ( 'NONE', #502, #863, #1032 ) ;
#1636 = DIRECTION ( 'NONE',  ( 0.000000000000000000, -0.5000000000000039968, 0.8660254037844362651 ) ) ;
#1637 = AXIS2_PLACEMENT_3D ( 'NONE', #213, #470, #1035 ) ;
#1638 = EDGE_CURVE ( 'NONE', #1506, #1341, #1349, .T. ) ;
#1639 = DIRECTION ( 'NONE',  ( 0.000000000000000000, 0.000000000000000000, 1.000000000000000000 ) ) ;
#1640 = AXIS2_PLACEMENT_3D ( 'NONE', #1375, #87, #987 ) ;
#1641 = VECTOR ( 'NONE', #692, 1000.000000000000114 ) ;
#1642 = ORIENTED_EDGE ( 'NONE', *, *, #1618, .F. ) ;
#1643 = DIRECTION ( 'NONE',  ( 1.000000000000000000, 0.000000000000000000, 0.000000000000000000 ) ) ;
#1644 = FACE_OUTER_BOUND ( 'NONE', #1158, .T. ) ;
#1645 = VERTEX_POINT ( 'NONE', #1 ) ;
#1646 = CARTESIAN_POINT ( 'NONE',  ( 5.000000000000000000, 0.000000000000000000, 0.000000000000000000 ) ) ;
#1647 = ORIENTED_EDGE ( 'NONE', *, *, #978, .F. ) ;
#1648 = CARTESIAN_POINT ( 'NONE',  ( 17.93933982822015594, -1.008974596215580943, 3.247595264191651676 ) ) ;
#1649 = DIRECTION ( 'NONE',  ( 0.000000000000000000, 0.000000000000000000, -1.000000000000000000 ) ) ;
#1650 = VERTEX_POINT ( 'NONE', #535 ) ;
#1651 = CARTESIAN_POINT ( 'NONE',  ( 17.06066017177979788, -2.308012701892223628, 2.497595264191617037 ) ) ;
#1652 = ORIENTED_EDGE ( 'NONE', *, *, #390, .T. ) ;
#1653 = CARTESIAN_POINT ( 'NONE',  ( 17.50000000000000000, 1.750000000000003775, 0.000000000000000000 ) ) ;
#1654 = ORIENTED_EDGE ( 'NONE', *, *, #1588, .T. ) ;
#1655 = EDGE_CURVE ( 'NONE', #189, #210, #179, .T. ) ;
#1656 = DIRECTION ( 'NONE',  ( 0.000000000000000000, 0.000000000000000000, -1.000000000000000000 ) ) ;
#1657 = CARTESIAN_POINT ( 'NONE',  ( -15.00000000000000000, -1.089178084084438044E-14, -3.247595264191642794 ) ) ;
#1658 = VERTEX_POINT ( 'NONE', #1060 ) ;
#1659 = DIRECTION ( 'NONE',  ( 0.000000000000000000, 0.000000000000000000, 1.000000000000000000 ) ) ;
#1660 = CARTESIAN_POINT ( 'NONE',  ( -0.3992230799053758661, -2.979848127620675857, -6.882753591319177744 ) ) ;
#1661 = VERTEX_POINT ( 'NONE', #1177 ) ;
#1662 = LINE ( 'NONE', #767, #629 ) ;
#1663 = VERTEX_POINT ( 'NONE', #134 ) ;
#1664 = DIRECTION ( 'NONE',  ( -0.000000000000000000, -0.000000000000000000, 1.000000000000000000 ) ) ;
#1665 = AXIS2_PLACEMENT_3D ( 'NONE', #1195, #681, #1582 ) ;
#1666 = CARTESIAN_POINT ( 'NONE',  ( -15.00000000000000000, 3.417765712127027887E-14, 3.247595264191642350 ) ) ;
#1667 = AXIS2_PLACEMENT_3D ( 'NONE', #120, #944, #260 ) ;
#1668 = CIRCLE ( 'NONE', #1589, 0.7500000000000022204 ) ;
#1669 = LINE ( 'NONE', #1385, #1017 ) ;
#1670 = VECTOR ( 'NONE', #550, 1000.000000000000000 ) ;
#1671 = CARTESIAN_POINT ( 'NONE',  ( -2.980166342031684401, 0.3973874120402384746, 7.492002313981848793 ) ) ;
#1672 = VERTEX_POINT ( 'NONE', #1577 ) ;
#1673 = CARTESIAN_POINT ( 'NONE',  ( -17.50000000000000000, -0.8749999999999877875, -1.515544456622778924 ) ) ;
#1674 = PLANE ( 'NONE',  #1456 ) ;
#1675 = CARTESIAN_POINT ( 'NONE',  ( -15.00000000000000000, 0.000000000000000000, 0.000000000000000000 ) ) ;
#1676 = PLANE ( 'NONE',  #1151 ) ;
#1677 = EDGE_CURVE ( 'NONE', #1601, #45, #266, .T. ) ;
#1678 = DIRECTION ( 'NONE',  ( 1.000000000000000000, 0.000000000000000000, 0.000000000000000000 ) ) ;
#1679 = DIRECTION ( 'NONE',  ( 0.000000000000000000, 0.8660254037844363761, 0.5000000000000039968 ) ) ;
#1680 = EDGE_LOOP ( 'NONE', ( #1528, #865 ) ) ;
#1681 = DIRECTION ( 'NONE',  ( 0.000000000000000000, -0.8660254037844432595, 0.4999999999999919509 ) ) ;
#1682 = LINE ( 'NONE', #246, #824 ) ;
#1683 = VERTEX_POINT ( 'NONE', #941 ) ;
#1684 = CARTESIAN_POINT ( 'NONE',  ( -20.00000000000000000, -1.875000000000014433, -3.247595264191636133 ) ) ;
#1685 = CARTESIAN_POINT ( 'NONE',  ( 17.50000000000000000, -0.8749999999999877875, -1.515544456622778924 ) ) ;
#1686 = ORIENTED_EDGE ( 'NONE', *, *, #1001, .T. ) ;
#1687 = CARTESIAN_POINT ( 'NONE',  ( -0.1962455686715917635, -3.000120151002120039, 6.873811104248994219 ) ) ;
#1688 = ORIENTED_EDGE ( 'NONE', *, *, #822, .T. ) ;
#1689 = CARTESIAN_POINT ( 'NONE',  ( 17.50000000000000000, 3.316987298107784365, 0.7500000000000021094 ) ) ;
#1690 = EDGE_CURVE ( 'NONE', #165, #29, #23, .T. ) ;
#1691 = CARTESIAN_POINT ( 'NONE',  ( 15.00000000000000000, 0.000000000000000000, 3.750000000000000000 ) ) ;
#1692 = DIRECTION ( 'NONE',  ( 0.000000000000000000, 1.000000000000000000, -1.052398908759260972E-14 ) ) ;
#1693 = EDGE_CURVE ( 'NONE', #1101, #1497, #20, .T. ) ;
#1694 =( BOUNDED_CURVE ( )  B_SPLINE_CURVE ( 3, ( #500, #1137, #1435, #1278 ),
 .UNSPECIFIED., .F., .F. ) 
 B_SPLINE_CURVE_WITH_KNOTS ( ( 4, 4 ),
 ( 1.570796326794887454, 3.141592653589793116 ),
 .UNSPECIFIED. ) 
 CURVE ( )  GEOMETRIC_REPRESENTATION_ITEM ( )  RATIONAL_B_SPLINE_CURVE ( ( 1.000000000000000000, 0.8047378541243628280, 0.8047378541243628280, 1.000000000000000000 ) ) 
 REPRESENTATION_ITEM ( '' )  );
#1695 = CIRCLE ( 'NONE', #1637, 3.750000000000000000 ) ;
#1696 = VECTOR ( 'NONE', #272, 1000.000000000000000 ) ;
#1697 =( LENGTH_UNIT ( ) NAMED_UNIT ( * ) SI_UNIT ( .MILLI., .METRE. ) );
#1698 = VECTOR ( 'NONE', #900, 1000.000000000000000 ) ;
#1699 = CARTESIAN_POINT ( 'NONE',  ( -1.984865881696844081, -2.257874756427606044, 7.153495611923148978 ) ) ;
#1700 = VERTEX_POINT ( 'NONE', #1083 ) ;
#1701 = LINE ( 'NONE', #927, #67 ) ;
#1702 = CARTESIAN_POINT ( 'NONE',  ( 5.000000000000000000, 0.000000000000000000, 7.500000000000000000 ) ) ;
#1703 = CARTESIAN_POINT ( 'NONE',  ( -17.50000000000000000, -0.2254809471616534833, -1.890544456622774039 ) ) ;
ENDSEC;
END-ISO-10303-21;
