ISO-10303-21;
HEADER;
FILE_DESCRIPTION (( 'STEP AP214' ),
    '1' );
FILE_NAME ('spur gear_am.STEP',
    '2026-02-05T02:31:43',
    ( '' ),
    ( '' ),
    'SwSTEP 2.0',
    'SolidWorks 2025',
    '' );
FILE_SCHEMA (( 'AUTOMOTIVE_DESIGN' ));
ENDSEC;

DATA;
#1 = VERTEX_POINT ( 'NONE', #3433 ) ;
#2 = CARTESIAN_POINT ( 'NONE',  ( 2.000000000000000000, 10.97215603256003114, 24.67005861357359109 ) ) ;
#3 = ORIENTED_EDGE ( 'NONE', *, *, #3511, .F. ) ;
#4 = CIRCLE ( 'NONE', #1212, 10.00000000000000355 ) ;
#5 = ADVANCED_FACE ( 'NONE', ( #1407 ), #3737, .T. ) ;
#6 = VERTEX_POINT ( 'NONE', #59 ) ;
#7 = ORIENTED_EDGE ( 'NONE', *, *, #2831, .F. ) ;
#8 = CARTESIAN_POINT ( 'NONE',  ( 2.000000000000000000, -3.839498604290179085, 23.17643499554183251 ) ) ;
#9 = DIRECTION ( 'NONE',  ( 0.000000000000000000, 0.9980267284282717810, -0.06279051952930997382 ) ) ;
#10 = LINE ( 'NONE', #1788, #2491 ) ;
#11 = CARTESIAN_POINT ( 'NONE',  ( 2.000000000000000000, 12.84376727072260849, 18.47275407987436324 ) ) ;
#12 = ORIENTED_EDGE ( 'NONE', *, *, #3742, .T. ) ;
#13 = LINE ( 'NONE', #313, #3650 ) ;
#14 = DIRECTION ( 'NONE',  ( -1.000000000000000000, -0.000000000000000000, 0.000000000000000000 ) ) ;
#15 = ADVANCED_FACE ( 'NONE', ( #1821 ), #3576, .T. ) ;
#16 = VERTEX_POINT ( 'NONE', #666 ) ;
#17 = LINE ( 'NONE', #3485, #2726 ) ;
#18 = VERTEX_POINT ( 'NONE', #3313 ) ;
#19 = AXIS2_PLACEMENT_3D ( 'NONE', #2360, #96, #932 ) ;
#20 = ADVANCED_FACE ( 'NONE', ( #2716 ), #685, .T. ) ;
#21 = VECTOR ( 'NONE', #465, 1000.000000000000000 ) ;
#22 = CYLINDRICAL_SURFACE ( 'NONE', #1018, 27.00000000000000000 ) ;
#23 = VERTEX_POINT ( 'NONE', #3024 ) ;
#24 = ORIENTED_EDGE ( 'NONE', *, *, #461, .T. ) ;
#25 = DIRECTION ( 'NONE',  ( 0.000000000000000000, 0.000000000000000000, 1.000000000000000000 ) ) ;
#26 = AXIS2_PLACEMENT_3D ( 'NONE', #650, #954, #1545 ) ;
#27 = AXIS2_PLACEMENT_3D ( 'NONE', #1086, #2251, #800 ) ;
#28 = DIRECTION ( 'NONE',  ( -1.000000000000000000, 0.000000000000000000, 0.000000000000000000 ) ) ;
#29 = CARTESIAN_POINT ( 'NONE',  ( 2.000000000000000000, 22.60544435938623664, -6.393963868338249590 ) ) ;
#30 = CYLINDRICAL_SURFACE ( 'NONE', #1603, 27.00000000000000000 ) ;
#31 = AXIS2_PLACEMENT_3D ( 'NONE', #3398, #2826, #526 ) ;
#32 = ORIENTED_EDGE ( 'NONE', *, *, #2072, .T. ) ;
#33 = CARTESIAN_POINT ( 'NONE',  ( -10.00000000000000000, 0.000000000000000000, 0.000000000000000000 ) ) ;
#34 = CARTESIAN_POINT ( 'NONE',  ( 2.000000000000000000, 0.000000000000000000, 0.000000000000000000 ) ) ;
#35 = ADVANCED_FACE ( 'NONE', ( #3526 ), #2131, .T. ) ;
#36 = AXIS2_PLACEMENT_3D ( 'NONE', #362, #3633, #2200 ) ;
#37 = VERTEX_POINT ( 'NONE', #3559 ) ;
#38 = DIRECTION ( 'NONE',  ( 0.000000000000000000, 0.000000000000000000, 1.000000000000000000 ) ) ;
#39 = ORIENTED_EDGE ( 'NONE', *, *, #1902, .F. ) ;
#40 = EDGE_CURVE ( 'NONE', #315, #1617, #1841, .T. ) ;
#41 = CARTESIAN_POINT ( 'NONE',  ( 2.000000000000000000, -21.24883841118704453, -7.395394997920123004 ) ) ;
#42 = VERTEX_POINT ( 'NONE', #113 ) ;
#43 = CARTESIAN_POINT ( 'NONE',  ( 0.000000000000000000, -19.33588636798678451, 13.34212827847284721 ) ) ;
#44 = DIRECTION ( 'NONE',  ( -1.000000000000000000, 0.000000000000000000, -0.000000000000000000 ) ) ;
#45 = FACE_OUTER_BOUND ( 'NONE', #1362, .T. ) ;
#46 = DIRECTION ( 'NONE',  ( 0.000000000000000000, 0.000000000000000000, 1.000000000000000000 ) ) ;
#47 = CARTESIAN_POINT ( 'NONE',  ( 0.000000000000000000, -23.22856984560560534, -3.510332115732631486 ) ) ;
#48 = ORIENTED_EDGE ( 'NONE', *, *, #3607, .F. ) ;
#49 = DIRECTION ( 'NONE',  ( 0.000000000000000000, 0.5877852522924684742, 0.8090169943749506709 ) ) ;
#50 = FILL_AREA_STYLE ('',( #1508 ) ) ;
#51 = EDGE_CURVE ( 'NONE', #1416, #809, #705, .T. ) ;
#52 = VERTEX_POINT ( 'NONE', #401 ) ;
#53 = CARTESIAN_POINT ( 'NONE',  ( 2.000000000000000000, -19.33588636798678451, 13.34212827847284721 ) ) ;
#54 = EDGE_LOOP ( 'NONE', ( #3171, #1941, #1733, #795 ) ) ;
#55 = EDGE_CURVE ( 'NONE', #3664, #870, #74, .T. ) ;
#56 = CIRCLE ( 'NONE', #3578, 9.999999999999996447 ) ;
#57 = DIRECTION ( 'NONE',  ( -1.000000000000000000, 0.000000000000000000, 0.000000000000000000 ) ) ;
#58 = ORIENTED_EDGE ( 'NONE', *, *, #3507, .T. ) ;
#59 = CARTESIAN_POINT ( 'NONE',  ( 2.000000000000000000, 22.47909678269662592, -0.9461547622656881762 ) ) ;
#60 = AXIS2_PLACEMENT_3D ( 'NONE', #2872, #532, #259 ) ;
#61 = CYLINDRICAL_SURFACE ( 'NONE', #1063, 9.999999999999998224 ) ;
#62 = CIRCLE ( 'NONE', #1946, 9.999999999999998224 ) ;
#63 = ORIENTED_EDGE ( 'NONE', *, *, #1156, .F. ) ;
#64 = CYLINDRICAL_SURFACE ( 'NONE', #1813, 22.49899999999999878 ) ;
#65 = DIRECTION ( 'NONE',  ( 0.000000000000000000, 0.000000000000000000, 1.000000000000000000 ) ) ;
#66 = AXIS2_PLACEMENT_3D ( 'NONE', #2349, #3515, #46 ) ;
#67 = VERTEX_POINT ( 'NONE', #359 ) ;
#68 = CARTESIAN_POINT ( 'NONE',  ( 0.000000000000000000, 0.000000000000000000, 0.000000000000000000 ) ) ;
#69 = DIRECTION ( 'NONE',  ( -1.000000000000000000, 0.000000000000000000, 0.000000000000000000 ) ) ;
#70 = EDGE_CURVE ( 'NONE', #2940, #3305, #2813, .T. ) ;
#71 = ORIENTED_EDGE ( 'NONE', *, *, #1900, .F. ) ;
#72 = DIRECTION ( 'NONE',  ( 0.000000000000000000, -0.5877852522924803536, 0.8090169943749422332 ) ) ;
#73 = ORIENTED_EDGE ( 'NONE', *, *, #134, .F. ) ;
#74 = CIRCLE ( 'NONE', #2564, 10.00000000000000000 ) ;
#75 = CARTESIAN_POINT ( 'NONE',  ( 2.000000000000000000, 2.355761907506335184, -22.37532987097937820 ) ) ;
#76 = ORIENTED_EDGE ( 'NONE', *, *, #3107, .F. ) ;
#77 = DIRECTION ( 'NONE',  ( 0.000000000000000000, 0.000000000000000000, 1.000000000000000000 ) ) ;
#78 = CARTESIAN_POINT ( 'NONE',  ( 2.000000000000000000, 15.73886882308577562, 16.07771778486295133 ) ) ;
#79 = EDGE_CURVE ( 'NONE', #475, #2233, #2415, .T. ) ;
#80 = ORIENTED_EDGE ( 'NONE', *, *, #2376, .T. ) ;
#81 = CYLINDRICAL_SURFACE ( 'NONE', #2304, 27.00000000000000000 ) ;
#82 = CARTESIAN_POINT ( 'NONE',  ( 0.000000000000000000, -21.24883841118715111, 7.395394997919818358 ) ) ;
#83 = AXIS2_PLACEMENT_3D ( 'NONE', #696, #3287, #1301 ) ;
#84 = EDGE_CURVE ( 'NONE', #1622, #1, #1471, .T. ) ;
#85 = VECTOR ( 'NONE', #523, 1000.000000000000000 ) ;
#86 = VERTEX_POINT ( 'NONE', #3597 ) ;
#87 = DIRECTION ( 'NONE',  ( 0.000000000000000000, 0.000000000000000000, -1.000000000000000000 ) ) ;
#88 = DIRECTION ( 'NONE',  ( 0.000000000000000000, -0.9980267284282708928, -0.06279051952932448999 ) ) ;
#89 = CARTESIAN_POINT ( 'NONE',  ( 2.000000000000000000, 17.51120504885502882, 15.66035077422839983 ) ) ;
#90 = CIRCLE ( 'NONE', #935, 10.00000000000000000 ) ;
#91 = VERTEX_POINT ( 'NONE', #986 ) ;
#92 = CARTESIAN_POINT ( 'NONE',  ( 2.000000000000000000, -13.97761552327908241, -23.10035203808347859 ) ) ;
#93 = CARTESIAN_POINT ( 'NONE',  ( 2.000000000000000000, 12.10169028542928338, -20.13549057933450115 ) ) ;
#94 = CARTESIAN_POINT ( 'NONE',  ( 1.000000000000000000, -14.95044421027533410, -22.48297618011114096 ) ) ;
#95 = ORIENTED_EDGE ( 'NONE', *, *, #2471, .F. ) ;
#96 = DIRECTION ( 'NONE',  ( -1.000000000000000000, -0.000000000000000000, -0.000000000000000000 ) ) ;
#97 = VECTOR ( 'NONE', #540, 1000.000000000000000 ) ;
#98 = EDGE_CURVE ( 'NONE', #2028, #3510, #3730, .T. ) ;
#99 = ORIENTED_EDGE ( 'NONE', *, *, #1697, .F. ) ;
#100 = LINE ( 'NONE', #2115, #1453 ) ;
#101 = DIRECTION ( 'NONE',  ( -1.000000000000000000, -0.000000000000000000, -0.000000000000000000 ) ) ;
#102 = EDGE_CURVE ( 'NONE', #2368, #2898, #1531, .T. ) ;
#103 = ORIENTED_EDGE ( 'NONE', *, *, #1435, .F. ) ;
#104 = DIRECTION ( 'NONE',  ( -1.000000000000000000, 0.000000000000000000, 0.000000000000000000 ) ) ;
#105 = CARTESIAN_POINT ( 'NONE',  ( 0.000000000000000000, -22.42042702619131589, -1.878683838017982888 ) ) ;
#106 = DIRECTION ( 'NONE',  ( -1.000000000000000000, 0.000000000000000000, -0.000000000000000000 ) ) ;
#107 = VERTEX_POINT ( 'NONE', #3238 ) ;
#108 = CARTESIAN_POINT ( 'NONE',  ( 0.000000000000000000, -10.51654707034488290, -21.00693043621895839 ) ) ;
#109 = LINE ( 'NONE', #1267, #1979 ) ;
#110 = AXIS2_PLACEMENT_3D ( 'NONE', #3204, #1703, #1467 ) ;
#111 = LINE ( 'NONE', #1307, #1206 ) ;
#112 = ORIENTED_EDGE ( 'NONE', *, *, #2556, .T. ) ;
#113 = CARTESIAN_POINT ( 'NONE',  ( 0.000000000000000000, -23.22856984560565863, 13.51033211573229487 ) ) ;
#114 = CIRCLE ( 'NONE', #2854, 9.999999999999998224 ) ;
#115 = VECTOR ( 'NONE', #871, 1000.000000000000000 ) ;
#116 = AXIS2_PLACEMENT_3D ( 'NONE', #859, #1466, #3757 ) ;
#117 = ORIENTED_EDGE ( 'NONE', *, *, #513, .F. ) ;
#118 = CARTESIAN_POINT ( 'NONE',  ( 0.9999999999999991118, 26.70879461214788009, -3.954780697598852424 ) ) ;
#119 = DIRECTION ( 'NONE',  ( 0.000000000000000000, 0.000000000000000000, 1.000000000000000000 ) ) ;
#120 = CIRCLE ( 'NONE', #729, 9.999999999999996447 ) ;
#121 = ORIENTED_EDGE ( 'NONE', *, *, #1994, .T. ) ;
#122 = CARTESIAN_POINT ( 'NONE',  ( 0.000000000000000000, 6.714000551477021794, -22.51246510779502685 ) ) ;
#123 = CARTESIAN_POINT ( 'NONE',  ( 2.000000000000000000, 4.492251481453591211, 26.62366760285626199 ) ) ;
#124 = CYLINDRICAL_SURFACE ( 'NONE', #2085, 9.999999999999998224 ) ;
#125 = EDGE_LOOP ( 'NONE', ( #3480, #571, #3161, #2440 ) ) ;
#126 = DIRECTION ( 'NONE',  ( -1.000000000000000000, -0.000000000000000000, 0.000000000000000000 ) ) ;
#127 = EDGE_CURVE ( 'NONE', #1283, #3264, #2139, .T. ) ;
#128 = DIRECTION ( 'NONE',  ( -1.000000000000000000, 0.000000000000000000, -0.000000000000000000 ) ) ;
#129 = EDGE_CURVE ( 'NONE', #3264, #2472, #341, .T. ) ;
#130 = DIRECTION ( 'NONE',  ( -1.000000000000000000, 0.000000000000000000, 0.000000000000000000 ) ) ;
#131 = EDGE_LOOP ( 'NONE', ( #1121, #1808, #3603, #1863 ) ) ;
#132 = DIRECTION ( 'NONE',  ( -1.000000000000000000, 0.000000000000000000, 0.000000000000000000 ) ) ;
#133 = ADVANCED_FACE ( 'NONE', ( #1801 ), #2967, .T. ) ;
#134 = EDGE_CURVE ( 'NONE', #23, #3664, #1041, .T. ) ;
#135 = EDGE_LOOP ( 'NONE', ( #3630, #117, #2633, #3678 ) ) ;
#136 = DIRECTION ( 'NONE',  ( -1.000000000000000000, -0.000000000000000000, 0.000000000000000000 ) ) ;
#137 = DIRECTION ( 'NONE',  ( 0.000000000000000000, 0.000000000000000000, 1.000000000000000000 ) ) ;
#138 = AXIS2_PLACEMENT_3D ( 'NONE', #2094, #1785, #2951 ) ;
#139 = AXIS2_PLACEMENT_3D ( 'NONE', #2103, #106, #1530 ) ;
#140 = ORIENTED_EDGE ( 'NONE', *, *, #852, .F. ) ;
#141 = DIRECTION ( 'NONE',  ( -1.000000000000000000, -0.000000000000000000, 0.000000000000000000 ) ) ;
#142 = CARTESIAN_POINT ( 'NONE',  ( 2.000000000000000000, -13.59969078313216606, -17.92354350018963061 ) ) ;
#143 = CARTESIAN_POINT ( 'NONE',  ( 0.000000000000000000, 21.49986500320993699, -16.33266067864475701 ) ) ;
#144 = VERTEX_POINT ( 'NONE', #1618 ) ;
#145 = DIRECTION ( 'NONE',  ( 0.000000000000000000, -0.9510565162951500895, -0.3090169943749583314 ) ) ;
#146 = AXIS2_PLACEMENT_3D ( 'NONE', #2806, #2476, #1318 ) ;
#147 = DIRECTION ( 'NONE',  ( -1.000000000000000000, 0.000000000000000000, -0.000000000000000000 ) ) ;
#148 = CYLINDRICAL_SURFACE ( 'NONE', #36, 27.00000000000000000 ) ;
#149 = EDGE_CURVE ( 'NONE', #3184, #3212, #3328, .T. ) ;
#150 = CARTESIAN_POINT ( 'NONE',  ( 1.000000000000000000, 5.624035930975010977, -26.40776817239772001 ) ) ;
#151 = EDGE_LOOP ( 'NONE', ( #2848, #3489, #3015, #3549 ) ) ;
#152 = CARTESIAN_POINT ( 'NONE',  ( 2.000000000000000000, 0.000000000000000000, 0.000000000000000000 ) ) ;
#153 = ORIENTED_EDGE ( 'NONE', *, *, #3133, .T. ) ;
#154 = DIRECTION ( 'NONE',  ( 0.000000000000000000, 0.000000000000000000, 1.000000000000000000 ) ) ;
#155 = DIRECTION ( 'NONE',  ( -1.000000000000000000, 0.000000000000000000, -0.000000000000000000 ) ) ;
#156 = AXIS2_PLACEMENT_3D ( 'NONE', #2127, #3003, #3054 ) ;
#157 = EDGE_LOOP ( 'NONE', ( #1351, #2118, #981, #2783 ) ) ;
#158 = CARTESIAN_POINT ( 'NONE',  ( 2.000000000000000000, -18.66423552949819609, -14.26657634943784103 ) ) ;
#159 = CARTESIAN_POINT ( 'NONE',  ( 2.000000000000000000, 15.73886882308601542, -16.07771778486271685 ) ) ;
#160 = DIRECTION ( 'NONE',  ( -1.000000000000000000, -0.000000000000000000, -0.000000000000000000 ) ) ;
#161 = ORIENTED_EDGE ( 'NONE', *, *, #2705, .F. ) ;
#162 = DIRECTION ( 'NONE',  ( 0.000000000000000000, 0.000000000000000000, -1.000000000000000000 ) ) ;
#163 = CARTESIAN_POINT ( 'NONE',  ( 0.000000000000000000, 0.000000000000000000, 0.000000000000000000 ) ) ;
#164 = DIRECTION ( 'NONE',  ( 0.000000000000000000, -0.8443279255020087470, -0.5358267949790065376 ) ) ;
#165 = EDGE_CURVE ( 'NONE', #1984, #286, #1896, .T. ) ;
#166 = DIRECTION ( 'NONE',  ( -1.000000000000000000, 0.000000000000000000, 0.000000000000000000 ) ) ;
#167 = VERTEX_POINT ( 'NONE', #830 ) ;
#168 = DIRECTION ( 'NONE',  ( -1.000000000000000000, -0.000000000000000000, 0.000000000000000000 ) ) ;
#169 = ORIENTED_EDGE ( 'NONE', *, *, #2399, .F. ) ;
#170 = DIRECTION ( 'NONE',  ( 0.000000000000000000, 0.9822872507286879440, 0.1873813145857286810 ) ) ;
#171 = CARTESIAN_POINT ( 'NONE',  ( 2.000000000000000000, 0.000000000000000000, 0.000000000000000000 ) ) ;
#172 = AXIS2_PLACEMENT_3D ( 'NONE', #2527, #1732, #1995 ) ;
#173 = VECTOR ( 'NONE', #2990, 1000.000000000000000 ) ;
#174 = ORIENTED_EDGE ( 'NONE', *, *, #1406, .F. ) ;
#175 = DIRECTION ( 'NONE',  ( 1.000000000000000000, -0.000000000000000000, -0.000000000000000000 ) ) ;
#176 = CARTESIAN_POINT ( 'NONE',  ( 0.000000000000000000, 11.24603749546732701, 19.48670422751223086 ) ) ;
#177 = CYLINDRICAL_SURFACE ( 'NONE', #1112, 22.49899999999999878 ) ;
#178 = AXIS2_PLACEMENT_3D ( 'NONE', #2790, #183, #3135 ) ;
#179 = CIRCLE ( 'NONE', #3098, 9.999999999999998224 ) ;
#180 = EDGE_CURVE ( 'NONE', #358, #2497, #2265, .T. ) ;
#181 = VECTOR ( 'NONE', #1281, 1000.000000000000000 ) ;
#182 = ORIENTED_EDGE ( 'NONE', *, *, #1975, .F. ) ;
#183 = DIRECTION ( 'NONE',  ( -1.000000000000000000, 0.000000000000000000, -0.000000000000000000 ) ) ;
#184 = CARTESIAN_POINT ( 'NONE',  ( 2.000000000000000000, 0.000000000000000000, 0.000000000000000000 ) ) ;
#185 = CARTESIAN_POINT ( 'NONE',  ( 2.000000000000000000, -8.715027478441816911, 20.74254798837413460 ) ) ;
#186 = EDGE_CURVE ( 'NONE', #2882, #403, #1230, .T. ) ;
#187 = DIRECTION ( 'NONE',  ( 0.000000000000000000, 0.000000000000000000, -1.000000000000000000 ) ) ;
#188 = VERTEX_POINT ( 'NONE', #2737 ) ;
#189 = ORIENTED_EDGE ( 'NONE', *, *, #1408, .T. ) ;
#190 = ORIENTED_EDGE ( 'NONE', *, *, #1080, .T. ) ;
#191 = ORIENTED_EDGE ( 'NONE', *, *, #916, .T. ) ;
#192 = CARTESIAN_POINT ( 'NONE',  ( 0.000000000000000000, 17.51120504885525264, -15.66035077422815114 ) ) ;
#193 = CYLINDRICAL_SURFACE ( 'NONE', #1668, 22.49899999999999878 ) ;
#194 = ORIENTED_EDGE ( 'NONE', *, *, #40, .F. ) ;
#195 = LINE ( 'NONE', #1031, #3613 ) ;
#196 = DIRECTION ( 'NONE',  ( -1.000000000000000000, -0.000000000000000000, 0.000000000000000000 ) ) ;
#197 = DIRECTION ( 'NONE',  ( -1.000000000000000000, 0.000000000000000000, -0.000000000000000000 ) ) ;
#198 = AXIS2_PLACEMENT_3D ( 'NONE', #3173, #14, #2961 ) ;
#199 = AXIS2_PLACEMENT_3D ( 'NONE', #2537, #197, #3400 ) ;
#200 = ORIENTED_EDGE ( 'NONE', *, *, #1716, .T. ) ;
#201 = FACE_OUTER_BOUND ( 'NONE', #955, .T. ) ;
#202 = CARTESIAN_POINT ( 'NONE',  ( 2.000000000000000000, 0.000000000000000000, 0.000000000000000000 ) ) ;
#203 = DIRECTION ( 'NONE',  ( 0.000000000000000000, 0.000000000000000000, 1.000000000000000000 ) ) ;
#204 = EDGE_CURVE ( 'NONE', #286, #3295, #1832, .T. ) ;
#205 = VECTOR ( 'NONE', #155, 1000.000000000000000 ) ;
#206 = CARTESIAN_POINT ( 'NONE',  ( 2.000000000000000000, -23.37178570732658756, 2.376661836636957847 ) ) ;
#207 = VERTEX_POINT ( 'NONE', #1290 ) ;
#208 = AXIS2_PLACEMENT_3D ( 'NONE', #3647, #446, #2784 ) ;
#209 = EDGE_CURVE ( 'NONE', #2028, #3712, #2279, .T. ) ;
#210 = ORIENTED_EDGE ( 'NONE', *, *, #3636, .F. ) ;
#211 = ORIENTED_EDGE ( 'NONE', *, *, #495, .F. ) ;
#212 = VERTEX_POINT ( 'NONE', #3443 ) ;
#213 = CARTESIAN_POINT ( 'NONE',  ( 2.000000000000000000, 0.000000000000000000, 0.000000000000000000 ) ) ;
#214 = CARTESIAN_POINT ( 'NONE',  ( 0.000000000000000000, -20.07203732282794562, 18.05860785639363542 ) ) ;
#215 = ADVANCED_FACE ( 'NONE', ( #2776 ), #2757, .T. ) ;
#216 = EDGE_CURVE ( 'NONE', #3124, #3067, #3426, .T. ) ;
#217 = CIRCLE ( 'NONE', #2346, 9.999999999999996447 ) ;
#218 = ORIENTED_EDGE ( 'NONE', *, *, #1643, .F. ) ;
#219 = CARTESIAN_POINT ( 'NONE',  ( 2.000000000000000000, 17.51120504885502882, 15.66035077422839983 ) ) ;
#220 = FACE_OUTER_BOUND ( 'NONE', #1370, .T. ) ;
#221 = DIRECTION ( 'NONE',  ( -1.000000000000000000, 0.000000000000000000, 0.000000000000000000 ) ) ;
#222 = VERTEX_POINT ( 'NONE', #2296 ) ;
#223 = DIRECTION ( 'NONE',  ( 0.000000000000000000, 0.000000000000000000, 1.000000000000000000 ) ) ;
#224 = CYLINDRICAL_SURFACE ( 'NONE', #3692, 27.00000000000000000 ) ;
#225 = CYLINDRICAL_SURFACE ( 'NONE', #3709, 27.00000000000000000 ) ;
#226 = VERTEX_POINT ( 'NONE', #1006 ) ;
#227 = ORIENTED_EDGE ( 'NONE', *, *, #1316, .T. ) ;
#228 = EDGE_LOOP ( 'NONE', ( #2818, #2338, #1519, #3544 ) ) ;
#229 = ADVANCED_FACE ( 'NONE', ( #2166 ), #1576, .T. ) ;
#230 = DIRECTION ( 'NONE',  ( -1.000000000000000000, 0.000000000000000000, 0.000000000000000000 ) ) ;
#231 = DIRECTION ( 'NONE',  ( 1.000000000000000000, 0.000000000000000000, 0.000000000000000000 ) ) ;
#232 = ORIENTED_EDGE ( 'NONE', *, *, #2516, .T. ) ;
#233 = DIRECTION ( 'NONE',  ( 0.000000000000000000, 0.000000000000000000, 1.000000000000000000 ) ) ;
#234 = DIRECTION ( 'NONE',  ( 0.000000000000000000, 0.1253332335642974582, 0.9921147013144786531 ) ) ;
#235 = DIRECTION ( 'NONE',  ( 0.000000000000000000, 0.000000000000000000, 1.000000000000000000 ) ) ;
#236 = AXIS2_PLACEMENT_3D ( 'NONE', #1765, #1214, #2051 ) ;
#237 = AXIS2_PLACEMENT_3D ( 'NONE', #2924, #2907, #1742 ) ;
#238 = ORIENTED_EDGE ( 'NONE', *, *, #821, .T. ) ;
#239 = AXIS2_PLACEMENT_3D ( 'NONE', #192, #3105, #2211 ) ;
#240 = CYLINDRICAL_SURFACE ( 'NONE', #422, 9.999999999999998224 ) ;
#241 = CARTESIAN_POINT ( 'NONE',  ( 0.000000000000000000, -8.889459704103755300, -25.49465642382959629 ) ) ;
#242 = CARTESIAN_POINT ( 'NONE',  ( 2.000000000000000000, -15.41036156541620805, 17.73160018323402554 ) ) ;
#243 = CIRCLE ( 'NONE', #2068, 27.00000000000000000 ) ;
#244 = EDGE_CURVE ( 'NONE', #285, #1102, #2748, .T. ) ;
#245 = CARTESIAN_POINT ( 'NONE',  ( 2.000000000000000000, 0.000000000000000000, 0.000000000000000000 ) ) ;
#246 = VERTEX_POINT ( 'NONE', #3042 ) ;
#247 = CIRCLE ( 'NONE', #2864, 10.00000000000000000 ) ;
#248 = EDGE_CURVE ( 'NONE', #1180, #1561, #1111, .T. ) ;
#249 = ORIENTED_EDGE ( 'NONE', *, *, #1133, .T. ) ;
#250 = VERTEX_POINT ( 'NONE', #439 ) ;
#251 = DIRECTION ( 'NONE',  ( 0.000000000000000000, 0.000000000000000000, -1.000000000000000000 ) ) ;
#252 = CARTESIAN_POINT ( 'NONE',  ( 2.000000000000000000, -8.715027478441529141, -20.74254798837425895 ) ) ;
#253 = EDGE_CURVE ( 'NONE', #809, #2111, #318, .T. ) ;
#254 = ORIENTED_EDGE ( 'NONE', *, *, #1254, .T. ) ;
#255 = DIRECTION ( 'NONE',  ( 0.000000000000000000, 0.000000000000000000, 1.000000000000000000 ) ) ;
#256 = DIRECTION ( 'NONE',  ( 0.000000000000000000, 0.3681245526846718685, 0.9297764858882537897 ) ) ;
#257 = DIRECTION ( 'NONE',  ( -1.000000000000000000, -0.000000000000000000, 0.000000000000000000 ) ) ;
#258 = ORIENTED_EDGE ( 'NONE', *, *, #1687, .T. ) ;
#259 = DIRECTION ( 'NONE',  ( 0.000000000000000000, -0.9510565162951500895, -0.3090169943749583314 ) ) ;
#260 = CARTESIAN_POINT ( 'NONE',  ( 1.000000000000000000, -19.28330697039769603, -18.89852037291310438 ) ) ;
#261 = DIRECTION ( 'NONE',  ( 0.000000000000000000, 0.9980267284282717810, -0.06279051952930993219 ) ) ;
#262 = ADVANCED_FACE ( 'NONE', ( #3638 ), #1021, .T. ) ;
#263 = AXIS2_PLACEMENT_3D ( 'NONE', #152, #132, #3729 ) ;
#264 = DIRECTION ( 'NONE',  ( -1.000000000000000000, -0.000000000000000000, -0.000000000000000000 ) ) ;
#265 = AXIS2_PLACEMENT_3D ( 'NONE', #886, #2630, #2138 ) ;
#266 = ORIENTED_EDGE ( 'NONE', *, *, #2322, .T. ) ;
#267 = CIRCLE ( 'NONE', #388, 9.999999999999998224 ) ;
#268 = EDGE_CURVE ( 'NONE', #3114, #3486, #455, .T. ) ;
#269 = VERTEX_POINT ( 'NONE', #533 ) ;
#270 = VERTEX_POINT ( 'NONE', #241 ) ;
#271 = FACE_OUTER_BOUND ( 'NONE', #1321, .T. ) ;
#272 = AXIS2_PLACEMENT_3D ( 'NONE', #820, #2533, #1315 ) ;
#273 = ORIENTED_EDGE ( 'NONE', *, *, #149, .T. ) ;
#274 = FACE_OUTER_BOUND ( 'NONE', #1113, .T. ) ;
#275 = FACE_OUTER_BOUND ( 'NONE', #1596, .T. ) ;
#276 = DIRECTION ( 'NONE',  ( -1.000000000000000000, 0.000000000000000000, -0.000000000000000000 ) ) ;
#277 = EDGE_LOOP ( 'NONE', ( #652, #3609, #2309, #2652 ) ) ;
#278 = DIRECTION ( 'NONE',  ( 0.000000000000000000, 0.000000000000000000, 1.000000000000000000 ) ) ;
#279 = DIRECTION ( 'NONE',  ( -1.000000000000000000, 0.000000000000000000, 0.000000000000000000 ) ) ;
#280 = AXIS2_PLACEMENT_3D ( 'NONE', #2505, #452, #2952 ) ;
#281 = DIRECTION ( 'NONE',  ( 0.000000000000000000, -0.9980267284282708928, -0.06279051952932435121 ) ) ;
#282 = AXIS2_PLACEMENT_3D ( 'NONE', #3407, #793, #1075 ) ;
#283 = ORIENTED_EDGE ( 'NONE', *, *, #2186, .F. ) ;
#284 = DIRECTION ( 'NONE',  ( 0.000000000000000000, 0.000000000000000000, 1.000000000000000000 ) ) ;
#285 = VERTEX_POINT ( 'NONE', #1402 ) ;
#286 = VERTEX_POINT ( 'NONE', #2559 ) ;
#287 = ORIENTED_EDGE ( 'NONE', *, *, #547, .T. ) ;
#288 = CARTESIAN_POINT ( 'NONE',  ( 50.00005079999999680, 0.000000000000000000, 0.000000000000000000 ) ) ;
#289 = EDGE_CURVE ( 'NONE', #968, #2065, #2336, .T. ) ;
#290 = ORIENTED_EDGE ( 'NONE', *, *, #1398, .T. ) ;
#291 = LINE ( 'NONE', #879, #3762 ) ;
#292 = DIRECTION ( 'NONE',  ( 0.000000000000000000, 0.000000000000000000, -1.000000000000000000 ) ) ;
#293 = DIRECTION ( 'NONE',  ( -1.000000000000000000, -0.000000000000000000, -0.000000000000000000 ) ) ;
#294 = ORIENTED_EDGE ( 'NONE', *, *, #3507, .F. ) ;
#295 = CARTESIAN_POINT ( 'NONE',  ( 2.000000000000000000, 0.000000000000000000, 0.000000000000000000 ) ) ;
#296 =( NAMED_UNIT ( * ) SI_UNIT ( $, .STERADIAN. ) SOLID_ANGLE_UNIT ( ) );
#297 = VECTOR ( 'NONE', #130, 1000.000000000000000 ) ;
#298 = AXIS2_PLACEMENT_3D ( 'NONE', #2946, #2675, #1461 ) ;
#299 = AXIS2_PLACEMENT_3D ( 'NONE', #441, #1562, #953 ) ;
#300 = ORIENTED_EDGE ( 'NONE', *, *, #1631, .T. ) ;
#301 = FACE_OUTER_BOUND ( 'NONE', #3278, .T. ) ;
#302 = ORIENTED_EDGE ( 'NONE', *, *, #2175, .T. ) ;
#303 = VECTOR ( 'NONE', #2612, 1000.000000000000000 ) ;
#304 = CIRCLE ( 'NONE', #1701, 22.49899999999999878 ) ;
#305 = DIRECTION ( 'NONE',  ( 0.000000000000000000, 0.000000000000000000, 1.000000000000000000 ) ) ;
#306 = VERTEX_POINT ( 'NONE', #2613 ) ;
#307 = ORIENTED_EDGE ( 'NONE', *, *, #3602, .T. ) ;
#308 = FACE_OUTER_BOUND ( 'NONE', #735, .T. ) ;
#309 = CARTESIAN_POINT ( 'NONE',  ( 2.000000000000000000, 0.000000000000000000, 0.000000000000000000 ) ) ;
#310 = CARTESIAN_POINT ( 'NONE',  ( 2.000000000000000000, 0.000000000000000000, 0.000000000000000000 ) ) ;
#311 = ORIENTED_EDGE ( 'NONE', *, *, #3511, .T. ) ;
#312 = ADVANCED_FACE ( 'NONE', ( #314 ), #1474, .T. ) ;
#313 = CARTESIAN_POINT ( 'NONE',  ( 2.000000000000000000, -8.715027478441529141, -20.74254798837425895 ) ) ;
#314 = FACE_OUTER_BOUND ( 'NONE', #1674, .T. ) ;
#315 = VERTEX_POINT ( 'NONE', #2925 ) ;
#316 = CARTESIAN_POINT ( 'NONE',  ( 0.000000000000000000, 22.88961748313567313, -5.287182625051993767 ) ) ;
#317 = ORIENTED_EDGE ( 'NONE', *, *, #98, .T. ) ;
#318 = CIRCLE ( 'NONE', #3241, 22.49899999999999878 ) ;
#319 = MANIFOLD_SOLID_BREP ( 'Bore', #3355 ) ;
#320 = AXIS2_PLACEMENT_3D ( 'NONE', #980, #678, #2997 ) ;
#321 = CARTESIAN_POINT ( 'NONE',  ( 2.000000000000000000, 17.03424383162502309, 14.69828350810885276 ) ) ;
#322 = ORIENTED_EDGE ( 'NONE', *, *, #3474, .T. ) ;
#323 = ORIENTED_EDGE ( 'NONE', *, *, #1306, .F. ) ;
#324 = CARTESIAN_POINT ( 'NONE',  ( 0.000000000000000000, -13.97761552327940926, 23.10035203808328319 ) ) ;
#325 = ADVANCED_FACE ( 'NONE', ( #635 ), #3502, .T. ) ;
#326 = AXIS2_PLACEMENT_3D ( 'NONE', #2459, #3588, #653 ) ;
#327 = LINE ( 'NONE', #1203, #847 ) ;
#328 = CARTESIAN_POINT ( 'NONE',  ( 2.000000000000000000, -21.62581751178128897, 9.176758991171979574 ) ) ;
#329 = DIRECTION ( 'NONE',  ( -1.000000000000000000, -0.000000000000000000, -0.000000000000000000 ) ) ;
#330 = EDGE_CURVE ( 'NONE', #212, #2368, #601, .T. ) ;
#331 = EDGE_CURVE ( 'NONE', #424, #358, #3766, .T. ) ;
#332 = ORIENTED_EDGE ( 'NONE', *, *, #2653, .T. ) ;
#333 = FACE_OUTER_BOUND ( 'NONE', #3540, .T. ) ;
#334 = VECTOR ( 'NONE', #773, 1000.000000000000000 ) ;
#335 = ORIENTED_EDGE ( 'NONE', *, *, #1590, .T. ) ;
#336 = DIRECTION ( 'NONE',  ( -1.000000000000000000, 0.000000000000000000, 0.000000000000000000 ) ) ;
#337 = ORIENTED_EDGE ( 'NONE', *, *, #70, .F. ) ;
#338 = CIRCLE ( 'NONE', #2408, 9.999999999999998224 ) ;
#339 = CARTESIAN_POINT ( 'NONE',  ( 0.000000000000000000, 0.000000000000000000, 0.000000000000000000 ) ) ;
#340 = EDGE_LOOP ( 'NONE', ( #2108, #1859, #605, #2301 ) ) ;
#341 = LINE ( 'NONE', #1500, #683 ) ;
#342 = DIRECTION ( 'NONE',  ( -1.000000000000000000, 0.000000000000000000, 0.000000000000000000 ) ) ;
#343 = ORIENTED_EDGE ( 'NONE', *, *, #2072, .F. ) ;
#344 = CARTESIAN_POINT ( 'NONE',  ( 2.000000000000000000, 4.492251481453974904, -26.62366760285619449 ) ) ;
#345 = DIRECTION ( 'NONE',  ( 1.000000000000000000, 0.000000000000000000, 0.000000000000000000 ) ) ;
#346 = EDGE_LOOP ( 'NONE', ( #48, #1564, #1388, #3260 ) ) ;
#347 = DIRECTION ( 'NONE',  ( 0.000000000000000000, -0.9822872507286903865, 0.1873813145857151086 ) ) ;
#348 = CARTESIAN_POINT ( 'NONE',  ( 0.000000000000000000, 22.17710702962195768, 15.40051699770797811 ) ) ;
#349 = DIRECTION ( 'NONE',  ( 0.000000000000000000, 0.000000000000000000, 1.000000000000000000 ) ) ;
#350 = AXIS2_PLACEMENT_3D ( 'NONE', #758, #2182, #1004 ) ;
#351 = ORIENTED_EDGE ( 'NONE', *, *, #3679, .F. ) ;
#352 = CARTESIAN_POINT ( 'NONE',  ( 2.000000000000000000, 0.000000000000000000, 0.000000000000000000 ) ) ;
#353 = ORIENTED_EDGE ( 'NONE', *, *, #1156, .T. ) ;
#354 = AXIS2_PLACEMENT_3D ( 'NONE', #3306, #700, #3593 ) ;
#355 = CIRCLE ( 'NONE', #2858, 22.49900000000000233 ) ;
#356 = EDGE_CURVE ( 'NONE', #3124, #403, #1348, .T. ) ;
#357 = CARTESIAN_POINT ( 'NONE',  ( 2.000000000000000000, 6.046576271976233485, -21.67126937646186491 ) ) ;
#358 = VERTEX_POINT ( 'NONE', #1793 ) ;
#359 = CARTESIAN_POINT ( 'NONE',  ( 2.000000000000000000, 24.88617474992193479, -10.47274110805513558 ) ) ;
#360 = CIRCLE ( 'NONE', #1454, 10.00000000000000000 ) ;
#361 = EDGE_CURVE ( 'NONE', #1005, #900, #1458, .T. ) ;
#362 = CARTESIAN_POINT ( 'NONE',  ( -10.00000000000000000, 0.000000000000000000, 0.000000000000000000 ) ) ;
#363 = AXIS2_PLACEMENT_3D ( 'NONE', #1358, #3666, #256 ) ;
#364 = ORIENTED_EDGE ( 'NONE', *, *, #1150, .F. ) ;
#365 = EDGE_CURVE ( 'NONE', #2263, #2682, #2686, .T. ) ;
#366 = DIRECTION ( 'NONE',  ( 0.000000000000000000, 0.000000000000000000, 1.000000000000000000 ) ) ;
#367 = CARTESIAN_POINT ( 'NONE',  ( 0.000000000000000000, 2.355761907506335184, -22.37532987097937820 ) ) ;
#368 = VECTOR ( 'NONE', #614, 1000.000000000000000 ) ;
#369 = ORIENTED_EDGE ( 'NONE', *, *, #1894, .F. ) ;
#370 = LINE ( 'NONE', #1528, #992 ) ;
#371 = DIRECTION ( 'NONE',  ( -1.000000000000000000, 0.000000000000000000, 0.000000000000000000 ) ) ;
#372 = CYLINDRICAL_SURFACE ( 'NONE', #1476, 9.999999999999998224 ) ;
#373 = VERTEX_POINT ( 'NONE', #2942 ) ;
#374 = DIRECTION ( 'NONE',  ( -1.000000000000000000, 0.000000000000000000, 0.000000000000000000 ) ) ;
#375 = ORIENTED_EDGE ( 'NONE', *, *, #2753, .T. ) ;
#376 = EDGE_CURVE ( 'NONE', #1064, #1368, #2049, .T. ) ;
#377 = DIRECTION ( 'NONE',  ( 0.000000000000000000, -0.5877852522924803536, 0.8090169943749421222 ) ) ;
#378 = AXIS2_PLACEMENT_3D ( 'NONE', #3750, #2206, #1329 ) ;
#379 = VERTEX_POINT ( 'NONE', #2649 ) ;
#380 = DIRECTION ( 'NONE',  ( 0.000000000000000000, 0.000000000000000000, 1.000000000000000000 ) ) ;
#381 = CYLINDRICAL_SURFACE ( 'NONE', #3009, 27.00000000000000000 ) ;
#382 = AXIS2_PLACEMENT_3D ( 'NONE', #2747, #3629, #2461 ) ;
#383 = EDGE_CURVE ( 'NONE', #269, #2444, #1209, .T. ) ;
#384 = ORIENTED_EDGE ( 'NONE', *, *, #2325, .T. ) ;
#385 = EDGE_CURVE ( 'NONE', #2512, #2065, #2327, .T. ) ;
#386 = DIRECTION ( 'NONE',  ( 0.000000000000000000, 0.000000000000000000, 1.000000000000000000 ) ) ;
#387 = DIRECTION ( 'NONE',  ( -1.000000000000000000, -0.000000000000000000, -0.000000000000000000 ) ) ;
#388 = AXIS2_PLACEMENT_3D ( 'NONE', #3516, #345, #3170 ) ;
#389 = AXIS2_PLACEMENT_3D ( 'NONE', #68, #3627, #2405 ) ;
#390 = ORIENTED_EDGE ( 'NONE', *, *, #3668, .F. ) ;
#391 = LINE ( 'NONE', #1548, #3680 ) ;
#392 = DIRECTION ( 'NONE',  ( 0.000000000000000000, 0.000000000000000000, 1.000000000000000000 ) ) ;
#393 = DIRECTION ( 'NONE',  ( 0.000000000000000000, -0.3681245526846853022, 0.9297764858882484607 ) ) ;
#394 = ORIENTED_EDGE ( 'NONE', *, *, #1133, .F. ) ;
#395 = DIRECTION ( 'NONE',  ( 0.000000000000000000, 0.000000000000000000, -1.000000000000000000 ) ) ;
#396 = LINE ( 'NONE', #2713, #2583 ) ;
#397 = APPLICATION_CONTEXT ( 'automotive_design' ) ;
#398 = ADVANCED_FACE ( 'NONE', ( #1743 ), #1171, .T. ) ;
#399 = DIRECTION ( 'NONE',  ( -1.000000000000000000, 0.000000000000000000, -0.000000000000000000 ) ) ;
#400 = VERTEX_POINT ( 'NONE', #3303 ) ;
#401 = CARTESIAN_POINT ( 'NONE',  ( 2.000000000000000000, -20.07203732282794562, 18.05860785639363542 ) ) ;
#402 = EDGE_CURVE ( 'NONE', #1561, #107, #3367, .T. ) ;
#403 = VERTEX_POINT ( 'NONE', #143 ) ;
#404 = CARTESIAN_POINT ( 'NONE',  ( 2.000000000000000000, 17.51120504885525264, -15.66035077422815114 ) ) ;
#405 = DIRECTION ( 'NONE',  ( 1.000000000000000000, 0.000000000000000000, 0.000000000000000000 ) ) ;
#406 = EDGE_CURVE ( 'NONE', #450, #693, #1567, .T. ) ;
#407 = VERTEX_POINT ( 'NONE', #1247 ) ;
#408 = CARTESIAN_POINT ( 'NONE',  ( 2.000000000000000000, 0.9044454705087033863, -23.47489865847770218 ) ) ;
#409 = DIRECTION ( 'NONE',  ( 0.000000000000000000, 0.3681245526846720351, 0.9297764858882536787 ) ) ;
#410 = LINE ( 'NONE', #1320, #987 ) ;
#411 = ORIENTED_EDGE ( 'NONE', *, *, #1497, .F. ) ;
#412 = CARTESIAN_POINT ( 'NONE',  ( 2.000000000000000000, -14.52991098664018921, -18.45997224687065952 ) ) ;
#413 = DIRECTION ( 'NONE',  ( -1.000000000000000000, 0.000000000000000000, 0.000000000000000000 ) ) ;
#414 = EDGE_CURVE ( 'NONE', #1349, #2809, #2026, .T. ) ;
#415 = EDGE_CURVE ( 'NONE', #3451, #1007, #3429, .T. ) ;
#416 = AXIS2_PLACEMENT_3D ( 'NONE', #3198, #1498, #305 ) ;
#417 = CARTESIAN_POINT ( 'NONE',  ( 2.000000000000000000, 22.88961748313567313, -5.287182625051993767 ) ) ;
#418 = ORIENTED_EDGE ( 'NONE', *, *, #1087, .T. ) ;
#419 = CARTESIAN_POINT ( 'NONE',  ( 0.000000000000000000, 0.000000000000000000, 0.000000000000000000 ) ) ;
#420 = AXIS2_PLACEMENT_3D ( 'NONE', #53, #1816, #3195 ) ;
#421 = EDGE_CURVE ( 'NONE', #3142, #1901, #3337, .T. ) ;
#422 = AXIS2_PLACEMENT_3D ( 'NONE', #1417, #3749, #2810 ) ;
#423 = AXIS2_PLACEMENT_3D ( 'NONE', #1314, #230, #170 ) ;
#424 = VERTEX_POINT ( 'NONE', #1282 ) ;
#425 = LINE ( 'NONE', #2417, #2661 ) ;
#426 = DIRECTION ( 'NONE',  ( 0.000000000000000000, 0.9510565162951545304, -0.3090169943749446757 ) ) ;
#427 = CIRCLE ( 'NONE', #555, 22.49899999999999878 ) ;
#428 = AXIS2_PLACEMENT_3D ( 'NONE', #2311, #689, #366 ) ;
#429 = ORIENTED_EDGE ( 'NONE', *, *, #3675, .F. ) ;
#430 = LINE ( 'NONE', #1584, #1905 ) ;
#431 = CARTESIAN_POINT ( 'NONE',  ( 0.000000000000000000, 17.51120504885502882, 15.66035077422839983 ) ) ;
#432 = CARTESIAN_POINT ( 'NONE',  ( 0.000000000000000000, -23.37735732152423296, 13.50922516881621149 ) ) ;
#433 = VERTEX_POINT ( 'NONE', #2159 ) ;
#434 = CARTESIAN_POINT ( 'NONE',  ( 0.000000000000000000, 19.24276913903940311, -11.65850920408062841 ) ) ;
#435 = DIRECTION ( 'NONE',  ( -1.000000000000000000, 0.000000000000000000, 0.000000000000000000 ) ) ;
#436 = ADVANCED_FACE ( 'NONE', ( #734 ), #124, .T. ) ;
#437 = CARTESIAN_POINT ( 'NONE',  ( 0.000000000000000000, -5.141558466031032282, -21.90363845438434254 ) ) ;
#438 = ORIENTED_EDGE ( 'NONE', *, *, #2221, .T. ) ;
#439 = CARTESIAN_POINT ( 'NONE',  ( 2.000000000000000000, -21.24883841118715111, 7.395394997919818358 ) ) ;
#440 = ORIENTED_EDGE ( 'NONE', *, *, #3148, .T. ) ;
#441 = CARTESIAN_POINT ( 'NONE',  ( 0.000000000000000000, 0.9044454705087033863, -23.47489865847770218 ) ) ;
#442 = DIRECTION ( 'NONE',  ( -1.000000000000000000, 0.000000000000000000, 0.000000000000000000 ) ) ;
#443 = AXIS2_PLACEMENT_3D ( 'NONE', #3659, #740, #1898 ) ;
#444 = ADVANCED_FACE ( 'NONE', ( #996 ), #1608, .T. ) ;
#445 = EDGE_LOOP ( 'NONE', ( #2892, #3693, #12, #2860 ) ) ;
#446 = DIRECTION ( 'NONE',  ( -1.000000000000000000, 0.000000000000000000, 0.000000000000000000 ) ) ;
#447 = CARTESIAN_POINT ( 'NONE',  ( 2.000000000000000000, -26.28906107206361753, 6.155100969871189598 ) ) ;
#448 = CARTESIAN_POINT ( 'NONE',  ( 2.000000000000000000, 0.000000000000000000, 0.000000000000000000 ) ) ;
#449 = AXIS2_PLACEMENT_3D ( 'NONE', #1642, #764, #2495 ) ;
#450 = VERTEX_POINT ( 'NONE', #432 ) ;
#451 = FACE_OUTER_BOUND ( 'NONE', #3626, .T. ) ;
#452 = DIRECTION ( 'NONE',  ( -1.000000000000000000, 0.000000000000000000, 0.000000000000000000 ) ) ;
#453 = CARTESIAN_POINT ( 'NONE',  ( 0.000000000000000000, -9.482618699217249869, 21.49346019700358568 ) ) ;
#454 = ORIENTED_EDGE ( 'NONE', *, *, #3395, .T. ) ;
#455 = LINE ( 'NONE', #2490, #2621 ) ;
#456 = EDGE_LOOP ( 'NONE', ( #3319, #1494, #1917, #988 ) ) ;
#457 = DIRECTION ( 'NONE',  ( -1.000000000000000000, -0.000000000000000000, 0.000000000000000000 ) ) ;
#458 = CARTESIAN_POINT ( 'NONE',  ( 2.000000000000000000, 20.15439620501989637, 10.00026572702343408 ) ) ;
#459 = EDGE_CURVE ( 'NONE', #52, #1007, #410, .T. ) ;
#460 = CIRCLE ( 'NONE', #3562, 9.999999999999998224 ) ;
#461 = EDGE_CURVE ( 'NONE', #475, #3758, #3669, .T. ) ;
#462 = EDGE_LOOP ( 'NONE', ( #283, #639, #210, #531 ) ) ;
#463 = DIRECTION ( 'NONE',  ( 0.000000000000000000, 0.000000000000000000, -1.000000000000000000 ) ) ;
#464 = CARTESIAN_POINT ( 'NONE',  ( 2.000000000000000000, 20.30513860337833165, 11.81483114278478830 ) ) ;
#465 = DIRECTION ( 'NONE',  ( 1.000000000000000000, 0.000000000000000000, -0.000000000000000000 ) ) ;
#466 = ORIENTED_EDGE ( 'NONE', *, *, #3589, .F. ) ;
#467 = LINE ( 'NONE', #510, #1095 ) ;
#468 = DIRECTION ( 'NONE',  ( 0.000000000000000000, -0.9822872507286904975, 0.1873813145857150253 ) ) ;
#469 = LINE ( 'NONE', #3077, #1551 ) ;
#470 = CARTESIAN_POINT ( 'NONE',  ( -10.00000000000000000, 0.000000000000000000, 0.000000000000000000 ) ) ;
#471 = ORIENTED_EDGE ( 'NONE', *, *, #3479, .F. ) ;
#472 = EDGE_CURVE ( 'NONE', #315, #16, #2752, .T. ) ;
#473 = AXIS2_PLACEMENT_3D ( 'NONE', #339, #2984, #1799 ) ;
#474 = EDGE_CURVE ( 'NONE', #167, #2267, #713, .T. ) ;
#475 = VERTEX_POINT ( 'NONE', #3033 ) ;
#476 = ORIENTED_EDGE ( 'NONE', *, *, #421, .F. ) ;
#477 = ORIENTED_EDGE ( 'NONE', *, *, #3710, .F. ) ;
#478 = AXIS2_PLACEMENT_3D ( 'NONE', #1039, #1287, #984 ) ;
#479 = CARTESIAN_POINT ( 'NONE',  ( 0.000000000000000000, 17.65041959699878404, 20.43190368149481273 ) ) ;
#480 = CARTESIAN_POINT ( 'NONE',  ( 2.000000000000000000, 12.84376727072286251, -18.47275407987417850 ) ) ;
#481 = AXIS2_PLACEMENT_3D ( 'NONE', #1000, #3343, #2198 ) ;
#482 = CIRCLE ( 'NONE', #3277, 9.999999999999996447 ) ;
#483 = ORIENTED_EDGE ( 'NONE', *, *, #2683, .T. ) ;
#484 = DIRECTION ( 'NONE',  ( 0.000000000000000000, -0.6845471059286791782, -0.7289686274214204342 ) ) ;
#485 = DIRECTION ( 'NONE',  ( -1.000000000000000000, 0.000000000000000000, 0.000000000000000000 ) ) ;
#486 = CARTESIAN_POINT ( 'NONE',  ( 1.000000000000000000, 24.88617474992178913, 10.47274110805549441 ) ) ;
#487 = AXIS2_PLACEMENT_3D ( 'NONE', #3610, #810, #2238 ) ;
#488 = AXIS2_PLACEMENT_3D ( 'NONE', #2413, #57, #3216 ) ;
#489 = CIRCLE ( 'NONE', #851, 22.49899999999999878 ) ;
#490 = ORIENTED_EDGE ( 'NONE', *, *, #2150, .F. ) ;
#491 = DIRECTION ( 'NONE',  ( -1.000000000000000000, -0.000000000000000000, -0.000000000000000000 ) ) ;
#492 = CARTESIAN_POINT ( 'NONE',  ( 2.000000000000000000, -22.42042702619133721, 1.878683838017672247 ) ) ;
#493 = DIRECTION ( 'NONE',  ( -1.000000000000000000, -0.000000000000000000, -0.000000000000000000 ) ) ;
#494 = FACE_OUTER_BOUND ( 'NONE', #135, .T. ) ;
#495 = EDGE_CURVE ( 'NONE', #900, #1778, #808, .T. ) ;
#496 = ORIENTED_EDGE ( 'NONE', *, *, #2588, .T. ) ;
#497 = ORIENTED_EDGE ( 'NONE', *, *, #1312, .F. ) ;
#498 = EDGE_LOOP ( 'NONE', ( #1587, #1676, #1423, #1795 ) ) ;
#499 = ORIENTED_EDGE ( 'NONE', *, *, #2452, .F. ) ;
#500 = FACE_OUTER_BOUND ( 'NONE', #277, .T. ) ;
#501 = FACE_OUTER_BOUND ( 'NONE', #1605, .T. ) ;
#502 = EDGE_CURVE ( 'NONE', #2616, #3103, #2815, .T. ) ;
#503 = ORIENTED_EDGE ( 'NONE', *, *, #361, .F. ) ;
#504 = CARTESIAN_POINT ( 'NONE',  ( 2.000000000000000000, 0.000000000000000000, 0.000000000000000000 ) ) ;
#505 = DIRECTION ( 'NONE',  ( 0.000000000000000000, 0.4817536741017163782, -0.8763066800438630288 ) ) ;
#506 = DIRECTION ( 'NONE',  ( -1.000000000000000000, 0.000000000000000000, 0.000000000000000000 ) ) ;
#507 = VECTOR ( 'NONE', #1418, 1000.000000000000000 ) ;
#508 = CIRCLE ( 'NONE', #2939, 10.00000000000000355 ) ;
#509 = ORIENTED_EDGE ( 'NONE', *, *, #1442, .T. ) ;
#510 = CARTESIAN_POINT ( 'NONE',  ( 1.000000000000000000, -8.889459704104115900, 25.49465642382946839 ) ) ;
#511 = DIRECTION ( 'NONE',  ( -1.000000000000000000, 0.000000000000000000, -0.000000000000000000 ) ) ;
#512 = CIRCLE ( 'NONE', #3057, 9.999999999999998224 ) ;
#513 = EDGE_CURVE ( 'NONE', #1650, #1368, #3120, .T. ) ;
#514 = AXIS2_PLACEMENT_3D ( 'NONE', #3393, #1374, #781 ) ;
#515 = FACE_OUTER_BOUND ( 'NONE', #1239, .T. ) ;
#516 = VERTEX_POINT ( 'NONE', #1888 ) ;
#517 = AXIS2_PLACEMENT_3D ( 'NONE', #504, #3130, #233 ) ;
#518 = EDGE_CURVE ( 'NONE', #212, #599, #3488, .T. ) ;
#519 = ORIENTED_EDGE ( 'NONE', *, *, #2409, .F. ) ;
#520 = ORIENTED_EDGE ( 'NONE', *, *, #924, .F. ) ;
#521 = ORIENTED_EDGE ( 'NONE', *, *, #887, .F. ) ;
#522 = DIRECTION ( 'NONE',  ( 1.000000000000000000, 0.000000000000000000, 0.000000000000000000 ) ) ;
#523 = DIRECTION ( 'NONE',  ( 1.000000000000000000, -0.000000000000000000, -0.000000000000000000 ) ) ;
#524 = CIRCLE ( 'NONE', #2704, 22.49899999999999878 ) ;
#525 = ORIENTED_EDGE ( 'NONE', *, *, #1540, .T. ) ;
#526 = DIRECTION ( 'NONE',  ( 0.000000000000000000, 0.8443279255020164076, -0.5358267949789945472 ) ) ;
#527 = DIRECTION ( 'NONE',  ( 0.000000000000000000, -0.1253332335643113360, 0.9921147013144769877 ) ) ;
#528 = DIRECTION ( 'NONE',  ( 0.000000000000000000, 0.000000000000000000, 1.000000000000000000 ) ) ;
#529 = CIRCLE ( 'NONE', #1132, 27.00000000000000000 ) ;
#530 = ADVANCED_FACE ( 'NONE', ( #2980 ), #372, .T. ) ;
#531 = ORIENTED_EDGE ( 'NONE', *, *, #402, .T. ) ;
#532 = DIRECTION ( 'NONE',  ( -1.000000000000000000, -0.000000000000000000, 0.000000000000000000 ) ) ;
#533 = CARTESIAN_POINT ( 'NONE',  ( 2.000000000000000000, -1.119998386744461616, -26.97676043585830286 ) ) ;
#534 = DIRECTION ( 'NONE',  ( -1.000000000000000000, 0.000000000000000000, -0.000000000000000000 ) ) ;
#535 = ADVANCED_FACE ( 'NONE', ( #2555 ), #177, .T. ) ;
#536 = CARTESIAN_POINT ( 'NONE',  ( 0.000000000000000000, 12.01469138739401998, -24.17947871368776802 ) ) ;
#537 = VERTEX_POINT ( 'NONE', #2847 ) ;
#538 = ORIENTED_EDGE ( 'NONE', *, *, #472, .F. ) ;
#539 = ORIENTED_EDGE ( 'NONE', *, *, #1076, .T. ) ;
#540 = DIRECTION ( 'NONE',  ( -1.000000000000000000, 0.000000000000000000, 0.000000000000000000 ) ) ;
#541 = DIRECTION ( 'NONE',  ( -1.000000000000000000, -0.000000000000000000, -0.000000000000000000 ) ) ;
#542 = CIRCLE ( 'NONE', #3211, 10.00000000000000178 ) ;
#543 = ORIENTED_EDGE ( 'NONE', *, *, #3465, .T. ) ;
#544 = DIRECTION ( 'NONE',  ( 1.000000000000000000, 0.000000000000000000, 0.000000000000000000 ) ) ;
#545 = DIRECTION ( 'NONE',  ( 0.000000000000000000, 0.4817536741017162671, -0.8763066800438630288 ) ) ;
#546 = DIRECTION ( 'NONE',  ( 0.000000000000000000, 0.7705132427757860336, 0.6374239897486935202 ) ) ;
#547 = EDGE_CURVE ( 'NONE', #1925, #3327, #3179, .T. ) ;
#548 = AXIS2_PLACEMENT_3D ( 'NONE', #2836, #264, #2855 ) ;
#549 = AXIS2_PLACEMENT_3D ( 'NONE', #8, #576, #3473 ) ;
#550 = CIRCLE ( 'NONE', #1700, 22.49899999999999878 ) ;
#551 = ORIENTED_EDGE ( 'NONE', *, *, #3602, .F. ) ;
#552 = DIRECTION ( 'NONE',  ( -1.000000000000000000, 0.000000000000000000, -0.000000000000000000 ) ) ;
#553 = DIRECTION ( 'NONE',  ( 0.000000000000000000, 0.000000000000000000, 1.000000000000000000 ) ) ;
#554 = CARTESIAN_POINT ( 'NONE',  ( 2.000000000000000000, 0.000000000000000000, 0.000000000000000000 ) ) ;
#555 = AXIS2_PLACEMENT_3D ( 'NONE', #1727, #867, #3190 ) ;
#556 = DIRECTION ( 'NONE',  ( -1.000000000000000000, 0.000000000000000000, 0.000000000000000000 ) ) ;
#557 = ORIENTED_EDGE ( 'NONE', *, *, #1649, .T. ) ;
#558 = EDGE_LOOP ( 'NONE', ( #2548, #2475, #3177, #121 ) ) ;
#559 = ORIENTED_EDGE ( 'NONE', *, *, #1526, .F. ) ;
#560 = CARTESIAN_POINT ( 'NONE',  ( 2.000000000000000000, 25.31032526587965492, 9.401459191815602523 ) ) ;
#561 = EDGE_CURVE ( 'NONE', #306, #823, #1667, .T. ) ;
#562 = ORIENTED_EDGE ( 'NONE', *, *, #3394, .F. ) ;
#563 = CARTESIAN_POINT ( 'NONE',  ( 2.000000000000000000, 0.000000000000000000, 0.000000000000000000 ) ) ;
#564 = DIRECTION ( 'NONE',  ( -1.000000000000000000, 0.000000000000000000, 0.000000000000000000 ) ) ;
#565 = DIRECTION ( 'NONE',  ( -1.000000000000000000, 0.000000000000000000, -0.000000000000000000 ) ) ;
#566 = ORIENTED_EDGE ( 'NONE', *, *, #2838, .T. ) ;
#567 = FACE_OUTER_BOUND ( 'NONE', #2668, .T. ) ;
#568 = DIRECTION ( 'NONE',  ( 0.000000000000000000, 0.000000000000000000, -1.000000000000000000 ) ) ;
#569 = VECTOR ( 'NONE', #3371, 1000.000000000000000 ) ;
#570 = DIRECTION ( 'NONE',  ( 1.000000000000000000, 0.000000000000000000, 0.000000000000000000 ) ) ;
#571 = ORIENTED_EDGE ( 'NONE', *, *, #3339, .T. ) ;
#572 = EDGE_CURVE ( 'NONE', #2911, #1885, #769, .T. ) ;
#573 = AXIS2_PLACEMENT_3D ( 'NONE', #1260, #405, #3280 ) ;
#574 = ORIENTED_EDGE ( 'NONE', *, *, #2297, .T. ) ;
#575 = ORIENTED_EDGE ( 'NONE', *, *, #3096, .T. ) ;
#576 = DIRECTION ( 'NONE',  ( -1.000000000000000000, 0.000000000000000000, 0.000000000000000000 ) ) ;
#577 = AXIS2_PLACEMENT_3D ( 'NONE', #2002, #978, #1565 ) ;
#578 = EDGE_LOOP ( 'NONE', ( #2039, #1192, #1460, #539 ) ) ;
#579 = CARTESIAN_POINT ( 'NONE',  ( 2.000000000000000000, 22.00817374216914857, -4.673894471904167958 ) ) ;
#580 = EDGE_CURVE ( 'NONE', #1334, #641, #1837, .T. ) ;
#581 = CARTESIAN_POINT ( 'NONE',  ( 2.000000000000000000, 21.53757550003239274, 6.506753613008893211 ) ) ;
#582 = DIRECTION ( 'NONE',  ( 1.000000000000000000, 0.000000000000000000, 0.000000000000000000 ) ) ;
#583 = EDGE_CURVE ( 'NONE', #306, #1906, #3732, .T. ) ;
#584 = ORIENTED_EDGE ( 'NONE', *, *, #719, .F. ) ;
#585 = CYLINDRICAL_SURFACE ( 'NONE', #2246, 9.999999999999998224 ) ;
#586 = DIRECTION ( 'NONE',  ( 0.000000000000000000, 0.000000000000000000, 1.000000000000000000 ) ) ;
#587 = AXIS2_PLACEMENT_3D ( 'NONE', #2641, #1201, #2567 ) ;
#588 = VECTOR ( 'NONE', #1116, 1000.000000000000000 ) ;
#589 = ORIENTED_EDGE ( 'NONE', *, *, #1470, .T. ) ;
#590 = CARTESIAN_POINT ( 'NONE',  ( 2.000000000000000000, -22.42042702619131589, -1.878683838017982666 ) ) ;
#591 = ORIENTED_EDGE ( 'NONE', *, *, #892, .F. ) ;
#592 = CARTESIAN_POINT ( 'NONE',  ( 0.000000000000000000, -8.715027478441529141, -20.74254798837425895 ) ) ;
#593 = EDGE_LOOP ( 'NONE', ( #1491, #364, #2603, #2038 ) ) ;
#594 = ORIENTED_EDGE ( 'NONE', *, *, #98, .F. ) ;
#595 = CARTESIAN_POINT ( 'NONE',  ( 2.000000000000000000, 0.000000000000000000, 0.000000000000000000 ) ) ;
#596 = CARTESIAN_POINT ( 'NONE',  ( 0.000000000000000000, 0.000000000000000000, 0.000000000000000000 ) ) ;
#597 = DIRECTION ( 'NONE',  ( 0.000000000000000000, 0.000000000000000000, 1.000000000000000000 ) ) ;
#598 = CARTESIAN_POINT ( 'NONE',  ( 2.000000000000000000, 22.88961748313559852, 5.287182625052319729 ) ) ;
#599 = VERTEX_POINT ( 'NONE', #1928 ) ;
#600 = CARTESIAN_POINT ( 'NONE',  ( 0.000000000000000000, -4.961939245689758415, 22.96231799181010302 ) ) ;
#601 = LINE ( 'NONE', #1493, #744 ) ;
#602 = CIRCLE ( 'NONE', #423, 9.999999999999998224 ) ;
#603 = ORIENTED_EDGE ( 'NONE', *, *, #858, .T. ) ;
#604 = FACE_OUTER_BOUND ( 'NONE', #3523, .T. ) ;
#605 = ORIENTED_EDGE ( 'NONE', *, *, #2236, .F. ) ;
#606 = CIRCLE ( 'NONE', #2544, 27.00000000000000000 ) ;
#607 = EDGE_CURVE ( 'NONE', #537, #1981, #2390, .T. ) ;
#608 = AXIS2_PLACEMENT_3D ( 'NONE', #2275, #1032, #825 ) ;
#609 = DIRECTION ( 'NONE',  ( -1.000000000000000000, -0.000000000000000000, 0.000000000000000000 ) ) ;
#610 = ORIENTED_EDGE ( 'NONE', *, *, #1047, .F. ) ;
#611 = VERTEX_POINT ( 'NONE', #3087 ) ;
#612 = DIRECTION ( 'NONE',  ( -1.000000000000000000, -0.000000000000000000, 0.000000000000000000 ) ) ;
#613 = CARTESIAN_POINT ( 'NONE',  ( 0.000000000000000000, 0.000000000000000000, 0.000000000000000000 ) ) ;
#614 = DIRECTION ( 'NONE',  ( -1.000000000000000000, 0.000000000000000000, 0.000000000000000000 ) ) ;
#615 = CARTESIAN_POINT ( 'NONE',  ( 2.000000000000000000, -22.42042702619131589, -1.878683838017982666 ) ) ;
#616 = ADVANCED_FACE ( 'NONE', ( #749 ), #2218, .T. ) ;
#617 = ADVANCED_FACE ( 'NONE', ( #1379 ), #3708, .T. ) ;
#618 = EDGE_CURVE ( 'NONE', #3181, #3370, #2569, .T. ) ;
#619 = EDGE_LOOP ( 'NONE', ( #2611, #1400, #3566, #3661 ) ) ;
#620 = LINE ( 'NONE', #2941, #2064 ) ;
#621 = DIRECTION ( 'NONE',  ( 0.000000000000000000, 0.000000000000000000, 1.000000000000000000 ) ) ;
#622 = ORIENTED_EDGE ( 'NONE', *, *, #2258, .T. ) ;
#623 = CARTESIAN_POINT ( 'NONE',  ( 2.000000000000000000, -14.95044421027533410, -22.48297618011114096 ) ) ;
#624 = ORIENTED_EDGE ( 'NONE', *, *, #3618, .T. ) ;
#625 = AXIS2_PLACEMENT_3D ( 'NONE', #1309, #2873, #2451 ) ;
#626 = DIRECTION ( 'NONE',  ( -1.000000000000000000, 0.000000000000000000, -0.000000000000000000 ) ) ;
#627 = ORIENTED_EDGE ( 'NONE', *, *, #268, .F. ) ;
#628 = DIRECTION ( 'NONE',  ( 0.000000000000000000, 0.000000000000000000, 1.000000000000000000 ) ) ;
#629 = DIRECTION ( 'NONE',  ( -1.000000000000000000, -0.000000000000000000, -0.000000000000000000 ) ) ;
#630 = CIRCLE ( 'NONE', #2823, 9.999999999999996447 ) ;
#631 = ORIENTED_EDGE ( 'NONE', *, *, #3668, .T. ) ;
#632 = FACE_OUTER_BOUND ( 'NONE', #2906, .T. ) ;
#633 = ORIENTED_EDGE ( 'NONE', *, *, #1692, .F. ) ;
#634 = DIRECTION ( 'NONE',  ( 0.000000000000000000, 0.000000000000000000, 1.000000000000000000 ) ) ;
#635 = FACE_OUTER_BOUND ( 'NONE', #2959, .T. ) ;
#636 = EDGE_CURVE ( 'NONE', #2472, #400, #1899, .T. ) ;
#637 = EDGE_CURVE ( 'NONE', #952, #2100, #1231, .T. ) ;
#638 = AXIS2_PLACEMENT_3D ( 'NONE', #3632, #701, #1591 ) ;
#639 = ORIENTED_EDGE ( 'NONE', *, *, #186, .F. ) ;
#640 = DIRECTION ( 'NONE',  ( -1.000000000000000000, 0.000000000000000000, 0.000000000000000000 ) ) ;
#641 = VERTEX_POINT ( 'NONE', #826 ) ;
#642 = ADVANCED_FACE ( 'NONE', ( #3152 ), #3667, .T. ) ;
#643 = LINE ( 'NONE', #1463, #2782 ) ;
#644 = EDGE_LOOP ( 'NONE', ( #3415, #1942, #1957, #1781 ) ) ;
#645 = DIRECTION ( 'NONE',  ( 1.000000000000000000, -0.000000000000000000, -0.000000000000000000 ) ) ;
#646 = EDGE_CURVE ( 'NONE', #2481, #52, #1172, .T. ) ;
#647 = CYLINDRICAL_SURFACE ( 'NONE', #2160, 10.00000000000000178 ) ;
#648 = ORIENTED_EDGE ( 'NONE', *, *, #3089, .T. ) ;
#649 = DIRECTION ( 'NONE',  ( 0.000000000000000000, -0.2486898871648415277, -0.9685831611286346288 ) ) ;
#650 = CARTESIAN_POINT ( 'NONE',  ( 2.000000000000000000, -18.66423552949819609, -14.26657634943784103 ) ) ;
#651 = EDGE_CURVE ( 'NONE', #3181, #2071, #1686, .T. ) ;
#652 = ORIENTED_EDGE ( 'NONE', *, *, #572, .F. ) ;
#653 = DIRECTION ( 'NONE',  ( 0.000000000000000000, 0.000000000000000000, -1.000000000000000000 ) ) ;
#654 = DIRECTION ( 'NONE',  ( 0.000000000000000000, 0.000000000000000000, 1.000000000000000000 ) ) ;
#655 = DIRECTION ( 'NONE',  ( -1.000000000000000000, -0.000000000000000000, -0.000000000000000000 ) ) ;
#656 = AXIS2_PLACEMENT_3D ( 'NONE', #912, #1518, #2638 ) ;
#657 = EDGE_CURVE ( 'NONE', #2819, #2299, #1910, .T. ) ;
#658 = ORIENTED_EDGE ( 'NONE', *, *, #204, .T. ) ;
#659 = DIRECTION ( 'NONE',  ( 0.000000000000000000, 0.000000000000000000, 1.000000000000000000 ) ) ;
#660 = ORIENTED_EDGE ( 'NONE', *, *, #2763, .F. ) ;
#661 = ADVANCED_FACE ( 'NONE', ( #1625 ), #2786, .T. ) ;
#662 = CIRCLE ( 'NONE', #1210, 9.999999999999998224 ) ;
#663 = CIRCLE ( 'NONE', #2063, 9.999999999999998224 ) ;
#664 = CARTESIAN_POINT ( 'NONE',  ( 2.000000000000000000, 22.17710702962218150, -15.40051699770766191 ) ) ;
#665 = ORIENTED_EDGE ( 'NONE', *, *, #365, .F. ) ;
#666 = CARTESIAN_POINT ( 'NONE',  ( 2.000000000000000000, -3.282766945651696577, 22.25822190069405693 ) ) ;
#667 = AXIS2_PLACEMENT_3D ( 'NONE', #33, #901, #2066 ) ;
#668 = VECTOR ( 'NONE', #626, 1000.000000000000000 ) ;
#669 = DIRECTION ( 'NONE',  ( 0.000000000000000000, 0.000000000000000000, 1.000000000000000000 ) ) ;
#670 = AXIS2_PLACEMENT_3D ( 'NONE', #1263, #1865, #1585 ) ;
#671 = EDGE_LOOP ( 'NONE', ( #3454, #1328, #1405, #103 ) ) ;
#672 = DIRECTION ( 'NONE',  ( 0.000000000000000000, -0.9048270524660234626, 0.4257792915650641108 ) ) ;
#673 = DIRECTION ( 'NONE',  ( -1.000000000000000000, 0.000000000000000000, 0.000000000000000000 ) ) ;
#674 = EDGE_CURVE ( 'NONE', #1527, #2018, #508, .T. ) ;
#675 = ORIENTED_EDGE ( 'NONE', *, *, #3175, .T. ) ;
#676 = CARTESIAN_POINT ( 'NONE',  ( 0.000000000000000000, 0.000000000000000000, 0.000000000000000000 ) ) ;
#677 = DIRECTION ( 'NONE',  ( 0.000000000000000000, 0.000000000000000000, -1.000000000000000000 ) ) ;
#678 = DIRECTION ( 'NONE',  ( -1.000000000000000000, 0.000000000000000000, 0.000000000000000000 ) ) ;
#679 = EDGE_CURVE ( 'NONE', #2086, #2636, #2890, .T. ) ;
#680 = ORIENTED_EDGE ( 'NONE', *, *, #2197, .F. ) ;
#681 = DIRECTION ( 'NONE',  ( 0.000000000000000000, -0.8443279255020087470, -0.5358267949790065376 ) ) ;
#682 = LINE ( 'NONE', #3022, #3703 ) ;
#683 = VECTOR ( 'NONE', #645, 1000.000000000000000 ) ;
#684 = ORIENTED_EDGE ( 'NONE', *, *, #1360, .F. ) ;
#685 = CYLINDRICAL_SURFACE ( 'NONE', #925, 22.49899999999999878 ) ;
#686 = EDGE_CURVE ( 'NONE', #1064, #1817, #750, .T. ) ;
#687 = AXIS2_PLACEMENT_3D ( 'NONE', #1094, #3691, #1950 ) ;
#688 = VERTEX_POINT ( 'NONE', #1131 ) ;
#689 = DIRECTION ( 'NONE',  ( -1.000000000000000000, -0.000000000000000000, 0.000000000000000000 ) ) ;
#690 = DIRECTION ( 'NONE',  ( 0.000000000000000000, 0.000000000000000000, 1.000000000000000000 ) ) ;
#691 = AXIS2_PLACEMENT_3D ( 'NONE', #3012, #673, #3546 ) ;
#692 = VECTOR ( 'NONE', #2781, 1000.000000000000000 ) ;
#693 = VERTEX_POINT ( 'NONE', #1469 ) ;
#694 = DIRECTION ( 'NONE',  ( -1.000000000000000000, 0.000000000000000000, -0.000000000000000000 ) ) ;
#695 = DIRECTION ( 'NONE',  ( 0.000000000000000000, 0.000000000000000000, -1.000000000000000000 ) ) ;
#696 = CARTESIAN_POINT ( 'NONE',  ( 0.000000000000000000, -10.51654707034518843, 21.00693043621880918 ) ) ;
#697 = EDGE_CURVE ( 'NONE', #3200, #1720, #3676, .T. ) ;
#698 = VECTOR ( 'NONE', #1907, 1000.000000000000000 ) ;
#699 = ORIENTED_EDGE ( 'NONE', *, *, #209, .T. ) ;
#700 = DIRECTION ( 'NONE',  ( -1.000000000000000000, 0.000000000000000000, 0.000000000000000000 ) ) ;
#701 = DIRECTION ( 'NONE',  ( -1.000000000000000000, -0.000000000000000000, 0.000000000000000000 ) ) ;
#702 = APPLICATION_PROTOCOL_DEFINITION ( 'draft international standard', 'automotive_design', 1998, #397 ) ;
#703 = DIRECTION ( 'NONE',  ( 1.000000000000000000, 0.000000000000000000, 0.000000000000000000 ) ) ;
#704 = ORIENTED_EDGE ( 'NONE', *, *, #3639, .F. ) ;
#705 = LINE ( 'NONE', #1235, #1893 ) ;
#706 = EDGE_LOOP ( 'NONE', ( #2410, #3100, #73, #375 ) ) ;
#707 = DIRECTION ( 'NONE',  ( -1.000000000000000000, 0.000000000000000000, 0.000000000000000000 ) ) ;
#708 = CARTESIAN_POINT ( 'NONE',  ( 1.000000000000000000, -13.97761552327940926, 23.10035203808328319 ) ) ;
#709 = ADVANCED_FACE ( 'NONE', ( #632 ), #30, .T. ) ;
#710 = VERTEX_POINT ( 'NONE', #1186 ) ;
#711 = CARTESIAN_POINT ( 'NONE',  ( 2.000000000000000000, -20.55223281392809298, 9.154819897851471211 ) ) ;
#712 = DIRECTION ( 'NONE',  ( 0.000000000000000000, 0.000000000000000000, 1.000000000000000000 ) ) ;
#713 = LINE ( 'NONE', #1586, #1725 ) ;
#714 = EDGE_CURVE ( 'NONE', #2165, #779, #2025, .T. ) ;
#715 = ORIENTED_EDGE ( 'NONE', *, *, #572, .T. ) ;
#716 = CYLINDRICAL_SURFACE ( 'NONE', #487, 9.999999999999998224 ) ;
#717 = PLANE ( 'NONE',  #1556 ) ;
#718 = CIRCLE ( 'NONE', #416, 4.000000000000000000 ) ;
#719 = EDGE_CURVE ( 'NONE', #2146, #3712, #3183, .T. ) ;
#720 = FACE_OUTER_BOUND ( 'NONE', #157, .T. ) ;
#721 = EDGE_LOOP ( 'NONE', ( #2273, #913, #429, #3389, #3521, #538, #2228, #1523, #1139, #2020, #778, #3490, #1951, #1496, #1221, #140, #3023, #1683, #1770, #1897, #3167, #1748, #660, #835, #551, #1741, #931, #1569, #2135, #909, #939, #1977, #1472, #3165, #369, #520, #928, #521, #3621, #3681, #343, #594, #2294, #1919, #884, #3733, #1633, #2035, #3063, #1189, #2509, #2788, #1342, #684, #3312, #1439, #3323, #1824, #1198, #1734, #3356, #2391, #2639, #2619, #680, #1140, #2909, #161, #633, #2932, #1177, #846, #3579, #1054, #3572, #1030, #1947, #1181, #3196, #1726, #1044, #3079, #3658, #1833, #3418, #3736, #2989, #1815, #2800, #2902, #2547, #2492, #2743, #2356, #1669, #477, #1960, #3505, #3229, #704, #1580, #2385, #2396, #2581 ) ) ;
#722 = DIRECTION ( 'NONE',  ( -1.000000000000000000, -0.000000000000000000, -0.000000000000000000 ) ) ;
#723 = CIRCLE ( 'NONE', #2303, 22.49899999999999523 ) ;
#724 = VECTOR ( 'NONE', #3209, 1000.000000000000000 ) ;
#725 = AXIS2_PLACEMENT_3D ( 'NONE', #2268, #1045, #3126 ) ;
#726 = ORIENTED_EDGE ( 'NONE', *, *, #1475, .F. ) ;
#727 = FACE_OUTER_BOUND ( 'NONE', #2314, .T. ) ;
#728 = CARTESIAN_POINT ( 'NONE',  ( 0.000000000000000000, 12.84376727072286251, -18.47275407987417850 ) ) ;
#729 = AXIS2_PLACEMENT_3D ( 'NONE', #3358, #804, #768 ) ;
#730 = VECTOR ( 'NONE', #564, 1000.000000000000000 ) ;
#731 = ORIENTED_EDGE ( 'NONE', *, *, #2643, .T. ) ;
#732 = CARTESIAN_POINT ( 'NONE',  ( 1.000000000000000000, 22.17710702962195768, 15.40051699770797811 ) ) ;
#733 = LINE ( 'NONE', #2477, #3529 ) ;
#734 = FACE_OUTER_BOUND ( 'NONE', #558, .T. ) ;
#735 = EDGE_LOOP ( 'NONE', ( #3081, #2797, #1350, #1749 ) ) ;
#736 = DIRECTION ( 'NONE',  ( -1.000000000000000000, -0.000000000000000000, -0.000000000000000000 ) ) ;
#737 = DIRECTION ( 'NONE',  ( 0.000000000000000000, 0.6845471059286900584, -0.7289686274214102202 ) ) ;
#738 = CARTESIAN_POINT ( 'NONE',  ( 2.000000000000000000, 0.000000000000000000, 0.000000000000000000 ) ) ;
#739 = ORIENTED_EDGE ( 'NONE', *, *, #2144, .F. ) ;
#740 = DIRECTION ( 'NONE',  ( -1.000000000000000000, 0.000000000000000000, 0.000000000000000000 ) ) ;
#741 = VERTEX_POINT ( 'NONE', #1489 ) ;
#742 = CARTESIAN_POINT ( 'NONE',  ( 2.000000000000000000, -22.18325775457725513, -3.756071936742966244 ) ) ;
#743 = CARTESIAN_POINT ( 'NONE',  ( 0.000000000000000000, 5.624035930974638831, 26.40776817239779817 ) ) ;
#744 = VECTOR ( 'NONE', #3552, 1000.000000000000000 ) ;
#745 = AXIS2_PLACEMENT_3D ( 'NONE', #3649, #160, #2478 ) ;
#746 = VERTEX_POINT ( 'NONE', #1205 ) ;
#747 = DIRECTION ( 'NONE',  ( 0.000000000000000000, 0.2486898871648553500, -0.9685831611286308540 ) ) ;
#748 = CARTESIAN_POINT ( 'NONE',  ( 2.000000000000000000, -26.99385324196857994, 0.5760964772173714499 ) ) ;
#749 = FACE_OUTER_BOUND ( 'NONE', #1776, .T. ) ;
#750 = CIRCLE ( 'NONE', #2999, 27.00000000000000000 ) ;
#751 = ORIENTED_EDGE ( 'NONE', *, *, #2742, .F. ) ;
#752 = CARTESIAN_POINT ( 'NONE',  ( -10.00000000000000000, 0.000000000000000000, 0.000000000000000000 ) ) ;
#753 = EDGE_CURVE ( 'NONE', #1155, #3091, #1296, .T. ) ;
#754 = AXIS2_PLACEMENT_3D ( 'NONE', #1506, #694, #956 ) ;
#755 = CARTESIAN_POINT ( 'NONE',  ( 2.000000000000000000, -15.05774033121459077, 16.71734001322319685 ) ) ;
#756 = DIRECTION ( 'NONE',  ( -1.000000000000000000, -0.000000000000000000, -0.000000000000000000 ) ) ;
#757 = EDGE_CURVE ( 'NONE', #1, #2760, #2627, .T. ) ;
#758 = CARTESIAN_POINT ( 'NONE',  ( 2.000000000000000000, 0.9044454705083720958, 23.47489865847771640 ) ) ;
#759 = ORIENTED_EDGE ( 'NONE', *, *, #3589, .T. ) ;
#760 = ORIENTED_EDGE ( 'NONE', *, *, #973, .F. ) ;
#761 = AXIS2_PLACEMENT_3D ( 'NONE', #2305, #2326, #3528 ) ;
#762 = ORIENTED_EDGE ( 'NONE', *, *, #2046, .F. ) ;
#763 = DIRECTION ( 'NONE',  ( -1.000000000000000000, -0.000000000000000000, -0.000000000000000000 ) ) ;
#764 = DIRECTION ( 'NONE',  ( -1.000000000000000000, -0.000000000000000000, 0.000000000000000000 ) ) ;
#765 = AXIS2_PLACEMENT_3D ( 'NONE', #2317, #2595, #2432 ) ;
#766 = EDGE_LOOP ( 'NONE', ( #739, #2489, #3437, #1151 ) ) ;
#767 = CARTESIAN_POINT ( 'NONE',  ( 0.000000000000000000, 7.800754436723621232, -22.15935736552075142 ) ) ;
#768 = DIRECTION ( 'NONE',  ( 0.000000000000000000, 0.4817536741017163782, -0.8763066800438630288 ) ) ;
#769 = LINE ( 'NONE', #1359, #2994 ) ;
#770 = EDGE_CURVE ( 'NONE', #2177, #3305, #267, .T. ) ;
#771 = ORIENTED_EDGE ( 'NONE', *, *, #2084, .T. ) ;
#772 = CARTESIAN_POINT ( 'NONE',  ( 0.000000000000000000, -4.961939245689439559, -22.96231799181016697 ) ) ;
#773 = DIRECTION ( 'NONE',  ( -1.000000000000000000, 0.000000000000000000, -0.000000000000000000 ) ) ;
#774 = DIRECTION ( 'NONE',  ( -1.000000000000000000, 0.000000000000000000, 0.000000000000000000 ) ) ;
#775 = ORIENTED_EDGE ( 'NONE', *, *, #2677, .F. ) ;
#776 = EDGE_CURVE ( 'NONE', #1797, #2334, #3492, .T. ) ;
#777 = VERTEX_POINT ( 'NONE', #3458 ) ;
#778 = ORIENTED_EDGE ( 'NONE', *, *, #2221, .F. ) ;
#779 = VERTEX_POINT ( 'NONE', #3746 ) ;
#780 = DIRECTION ( 'NONE',  ( -1.000000000000000000, 0.000000000000000000, 0.000000000000000000 ) ) ;
#781 = DIRECTION ( 'NONE',  ( 0.000000000000000000, 0.000000000000000000, 1.000000000000000000 ) ) ;
#782 = CIRCLE ( 'NONE', #1149, 27.00000000000000000 ) ;
#783 = AXIS2_PLACEMENT_3D ( 'NONE', #2133, #136, #3011 ) ;
#784 = ORIENTED_EDGE ( 'NONE', *, *, #1087, .F. ) ;
#785 = CARTESIAN_POINT ( 'NONE',  ( 0.000000000000000000, 12.10169028542928338, -20.13549057933450115 ) ) ;
#786 = CARTESIAN_POINT ( 'NONE',  ( 0.000000000000000000, -14.95044421027533410, -22.48297618011114096 ) ) ;
#787 = CARTESIAN_POINT ( 'NONE',  ( 2.000000000000000000, -21.62581751178116107, -9.176758991172279778 ) ) ;
#788 = AXIS2_PLACEMENT_3D ( 'NONE', #1170, #2593, #49 ) ;
#789 = VECTOR ( 'NONE', #2930, 1000.000000000000000 ) ;
#790 = CIRCLE ( 'NONE', #3163, 9.999999999999996447 ) ;
#791 = ORIENTED_EDGE ( 'NONE', *, *, #2551, .F. ) ;
#792 = CARTESIAN_POINT ( 'NONE',  ( 2.000000000000000000, 22.47909678269662592, -0.9461547622656881762 ) ) ;
#793 = DIRECTION ( 'NONE',  ( -1.000000000000000000, 0.000000000000000000, 0.000000000000000000 ) ) ;
#794 = CYLINDRICAL_SURFACE ( 'NONE', #1870, 27.00000000000000000 ) ;
#795 = ORIENTED_EDGE ( 'NONE', *, *, #2597, .T. ) ;
#796 = ORIENTED_EDGE ( 'NONE', *, *, #2778, .T. ) ;
#797 = ORIENTED_EDGE ( 'NONE', *, *, #2036, .T. ) ;
#798 = ORIENTED_EDGE ( 'NONE', *, *, #1428, .T. ) ;
#799 = CARTESIAN_POINT ( 'NONE',  ( 2.000000000000000000, -10.42724032787691257, 19.93684177959731940 ) ) ;
#800 = DIRECTION ( 'NONE',  ( 0.000000000000000000, 0.000000000000000000, 1.000000000000000000 ) ) ;
#801 = ADVANCED_FACE ( 'NONE', ( #2905 ), #2365, .T. ) ;
#802 = EDGE_LOOP ( 'NONE', ( #1207, #974, #3043, #2687 ) ) ;
#803 = FACE_OUTER_BOUND ( 'NONE', #1279, .T. ) ;
#804 = DIRECTION ( 'NONE',  ( -1.000000000000000000, 0.000000000000000000, -0.000000000000000000 ) ) ;
#805 = DIRECTION ( 'NONE',  ( 0.000000000000000000, 0.5877852522924685852, 0.8090169943749507819 ) ) ;
#806 = VECTOR ( 'NONE', #279, 1000.000000000000000 ) ;
#807 = EDGE_CURVE ( 'NONE', #936, #2077, #2885, .T. ) ;
#808 = CIRCLE ( 'NONE', #382, 22.49899999999999878 ) ;
#809 = VERTEX_POINT ( 'NONE', #1774 ) ;
#810 = DIRECTION ( 'NONE',  ( -1.000000000000000000, 0.000000000000000000, -0.000000000000000000 ) ) ;
#811 = DIRECTION ( 'NONE',  ( -1.000000000000000000, 0.000000000000000000, -0.000000000000000000 ) ) ;
#812 = DIRECTION ( 'NONE',  ( -1.000000000000000000, 0.000000000000000000, -0.000000000000000000 ) ) ;
#813 = CIRCLE ( 'NONE', #3608, 9.999999999999998224 ) ;
#814 = CIRCLE ( 'NONE', #272, 9.999999999999998224 ) ;
#815 = EDGE_CURVE ( 'NONE', #1901, #3293, #813, .T. ) ;
#816 = DIRECTION ( 'NONE',  ( 0.000000000000000000, 0.000000000000000000, 1.000000000000000000 ) ) ;
#817 = ORIENTED_EDGE ( 'NONE', *, *, #102, .F. ) ;
#818 = EDGE_LOOP ( 'NONE', ( #2799, #762, #1558, #3558 ) ) ;
#819 = DIRECTION ( 'NONE',  ( 0.000000000000000000, 0.000000000000000000, -1.000000000000000000 ) ) ;
#820 = CARTESIAN_POINT ( 'NONE',  ( 2.000000000000000000, 0.9044454705083720958, 23.47489865847771640 ) ) ;
#821 = EDGE_CURVE ( 'NONE', #400, #952, #2754, .T. ) ;
#822 = VECTOR ( 'NONE', #837, 1000.000000000000000 ) ;
#823 = VERTEX_POINT ( 'NONE', #2045 ) ;
#824 = LINE ( 'NONE', #1623, #2091 ) ;
#825 = DIRECTION ( 'NONE',  ( 0.000000000000000000, 0.000000000000000000, 1.000000000000000000 ) ) ;
#826 = CARTESIAN_POINT ( 'NONE',  ( 0.000000000000000000, 17.03424383162502309, 14.69828350810885453 ) ) ;
#827 = AXIS2_PLACEMENT_3D ( 'NONE', #3308, #3612, #3573 ) ;
#828 = ORIENTED_EDGE ( 'NONE', *, *, #2399, .T. ) ;
#829 = CARTESIAN_POINT ( 'NONE',  ( 0.000000000000000000, 0.000000000000000000, 0.000000000000000000 ) ) ;
#830 = CARTESIAN_POINT ( 'NONE',  ( 2.000000000000001776, 0.000000000000000000, 4.000000000000000000 ) ) ;
#831 = CARTESIAN_POINT ( 'NONE',  ( 2.000000000000000000, 17.03424383162524336, -14.69828350810860407 ) ) ;
#832 = CARTESIAN_POINT ( 'NONE',  ( -10.00000000000000000, 0.000000000000000000, 0.000000000000000000 ) ) ;
#833 = VERTEX_POINT ( 'NONE', #3187 ) ;
#834 = EDGE_CURVE ( 'NONE', #1393, #3208, #2027, .T. ) ;
#835 = ORIENTED_EDGE ( 'NONE', *, *, #1546, .F. ) ;
#836 = VERTEX_POINT ( 'NONE', #367 ) ;
#837 = DIRECTION ( 'NONE',  ( -1.000000000000000000, -0.000000000000000000, 0.000000000000000000 ) ) ;
#838 = LINE ( 'NONE', #2863, #2276 ) ;
#839 = ORIENTED_EDGE ( 'NONE', *, *, #459, .F. ) ;
#840 = CYLINDRICAL_SURFACE ( 'NONE', #1511, 22.49899999999999878 ) ;
#841 = CARTESIAN_POINT ( 'NONE',  ( 2.000000000000000000, 0.000000000000000000, 0.000000000000000000 ) ) ;
#842 = DIRECTION ( 'NONE',  ( -1.000000000000000000, -0.000000000000000000, -0.000000000000000000 ) ) ;
#843 = AXIS2_PLACEMENT_3D ( 'NONE', #1834, #3001, #3052 ) ;
#844 = AXIS2_PLACEMENT_3D ( 'NONE', #1142, #2287, #2586 ) ;
#845 = AXIS2_PLACEMENT_3D ( 'NONE', #108, #1303, #395 ) ;
#846 = ORIENTED_EDGE ( 'NONE', *, *, #3235, .F. ) ;
#847 = VECTOR ( 'NONE', #1985, 1000.000000000000000 ) ;
#848 = CARTESIAN_POINT ( 'NONE',  ( 0.000000000000000000, 22.88961748313567313, 4.712817374948004456 ) ) ;
#849 = CARTESIAN_POINT ( 'NONE',  ( 2.000000000000000000, -22.18325775457730131, 3.756071936742659378 ) ) ;
#850 = ADVANCED_FACE ( 'NONE', ( #1582 ), #1861, .T. ) ;
#851 = AXIS2_PLACEMENT_3D ( 'NONE', #3086, #2554, #545 ) ;
#852 = EDGE_CURVE ( 'NONE', #52, #2472, #1479, .T. ) ;
#853 = LINE ( 'NONE', #1100, #1330 ) ;
#854 = ORIENTED_EDGE ( 'NONE', *, *, #1697, .T. ) ;
#855 = EDGE_CURVE ( 'NONE', #2140, #167, #1964, .T. ) ;
#856 = ORIENTED_EDGE ( 'NONE', *, *, #3062, .T. ) ;
#857 = ORIENTED_EDGE ( 'NONE', *, *, #1798, .F. ) ;
#858 = EDGE_CURVE ( 'NONE', #2065, #741, #1838, .T. ) ;
#859 = CARTESIAN_POINT ( 'NONE',  ( 0.000000000000000000, 0.000000000000000000, 0.000000000000000000 ) ) ;
#860 = ORIENTED_EDGE ( 'NONE', *, *, #3636, .T. ) ;
#861 = CARTESIAN_POINT ( 'NONE',  ( 0.000000000000000000, -23.93243051059728188, -12.49955078614557458 ) ) ;
#862 = ADVANCED_FACE ( 'NONE', ( #2741 ), #3262, .T. ) ;
#863 = DIRECTION ( 'NONE',  ( -1.000000000000000000, 0.000000000000000000, -0.000000000000000000 ) ) ;
#864 = DIRECTION ( 'NONE',  ( 0.000000000000000000, 0.7705132427757861446, 0.6374239897486935202 ) ) ;
#865 = AXIS2_PLACEMENT_3D ( 'NONE', #1191, #923, #621 ) ;
#866 = VERTEX_POINT ( 'NONE', #82 ) ;
#867 = DIRECTION ( 'NONE',  ( -1.000000000000000000, 0.000000000000000000, 0.000000000000000000 ) ) ;
#868 =( LENGTH_UNIT ( ) NAMED_UNIT ( * ) SI_UNIT ( .MILLI., .METRE. ) );
#869 = VECTOR ( 'NONE', #221, 1000.000000000000000 ) ;
#870 = VERTEX_POINT ( 'NONE', #2383 ) ;
#871 = DIRECTION ( 'NONE',  ( 1.000000000000000000, 0.000000000000000000, -0.000000000000000000 ) ) ;
#872 = VECTOR ( 'NONE', #2350, 1000.000000000000000 ) ;
#873 = EDGE_LOOP ( 'NONE', ( #591, #2837, #1619, #2914 ) ) ;
#874 = AXIS2_PLACEMENT_3D ( 'NONE', #2723, #2707, #2172 ) ;
#875 = ORIENTED_EDGE ( 'NONE', *, *, #383, .T. ) ;
#876 = ORIENTED_EDGE ( 'NONE', *, *, #3514, .F. ) ;
#877 = CYLINDRICAL_SURFACE ( 'NONE', #761, 22.49899999999999878 ) ;
#878 = CIRCLE ( 'NONE', #3310, 27.00000000000000000 ) ;
#879 = CARTESIAN_POINT ( 'NONE',  ( 1.000000000000000000, 17.65041959699878404, 20.43190368149481273 ) ) ;
#880 = CARTESIAN_POINT ( 'NONE',  ( 0.000000000000000000, -22.04646631764107667, 8.114321385059838576 ) ) ;
#881 = DIRECTION ( 'NONE',  ( 0.000000000000000000, 0.000000000000000000, 1.000000000000000000 ) ) ;
#882 = CIRCLE ( 'NONE', #638, 10.00000000000000000 ) ;
#883 = ADVANCED_FACE ( 'NONE', ( #2457 ), #2685, .T. ) ;
#884 = ORIENTED_EDGE ( 'NONE', *, *, #165, .F. ) ;
#885 = LINE ( 'NONE', #1437, #303 ) ;
#886 = CARTESIAN_POINT ( 'NONE',  ( 2.000000000000000000, -10.51654707034488290, -21.00693043621895839 ) ) ;
#887 = EDGE_CURVE ( 'NONE', #2896, #222, #1729, .T. ) ;
#888 = EDGE_CURVE ( 'NONE', #1265, #2125, #991, .T. ) ;
#889 = ORIENTED_EDGE ( 'NONE', *, *, #2201, .T. ) ;
#890 = CYLINDRICAL_SURFACE ( 'NONE', #3215, 22.49899999999999878 ) ;
#891 = EDGE_LOOP ( 'NONE', ( #2302, #2571, #3660, #3374 ) ) ;
#892 = EDGE_CURVE ( 'NONE', #710, #42, #1826, .T. ) ;
#893 = DIRECTION ( 'NONE',  ( -1.000000000000000000, -0.000000000000000000, -0.000000000000000000 ) ) ;
#894 = EDGE_LOOP ( 'NONE', ( #1244, #3145, #2074, #985 ) ) ;
#895 = EDGE_LOOP ( 'NONE', ( #525, #254, #1514, #1537 ) ) ;
#896 = DIRECTION ( 'NONE',  ( 0.000000000000000000, 0.000000000000000000, 1.000000000000000000 ) ) ;
#897 = DIRECTION ( 'NONE',  ( 0.000000000000000000, 0.5877852522924686962, 0.8090169943749507819 ) ) ;
#898 = FACE_OUTER_BOUND ( 'NONE', #2955, .T. ) ;
#899 = DIRECTION ( 'NONE',  ( 0.000000000000000000, 0.9510565162951544194, -0.3090169943749445647 ) ) ;
#900 = VERTEX_POINT ( 'NONE', #728 ) ;
#901 = DIRECTION ( 'NONE',  ( -1.000000000000000000, -0.000000000000000000, -0.000000000000000000 ) ) ;
#902 = AXIS2_PLACEMENT_3D ( 'NONE', #2814, #1714, #2241 ) ;
#903 = ADVANCED_FACE ( 'NONE', ( #2703 ), #3317, .T. ) ;
#904 = VECTOR ( 'NONE', #3423, 1000.000000000000000 ) ;
#905 = AXIS2_PLACEMENT_3D ( 'NONE', #213, #457, #1104 ) ;
#906 = ORIENTED_EDGE ( 'NONE', *, *, #3021, .F. ) ;
#907 = CARTESIAN_POINT ( 'NONE',  ( 0.9999999999999991118, -8.889459704103755300, -25.49465642382959629 ) ) ;
#908 = EDGE_CURVE ( 'NONE', #611, #516, #3246, .T. ) ;
#909 = ORIENTED_EDGE ( 'NONE', *, *, #1120, .F. ) ;
#910 = CIRCLE ( 'NONE', #2367, 22.49900000000000233 ) ;
#911 = CIRCLE ( 'NONE', #1573, 22.49899999999999878 ) ;
#912 = CARTESIAN_POINT ( 'NONE',  ( 2.000000000000000000, -4.961939245689758415, 22.96231799181010302 ) ) ;
#913 = ORIENTED_EDGE ( 'NONE', *, *, #583, .F. ) ;
#914 = DIRECTION ( 'NONE',  ( -1.000000000000000000, -0.000000000000000000, -0.000000000000000000 ) ) ;
#915 = DIRECTION ( 'NONE',  ( 0.000000000000000000, 0.000000000000000000, 1.000000000000000000 ) ) ;
#916 = EDGE_CURVE ( 'NONE', #373, #91, #2333, .T. ) ;
#917 = EDGE_CURVE ( 'NONE', #2701, #2267, #3431, .T. ) ;
#918 = VERTEX_POINT ( 'NONE', #1806 ) ;
#919 = CARTESIAN_POINT ( 'NONE',  ( 0.000000000000000000, 16.76263966737385402, -21.16633911147094338 ) ) ;
#920 = CARTESIAN_POINT ( 'NONE',  ( 2.000000000000000000, -23.22856984560560534, -3.510332115732631486 ) ) ;
#921 = ORIENTED_EDGE ( 'NONE', *, *, #3499, .F. ) ;
#922 = DIRECTION ( 'NONE',  ( 1.000000000000000000, -0.000000000000000000, -0.000000000000000000 ) ) ;
#923 = DIRECTION ( 'NONE',  ( -1.000000000000000000, -0.000000000000000000, -0.000000000000000000 ) ) ;
#924 = EDGE_CURVE ( 'NONE', #3460, #1640, #3735, .T. ) ;
#925 = AXIS2_PLACEMENT_3D ( 'NONE', #2147, #3256, #380 ) ;
#926 = EDGE_LOOP ( 'NONE', ( #1804, #760, #471, #731 ) ) ;
#927 = DIRECTION ( 'NONE',  ( 0.000000000000000000, 0.9822872507286879440, 0.1873813145857285423 ) ) ;
#928 = ORIENTED_EDGE ( 'NONE', *, *, #2003, .F. ) ;
#929 = AXIS2_PLACEMENT_3D ( 'NONE', #2808, #2194, #1705 ) ;
#930 = LINE ( 'NONE', #357, #668 ) ;
#931 = ORIENTED_EDGE ( 'NONE', *, *, #2753, .F. ) ;
#932 = DIRECTION ( 'NONE',  ( 0.000000000000000000, 0.000000000000000000, 1.000000000000000000 ) ) ;
#933 = CARTESIAN_POINT ( 'NONE',  ( 0.000000000000000000, 0.000000000000000000, 0.000000000000000000 ) ) ;
#934 = ADVANCED_FACE ( 'NONE', ( #2665 ), #3297, .T. ) ;
#935 = AXIS2_PLACEMENT_3D ( 'NONE', #3031, #3320, #347 ) ;
#936 = VERTEX_POINT ( 'NONE', #1525 ) ;
#937 = DIRECTION ( 'NONE',  ( -1.000000000000000000, 0.000000000000000000, 0.000000000000000000 ) ) ;
#938 = CARTESIAN_POINT ( 'NONE',  ( -10.00000000000000000, 0.000000000000000000, 0.000000000000000000 ) ) ;
#939 = ORIENTED_EDGE ( 'NONE', *, *, #3686, .F. ) ;
#940 = CARTESIAN_POINT ( 'NONE',  ( 0.000000000000000000, -2.269917751577841258, 26.90441364165128491 ) ) ;
#941 = CARTESIAN_POINT ( 'NONE',  ( 2.000000000000000000, -17.62983549975479391, 13.97833685570588891 ) ) ;
#942 = DIRECTION ( 'NONE',  ( -1.000000000000000000, 0.000000000000000000, 0.000000000000000000 ) ) ;
#943 = EDGE_CURVE ( 'NONE', #3293, #1936, #2154, .T. ) ;
#944 = ORIENTED_EDGE ( 'NONE', *, *, #2357, .F. ) ;
#945 = CARTESIAN_POINT ( 'NONE',  ( 0.000000000000000000, 12.01469138739368070, 24.17947871368794210 ) ) ;
#946 = EDGE_LOOP ( 'NONE', ( #751, #3059, #2899, #2340 ) ) ;
#947 = AXIS2_PLACEMENT_3D ( 'NONE', #1672, #534, #1691 ) ;
#948 = DIRECTION ( 'NONE',  ( 1.000000000000000000, -0.000000000000000000, -0.000000000000000000 ) ) ;
#949 = ORIENTED_EDGE ( 'NONE', *, *, #2717, .T. ) ;
#950 = DIRECTION ( 'NONE',  ( -1.000000000000000000, 0.000000000000000000, 0.000000000000000000 ) ) ;
#951 = DIRECTION ( 'NONE',  ( 0.000000000000000000, 0.000000000000000000, 1.000000000000000000 ) ) ;
#952 = VERTEX_POINT ( 'NONE', #1681 ) ;
#953 = DIRECTION ( 'NONE',  ( 0.000000000000000000, 0.000000000000000000, -1.000000000000000000 ) ) ;
#954 = DIRECTION ( 'NONE',  ( -1.000000000000000000, 0.000000000000000000, 0.000000000000000000 ) ) ;
#955 = EDGE_LOOP ( 'NONE', ( #3532, #490, #2168, #1543 ) ) ;
#956 = DIRECTION ( 'NONE',  ( 0.000000000000000000, 0.000000000000000000, 1.000000000000000000 ) ) ;
#957 = CARTESIAN_POINT ( 'NONE',  ( 0.000000000000000000, 16.76263966737355915, 21.16633911147117786 ) ) ;
#958 = DIRECTION ( 'NONE',  ( -1.000000000000000000, 0.000000000000000000, 0.000000000000000000 ) ) ;
#959 = AXIS2_PLACEMENT_3D ( 'NONE', #3476, #1721, #897 ) ;
#960 = AXIS2_PLACEMENT_3D ( 'NONE', #1747, #1536, #2697 ) ;
#961 = ORIENTED_EDGE ( 'NONE', *, *, #1803, .F. ) ;
#962 = CARTESIAN_POINT ( 'NONE',  ( 2.000000000000000000, -9.482618699216939007, -21.49346019700372423 ) ) ;
#963 = ADVANCED_FACE ( 'NONE', ( #3083 ), #3685, .T. ) ;
#964 = DIRECTION ( 'NONE',  ( 0.000000000000000000, 0.000000000000000000, 1.000000000000000000 ) ) ;
#965 = CIRCLE ( 'NONE', #2243, 10.00000000000000000 ) ;
#966 = AXIS2_PLACEMENT_3D ( 'NONE', #3064, #2549, #3146 ) ;
#967 = DIRECTION ( 'NONE',  ( -1.000000000000000000, 0.000000000000000000, 0.000000000000000000 ) ) ;
#968 = VERTEX_POINT ( 'NONE', #743 ) ;
#969 = CARTESIAN_POINT ( 'NONE',  ( 2.000000000000000000, -5.141558466031329822, 21.90363845438426793 ) ) ;
#970 = CIRCLE ( 'NONE', #3097, 22.49900000000000233 ) ;
#971 = EDGE_CURVE ( 'NONE', #6, #1064, #512, .T. ) ;
#972 = CIRCLE ( 'NONE', #3470, 9.999999999999996447 ) ;
#973 = EDGE_CURVE ( 'NONE', #870, #2427, #1420, .T. ) ;
#974 = ORIENTED_EDGE ( 'NONE', *, *, #3354, .F. ) ;
#975 = DIRECTION ( 'NONE',  ( 1.000000000000000000, 0.000000000000000000, -0.000000000000000000 ) ) ;
#976 = CARTESIAN_POINT ( 'NONE',  ( 2.000000000000000000, 0.000000000000000000, 0.000000000000000000 ) ) ;
#977 = EDGE_LOOP ( 'NONE', ( #3598, #603, #2923, #3699 ) ) ;
#978 = DIRECTION ( 'NONE',  ( -1.000000000000000000, -0.000000000000000000, -0.000000000000000000 ) ) ;
#979 = CARTESIAN_POINT ( 'NONE',  ( 2.000000000000000000, 0.000000000000000000, 0.000000000000000000 ) ) ;
#980 = CARTESIAN_POINT ( 'NONE',  ( 2.000000000000000000, 0.000000000000000000, 0.000000000000000000 ) ) ;
#981 = ORIENTED_EDGE ( 'NONE', *, *, #2245, .T. ) ;
#982 = CARTESIAN_POINT ( 'NONE',  ( 1.000000000000000000, 21.49986500320993699, -16.33266067864475701 ) ) ;
#983 = FACE_OUTER_BOUND ( 'NONE', #2237, .T. ) ;
#984 = DIRECTION ( 'NONE',  ( 0.000000000000000000, 0.6845471059286900584, -0.7289686274214102202 ) ) ;
#985 = ORIENTED_EDGE ( 'NONE', *, *, #2306, .T. ) ;
#986 = CARTESIAN_POINT ( 'NONE',  ( 2.000000000000000000, -7.793659086758867538, -25.85070362754911244 ) ) ;
#987 = VECTOR ( 'NONE', #1830, 1000.000000000000000 ) ;
#988 = ORIENTED_EDGE ( 'NONE', *, *, #607, .F. ) ;
#989 = CARTESIAN_POINT ( 'NONE',  ( 2.000000000000000000, -10.51654707034518843, 21.00693043621880918 ) ) ;
#990 = CARTESIAN_POINT ( 'NONE',  ( 0.000000000000000000, 12.10169028542899383, 20.13549057933467523 ) ) ;
#991 = CIRCLE ( 'NONE', #26, 10.00000000000000000 ) ;
#992 = VECTOR ( 'NONE', #1828, 1000.000000000000000 ) ;
#993 = EDGE_LOOP ( 'NONE', ( #2132, #2047, #174, #258 ) ) ;
#994 = DIRECTION ( 'NONE',  ( -1.000000000000000000, 0.000000000000000000, -0.000000000000000000 ) ) ;
#995 = CARTESIAN_POINT ( 'NONE',  ( 0.000000000000000000, 0.000000000000000000, 0.000000000000000000 ) ) ;
#996 = FACE_OUTER_BOUND ( 'NONE', #2343, .T. ) ;
#997 = CIRCLE ( 'NONE', #1183, 9.999999999999998224 ) ;
#998 = EDGE_CURVE ( 'NONE', #1965, #693, #3611, .T. ) ;
#999 = ORIENTED_EDGE ( 'NONE', *, *, #3580, .T. ) ;
#1000 = CARTESIAN_POINT ( 'NONE',  ( 2.000000000000000000, 13.06648747438701363, -19.52321166500556160 ) ) ;
#1001 = FACE_OUTER_BOUND ( 'NONE', #3164, .T. ) ;
#1002 = EDGE_CURVE ( 'NONE', #3305, #67, #1391, .T. ) ;
#1003 = AXIS2_PLACEMENT_3D ( 'NONE', #2484, #1835, #1555 ) ;
#1004 = DIRECTION ( 'NONE',  ( 0.000000000000000000, 0.000000000000000000, 1.000000000000000000 ) ) ;
#1005 = VERTEX_POINT ( 'NONE', #480 ) ;
#1006 = CARTESIAN_POINT ( 'NONE',  ( 0.000000000000000000, 20.15439620501989637, 10.00026572702343408 ) ) ;
#1007 = VERTEX_POINT ( 'NONE', #214 ) ;
#1008 = DIRECTION ( 'NONE',  ( -1.000000000000000000, 0.000000000000000000, 0.000000000000000000 ) ) ;
#1009 = DIRECTION ( 'NONE',  ( -1.000000000000000000, -0.000000000000000000, -0.000000000000000000 ) ) ;
#1010 = ORIENTED_EDGE ( 'NONE', *, *, #2471, .T. ) ;
#1011 = CYLINDRICAL_SURFACE ( 'NONE', #1421, 9.999999999999998224 ) ;
#1012 = DIRECTION ( 'NONE',  ( 1.000000000000000000, -0.000000000000000000, 0.000000000000000000 ) ) ;
#1013 = CARTESIAN_POINT ( 'NONE',  ( 0.000000000000000000, 0.000000000000000000, 0.000000000000000000 ) ) ;
#1014 = ORIENTED_EDGE ( 'NONE', *, *, #3436, .T. ) ;
#1015 = DIRECTION ( 'NONE',  ( 0.000000000000000000, 0.000000000000000000, 1.000000000000000000 ) ) ;
#1016 = CARTESIAN_POINT ( 'NONE',  ( 0.000000000000000000, 5.624035930975010977, -26.40776817239772001 ) ) ;
#1017 = CARTESIAN_POINT ( 'NONE',  ( 2.000000000000000000, 16.72898631184420992, 16.49332912462039147 ) ) ;
#1018 = AXIS2_PLACEMENT_3D ( 'NONE', #3508, #893, #2468 ) ;
#1019 = DIRECTION ( 'NONE',  ( 0.000000000000000000, 0.000000000000000000, 1.000000000000000000 ) ) ;
#1020 = ORIENTED_EDGE ( 'NONE', *, *, #1169, .T. ) ;
#1021 = CYLINDRICAL_SURFACE ( 'NONE', #443, 22.49899999999999878 ) ;
#1022 = AXIS2_PLACEMENT_3D ( 'NONE', #2483, #2428, #1251 ) ;
#1023 = ORIENTED_EDGE ( 'NONE', *, *, #2057, .T. ) ;
#1024 = DIRECTION ( 'NONE',  ( 0.000000000000000000, 0.000000000000000000, 1.000000000000000000 ) ) ;
#1025 = DIRECTION ( 'NONE',  ( -1.000000000000000000, 0.000000000000000000, 0.000000000000000000 ) ) ;
#1026 = AXIS2_PLACEMENT_3D ( 'NONE', #2846, #2520, #234 ) ;
#1027 = ADVANCED_FACE ( 'NONE', ( #2474 ), #3435, .T. ) ;
#1028 = ADVANCED_FACE ( 'NONE', ( #2232 ), #193, .T. ) ;
#1029 = AXIS2_PLACEMENT_3D ( 'NONE', #328, #3225, #1773 ) ;
#1030 = ORIENTED_EDGE ( 'NONE', *, *, #3072, .F. ) ;
#1031 = CARTESIAN_POINT ( 'NONE',  ( 1.000000000000000000, -1.119998386744853747, 26.97676043585828864 ) ) ;
#1032 = DIRECTION ( 'NONE',  ( -1.000000000000000000, 0.000000000000000000, 0.000000000000000000 ) ) ;
#1033 = DIRECTION ( 'NONE',  ( -1.000000000000000000, -0.000000000000000000, -0.000000000000000000 ) ) ;
#1034 = EDGE_CURVE ( 'NONE', #2248, #1349, #814, .T. ) ;
#1035 = ORIENTED_EDGE ( 'NONE', *, *, #1902, .T. ) ;
#1036 = CARTESIAN_POINT ( 'NONE',  ( 2.000000000000000000, 12.84376727072260849, 18.47275407987436324 ) ) ;
#1037 = DIRECTION ( 'NONE',  ( 0.000000000000000000, -0.2486898871648415277, -0.9685831611286346288 ) ) ;
#1038 = CARTESIAN_POINT ( 'NONE',  ( 2.000000000000000000, 6.046576271976233485, -21.67126937646186491 ) ) ;
#1039 = CARTESIAN_POINT ( 'NONE',  ( 2.000000000000000000, 22.60544435938614072, 6.393963868338580880 ) ) ;
#1040 = ORIENTED_EDGE ( 'NONE', *, *, #518, .T. ) ;
#1041 = LINE ( 'NONE', #849, #569 ) ;
#1042 = AXIS2_PLACEMENT_3D ( 'NONE', #1257, #914, #2075 ) ;
#1043 = ORIENTED_EDGE ( 'NONE', *, *, #852, .T. ) ;
#1044 = ORIENTED_EDGE ( 'NONE', *, *, #2730, .F. ) ;
#1045 = DIRECTION ( 'NONE',  ( -1.000000000000000000, 0.000000000000000000, -0.000000000000000000 ) ) ;
#1046 = CARTESIAN_POINT ( 'NONE',  ( 2.000000000000000000, 7.846269576129173196, -21.08651357476407284 ) ) ;
#1047 = EDGE_CURVE ( 'NONE', #18, #2497, #2032, .T. ) ;
#1048 = AXIS2_PLACEMENT_3D ( 'NONE', #3111, #506, #546 ) ;
#1049 = ORIENTED_EDGE ( 'NONE', *, *, #248, .T. ) ;
#1050 = LINE ( 'NONE', #2498, #3741 ) ;
#1051 = CARTESIAN_POINT ( 'NONE',  ( 2.000000000000000000, -26.00252233623301734, 7.271095663908092810 ) ) ;
#1052 = CARTESIAN_POINT ( 'NONE',  ( 2.000000000000000000, -19.33588636798659977, -13.34212827847311722 ) ) ;
#1053 = AXIS2_PLACEMENT_3D ( 'NONE', #310, #329, #2624 ) ;
#1054 = ORIENTED_EDGE ( 'NONE', *, *, #3248, .F. ) ;
#1055 = DIRECTION ( 'NONE',  ( 0.000000000000000000, -0.8443279255020087470, -0.5358267949790065376 ) ) ;
#1056 = VECTOR ( 'NONE', #1886, 1000.000000000000000 ) ;
#1057 = CARTESIAN_POINT ( 'NONE',  ( 0.000000000000000000, -19.28330697039769603, -18.89852037291310438 ) ) ;
#1058 = CARTESIAN_POINT ( 'NONE',  ( 0.000000000000000000, 0.000000000000000000, 0.000000000000000000 ) ) ;
#1059 = CARTESIAN_POINT ( 'NONE',  ( 0.000000000000000000, 16.72898631184444085, -16.49332912462015344 ) ) ;
#1060 = ORIENTED_EDGE ( 'NONE', *, *, #51, .T. ) ;
#1061 = AXIS2_PLACEMENT_3D ( 'NONE', #2056, #44, #915 ) ;
#1062 = VERTEX_POINT ( 'NONE', #1983 ) ;
#1063 = AXIS2_PLACEMENT_3D ( 'NONE', #3239, #342, #1324 ) ;
#1064 = VERTEX_POINT ( 'NONE', #2212 ) ;
#1065 = CARTESIAN_POINT ( 'NONE',  ( 2.000000000000000000, 24.88617474992178202, 10.47274110805549618 ) ) ;
#1066 = CYLINDRICAL_SURFACE ( 'NONE', #514, 4.000000000000000000 ) ;
#1067 = AXIS2_PLACEMENT_3D ( 'NONE', #163, #1855, #3655 ) ;
#1068 = ORIENTED_EDGE ( 'NONE', *, *, #3021, .T. ) ;
#1069 = DIRECTION ( 'NONE',  ( -1.000000000000000000, 0.000000000000000000, 0.000000000000000000 ) ) ;
#1070 = CARTESIAN_POINT ( 'NONE',  ( 0.000000000000000000, 13.06648747438701363, -19.52321166500556160 ) ) ;
#1071 = DIRECTION ( 'NONE',  ( -1.000000000000000000, 0.000000000000000000, 0.000000000000000000 ) ) ;
#1072 = ADVANCED_FACE ( 'NONE', ( #3147 ), #1066, .F. ) ;
#1073 = ORIENTED_EDGE ( 'NONE', *, *, #2838, .F. ) ;
#1074 = CARTESIAN_POINT ( 'NONE',  ( 0.000000000000000000, 0.000000000000000000, 0.000000000000000000 ) ) ;
#1075 = DIRECTION ( 'NONE',  ( 0.000000000000000000, 0.9822872507286879440, 0.1873813145857286810 ) ) ;
#1076 = EDGE_CURVE ( 'NONE', #373, #1764, #1945, .T. ) ;
#1077 = DIRECTION ( 'NONE',  ( 0.000000000000000000, 0.000000000000000000, 1.000000000000000000 ) ) ;
#1078 = ORIENTED_EDGE ( 'NONE', *, *, #415, .F. ) ;
#1079 = ADVANCED_FACE ( 'NONE', ( #501 ), #1661, .T. ) ;
#1080 = EDGE_CURVE ( 'NONE', #2865, #2263, #2762, .T. ) ;
#1081 = EDGE_LOOP ( 'NONE', ( #3688, #2552, #3329, #2585 ) ) ;
#1082 = ORIENTED_EDGE ( 'NONE', *, *, #331, .T. ) ;
#1083 = ORIENTED_EDGE ( 'NONE', *, *, #84, .T. ) ;
#1084 = AXIS2_PLACEMENT_3D ( 'NONE', #1175, #2651, #1228 ) ;
#1085 = CARTESIAN_POINT ( 'NONE',  ( 0.000000000000000000, 7.800754436723295271, 22.15935736552086510 ) ) ;
#1086 = CARTESIAN_POINT ( 'NONE',  ( 2.000000000000000000, -9.482618699216939007, -21.49346019700372423 ) ) ;
#1087 = EDGE_CURVE ( 'NONE', #952, #37, #2189, .T. ) ;
#1088 = AXIS2_PLACEMENT_3D ( 'NONE', #1440, #1367, #1422 ) ;
#1089 = CIRCLE ( 'NONE', #3332, 22.49900000000000233 ) ;
#1090 = EDGE_CURVE ( 'NONE', #188, #226, #3065, .T. ) ;
#1091 = ORIENTED_EDGE ( 'NONE', *, *, #1383, .F. ) ;
#1092 = DIRECTION ( 'NONE',  ( -1.000000000000000000, 0.000000000000000000, 0.000000000000000000 ) ) ;
#1093 = CARTESIAN_POINT ( 'NONE',  ( 0.000000000000000000, 4.898587196589412829E-16, -4.000000000000000000 ) ) ;
#1094 = CARTESIAN_POINT ( 'NONE',  ( 2.000000000000000000, 0.000000000000000000, 0.000000000000000000 ) ) ;
#1095 = VECTOR ( 'NONE', #3671, 1000.000000000000000 ) ;
#1096 = EDGE_CURVE ( 'NONE', #1145, #2400, #2759, .T. ) ;
#1097 = AXIS2_PLACEMENT_3D ( 'NONE', #1810, #2120, #88 ) ;
#1098 = EDGE_LOOP ( 'NONE', ( #2628, #1638, #1159, #1744 ) ) ;
#1099 = CARTESIAN_POINT ( 'NONE',  ( 1.000000000000000000, -23.37735732152404111, -13.50922516881654722 ) ) ;
#1100 = CARTESIAN_POINT ( 'NONE',  ( 1.000000000000000000, -26.99385324196858704, 0.5760964772173680082 ) ) ;
#1101 = ORIENTED_EDGE ( 'NONE', *, *, #3346, .T. ) ;
#1102 = VERTEX_POINT ( 'NONE', #252 ) ;
#1103 = ORIENTED_EDGE ( 'NONE', *, *, #1862, .T. ) ;
#1104 = DIRECTION ( 'NONE',  ( 0.000000000000000000, -0.9510565162951499785, -0.3090169943749582204 ) ) ;
#1105 = CARTESIAN_POINT ( 'NONE',  ( 2.000000000000000000, 0.000000000000000000, 0.000000000000000000 ) ) ;
#1106 = AXIS2_PLACEMENT_3D ( 'NONE', #1858, #3273, #2656 ) ;
#1107 = ORIENTED_EDGE ( 'NONE', *, *, #1150, .T. ) ;
#1108 = DIRECTION ( 'NONE',  ( 1.000000000000000000, 0.000000000000000000, -0.000000000000000000 ) ) ;
#1109 = FACE_OUTER_BOUND ( 'NONE', #2130, .T. ) ;
#1110 = DIRECTION ( 'NONE',  ( 0.000000000000000000, 0.6845471059286899473, -0.7289686274214103312 ) ) ;
#1111 = CIRCLE ( 'NONE', #2080, 10.00000000000000000 ) ;
#1112 = AXIS2_PLACEMENT_3D ( 'NONE', #2500, #3726, #1968 ) ;
#1113 = EDGE_LOOP ( 'NONE', ( #1876, #2219, #2282, #3646 ) ) ;
#1114 = DIRECTION ( 'NONE',  ( 1.000000000000000000, 0.000000000000000000, 0.000000000000000000 ) ) ;
#1115 = CARTESIAN_POINT ( 'NONE',  ( 2.000000000000000000, -3.282766945651393709, -22.25822190069410311 ) ) ;
#1116 = DIRECTION ( 'NONE',  ( -1.000000000000000000, 0.000000000000000000, -0.000000000000000000 ) ) ;
#1117 = AXIS2_PLACEMENT_3D ( 'NONE', #1883, #3045, #690 ) ;
#1118 = CIRCLE ( 'NONE', #874, 9.999999999999998224 ) ;
#1119 = DIRECTION ( 'NONE',  ( 1.000000000000000000, -0.000000000000000000, -0.000000000000000000 ) ) ;
#1120 = EDGE_CURVE ( 'NONE', #2738, #2775, #1238, .T. ) ;
#1121 = ORIENTED_EDGE ( 'NONE', *, *, #1122, .T. ) ;
#1122 = EDGE_CURVE ( 'NONE', #2125, #1, #838, .T. ) ;
#1123 = ORIENTED_EDGE ( 'NONE', *, *, #2436, .F. ) ;
#1124 = CARTESIAN_POINT ( 'NONE',  ( 2.000000000000000000, -22.04646631764096298, -8.114321385060144110 ) ) ;
#1125 = LINE ( 'NONE', #2076, #822 ) ;
#1126 = CARTESIAN_POINT ( 'NONE',  ( 2.000000000000000000, 0.000000000000000000, 0.000000000000000000 ) ) ;
#1127 = EDGE_CURVE ( 'NONE', #2530, #2940, #1410, .T. ) ;
#1128 = ORIENTED_EDGE ( 'NONE', *, *, #3447, .T. ) ;
#1129 = CARTESIAN_POINT ( 'NONE',  ( 0.000000000000000000, 4.492251481453973128, -26.62366760285619094 ) ) ;
#1130 = LINE ( 'NONE', #1488, #2011 ) ;
#1131 = CARTESIAN_POINT ( 'NONE',  ( 0.000000000000000000, -23.93243051059745952, 12.49955078614522641 ) ) ;
#1132 = AXIS2_PLACEMENT_3D ( 'NONE', #2540, #2504, #2560 ) ;
#1133 = EDGE_CURVE ( 'NONE', #2502, #1174, #3002, .T. ) ;
#1134 = ORIENTED_EDGE ( 'NONE', *, *, #973, .T. ) ;
#1135 = DIRECTION ( 'NONE',  ( -1.000000000000000000, 0.000000000000000000, -0.000000000000000000 ) ) ;
#1136 = DIRECTION ( 'NONE',  ( -1.000000000000000000, -0.000000000000000000, -0.000000000000000000 ) ) ;
#1137 = EDGE_CURVE ( 'NONE', #1455, #42, #1361, .T. ) ;
#1138 = CYLINDRICAL_SURFACE ( 'NONE', #2787, 27.00000000000000000 ) ;
#1139 = ORIENTED_EDGE ( 'NONE', *, *, #1034, .F. ) ;
#1140 = ORIENTED_EDGE ( 'NONE', *, *, #518, .F. ) ;
#1141 = EDGE_LOOP ( 'NONE', ( #2054, #3019, #2566, #1920 ) ) ;
#1142 = CARTESIAN_POINT ( 'NONE',  ( 2.000000000000000000, 0.000000000000000000, 0.000000000000000000 ) ) ;
#1143 = CIRCLE ( 'NONE', #488, 9.999999999999998224 ) ;
#1144 = AXIS2_PLACEMENT_3D ( 'NONE', #470, #3006, #2714 ) ;
#1145 = VERTEX_POINT ( 'NONE', #3550 ) ;
#1146 = CYLINDRICAL_SURFACE ( 'NONE', #1446, 9.999999999999998224 ) ;
#1147 = CYLINDRICAL_SURFACE ( 'NONE', #428, 9.999999999999998224 ) ;
#1148 = CARTESIAN_POINT ( 'NONE',  ( -10.00000000000000000, 0.000000000000000000, 0.000000000000000000 ) ) ;
#1149 = AXIS2_PLACEMENT_3D ( 'NONE', #3427, #2895, #284 ) ;
#1150 = EDGE_CURVE ( 'NONE', #86, #270, #2453, .T. ) ;
#1151 = ORIENTED_EDGE ( 'NONE', *, *, #134, .T. ) ;
#1152 = EDGE_CURVE ( 'NONE', #1906, #2512, #630, .T. ) ;
#1153 = FACE_OUTER_BOUND ( 'NONE', #1911, .T. ) ;
#1154 = CARTESIAN_POINT ( 'NONE',  ( 1.000000000000000000, 21.49986500320969540, 16.33266067864507320 ) ) ;
#1155 = VERTEX_POINT ( 'NONE', #940 ) ;
#1156 = EDGE_CURVE ( 'NONE', #2493, #2089, #1118, .T. ) ;
#1157 = CARTESIAN_POINT ( 'NONE',  ( 0.000000000000000000, 7.846269576128876544, 21.08651357476418653 ) ) ;
#1158 = ORIENTED_EDGE ( 'NONE', *, *, #2705, .T. ) ;
#1159 = ORIENTED_EDGE ( 'NONE', *, *, #2804, .T. ) ;
#1160 = ORIENTED_EDGE ( 'NONE', *, *, #561, .F. ) ;
#1161 = CARTESIAN_POINT ( 'NONE',  ( 0.000000000000000000, -19.28330697039795538, 18.89852037291283793 ) ) ;
#1162 = ADVANCED_FACE ( 'NONE', ( #3604 ), #2421, .T. ) ;
#1163 = CYLINDRICAL_SURFACE ( 'NONE', #1273, 22.49899999999999878 ) ;
#1164 = DIRECTION ( 'NONE',  ( -1.000000000000000000, 0.000000000000000000, 0.000000000000000000 ) ) ;
#1165 = DIRECTION ( 'NONE',  ( 0.000000000000000000, 0.000000000000000000, 1.000000000000000000 ) ) ;
#1166 = ADVANCED_FACE ( 'NONE', ( #2101 ), #3265, .T. ) ;
#1167 = AXIS2_PLACEMENT_3D ( 'NONE', #3463, #2578, #3060 ) ;
#1168 = ORIENTED_EDGE ( 'NONE', *, *, #1306, .T. ) ;
#1169 = EDGE_CURVE ( 'NONE', #3212, #2819, #2891, .T. ) ;
#1170 = CARTESIAN_POINT ( 'NONE',  ( 0.000000000000000000, 0.000000000000000000, 0.000000000000000000 ) ) ;
#1171 = CYLINDRICAL_SURFACE ( 'NONE', #265, 9.999999999999998224 ) ;
#1172 = CIRCLE ( 'NONE', #2447, 9.999999999999998224 ) ;
#1173 = ADVANCED_FACE ( 'NONE', ( #2157 ), #1011, .T. ) ;
#1174 = VERTEX_POINT ( 'NONE', #3335 ) ;
#1175 = CARTESIAN_POINT ( 'NONE',  ( 2.000000000000000000, 16.72898631184444085, -16.49332912462015344 ) ) ;
#1176 = AXIS2_PLACEMENT_3D ( 'NONE', #976, #442, #2134 ) ;
#1177 = ORIENTED_EDGE ( 'NONE', *, *, #248, .F. ) ;
#1178 = AXIS2_PLACEMENT_3D ( 'NONE', #2386, #3285, #1809 ) ;
#1179 = LINE ( 'NONE', #1482, #2794 ) ;
#1180 = VERTEX_POINT ( 'NONE', #3301 ) ;
#1181 = ORIENTED_EDGE ( 'NONE', *, *, #686, .F. ) ;
#1182 = FACE_OUTER_BOUND ( 'NONE', #346, .T. ) ;
#1183 = AXIS2_PLACEMENT_3D ( 'NONE', #3724, #3085, #463 ) ;
#1184 = EDGE_CURVE ( 'NONE', #2299, #3184, #90, .T. ) ;
#1185 = DIRECTION ( 'NONE',  ( 0.000000000000000000, 0.4817536741017162671, -0.8763066800438630288 ) ) ;
#1186 = CARTESIAN_POINT ( 'NONE',  ( 2.000000000000000000, -23.22856984560565863, 13.51033211573229487 ) ) ;
#1187 = AXIS2_PLACEMENT_3D ( 'NONE', #2862, #2001, #3166 ) ;
#1188 = EDGE_CURVE ( 'NONE', #3104, #2230, #2669, .T. ) ;
#1189 = ORIENTED_EDGE ( 'NONE', *, *, #1867, .F. ) ;
#1190 = CARTESIAN_POINT ( 'NONE',  ( -10.00000000000000000, 0.000000000000000000, 0.000000000000000000 ) ) ;
#1191 = CARTESIAN_POINT ( 'NONE',  ( -10.00000000000000000, 0.000000000000000000, 0.000000000000000000 ) ) ;
#1192 = ORIENTED_EDGE ( 'NONE', *, *, #149, .F. ) ;
#1193 = LINE ( 'NONE', #2355, #1812 ) ;
#1194 = ORIENTED_EDGE ( 'NONE', *, *, #2261, .F. ) ;
#1195 = EDGE_CURVE ( 'NONE', #3484, #1334, #430, .T. ) ;
#1196 = EDGE_CURVE ( 'NONE', #2497, #3218, #1849, .T. ) ;
#1197 = DIRECTION ( 'NONE',  ( -1.000000000000000000, 0.000000000000000000, 0.000000000000000000 ) ) ;
#1198 = ORIENTED_EDGE ( 'NONE', *, *, #2329, .F. ) ;
#1199 = DIRECTION ( 'NONE',  ( -1.000000000000000000, 0.000000000000000000, 0.000000000000000000 ) ) ;
#1200 = EDGE_CURVE ( 'NONE', #833, #3697, #1542, .T. ) ;
#1201 = DIRECTION ( 'NONE',  ( -1.000000000000000000, 0.000000000000000000, 0.000000000000000000 ) ) ;
#1202 = ADVANCED_FACE ( 'NONE', ( #1225 ), #1262, .T. ) ;
#1203 = CARTESIAN_POINT ( 'NONE',  ( 0.9999999999999991118, 25.31032526587965492, 9.401459191815604299 ) ) ;
#1204 = CARTESIAN_POINT ( 'NONE',  ( 0.000000000000000000, 22.17710702962217795, -15.40051699770765659 ) ) ;
#1205 = CARTESIAN_POINT ( 'NONE',  ( 2.000000000000000000, 21.53757550003248866, -6.506753613008589454 ) ) ;
#1206 = VECTOR ( 'NONE', #3369, 1000.000000000000000 ) ;
#1207 = ORIENTED_EDGE ( 'NONE', *, *, #502, .F. ) ;
#1208 = DIRECTION ( 'NONE',  ( 0.000000000000000000, 0.9510565162951544194, -0.3090169943749445647 ) ) ;
#1209 = LINE ( 'NONE', #1438, #2935 ) ;
#1210 = AXIS2_PLACEMENT_3D ( 'NONE', #3554, #3252, #72 ) ;
#1211 = CIRCLE ( 'NONE', #905, 22.49899999999999878 ) ;
#1212 = AXIS2_PLACEMENT_3D ( 'NONE', #1792, #2335, #1208 ) ;
#1213 = VERTEX_POINT ( 'NONE', #2978 ) ;
#1214 = DIRECTION ( 'NONE',  ( -1.000000000000000000, -0.000000000000000000, -0.000000000000000000 ) ) ;
#1215 = ORIENTED_EDGE ( 'NONE', *, *, #1578, .F. ) ;
#1216 = CIRCLE ( 'NONE', #1026, 10.00000000000000000 ) ;
#1217 = CARTESIAN_POINT ( 'NONE',  ( 2.000000000000000000, -23.22856984560565863, 3.510332115732296643 ) ) ;
#1218 = ORIENTED_EDGE ( 'NONE', *, *, #2003, .T. ) ;
#1219 = DIRECTION ( 'NONE',  ( -1.000000000000000000, 0.000000000000000000, 0.000000000000000000 ) ) ;
#1220 = CYLINDRICAL_SURFACE ( 'NONE', #3314, 27.00000000000000000 ) ;
#1221 = ORIENTED_EDGE ( 'NONE', *, *, #636, .F. ) ;
#1222 = FACE_OUTER_BOUND ( 'NONE', #1575, .T. ) ;
#1223 = DIRECTION ( 'NONE',  ( 0.000000000000000000, 0.9980267284282717810, -0.06279051952930994607 ) ) ;
#1224 = EDGE_LOOP ( 'NONE', ( #307, #1465, #1313, #1970 ) ) ;
#1225 = FACE_OUTER_BOUND ( 'NONE', #1717, .T. ) ;
#1226 = CARTESIAN_POINT ( 'NONE',  ( 2.000000000000000000, 22.47909678269662592, 0.9461547622656854006 ) ) ;
#1227 = ORIENTED_EDGE ( 'NONE', *, *, #2150, .T. ) ;
#1228 = DIRECTION ( 'NONE',  ( 0.000000000000000000, -0.9510565162951500895, -0.3090169943749582759 ) ) ;
#1229 = ORIENTED_EDGE ( 'NONE', *, *, #1843, .T. ) ;
#1230 = CIRCLE ( 'NONE', #1288, 27.00000000000000000 ) ;
#1231 = CIRCLE ( 'NONE', #1048, 10.00000000000000000 ) ;
#1232 = EDGE_CURVE ( 'NONE', #91, #86, #370, .T. ) ;
#1233 = CARTESIAN_POINT ( 'NONE',  ( 2.000000000000000000, 20.30513860337833165, 11.81483114278478830 ) ) ;
#1234 = ORIENTED_EDGE ( 'NONE', *, *, #2829, .T. ) ;
#1235 = CARTESIAN_POINT ( 'NONE',  ( 2.000000000000000000, 22.00817374216914857, -4.673894471904167958 ) ) ;
#1236 = DIRECTION ( 'NONE',  ( -1.000000000000000000, -0.000000000000000000, -0.000000000000000000 ) ) ;
#1237 = AXIS2_PLACEMENT_3D ( 'NONE', #1563, #101, #65 ) ;
#1238 = CIRCLE ( 'NONE', #2631, 27.00000000000000000 ) ;
#1239 = EDGE_LOOP ( 'NONE', ( #1338, #337, #3041, #3084 ) ) ;
#1240 = DIRECTION ( 'NONE',  ( -1.000000000000000000, 0.000000000000000000, 0.000000000000000000 ) ) ;
#1241 = CARTESIAN_POINT ( 'NONE',  ( 2.000000000000000000, 0.000000000000000000, 0.000000000000000000 ) ) ;
#1242 = EDGE_CURVE ( 'NONE', #16, #246, #391, .T. ) ;
#1243 = ADVANCED_FACE ( 'NONE', ( #1339 ), #2553, .T. ) ;
#1244 = ORIENTED_EDGE ( 'NONE', *, *, #1975, .T. ) ;
#1245 = DIRECTION ( 'NONE',  ( 1.000000000000000000, -0.000000000000000000, -0.000000000000000000 ) ) ;
#1246 = CARTESIAN_POINT ( 'NONE',  ( 0.000000000000000000, 20.30513860337849508, -11.81483114278450230 ) ) ;
#1247 = CARTESIAN_POINT ( 'NONE',  ( 0.000000000000000000, 26.70879461214782680, 3.954780697599231676 ) ) ;
#1248 = EDGE_CURVE ( 'NONE', #1174, #3208, #824, .T. ) ;
#1249 = CIRCLE ( 'NONE', #2403, 27.00000000000000000 ) ;
#1250 = ORIENTED_EDGE ( 'NONE', *, *, #1692, .T. ) ;
#1251 = DIRECTION ( 'NONE',  ( 0.000000000000000000, -0.7705132427757950264, 0.6374239897486828621 ) ) ;
#1252 = DIRECTION ( 'NONE',  ( -1.000000000000000000, -0.000000000000000000, 0.000000000000000000 ) ) ;
#1253 = AXIS2_PLACEMENT_3D ( 'NONE', #2695, #1252, #681 ) ;
#1254 = EDGE_CURVE ( 'NONE', #3370, #1145, #3494, .T. ) ;
#1255 = LINE ( 'NONE', #2037, #1807 ) ;
#1256 = EDGE_LOOP ( 'NONE', ( #218, #2156, #2928, #759 ) ) ;
#1257 = CARTESIAN_POINT ( 'NONE',  ( 0.000000000000000000, 0.000000000000000000, 0.000000000000000000 ) ) ;
#1258 = EDGE_LOOP ( 'NONE', ( #200, #2354, #99, #2052 ) ) ;
#1259 = DIRECTION ( 'NONE',  ( 0.000000000000000000, 0.000000000000000000, 1.000000000000000000 ) ) ;
#1260 = CARTESIAN_POINT ( 'NONE',  ( 2.000000000000001776, 0.000000000000000000, 0.000000000000000000 ) ) ;
#1261 = ORIENTED_EDGE ( 'NONE', *, *, #636, .T. ) ;
#1262 = CYLINDRICAL_SURFACE ( 'NONE', #1178, 22.49899999999999878 ) ;
#1263 = CARTESIAN_POINT ( 'NONE',  ( 2.000000000000000000, 7.800754436723295271, 22.15935736552086510 ) ) ;
#1264 = DIRECTION ( 'NONE',  ( 0.000000000000000000, 0.000000000000000000, -1.000000000000000000 ) ) ;
#1265 = VERTEX_POINT ( 'NONE', #1377 ) ;
#1266 = CARTESIAN_POINT ( 'NONE',  ( 0.000000000000000000, 20.15439620502003848, -10.00026572702314631 ) ) ;
#1267 = CARTESIAN_POINT ( 'NONE',  ( 1.000000000000000000, 22.17710702962217795, -15.40051699770765659 ) ) ;
#1268 = AXIS2_PLACEMENT_3D ( 'NONE', #1641, #2514, #1373 ) ;
#1269 = DIRECTION ( 'NONE',  ( 0.000000000000000000, 0.000000000000000000, 1.000000000000000000 ) ) ;
#1270 = ORIENTED_EDGE ( 'NONE', *, *, #3474, .F. ) ;
#1271 = DIRECTION ( 'NONE',  ( -1.000000000000000000, -0.000000000000000000, 0.000000000000000000 ) ) ;
#1272 = AXIS2_PLACEMENT_3D ( 'NONE', #1554, #2162, #2712 ) ;
#1273 = AXIS2_PLACEMENT_3D ( 'NONE', #2887, #3224, #3744 ) ;
#1274 = VECTOR ( 'NONE', #1300, 1000.000000000000000 ) ;
#1275 = ORIENTED_EDGE ( 'NONE', *, *, #1988, .T. ) ;
#1276 = DIRECTION ( 'NONE',  ( 1.000000000000000000, -0.000000000000000000, 0.000000000000000000 ) ) ;
#1277 = DIRECTION ( 'NONE',  ( 0.000000000000000000, 0.000000000000000000, -1.000000000000000000 ) ) ;
#1278 = EDGE_CURVE ( 'NONE', #836, #1444, #1604, .T. ) ;
#1279 = EDGE_LOOP ( 'NONE', ( #2033, #2692, #238, #418 ) ) ;
#1280 = DIRECTION ( 'NONE',  ( -1.000000000000000000, -0.000000000000000000, -0.000000000000000000 ) ) ;
#1281 = DIRECTION ( 'NONE',  ( 1.000000000000000000, 0.000000000000000000, -0.000000000000000000 ) ) ;
#1282 = CARTESIAN_POINT ( 'NONE',  ( 2.000000000000000000, 21.49986500320969540, 16.33266067864507320 ) ) ;
#1283 = VERTEX_POINT ( 'NONE', #2535 ) ;
#1284 = DIRECTION ( 'NONE',  ( 1.000000000000000000, -0.000000000000000000, 0.000000000000000000 ) ) ;
#1285 = FACE_OUTER_BOUND ( 'NONE', #721, .T. ) ;
#1286 = EDGE_CURVE ( 'NONE', #1656, #1622, #1297, .T. ) ;
#1287 = DIRECTION ( 'NONE',  ( -1.000000000000000000, 0.000000000000000000, -0.000000000000000000 ) ) ;
#1288 = AXIS2_PLACEMENT_3D ( 'NONE', #1711, #1877, #1690 ) ;
#1289 = VERTEX_POINT ( 'NONE', #1926 ) ;
#1290 = CARTESIAN_POINT ( 'NONE',  ( 2.000000000000000000, 2.355761907506335184, -22.37532987097937820 ) ) ;
#1291 = EDGE_CURVE ( 'NONE', #2481, #3451, #1050, .T. ) ;
#1292 = EDGE_CURVE ( 'NONE', #424, #3218, #2454, .T. ) ;
#1293 = ORIENTED_EDGE ( 'NONE', *, *, #216, .F. ) ;
#1294 = CARTESIAN_POINT ( 'NONE',  ( 0.000000000000000000, 23.48536690928489179, 0.5713403286904776834 ) ) ;
#1295 = DIRECTION ( 'NONE',  ( -1.000000000000000000, 0.000000000000000000, -0.000000000000000000 ) ) ;
#1296 = CIRCLE ( 'NONE', #2694, 27.00000000000000000 ) ;
#1297 = CIRCLE ( 'NONE', #146, 22.49899999999999878 ) ;
#1298 = ORIENTED_EDGE ( 'NONE', *, *, #1869, .T. ) ;
#1299 = DIRECTION ( 'NONE',  ( -1.000000000000000000, 0.000000000000000000, 0.000000000000000000 ) ) ;
#1300 = DIRECTION ( 'NONE',  ( -1.000000000000000000, 0.000000000000000000, 0.000000000000000000 ) ) ;
#1301 = DIRECTION ( 'NONE',  ( 0.000000000000000000, 0.5877852522924685852, 0.8090169943749507819 ) ) ;
#1302 = VERTEX_POINT ( 'NONE', #3689 ) ;
#1303 = DIRECTION ( 'NONE',  ( 1.000000000000000000, 0.000000000000000000, 0.000000000000000000 ) ) ;
#1304 = CYLINDRICAL_SURFACE ( 'NONE', #3318, 9.999999999999998224 ) ;
#1305 = DIRECTION ( 'NONE',  ( 0.000000000000000000, 0.000000000000000000, 1.000000000000000000 ) ) ;
#1306 = EDGE_CURVE ( 'NONE', #2100, #433, #2845, .T. ) ;
#1307 = CARTESIAN_POINT ( 'NONE',  ( 1.000000000000000000, -26.00252233623291431, -7.271095663908470286 ) ) ;
#1308 = ORIENTED_EDGE ( 'NONE', *, *, #1541, .F. ) ;
#1309 = CARTESIAN_POINT ( 'NONE',  ( 0.000000000000000000, 0.000000000000000000, 0.000000000000000000 ) ) ;
#1310 = VECTOR ( 'NONE', #3464, 1000.000000000000000 ) ;
#1311 = EDGE_CURVE ( 'NONE', #3067, #2368, #1486, .T. ) ;
#1312 = EDGE_CURVE ( 'NONE', #3723, #3121, #997, .T. ) ;
#1313 = ORIENTED_EDGE ( 'NONE', *, *, #3645, .T. ) ;
#1314 = CARTESIAN_POINT ( 'NONE',  ( 2.000000000000000000, 6.714000551476710932, 22.51246510779511212 ) ) ;
#1315 = DIRECTION ( 'NONE',  ( 0.000000000000000000, 0.9048270524660174674, 0.4257792915650767673 ) ) ;
#1316 = EDGE_CURVE ( 'NONE', #2809, #315, #1364, .T. ) ;
#1317 = ORIENTED_EDGE ( 'NONE', *, *, #1278, .F. ) ;
#1318 = DIRECTION ( 'NONE',  ( 0.000000000000000000, -0.9048270524660234626, 0.4257792915650641108 ) ) ;
#1319 = DIRECTION ( 'NONE',  ( 0.000000000000000000, 0.9048270524660174674, 0.4257792915650767673 ) ) ;
#1320 = CARTESIAN_POINT ( 'NONE',  ( 1.000000000000000000, -20.07203732282794562, 18.05860785639363542 ) ) ;
#1321 = EDGE_LOOP ( 'NONE', ( #2844, #1123, #3592, #2069 ) ) ;
#1322 = CYLINDRICAL_SURFACE ( 'NONE', #2729, 9.999999999999998224 ) ;
#1323 = CARTESIAN_POINT ( 'NONE',  ( 2.000000000000000000, 23.48536690928489179, 0.5713403286904776834 ) ) ;
#1324 = DIRECTION ( 'NONE',  ( 0.000000000000000000, 0.000000000000000000, 1.000000000000000000 ) ) ;
#1325 = AXIS2_PLACEMENT_3D ( 'NONE', #1346, #166, #1616 ) ;
#1326 = DIRECTION ( 'NONE',  ( 0.000000000000000000, 0.2486898871648553500, -0.9685831611286308540 ) ) ;
#1327 = ADVANCED_FACE ( 'NONE', ( #3109 ), #1966, .T. ) ;
#1328 = ORIENTED_EDGE ( 'NONE', *, *, #618, .T. ) ;
#1329 = DIRECTION ( 'NONE',  ( 0.000000000000000000, -0.7705132427757949154, 0.6374239897486828621 ) ) ;
#1330 = VECTOR ( 'NONE', #3388, 1000.000000000000000 ) ;
#1331 = VECTOR ( 'NONE', #1544, 1000.000000000000000 ) ;
#1332 = CIRCLE ( 'NONE', #3527, 9.999999999999998224 ) ;
#1333 = VECTOR ( 'NONE', #1772, 1000.000000000000000 ) ;
#1334 = VERTEX_POINT ( 'NONE', #3706 ) ;
#1335 = DIRECTION ( 'NONE',  ( 0.000000000000000000, 0.000000000000000000, 1.000000000000000000 ) ) ;
#1336 = DIRECTION ( 'NONE',  ( -1.000000000000000000, 0.000000000000000000, -0.000000000000000000 ) ) ;
#1337 = AXIS2_PLACEMENT_3D ( 'NONE', #3690, #1949, #505 ) ;
#1338 = ORIENTED_EDGE ( 'NONE', *, *, #1002, .F. ) ;
#1339 = FACE_OUTER_BOUND ( 'NONE', #131, .T. ) ;
#1340 = DIRECTION ( 'NONE',  ( -1.000000000000000000, 0.000000000000000000, -0.000000000000000000 ) ) ;
#1341 = DIRECTION ( 'NONE',  ( 0.000000000000000000, 0.000000000000000000, 1.000000000000000000 ) ) ;
#1342 = ORIENTED_EDGE ( 'NONE', *, *, #1184, .F. ) ;
#1343 = DIRECTION ( 'NONE',  ( 0.000000000000000000, 0.000000000000000000, 1.000000000000000000 ) ) ;
#1344 = DIRECTION ( 'NONE',  ( -1.000000000000000000, -0.000000000000000000, 0.000000000000000000 ) ) ;
#1345 = DIRECTION ( 'NONE',  ( -1.000000000000000000, -0.000000000000000000, -0.000000000000000000 ) ) ;
#1346 = CARTESIAN_POINT ( 'NONE',  ( 2.000000000000000000, -14.52991098664044145, 18.45997224687045701 ) ) ;
#1347 = VERTEX_POINT ( 'NONE', #3068 ) ;
#1348 = CIRCLE ( 'NONE', #2204, 9.999999999999996447 ) ;
#1349 = VERTEX_POINT ( 'NONE', #1606 ) ;
#1350 = ORIENTED_EDGE ( 'NONE', *, *, #2948, .T. ) ;
#1351 = ORIENTED_EDGE ( 'NONE', *, *, #580, .F. ) ;
#1352 = DIRECTION ( 'NONE',  ( -1.000000000000000000, 0.000000000000000000, 0.000000000000000000 ) ) ;
#1353 = CARTESIAN_POINT ( 'NONE',  ( 2.000000000000000000, 0.000000000000000000, 0.000000000000000000 ) ) ;
#1354 = AXIS2_PLACEMENT_3D ( 'NONE', #2709, #655, #1264 ) ;
#1355 = AXIS2_PLACEMENT_3D ( 'NONE', #3497, #293, #2292 ) ;
#1356 = ORIENTED_EDGE ( 'NONE', *, *, #2036, .F. ) ;
#1357 = CARTESIAN_POINT ( 'NONE',  ( 2.000000000000000000, 0.000000000000000000, 0.000000000000000000 ) ) ;
#1358 = CARTESIAN_POINT ( 'NONE',  ( 2.000000000000000000, 0.000000000000000000, 0.000000000000000000 ) ) ;
#1359 = CARTESIAN_POINT ( 'NONE',  ( 2.000000000000000000, 23.48536690928489179, 10.57134032869047680 ) ) ;
#1360 = EDGE_CURVE ( 'NONE', #269, #2299, #878, .T. ) ;
#1361 = CIRCLE ( 'NONE', #326, 9.999999999999998224 ) ;
#1362 = EDGE_LOOP ( 'NONE', ( #1293, #2962, #1158, #2420 ) ) ;
#1363 = CARTESIAN_POINT ( 'NONE',  ( 2.000000000000000000, -15.41036156541620805, 17.73160018323402554 ) ) ;
#1364 = CIRCLE ( 'NONE', #208, 9.999999999999998224 ) ;
#1365 = DIRECTION ( 'NONE',  ( 0.000000000000000000, 0.000000000000000000, -1.000000000000000000 ) ) ;
#1366 = LINE ( 'NONE', #1654, #334 ) ;
#1367 = DIRECTION ( 'NONE',  ( -1.000000000000000000, -0.000000000000000000, -0.000000000000000000 ) ) ;
#1368 = VERTEX_POINT ( 'NONE', #1646 ) ;
#1369 = EDGE_CURVE ( 'NONE', #3091, #1720, #195, .T. ) ;
#1370 = EDGE_LOOP ( 'NONE', ( #335, #3391, #3503, #3363 ) ) ;
#1371 = VERTEX_POINT ( 'NONE', #3419 ) ;
#1372 = EDGE_LOOP ( 'NONE', ( #589, #80, #2522, #1502 ) ) ;
#1373 = DIRECTION ( 'NONE',  ( 0.000000000000000000, -0.9822872507286903865, 0.1873813145857150808 ) ) ;
#1374 = DIRECTION ( 'NONE',  ( -1.000000000000000000, 0.000000000000000000, 0.000000000000000000 ) ) ;
#1375 = ADVANCED_FACE ( 'NONE', ( #803 ), #3665, .T. ) ;
#1376 = EDGE_LOOP ( 'NONE', ( #1639, #63, #3404, #3242 ) ) ;
#1377 = CARTESIAN_POINT ( 'NONE',  ( 2.000000000000000000, -10.42724032787663546, -19.93684177959746506 ) ) ;
#1378 = CYLINDRICAL_SURFACE ( 'NONE', #3411, 9.999999999999998224 ) ;
#1379 = FACE_OUTER_BOUND ( 'NONE', #2576, .T. ) ;
#1380 = ORIENTED_EDGE ( 'NONE', *, *, #1578, .T. ) ;
#1381 = CARTESIAN_POINT ( 'NONE',  ( 0.000000000000000000, 7.846269576129173196, -21.08651357476407284 ) ) ;
#1382 = LINE ( 'NONE', #831, #588 ) ;
#1383 = EDGE_CURVE ( 'NONE', #779, #2602, #2337, .T. ) ;
#1384 = DIRECTION ( 'NONE',  ( -1.000000000000000000, 0.000000000000000000, 0.000000000000000000 ) ) ;
#1385 = ORIENTED_EDGE ( 'NONE', *, *, #1753, .F. ) ;
#1386 = AXIS2_PLACEMENT_3D ( 'NONE', #417, #967, #1019 ) ;
#1387 = EDGE_LOOP ( 'NONE', ( #300, #3698, #1426, #266 ) ) ;
#1388 = ORIENTED_EDGE ( 'NONE', *, *, #2763, .T. ) ;
#1389 = CIRCLE ( 'NONE', #172, 27.00000000000000000 ) ;
#1390 = CARTESIAN_POINT ( 'NONE',  ( 0.000000000000000000, 26.85320268081718709, 2.811673128753183981 ) ) ;
#1391 = LINE ( 'NONE', #3127, #2214 ) ;
#1392 = CIRCLE ( 'NONE', #1572, 9.999999999999996447 ) ;
#1393 = VERTEX_POINT ( 'NONE', #1684 ) ;
#1394 = DIRECTION ( 'NONE',  ( -1.000000000000000000, -0.000000000000000000, 0.000000000000000000 ) ) ;
#1395 = FACE_OUTER_BOUND ( 'NONE', #1256, .T. ) ;
#1396 = CARTESIAN_POINT ( 'NONE',  ( 2.000000000000000000, -10.51654707034518843, 21.00693043621880918 ) ) ;
#1397 = CIRCLE ( 'NONE', #2922, 27.00000000000000000 ) ;
#1398 = EDGE_CURVE ( 'NONE', #1617, #144, #2151, .T. ) ;
#1399 = AXIS2_PLACEMENT_3D ( 'NONE', #989, #1008, #386 ) ;
#1400 = ORIENTED_EDGE ( 'NONE', *, *, #3139, .F. ) ;
#1401 = DIRECTION ( 'NONE',  ( -1.000000000000000000, -0.000000000000000000, 0.000000000000000000 ) ) ;
#1402 = CARTESIAN_POINT ( 'NONE',  ( 2.000000000000000000, -8.889459704103757076, -25.49465642382958919 ) ) ;
#1403 = DIRECTION ( 'NONE',  ( -1.000000000000000000, 0.000000000000000000, 0.000000000000000000 ) ) ;
#1404 = FACE_OUTER_BOUND ( 'NONE', #891, .T. ) ;
#1405 = ORIENTED_EDGE ( 'NONE', *, *, #1540, .F. ) ;
#1406 = EDGE_CURVE ( 'NONE', #1371, #1797, #2903, .T. ) ;
#1407 = FACE_OUTER_BOUND ( 'NONE', #2981, .T. ) ;
#1408 = EDGE_CURVE ( 'NONE', #3758, #3471, #3005, .T. ) ;
#1409 = CARTESIAN_POINT ( 'NONE',  ( 50.00005079999999680, 4.898587196589412829E-16, -4.000000000000000000 ) ) ;
#1410 = LINE ( 'NONE', #1699, #3188 ) ;
#1411 = DIRECTION ( 'NONE',  ( -1.000000000000000000, 0.000000000000000000, -0.000000000000000000 ) ) ;
#1412 = CARTESIAN_POINT ( 'NONE',  ( 2.000000000000000000, 20.85562920839656442, 10.81349244956494537 ) ) ;
#1413 = DIRECTION ( 'NONE',  ( -1.000000000000000000, 0.000000000000000000, 0.000000000000000000 ) ) ;
#1414 = VECTOR ( 'NONE', #2184, 1000.000000000000000 ) ;
#1415 = AXIS2_PLACEMENT_3D ( 'NONE', #1987, #2574, #2868 ) ;
#1416 = VERTEX_POINT ( 'NONE', #579 ) ;
#1417 = CARTESIAN_POINT ( 'NONE',  ( 2.000000000000000000, -4.961939245689439559, -22.96231799181016697 ) ) ;
#1418 = DIRECTION ( 'NONE',  ( -1.000000000000000000, -0.000000000000000000, 0.000000000000000000 ) ) ;
#1419 = LINE ( 'NONE', #1953, #1310 ) ;
#1420 = CIRCLE ( 'NONE', #3548, 27.00000000000000000 ) ;
#1421 = AXIS2_PLACEMENT_3D ( 'NONE', #2119, #3016, #2441 ) ;
#1422 = DIRECTION ( 'NONE',  ( 0.000000000000000000, 0.000000000000000000, 1.000000000000000000 ) ) ;
#1423 = ORIENTED_EDGE ( 'NONE', *, *, #474, .T. ) ;
#1424 = ADVANCED_FACE ( 'NONE', ( #274 ), #1146, .T. ) ;
#1425 = ORIENTED_EDGE ( 'NONE', *, *, #356, .T. ) ;
#1426 = ORIENTED_EDGE ( 'NONE', *, *, #2657, .T. ) ;
#1427 = CARTESIAN_POINT ( 'NONE',  ( 0.000000000000000000, 24.88617474992194190, -10.47274110805513558 ) ) ;
#1428 = EDGE_CURVE ( 'NONE', #3758, #407, #2310, .T. ) ;
#1429 = ADVANCED_FACE ( 'NONE', ( #45 ), #1163, .T. ) ;
#1430 = VERTEX_POINT ( 'NONE', #861 ) ;
#1431 = DIRECTION ( 'NONE',  ( -1.000000000000000000, -0.000000000000000000, 0.000000000000000000 ) ) ;
#1432 = ADVANCED_FACE ( 'NONE', ( #3495 ), #840, .T. ) ;
#1433 = CARTESIAN_POINT ( 'NONE',  ( 0.000000000000000000, -18.66423552949839859, 14.26657634943757991 ) ) ;
#1434 = AXIS2_PLACEMENT_3D ( 'NONE', #1872, #3038, #2430 ) ;
#1435 = EDGE_CURVE ( 'NONE', #2071, #1302, #2124, .T. ) ;
#1436 = ORIENTED_EDGE ( 'NONE', *, *, #657, .T. ) ;
#1437 = CARTESIAN_POINT ( 'NONE',  ( 2.000000000000000000, 21.53757550003248866, -6.506753613008589454 ) ) ;
#1438 = CARTESIAN_POINT ( 'NONE',  ( 1.000000000000000000, -1.119998386744461616, -26.97676043585830286 ) ) ;
#1439 = ORIENTED_EDGE ( 'NONE', *, *, #3763, .F. ) ;
#1440 = CARTESIAN_POINT ( 'NONE',  ( 2.000000000000000000, 0.000000000000000000, 0.000000000000000000 ) ) ;
#1441 = ORIENTED_EDGE ( 'NONE', *, *, #1232, .T. ) ;
#1442 = EDGE_CURVE ( 'NONE', #823, #611, #3396, .T. ) ;
#1443 = ORIENTED_EDGE ( 'NONE', *, *, #2657, .F. ) ;
#1444 = VERTEX_POINT ( 'NONE', #1129 ) ;
#1445 = DIRECTION ( 'NONE',  ( 0.000000000000000000, -0.4817536741017036106, -0.8763066800438700232 ) ) ;
#1446 = AXIS2_PLACEMENT_3D ( 'NONE', #1739, #1411, #255 ) ;
#1447 = EDGE_CURVE ( 'NONE', #710, #2081, #1751, .T. ) ;
#1448 = CIRCLE ( 'NONE', #3577, 9.999999999999998224 ) ;
#1449 = DIRECTION ( 'NONE',  ( 0.000000000000000000, 0.000000000000000000, 1.000000000000000000 ) ) ;
#1450 = CARTESIAN_POINT ( 'NONE',  ( 2.000000000000000000, 7.846269576129173196, -21.08651357476407284 ) ) ;
#1451 = CARTESIAN_POINT ( 'NONE',  ( 2.000000000000000000, 0.000000000000000000, 0.000000000000000000 ) ) ;
#1452 = AXIS2_PLACEMENT_3D ( 'NONE', #962, #3654, #1912 ) ;
#1453 = VECTOR ( 'NONE', #707, 1000.000000000000000 ) ;
#1454 = AXIS2_PLACEMENT_3D ( 'NONE', #2503, #1401, #1055 ) ;
#1455 = VERTEX_POINT ( 'NONE', #2290 ) ;
#1456 = CIRCLE ( 'NONE', #1940, 10.00000000000000000 ) ;
#1457 = CARTESIAN_POINT ( 'NONE',  ( 0.000000000000000000, -22.42042702619133721, 1.878683838017672247 ) ) ;
#1458 = LINE ( 'NONE', #2030, #1657 ) ;
#1459 = AXIS2_PLACEMENT_3D ( 'NONE', #1190, #3230, #3518 ) ;
#1460 = ORIENTED_EDGE ( 'NONE', *, *, #3619, .T. ) ;
#1461 = DIRECTION ( 'NONE',  ( 0.000000000000000000, -0.3681245526846854688, 0.9297764858882483496 ) ) ;
#1462 = ORIENTED_EDGE ( 'NONE', *, *, #55, .T. ) ;
#1463 = CARTESIAN_POINT ( 'NONE',  ( 2.000000000000000000, -23.37178570732655558, 7.623338163362701536 ) ) ;
#1464 = ORIENTED_EDGE ( 'NONE', *, *, #1631, .F. ) ;
#1465 = ORIENTED_EDGE ( 'NONE', *, *, #1643, .T. ) ;
#1466 = DIRECTION ( 'NONE',  ( -1.000000000000000000, -0.000000000000000000, -0.000000000000000000 ) ) ;
#1467 = DIRECTION ( 'NONE',  ( 0.000000000000000000, -0.9980267284282708928, -0.06279051952932435121 ) ) ;
#1468 = CARTESIAN_POINT ( 'NONE',  ( 0.000000000000000000, -2.269917751577470000, -26.90441364165132043 ) ) ;
#1469 = CARTESIAN_POINT ( 'NONE',  ( 2.000000000000000000, -23.37735732152423296, 13.50922516881621149 ) ) ;
#1470 = EDGE_CURVE ( 'NONE', #3149, #1547, #291, .T. ) ;
#1471 = CIRCLE ( 'NONE', #3543, 10.00000000000000000 ) ;
#1472 = ORIENTED_EDGE ( 'NONE', *, *, #1954, .F. ) ;
#1473 = CARTESIAN_POINT ( 'NONE',  ( 2.000000000000000000, -18.66423552949839859, 14.26657634943757991 ) ) ;
#1474 = CYLINDRICAL_SURFACE ( 'NONE', #865, 27.00000000000000000 ) ;
#1475 = EDGE_CURVE ( 'NONE', #836, #3486, #2975, .T. ) ;
#1476 = AXIS2_PLACEMENT_3D ( 'NONE', #89, #958, #2121 ) ;
#1477 = ORIENTED_EDGE ( 'NONE', *, *, #127, .F. ) ;
#1478 = CARTESIAN_POINT ( 'NONE',  ( -10.00000000000000000, 0.000000000000000000, 0.000000000000000000 ) ) ;
#1479 = CIRCLE ( 'NONE', #2213, 27.00000000000000000 ) ;
#1480 = ORIENTED_EDGE ( 'NONE', *, *, #3362, .T. ) ;
#1481 = AXIS2_PLACEMENT_3D ( 'NONE', #122, #2136, #87 ) ;
#1482 = CARTESIAN_POINT ( 'NONE',  ( 1.000000000000000000, 26.85320268081718709, 2.811673128753183981 ) ) ;
#1483 = EDGE_LOOP ( 'NONE', ( #771, #1678, #828, #2458 ) ) ;
#1484 = DIRECTION ( 'NONE',  ( 0.000000000000000000, 0.1253332335642974582, 0.9921147013144786531 ) ) ;
#1485 = CARTESIAN_POINT ( 'NONE',  ( 0.000000000000000000, 10.97215603256038463, -24.67005861357343832 ) ) ;
#1486 = CIRCLE ( 'NONE', #2824, 10.00000000000000000 ) ;
#1487 = CARTESIAN_POINT ( 'NONE',  ( 2.000000000000000000, -22.42042702619133721, 1.878683838017672247 ) ) ;
#1488 = CARTESIAN_POINT ( 'NONE',  ( 2.000000000000000000, 11.24603749546732701, 19.48670422751223086 ) ) ;
#1489 = CARTESIAN_POINT ( 'NONE',  ( 2.000000000000000000, 6.046576271975930617, 21.67126937646195373 ) ) ;
#1490 = CIRCLE ( 'NONE', #280, 22.49899999999999878 ) ;
#1491 = ORIENTED_EDGE ( 'NONE', *, *, #2084, .F. ) ;
#1492 = CARTESIAN_POINT ( 'NONE',  ( 2.000000000000000000, 22.00817374216908107, 4.673894471904478820 ) ) ;
#1493 = CARTESIAN_POINT ( 'NONE',  ( 1.000000000000000000, 17.65041959699908958, -20.43190368149455338 ) ) ;
#1494 = ORIENTED_EDGE ( 'NONE', *, *, #3639, .T. ) ;
#1495 = DIRECTION ( 'NONE',  ( 0.000000000000000000, 0.1253332335642974582, 0.9921147013144786531 ) ) ;
#1496 = ORIENTED_EDGE ( 'NONE', *, *, #821, .F. ) ;
#1497 = EDGE_CURVE ( 'NONE', #18, #226, #304, .T. ) ;
#1498 = DIRECTION ( 'NONE',  ( 1.000000000000000000, 0.000000000000000000, 0.000000000000000000 ) ) ;
#1499 = ORIENTED_EDGE ( 'NONE', *, *, #855, .F. ) ;
#1500 = CARTESIAN_POINT ( 'NONE',  ( 1.000000000000000000, -19.28330697039795538, 18.89852037291283793 ) ) ;
#1501 = FACE_OUTER_BOUND ( 'NONE', #1098, .T. ) ;
#1502 = ORIENTED_EDGE ( 'NONE', *, *, #3107, .T. ) ;
#1503 = FACE_OUTER_BOUND ( 'NONE', #1224, .T. ) ;
#1504 = DIRECTION ( 'NONE',  ( 0.000000000000000000, -0.5877852522924803536, 0.8090169943749421222 ) ) ;
#1505 = ORIENTED_EDGE ( 'NONE', *, *, #1311, .T. ) ;
#1506 = CARTESIAN_POINT ( 'NONE',  ( 2.000000000000000000, 0.000000000000000000, 0.000000000000000000 ) ) ;
#1507 = CARTESIAN_POINT ( 'NONE',  ( 2.000000000000000000, -19.28330697039795538, 18.89852037291283793 ) ) ;
#1508 = FILL_AREA_STYLE_COLOUR ( '', #3298 ) ;
#1509 = AXIS2_PLACEMENT_3D ( 'NONE', #1779, #2034, #1745 ) ;
#1510 = AXIS2_PLACEMENT_3D ( 'NONE', #295, #2352, #2082 ) ;
#1511 = AXIS2_PLACEMENT_3D ( 'NONE', #563, #1431, #3530 ) ;
#1512 = EDGE_LOOP ( 'NONE', ( #3051, #1499 ) ) ;
#1513 = CARTESIAN_POINT ( 'NONE',  ( 2.000000000000000000, 5.624035930974638831, 26.40776817239779817 ) ) ;
#1514 = ORIENTED_EDGE ( 'NONE', *, *, #2835, .T. ) ;
#1515 = CIRCLE ( 'NONE', #3586, 27.00000000000000000 ) ;
#1516 = EDGE_CURVE ( 'NONE', #3756, #2372, #2622, .T. ) ;
#1517 = AXIS2_PLACEMENT_3D ( 'NONE', #841, #1722, #2889 ) ;
#1518 = DIRECTION ( 'NONE',  ( -1.000000000000000000, 0.000000000000000000, 0.000000000000000000 ) ) ;
#1519 = ORIENTED_EDGE ( 'NONE', *, *, #3072, .T. ) ;
#1520 = CARTESIAN_POINT ( 'NONE',  ( 2.000000000000000000, 0.000000000000000000, 0.000000000000000000 ) ) ;
#1521 = FACE_OUTER_BOUND ( 'NONE', #456, .T. ) ;
#1522 = EDGE_CURVE ( 'NONE', #1283, #37, #2487, .T. ) ;
#1523 = ORIENTED_EDGE ( 'NONE', *, *, #414, .F. ) ;
#1524 = CARTESIAN_POINT ( 'NONE',  ( 2.000000000000000000, 0.000000000000000000, 0.000000000000000000 ) ) ;
#1525 = CARTESIAN_POINT ( 'NONE',  ( 0.000000000000000000, 6.046576271975930617, 21.67126937646195373 ) ) ;
#1526 = EDGE_CURVE ( 'NONE', #2400, #3697, #3513, .T. ) ;
#1527 = VERTEX_POINT ( 'NONE', #2936 ) ;
#1528 = CARTESIAN_POINT ( 'NONE',  ( 1.000000000000000000, -7.793659086758864873, -25.85070362754911244 ) ) ;
#1529 = CARTESIAN_POINT ( 'NONE',  ( 2.000000000000000000, 25.31032526587978637, -9.401459191815241923 ) ) ;
#1530 = DIRECTION ( 'NONE',  ( 0.000000000000000000, 0.2486898871648553500, -0.9685831611286308540 ) ) ;
#1531 = CIRCLE ( 'NONE', #1042, 27.00000000000000000 ) ;
#1532 = ORIENTED_EDGE ( 'NONE', *, *, #1080, .F. ) ;
#1533 = CARTESIAN_POINT ( 'NONE',  ( 0.000000000000000000, 21.53757550003248866, -6.506753613008590342 ) ) ;
#1534 = VECTOR ( 'NONE', #2767, 1000.000000000000000 ) ;
#1535 = AXIS2_PLACEMENT_3D ( 'NONE', #1241, #1009, #119 ) ;
#1536 = DIRECTION ( 'NONE',  ( -1.000000000000000000, -0.000000000000000000, 0.000000000000000000 ) ) ;
#1537 = ORIENTED_EDGE ( 'NONE', *, *, #2637, .T. ) ;
#1538 = DIRECTION ( 'NONE',  ( 0.000000000000000000, 0.000000000000000000, 1.000000000000000000 ) ) ;
#1539 = AXIS2_PLACEMENT_3D ( 'NONE', #920, #2079, #2009 ) ;
#1540 = EDGE_CURVE ( 'NONE', #1302, #3370, #327, .T. ) ;
#1541 = EDGE_CURVE ( 'NONE', #2679, #1981, #179, .T. ) ;
#1542 = CIRCLE ( 'NONE', #389, 22.49899999999999878 ) ;
#1543 = ORIENTED_EDGE ( 'NONE', *, *, #2329, .T. ) ;
#1544 = DIRECTION ( 'NONE',  ( -1.000000000000000000, 0.000000000000000000, -0.000000000000000000 ) ) ;
#1545 = DIRECTION ( 'NONE',  ( 0.000000000000000000, -0.9048270524660235736, 0.4257792915650639998 ) ) ;
#1546 = EDGE_CURVE ( 'NONE', #3373, #250, #1143, .T. ) ;
#1547 = VERTEX_POINT ( 'NONE', #3539 ) ;
#1548 = CARTESIAN_POINT ( 'NONE',  ( 2.000000000000000000, -3.282766945651696577, 22.25822190069405693 ) ) ;
#1549 = FACE_OUTER_BOUND ( 'NONE', #1372, .T. ) ;
#1550 = DIRECTION ( 'NONE',  ( -1.000000000000000000, 0.000000000000000000, -0.000000000000000000 ) ) ;
#1551 = VECTOR ( 'NONE', #1802, 1000.000000000000000 ) ;
#1552 = CIRCLE ( 'NONE', #3140, 22.49900000000000233 ) ;
#1553 = ORIENTED_EDGE ( 'NONE', *, *, #365, .T. ) ;
#1554 = CARTESIAN_POINT ( 'NONE',  ( 2.000000000000000000, 20.30513860337849508, -11.81483114278450230 ) ) ;
#1555 = DIRECTION ( 'NONE',  ( 0.000000000000000000, 0.000000000000000000, 1.000000000000000000 ) ) ;
#1556 = AXIS2_PLACEMENT_3D ( 'NONE', #2772, #147, #3325 ) ;
#1557 = CYLINDRICAL_SURFACE ( 'NONE', #3401, 22.49899999999999878 ) ;
#1558 = ORIENTED_EDGE ( 'NONE', *, *, #2270, .T. ) ;
#1559 = DIRECTION ( 'NONE',  ( -1.000000000000000000, 0.000000000000000000, 0.000000000000000000 ) ) ;
#1560 = EDGE_CURVE ( 'NONE', #693, #710, #3469, .T. ) ;
#1561 = VERTEX_POINT ( 'NONE', #664 ) ;
#1562 = DIRECTION ( 'NONE',  ( 1.000000000000000000, 0.000000000000000000, 0.000000000000000000 ) ) ;
#1563 = CARTESIAN_POINT ( 'NONE',  ( -10.00000000000000000, 0.000000000000000000, 0.000000000000000000 ) ) ;
#1564 = ORIENTED_EDGE ( 'NONE', *, *, #2318, .F. ) ;
#1565 = DIRECTION ( 'NONE',  ( 0.000000000000000000, 0.000000000000000000, 1.000000000000000000 ) ) ;
#1566 = CYLINDRICAL_SURFACE ( 'NONE', #670, 9.999999999999998224 ) ;
#1567 = LINE ( 'NONE', #1851, #1534 ) ;
#1568 = CIRCLE ( 'NONE', #3156, 10.00000000000000000 ) ;
#1569 = ORIENTED_EDGE ( 'NONE', *, *, #2389, .F. ) ;
#1570 = LINE ( 'NONE', #2732, #1814 ) ;
#1571 = DIRECTION ( 'NONE',  ( -1.000000000000000000, 0.000000000000000000, 0.000000000000000000 ) ) ;
#1572 = AXIS2_PLACEMENT_3D ( 'NONE', #1589, #2141, #3289 ) ;
#1573 = AXIS2_PLACEMENT_3D ( 'NONE', #1524, #2456, #672 ) ;
#1574 = LINE ( 'NONE', #2433, #297 ) ;
#1575 = EDGE_LOOP ( 'NONE', ( #839, #1043, #2434, #944 ) ) ;
#1576 = CYLINDRICAL_SURFACE ( 'NONE', #3118, 27.00000000000000000 ) ;
#1577 = VECTOR ( 'NONE', #1952, 1000.000000000000000 ) ;
#1578 = EDGE_CURVE ( 'NONE', #207, #836, #2073, .T. ) ;
#1579 = CIRCLE ( 'NONE', #1337, 9.999999999999996447 ) ;
#1580 = ORIENTED_EDGE ( 'NONE', *, *, #674, .F. ) ;
#1581 = CARTESIAN_POINT ( 'NONE',  ( 2.000000000000000000, 0.000000000000000000, 0.000000000000000000 ) ) ;
#1582 = FACE_OUTER_BOUND ( 'NONE', #2563, .T. ) ;
#1583 = VERTEX_POINT ( 'NONE', #321 ) ;
#1584 = CARTESIAN_POINT ( 'NONE',  ( 2.000000000000000000, 15.73886882308577562, 16.07771778486295133 ) ) ;
#1585 = DIRECTION ( 'NONE',  ( 0.000000000000000000, 0.000000000000000000, 1.000000000000000000 ) ) ;
#1586 = CARTESIAN_POINT ( 'NONE',  ( 50.00005079999999680, 0.000000000000000000, 4.000000000000000000 ) ) ;
#1587 = ORIENTED_EDGE ( 'NONE', *, *, #3339, .F. ) ;
#1588 = EDGE_CURVE ( 'NONE', #3422, #2682, #930, .T. ) ;
#1589 = CARTESIAN_POINT ( 'NONE',  ( 2.000000000000000000, 13.06648747438673297, 19.52321166500574989 ) ) ;
#1590 = EDGE_CURVE ( 'NONE', #3121, #3471, #1179, .T. ) ;
#1591 = DIRECTION ( 'NONE',  ( 0.000000000000000000, -0.9980267284282708928, -0.06279051952932448999 ) ) ;
#1592 = CARTESIAN_POINT ( 'NONE',  ( 0.000000000000000000, 0.4671864235646318031, -22.49414896913499362 ) ) ;
#1593 = ADVANCED_FACE ( 'NONE', ( #2358 ), #3524, .T. ) ;
#1594 = CYLINDRICAL_SURFACE ( 'NONE', #1386, 9.999999999999998224 ) ;
#1595 = MECHANICAL_DESIGN_GEOMETRIC_PRESENTATION_REPRESENTATION (  '', ( #1724 ), #2992 ) ;
#1596 = EDGE_LOOP ( 'NONE', ( #496, #1218, #2359, #1709 ) ) ;
#1597 = DIRECTION ( 'NONE',  ( 0.000000000000000000, -0.2486898871648415554, -0.9685831611286345177 ) ) ;
#1598 = EDGE_CURVE ( 'NONE', #67, #3268, #1456, .T. ) ;
#1599 = AXIS2_PLACEMENT_3D ( 'NONE', #3440, #3380, #1110 ) ;
#1600 = EDGE_LOOP ( 'NONE', ( #726, #1215, #3430, #2598 ) ) ;
#1601 = FACE_OUTER_BOUND ( 'NONE', #2655, .T. ) ;
#1602 = DIRECTION ( 'NONE',  ( -1.000000000000000000, -0.000000000000000000, -0.000000000000000000 ) ) ;
#1603 = AXIS2_PLACEMENT_3D ( 'NONE', #1148, #842, #1165 ) ;
#1604 = CIRCLE ( 'NONE', #1844, 9.999999999999998224 ) ;
#1605 = EDGE_LOOP ( 'NONE', ( #875, #876, #627, #2377 ) ) ;
#1606 = CARTESIAN_POINT ( 'NONE',  ( 2.000000000000000000, -8.889459704104115900, 25.49465642382946484 ) ) ;
#1607 = LINE ( 'NONE', #2406, #1274 ) ;
#1608 = CYLINDRICAL_SURFACE ( 'NONE', #320, 22.49899999999999878 ) ;
#1609 = EDGE_CURVE ( 'NONE', #379, #1371, #3408, .T. ) ;
#1610 = ORIENTED_EDGE ( 'NONE', *, *, #607, .T. ) ;
#1611 = DIRECTION ( 'NONE',  ( -1.000000000000000000, -0.000000000000000000, 0.000000000000000000 ) ) ;
#1612 = CYLINDRICAL_SURFACE ( 'NONE', #1003, 9.999999999999998224 ) ;
#1613 = DIRECTION ( 'NONE',  ( 0.000000000000000000, -0.7705132427757950264, 0.6374239897486827511 ) ) ;
#1614 = AXIS2_PLACEMENT_3D ( 'NONE', #93, #128, #964 ) ;
#1615 = PRODUCT_CONTEXT ( 'NONE', #3066, 'mechanical' ) ;
#1616 = DIRECTION ( 'NONE',  ( 0.000000000000000000, 0.000000000000000000, 1.000000000000000000 ) ) ;
#1617 = VERTEX_POINT ( 'NONE', #3236 ) ;
#1618 = CARTESIAN_POINT ( 'NONE',  ( 0.000000000000000000, -7.793659086759224586, 25.85070362754900941 ) ) ;
#1619 = ORIENTED_EDGE ( 'NONE', *, *, #2993, .T. ) ;
#1620 = FACE_OUTER_BOUND ( 'NONE', #498, .T. ) ;
#1621 = CARTESIAN_POINT ( 'NONE',  ( 2.000000000000000000, -5.141558466031033170, -21.90363845438434609 ) ) ;
#1622 = VERTEX_POINT ( 'NONE', #3271 ) ;
#1623 = CARTESIAN_POINT ( 'NONE',  ( 1.000000000000000000, -26.28906107206353227, -6.155100969871554639 ) ) ;
#1624 = CARTESIAN_POINT ( 'NONE',  ( 2.000000000000000000, 20.85562920839656442, 10.81349244956494537 ) ) ;
#1625 = FACE_OUTER_BOUND ( 'NONE', #3342, .T. ) ;
#1626 = ORIENTED_EDGE ( 'NONE', *, *, #3395, .F. ) ;
#1627 = CARTESIAN_POINT ( 'NONE',  ( 2.000000000000000000, 0.000000000000000000, 0.000000000000000000 ) ) ;
#1628 = CIRCLE ( 'NONE', #473, 27.00000000000000000 ) ;
#1629 = FACE_OUTER_BOUND ( 'NONE', #2019, .T. ) ;
#1630 = CYLINDRICAL_SURFACE ( 'NONE', #3444, 9.999999999999998224 ) ;
#1631 = EDGE_CURVE ( 'NONE', #2760, #1984, #3254, .T. ) ;
#1632 = CARTESIAN_POINT ( 'NONE',  ( 2.000000000000000000, 0.000000000000000000, 0.000000000000000000 ) ) ;
#1633 = ORIENTED_EDGE ( 'NONE', *, *, #888, .F. ) ;
#1634 = PRODUCT_RELATED_PRODUCT_CATEGORY ( 'part', '', ( #3112 ) ) ;
#1635 = AXIS2_PLACEMENT_3D ( 'NONE', #752, #736, #2179 ) ;
#1636 = CIRCLE ( 'NONE', #116, 27.00000000000000000 ) ;
#1637 = CIRCLE ( 'NONE', #1510, 22.49899999999999878 ) ;
#1638 = ORIENTED_EDGE ( 'NONE', *, *, #3178, .T. ) ;
#1639 = ORIENTED_EDGE ( 'NONE', *, *, #2261, .T. ) ;
#1640 = VERTEX_POINT ( 'NONE', #41 ) ;
#1641 = CARTESIAN_POINT ( 'NONE',  ( 0.000000000000000000, -14.52991098664018921, -18.45997224687065952 ) ) ;
#1642 = CARTESIAN_POINT ( 'NONE',  ( 2.000000000000000000, -22.04646631764107667, 8.114321385059838576 ) ) ;
#1643 = EDGE_CURVE ( 'NONE', #3373, #3413, #643, .T. ) ;
#1644 = AXIS2_PLACEMENT_3D ( 'NONE', #3286, #2979, #695 ) ;
#1645 = ORIENTED_EDGE ( 'NONE', *, *, #2175, .F. ) ;
#1646 = CARTESIAN_POINT ( 'NONE',  ( 0.000000000000000000, 26.85320268081718709, -2.811673128753183981 ) ) ;
#1647 = DIRECTION ( 'NONE',  ( -1.000000000000000000, -0.000000000000000000, 0.000000000000000000 ) ) ;
#1648 = CARTESIAN_POINT ( 'NONE',  ( 2.000000000000000000, 0.4671864235643103380, 22.49414896913499717 ) ) ;
#1649 = EDGE_CURVE ( 'NONE', #407, #3121, #1628, .T. ) ;
#1650 = VERTEX_POINT ( 'NONE', #2678 ) ;
#1651 = EDGE_CURVE ( 'NONE', #167, #2140, #718, .T. ) ;
#1652 = CARTESIAN_POINT ( 'NONE',  ( 0.000000000000000000, -23.37735732152404111, -13.50922516881654722 ) ) ;
#1653 = CARTESIAN_POINT ( 'NONE',  ( 2.000000000000000000, 26.70879461214782680, 3.954780697599231676 ) ) ;
#1654 = CARTESIAN_POINT ( 'NONE',  ( 2.000000000000000000, 11.24603749546759701, -19.48670422751207099 ) ) ;
#1655 = FACE_OUTER_BOUND ( 'NONE', #2404, .T. ) ;
#1656 = VERTEX_POINT ( 'NONE', #592 ) ;
#1657 = VECTOR ( 'NONE', #3210, 1000.000000000000000 ) ;
#1658 = ORIENTED_EDGE ( 'NONE', *, *, #943, .T. ) ;
#1659 = ORIENTED_EDGE ( 'NONE', *, *, #253, .T. ) ;
#1660 = CYLINDRICAL_SURFACE ( 'NONE', #966, 9.999999999999998224 ) ;
#1661 = CYLINDRICAL_SURFACE ( 'NONE', #27, 9.999999999999998224 ) ;
#1662 = VECTOR ( 'NONE', #3359, 1000.000000000000000 ) ;
#1663 = AXIS2_PLACEMENT_3D ( 'NONE', #2418, #387, #2991 ) ;
#1664 = EDGE_LOOP ( 'NONE', ( #2012, #1160, #3700, #854 ) ) ;
#1665 = DIRECTION ( 'NONE',  ( -1.000000000000000000, -0.000000000000000000, -0.000000000000000000 ) ) ;
#1666 = DIRECTION ( 'NONE',  ( 0.000000000000000000, 0.000000000000000000, 1.000000000000000000 ) ) ;
#1667 = LINE ( 'NONE', #1648, #869 ) ;
#1668 = AXIS2_PLACEMENT_3D ( 'NONE', #1105, #1025, #2269 ) ;
#1669 = ORIENTED_EDGE ( 'NONE', *, *, #2376, .F. ) ;
#1670 = CARTESIAN_POINT ( 'NONE',  ( 2.000000000000000000, -2.269917751577471776, -26.90441364165131333 ) ) ;
#1671 = AXIS2_PLACEMENT_3D ( 'NONE', #1357, #1069, #2234 ) ;
#1672 = CARTESIAN_POINT ( 'NONE',  ( 2.000000000000000000, 22.88961748313567313, -5.287182625051993767 ) ) ;
#1673 = DIRECTION ( 'NONE',  ( -1.000000000000000000, -0.000000000000000000, -0.000000000000000000 ) ) ;
#1674 = EDGE_LOOP ( 'NONE', ( #2254, #1040, #351, #817 ) ) ;
#1675 = CIRCLE ( 'NONE', #2642, 10.00000000000000000 ) ;
#1676 = ORIENTED_EDGE ( 'NONE', *, *, #855, .T. ) ;
#1677 = VECTOR ( 'NONE', #2465, 1000.000000000000000 ) ;
#1678 = ORIENTED_EDGE ( 'NONE', *, *, #244, .T. ) ;
#1679 = ORIENTED_EDGE ( 'NONE', *, *, #3719, .F. ) ;
#1680 = FACE_OUTER_BOUND ( 'NONE', #3720, .T. ) ;
#1681 = CARTESIAN_POINT ( 'NONE',  ( 2.000000000000000000, -13.59969078313241653, 17.92354350018943876 ) ) ;
#1682 = EDGE_CURVE ( 'NONE', #2165, #2538, #542, .T. ) ;
#1683 = ORIENTED_EDGE ( 'NONE', *, *, #2948, .F. ) ;
#1684 = CARTESIAN_POINT ( 'NONE',  ( 2.000000000000000000, -26.00252233623291431, -7.271095663908470286 ) ) ;
#1685 = DIRECTION ( 'NONE',  ( 1.000000000000000000, -0.000000000000000000, 0.000000000000000000 ) ) ;
#1686 = LINE ( 'NONE', #486, #1662 ) ;
#1687 = EDGE_CURVE ( 'NONE', #1371, #2896, #2851, .T. ) ;
#1688 = ORIENTED_EDGE ( 'NONE', *, *, #1716, .F. ) ;
#1689 = CARTESIAN_POINT ( 'NONE',  ( 2.000000000000000000, -8.715027478441816911, 20.74254798837413460 ) ) ;
#1690 = DIRECTION ( 'NONE',  ( 0.000000000000000000, 0.000000000000000000, 1.000000000000000000 ) ) ;
#1691 = DIRECTION ( 'NONE',  ( 0.000000000000000000, 0.2486898871648553500, -0.9685831611286308540 ) ) ;
#1692 = EDGE_CURVE ( 'NONE', #107, #2698, #3275, .T. ) ;
#1693 = DIRECTION ( 'NONE',  ( 0.000000000000000000, 0.000000000000000000, 1.000000000000000000 ) ) ;
#1694 = ORIENTED_EDGE ( 'NONE', *, *, #1137, .F. ) ;
#1695 = ORIENTED_EDGE ( 'NONE', *, *, #1286, .F. ) ;
#1696 = ORIENTED_EDGE ( 'NONE', *, *, #908, .T. ) ;
#1697 = EDGE_CURVE ( 'NONE', #1906, #611, #1255, .T. ) ;
#1698 = CYLINDRICAL_SURFACE ( 'NONE', #549, 10.00000000000000178 ) ;
#1699 = CARTESIAN_POINT ( 'NONE',  ( 1.000000000000000000, 25.31032526587978637, -9.401459191815243699 ) ) ;
#1700 = AXIS2_PLACEMENT_3D ( 'NONE', #1627, #1135, #3442 ) ;
#1701 = AXIS2_PLACEMENT_3D ( 'NONE', #596, #1754, #1185 ) ;
#1702 = ORIENTED_EDGE ( 'NONE', *, *, #3228, .T. ) ;
#1703 = DIRECTION ( 'NONE',  ( -1.000000000000000000, -0.000000000000000000, 0.000000000000000000 ) ) ;
#1704 = DIRECTION ( 'NONE',  ( -1.000000000000000000, 0.000000000000000000, 0.000000000000000000 ) ) ;
#1705 = DIRECTION ( 'NONE',  ( 0.000000000000000000, 0.000000000000000000, 1.000000000000000000 ) ) ;
#1706 = CIRCLE ( 'NONE', #3101, 27.00000000000000000 ) ;
#1707 = AXIS2_PLACEMENT_3D ( 'NONE', #2078, #2623, #292 ) ;
#1708 = ADVANCED_FACE ( 'NONE', ( #2617 ), #22, .T. ) ;
#1709 = ORIENTED_EDGE ( 'NONE', *, *, #1803, .T. ) ;
#1710 = LINE ( 'NONE', #2539, #1577 ) ;
#1711 = CARTESIAN_POINT ( 'NONE',  ( 0.000000000000000000, 0.000000000000000000, 0.000000000000000000 ) ) ;
#1712 = DIRECTION ( 'NONE',  ( -1.000000000000000000, 0.000000000000000000, -0.000000000000000000 ) ) ;
#1713 = EDGE_CURVE ( 'NONE', #3697, #2233, #1568, .T. ) ;
#1714 = DIRECTION ( 'NONE',  ( -1.000000000000000000, 0.000000000000000000, 0.000000000000000000 ) ) ;
#1715 = ORIENTED_EDGE ( 'NONE', *, *, #1047, .T. ) ;
#1716 = EDGE_CURVE ( 'NONE', #2512, #516, #682, .T. ) ;
#1717 = EDGE_LOOP ( 'NONE', ( #2886, #476, #1101, #1014 ) ) ;
#1718 = CARTESIAN_POINT ( 'NONE',  ( 2.000000000000000000, -23.37178570732655558, 7.623338163362701536 ) ) ;
#1719 = EDGE_CURVE ( 'NONE', #1393, #2502, #111, .T. ) ;
#1720 = VERTEX_POINT ( 'NONE', #2735 ) ;
#1721 = DIRECTION ( 'NONE',  ( -1.000000000000000000, 0.000000000000000000, 0.000000000000000000 ) ) ;
#1722 = DIRECTION ( 'NONE',  ( -1.000000000000000000, 0.000000000000000000, -0.000000000000000000 ) ) ;
#1723 = DIRECTION ( 'NONE',  ( 0.000000000000000000, 0.9510565162951544194, -0.3090169943749446757 ) ) ;
#1724 = STYLED_ITEM ( 'NONE', ( #2671 ), #319 ) ;
#1725 = VECTOR ( 'NONE', #1866, 1000.000000000000000 ) ;
#1726 = ORIENTED_EDGE ( 'NONE', *, *, #3447, .F. ) ;
#1727 = CARTESIAN_POINT ( 'NONE',  ( 0.000000000000000000, 0.000000000000000000, 0.000000000000000000 ) ) ;
#1728 = CARTESIAN_POINT ( 'NONE',  ( 1.000000000000000000, 26.85320268081718709, -2.811673128753183981 ) ) ;
#1729 = CIRCLE ( 'NONE', #1535, 27.00000000000000000 ) ;
#1730 = ADVANCED_FACE ( 'NONE', ( #3595 ), #1557, .T. ) ;
#1731 = AXIS2_PLACEMENT_3D ( 'NONE', #408, #141, #2688 ) ;
#1732 = DIRECTION ( 'NONE',  ( -1.000000000000000000, -0.000000000000000000, -0.000000000000000000 ) ) ;
#1733 = ORIENTED_EDGE ( 'NONE', *, *, #361, .T. ) ;
#1734 = ORIENTED_EDGE ( 'NONE', *, *, #3148, .F. ) ;
#1735 = ORIENTED_EDGE ( 'NONE', *, *, #2672, .F. ) ;
#1736 = FACE_OUTER_BOUND ( 'NONE', #3534, .T. ) ;
#1737 = VECTOR ( 'NONE', #2379, 1000.000000000000000 ) ;
#1738 = ORIENTED_EDGE ( 'NONE', *, *, #406, .T. ) ;
#1739 = CARTESIAN_POINT ( 'NONE',  ( 2.000000000000000000, 23.48536690928490245, -0.5713403286901376221 ) ) ;
#1740 = DIRECTION ( 'NONE',  ( -1.000000000000000000, -0.000000000000000000, 0.000000000000000000 ) ) ;
#1741 = ORIENTED_EDGE ( 'NONE', *, *, #2643, .F. ) ;
#1742 = DIRECTION ( 'NONE',  ( 0.000000000000000000, 0.6845471059286899473, -0.7289686274214104422 ) ) ;
#1743 = FACE_OUTER_BOUND ( 'NONE', #2205, .T. ) ;
#1744 = ORIENTED_EDGE ( 'NONE', *, *, #1541, .T. ) ;
#1745 = DIRECTION ( 'NONE',  ( 0.000000000000000000, -0.6845471059286791782, -0.7289686274214204342 ) ) ;
#1746 = ORIENTED_EDGE ( 'NONE', *, *, #2672, .T. ) ;
#1747 = CARTESIAN_POINT ( 'NONE',  ( 2.000000000000000000, 22.60544435938623664, -6.393963868338249590 ) ) ;
#1748 = ORIENTED_EDGE ( 'NONE', *, *, #2306, .F. ) ;
#1749 = ORIENTED_EDGE ( 'NONE', *, *, #1291, .T. ) ;
#1750 = DIRECTION ( 'NONE',  ( -1.000000000000000000, -0.000000000000000000, 0.000000000000000000 ) ) ;
#1751 = CIRCLE ( 'NONE', #959, 9.999999999999998224 ) ;
#1752 = CIRCLE ( 'NONE', #3088, 9.999999999999998224 ) ;
#1753 = EDGE_CURVE ( 'NONE', #823, #3091, #3641, .T. ) ;
#1754 = DIRECTION ( 'NONE',  ( -1.000000000000000000, 0.000000000000000000, -0.000000000000000000 ) ) ;
#1755 = CYLINDRICAL_SURFACE ( 'NONE', #66, 9.999999999999998224 ) ;
#1756 = DIRECTION ( 'NONE',  ( -1.000000000000000000, -0.000000000000000000, -0.000000000000000000 ) ) ;
#1757 = CIRCLE ( 'NONE', #1999, 10.00000000000000000 ) ;
#1758 = CIRCLE ( 'NONE', #2486, 9.999999999999996447 ) ;
#1759 = EDGE_LOOP ( 'NONE', ( #1626, #1443, #658, #889 ) ) ;
#1760 = DIRECTION ( 'NONE',  ( -1.000000000000000000, 0.000000000000000000, 0.000000000000000000 ) ) ;
#1761 = DIRECTION ( 'NONE',  ( 1.000000000000000000, 0.000000000000000000, 0.000000000000000000 ) ) ;
#1762 = ADVANCED_FACE ( 'NONE', ( #2488 ), #1594, .T. ) ;
#1763 = ADVANCED_FACE ( 'NONE', ( #2795 ), #2129, .T. ) ;
#1764 = VERTEX_POINT ( 'NONE', #437 ) ;
#1765 = CARTESIAN_POINT ( 'NONE',  ( -10.00000000000000000, 0.000000000000000000, 0.000000000000000000 ) ) ;
#1766 = ORIENTED_EDGE ( 'NONE', *, *, #3056, .F. ) ;
#1767 = EDGE_CURVE ( 'NONE', #1527, #2077, #1574, .T. ) ;
#1768 = DIRECTION ( 'NONE',  ( -1.000000000000000000, 0.000000000000000000, 0.000000000000000000 ) ) ;
#1769 = ORIENTED_EDGE ( 'NONE', *, *, #3580, .F. ) ;
#1770 = ORIENTED_EDGE ( 'NONE', *, *, #1447, .F. ) ;
#1771 = CARTESIAN_POINT ( 'NONE',  ( 2.000000000000000000, 19.24276913903923614, 11.65850920408090197 ) ) ;
#1772 = DIRECTION ( 'NONE',  ( -1.000000000000000000, 0.000000000000000000, 0.000000000000000000 ) ) ;
#1773 = DIRECTION ( 'NONE',  ( 0.000000000000000000, 0.000000000000000000, 1.000000000000000000 ) ) ;
#1774 = CARTESIAN_POINT ( 'NONE',  ( 0.000000000000000000, 22.00817374216914857, -4.673894471904167958 ) ) ;
#1775 = PRESENTATION_LAYER_ASSIGNMENT (  '', '', ( #1724 ) ) ;
#1776 = EDGE_LOOP ( 'NONE', ( #699, #584, #2584, #3536 ) ) ;
#1777 = DIRECTION ( 'NONE',  ( -1.000000000000000000, -0.000000000000000000, 0.000000000000000000 ) ) ;
#1778 = VERTEX_POINT ( 'NONE', #1839 ) ;
#1779 = CARTESIAN_POINT ( 'NONE',  ( 2.000000000000000000, 7.800754436723621232, -22.15935736552075142 ) ) ;
#1780 = VECTOR ( 'NONE', #3331, 1000.000000000000000 ) ;
#1781 = ORIENTED_EDGE ( 'NONE', *, *, #3686, .T. ) ;
#1782 = AXIS2_PLACEMENT_3D ( 'NONE', #158, #1394, #2519 ) ;
#1783 = DIRECTION ( 'NONE',  ( 0.000000000000000000, -0.5877852522924802425, 0.8090169943749421222 ) ) ;
#1784 = ORIENTED_EDGE ( 'NONE', *, *, #129, .T. ) ;
#1785 = DIRECTION ( 'NONE',  ( 1.000000000000000000, 0.000000000000000000, 0.000000000000000000 ) ) ;
#1786 = DIRECTION ( 'NONE',  ( -1.000000000000000000, 0.000000000000000000, 0.000000000000000000 ) ) ;
#1787 = ORIENTED_EDGE ( 'NONE', *, *, #2057, .F. ) ;
#1788 = CARTESIAN_POINT ( 'NONE',  ( 2.000000000000000000, 19.24276913903940311, -11.65850920408062841 ) ) ;
#1789 = DIRECTION ( 'NONE',  ( 0.000000000000000000, -0.7705132427757950264, 0.6374239897486828621 ) ) ;
#1790 = EDGE_CURVE ( 'NONE', #1583, #424, #3520, .T. ) ;
#1791 = EDGE_LOOP ( 'NONE', ( #2913, #2229, #2324, #562 ) ) ;
#1792 = CARTESIAN_POINT ( 'NONE',  ( 0.000000000000000000, 16.72898631184420992, 16.49332912462039147 ) ) ;
#1793 = CARTESIAN_POINT ( 'NONE',  ( 0.000000000000000000, 21.49986500320969540, 16.33266067864507320 ) ) ;
#1794 = CIRCLE ( 'NONE', #156, 9.999999999999998224 ) ;
#1795 = ORIENTED_EDGE ( 'NONE', *, *, #2551, .T. ) ;
#1796 = DIRECTION ( 'NONE',  ( -1.000000000000000000, -0.000000000000000000, -0.000000000000000000 ) ) ;
#1797 = VERTEX_POINT ( 'NONE', #3058 ) ;
#1798 = EDGE_CURVE ( 'NONE', #42, #450, #2300, .T. ) ;
#1799 = DIRECTION ( 'NONE',  ( 0.000000000000000000, 0.000000000000000000, 1.000000000000000000 ) ) ;
#1800 = ORIENTED_EDGE ( 'NONE', *, *, #2958, .F. ) ;
#1801 = FACE_OUTER_BOUND ( 'NONE', #2450, .T. ) ;
#1802 = DIRECTION ( 'NONE',  ( -1.000000000000000000, 0.000000000000000000, 0.000000000000000000 ) ) ;
#1803 = EDGE_CURVE ( 'NONE', #2616, #1430, #1752, .T. ) ;
#1804 = ORIENTED_EDGE ( 'NONE', *, *, #3634, .F. ) ;
#1805 = CYLINDRICAL_SURFACE ( 'NONE', #1399, 9.999999999999998224 ) ;
#1806 = CARTESIAN_POINT ( 'NONE',  ( 2.000000000000000000, 11.24603749546732701, 19.48670422751223086 ) ) ;
#1807 = VECTOR ( 'NONE', #2053, 1000.000000000000000 ) ;
#1808 = ORIENTED_EDGE ( 'NONE', *, *, #84, .F. ) ;
#1809 = DIRECTION ( 'NONE',  ( 0.000000000000000000, 0.000000000000000000, 1.000000000000000000 ) ) ;
#1810 = CARTESIAN_POINT ( 'NONE',  ( 2.000000000000000000, 12.10169028542928338, -20.13549057933450115 ) ) ;
#1811 = CARTESIAN_POINT ( 'NONE',  ( 2.000000000000000000, 0.000000000000000000, 0.000000000000000000 ) ) ;
#1812 = VECTOR ( 'NONE', #640, 1000.000000000000000 ) ;
#1813 = AXIS2_PLACEMENT_3D ( 'NONE', #2702, #937, #2684 ) ;
#1814 = VECTOR ( 'NONE', #126, 1000.000000000000000 ) ;
#1815 = ORIENTED_EDGE ( 'NONE', *, *, #2739, .F. ) ;
#1816 = DIRECTION ( 'NONE',  ( -1.000000000000000000, 0.000000000000000000, 0.000000000000000000 ) ) ;
#1817 = VERTEX_POINT ( 'NONE', #2755 ) ;
#1818 = EDGE_CURVE ( 'NONE', #2321, #3525, #3615, .T. ) ;
#1819 = CARTESIAN_POINT ( 'NONE',  ( 2.000000000000000000, 23.48536690928490245, -0.5713403286901376221 ) ) ;
#1820 = ORIENTED_EDGE ( 'NONE', *, *, #2796, .T. ) ;
#1821 = FACE_OUTER_BOUND ( 'NONE', #818, .T. ) ;
#1822 = ADVANCED_FACE ( 'NONE', ( #2507 ), #3311, .T. ) ;
#1823 = CARTESIAN_POINT ( 'NONE',  ( 2.000000000000000000, 26.85320268081718709, 2.811673128753183981 ) ) ;
#1824 = ORIENTED_EDGE ( 'NONE', *, *, #2728, .F. ) ;
#1825 = DIRECTION ( 'NONE',  ( -1.000000000000000000, 0.000000000000000000, 0.000000000000000000 ) ) ;
#1826 = LINE ( 'NONE', #2170, #1780 ) ;
#1827 = ORIENTED_EDGE ( 'NONE', *, *, #1516, .T. ) ;
#1828 = DIRECTION ( 'NONE',  ( -1.000000000000000000, -0.000000000000000000, 0.000000000000000000 ) ) ;
#1829 = CARTESIAN_POINT ( 'NONE',  ( 2.000000000000000000, 0.000000000000000000, 0.000000000000000000 ) ) ;
#1830 = DIRECTION ( 'NONE',  ( -1.000000000000000000, 0.000000000000000000, 0.000000000000000000 ) ) ;
#1831 = ADVANCED_FACE ( 'NONE', ( #3348 ), #2164, .T. ) ;
#1832 = CIRCLE ( 'NONE', #263, 22.49899999999999878 ) ;
#1833 = ORIENTED_EDGE ( 'NONE', *, *, #3734, .F. ) ;
#1834 = CARTESIAN_POINT ( 'NONE',  ( 2.000000000000000000, 6.714000551477021794, -22.51246510779502685 ) ) ;
#1835 = DIRECTION ( 'NONE',  ( -1.000000000000000000, 0.000000000000000000, 0.000000000000000000 ) ) ;
#1836 = EDGE_CURVE ( 'NONE', #2372, #1347, #1448, .T. ) ;
#1837 = CIRCLE ( 'NONE', #1599, 22.49899999999999878 ) ;
#1838 = CIRCLE ( 'NONE', #2448, 10.00000000000000000 ) ;
#1839 = CARTESIAN_POINT ( 'NONE',  ( 0.000000000000000000, 11.24603749546759701, -19.48670422751207099 ) ) ;
#1840 = ORIENTED_EDGE ( 'NONE', *, *, #2831, .T. ) ;
#1841 = LINE ( 'NONE', #969, #3049 ) ;
#1842 = ADVANCED_FACE ( 'NONE', ( #720 ), #3040, .T. ) ;
#1843 = EDGE_CURVE ( 'NONE', #2263, #3327, #114, .T. ) ;
#1844 = AXIS2_PLACEMENT_3D ( 'NONE', #785, #1948, #2216 ) ;
#1845 = VERTEX_POINT ( 'NONE', #3466 ) ;
#1846 = LINE ( 'NONE', #3330, #3713 ) ;
#1847 = CARTESIAN_POINT ( 'NONE',  ( -10.00000000000000000, 0.000000000000000000, 0.000000000000000000 ) ) ;
#1848 = ORIENTED_EDGE ( 'NONE', *, *, #1248, .F. ) ;
#1849 = LINE ( 'NONE', #732, #3307 ) ;
#1850 = DIRECTION ( 'NONE',  ( 1.000000000000000000, 0.000000000000000000, 0.000000000000000000 ) ) ;
#1851 = CARTESIAN_POINT ( 'NONE',  ( 1.000000000000000000, -23.37735732152423296, 13.50922516881621149 ) ) ;
#1852 = VECTOR ( 'NONE', #3695, 1000.000000000000000 ) ;
#1853 = ORIENTED_EDGE ( 'NONE', *, *, #1196, .F. ) ;
#1854 = FACE_OUTER_BOUND ( 'NONE', #2676, .T. ) ;
#1855 = DIRECTION ( 'NONE',  ( -1.000000000000000000, 0.000000000000000000, 0.000000000000000000 ) ) ;
#1856 = DIRECTION ( 'NONE',  ( 0.000000000000000000, 0.000000000000000000, -1.000000000000000000 ) ) ;
#1857 = ORIENTED_EDGE ( 'NONE', *, *, #1383, .T. ) ;
#1858 = CARTESIAN_POINT ( 'NONE',  ( 2.000000000000000000, 0.000000000000000000, 0.000000000000000000 ) ) ;
#1859 = ORIENTED_EDGE ( 'NONE', *, *, #3228, .F. ) ;
#1860 = DIRECTION ( 'NONE',  ( 0.000000000000000000, 0.5877852522924684742, 0.8090169943749506709 ) ) ;
#1861 = CYLINDRICAL_SURFACE ( 'NONE', #3674, 27.00000000000000000 ) ;
#1862 = EDGE_CURVE ( 'NONE', #2125, #1984, #2480, .T. ) ;
#1863 = ORIENTED_EDGE ( 'NONE', *, *, #888, .T. ) ;
#1864 = DIRECTION ( 'NONE',  ( 0.000000000000000000, 0.9980267284282717810, -0.06279051952930994607 ) ) ;
#1865 = DIRECTION ( 'NONE',  ( -1.000000000000000000, 0.000000000000000000, 0.000000000000000000 ) ) ;
#1866 = DIRECTION ( 'NONE',  ( -1.000000000000000000, 0.000000000000000000, 0.000000000000000000 ) ) ;
#1867 = EDGE_CURVE ( 'NONE', #91, #285, #2423, .T. ) ;
#1868 = AXIS2_PLACEMENT_3D ( 'NONE', #1875, #1916, #1856 ) ;
#1869 = EDGE_CURVE ( 'NONE', #1347, #2775, #853, .T. ) ;
#1870 = AXIS2_PLACEMENT_3D ( 'NONE', #3409, #3717, #816 ) ;
#1871 = ORIENTED_EDGE ( 'NONE', *, *, #3013, .F. ) ;
#1872 = CARTESIAN_POINT ( 'NONE',  ( 0.000000000000000000, -23.37178570732655558, -2.376661836637297132 ) ) ;
#1873 = ADVANCED_FACE ( 'NONE', ( #1404 ), #2580, .T. ) ;
#1874 = CIRCLE ( 'NONE', #2062, 27.00000000000000000 ) ;
#1875 = CARTESIAN_POINT ( 'NONE',  ( 0.000000000000000000, -23.22856984560565863, 3.510332115732296643 ) ) ;
#1876 = ORIENTED_EDGE ( 'NONE', *, *, #1002, .T. ) ;
#1877 = DIRECTION ( 'NONE',  ( -1.000000000000000000, -0.000000000000000000, -0.000000000000000000 ) ) ;
#1878 = AXIS2_PLACEMENT_3D ( 'NONE', #2137, #2422, #654 ) ;
#1879 = ADVANCED_FACE ( 'NONE', ( #3099 ), #225, .T. ) ;
#1880 = CIRCLE ( 'NONE', #3039, 9.999999999999998224 ) ;
#1881 = ORIENTED_EDGE ( 'NONE', *, *, #3096, .F. ) ;
#1882 = LINE ( 'NONE', #2169, #2970 ) ;
#1883 = CARTESIAN_POINT ( 'NONE',  ( 2.000000000000000000, 22.88961748313567313, -5.287182625051993767 ) ) ;
#1884 = ADVANCED_FACE ( 'NONE', ( #515 ), #1138, .T. ) ;
#1885 = VERTEX_POINT ( 'NONE', #2562 ) ;
#1886 = DIRECTION ( 'NONE',  ( -1.000000000000000000, 0.000000000000000000, 0.000000000000000000 ) ) ;
#1887 = CYLINDRICAL_SURFACE ( 'NONE', #3035, 22.49899999999999878 ) ;
#1888 = CARTESIAN_POINT ( 'NONE',  ( 0.000000000000000000, 4.492251481453592987, 26.62366760285626199 ) ) ;
#1889 = ORIENTED_EDGE ( 'NONE', *, *, #2155, .F. ) ;
#1890 = CARTESIAN_POINT ( 'NONE',  ( 0.000000000000000000, 22.88961748313559852, 5.287182625052319729 ) ) ;
#1891 = DIRECTION ( 'NONE',  ( -1.000000000000000000, -0.000000000000000000, 0.000000000000000000 ) ) ;
#1892 = LINE ( 'NONE', #185, #1737 ) ;
#1893 = VECTOR ( 'NONE', #2397, 1000.000000000000000 ) ;
#1894 = EDGE_CURVE ( 'NONE', #1640, #1393, #2660, .T. ) ;
#1895 = DIRECTION ( 'NONE',  ( -1.000000000000000000, -0.000000000000000000, 0.000000000000000000 ) ) ;
#1896 = CIRCLE ( 'NONE', #378, 10.00000000000000000 ) ;
#1897 = ORIENTED_EDGE ( 'NONE', *, *, #1560, .F. ) ;
#1898 = DIRECTION ( 'NONE',  ( 0.000000000000000000, 0.000000000000000000, 1.000000000000000000 ) ) ;
#1899 = CIRCLE ( 'NONE', #3547, 9.999999999999998224 ) ;
#1900 = EDGE_CURVE ( 'NONE', #144, #2809, #3731, .T. ) ;
#1901 = VERTEX_POINT ( 'NONE', #2542 ) ;
#1902 = EDGE_CURVE ( 'NONE', #3525, #1444, #1389, .T. ) ;
#1903 = CARTESIAN_POINT ( 'NONE',  ( 2.000000000000000000, 22.17710702962195768, 15.40051699770797811 ) ) ;
#1904 = CARTESIAN_POINT ( 'NONE',  ( 0.000000000000000000, 13.06648747438673297, 19.52321166500574989 ) ) ;
#1905 = VECTOR ( 'NONE', #1299, 1000.000000000000000 ) ;
#1906 = VERTEX_POINT ( 'NONE', #1955 ) ;
#1907 = DIRECTION ( 'NONE',  ( -1.000000000000000000, 0.000000000000000000, 0.000000000000000000 ) ) ;
#1908 = EDGE_CURVE ( 'NONE', #1213, #1347, #782, .T. ) ;
#1909 = CARTESIAN_POINT ( 'NONE',  ( 2.000000000000000000, 0.000000000000000000, 0.000000000000000000 ) ) ;
#1910 = LINE ( 'NONE', #3070, #21 ) ;
#1911 = EDGE_LOOP ( 'NONE', ( #1658, #438, #2881, #2543 ) ) ;
#1912 = DIRECTION ( 'NONE',  ( 0.000000000000000000, -0.9980267284282708928, -0.06279051952932448999 ) ) ;
#1913 = CARTESIAN_POINT ( 'NONE',  ( 2.000000000000000000, 0.000000000000000000, 0.000000000000000000 ) ) ;
#1914 = DIRECTION ( 'NONE',  ( -1.000000000000000000, -0.000000000000000000, 0.000000000000000000 ) ) ;
#1915 = ADVANCED_FACE ( 'NONE', ( #1655 ), #2225, .T. ) ;
#1916 = DIRECTION ( 'NONE',  ( 1.000000000000000000, 0.000000000000000000, 0.000000000000000000 ) ) ;
#1917 = ORIENTED_EDGE ( 'NONE', *, *, #2496, .F. ) ;
#1918 =( GEOMETRIC_REPRESENTATION_CONTEXT ( 3 ) GLOBAL_UNCERTAINTY_ASSIGNED_CONTEXT ( ( #1929 ) ) GLOBAL_UNIT_ASSIGNED_CONTEXT ( ( #3483, #2894, #3291 ) ) REPRESENTATION_CONTEXT ( 'NONE', 'WORKASPACE' ) );
#1919 = ORIENTED_EDGE ( 'NONE', *, *, #204, .F. ) ;
#1920 = ORIENTED_EDGE ( 'NONE', *, *, #1753, .T. ) ;
#1921 = CARTESIAN_POINT ( 'NONE',  ( 0.000000000000000000, 17.03424383162524336, -14.69828350810860407 ) ) ;
#1922 = DIRECTION ( 'NONE',  ( 1.000000000000000000, -0.000000000000000000, 0.000000000000000000 ) ) ;
#1923 = ADVANCED_FACE ( 'NONE', ( #494 ), #1935, .T. ) ;
#1924 = ADVANCED_FACE ( 'NONE', ( #1976 ), #794, .T. ) ;
#1925 = VERTEX_POINT ( 'NONE', #536 ) ;
#1926 = CARTESIAN_POINT ( 'NONE',  ( 2.000000000000000000, 22.47909678269662592, 0.9461547622656854006 ) ) ;
#1927 = CARTESIAN_POINT ( 'NONE',  ( 2.000000000000000000, 17.03424383162524336, -14.69828350810860407 ) ) ;
#1928 = CARTESIAN_POINT ( 'NONE',  ( 2.000000000000000000, 16.76263966737385758, -21.16633911147094338 ) ) ;
#1929 = UNCERTAINTY_MEASURE_WITH_UNIT (LENGTH_MEASURE( 1.000000000000000082E-05 ), #3483, 'distance_accuracy_value', 'NONE');
#1930 = ORIENTED_EDGE ( 'NONE', *, *, #1184, .T. ) ;
#1931 = DIRECTION ( 'NONE',  ( 1.000000000000000000, 0.000000000000000000, 0.000000000000000000 ) ) ;
#1932 = AXIS2_PLACEMENT_3D ( 'NONE', #613, #2024, #9 ) ;
#1933 = DIRECTION ( 'NONE',  ( 0.000000000000000000, 0.000000000000000000, 1.000000000000000000 ) ) ;
#1934 = CARTESIAN_POINT ( 'NONE',  ( 0.000000000000000000, 0.000000000000000000, 0.000000000000000000 ) ) ;
#1935 = CYLINDRICAL_SURFACE ( 'NONE', #902, 9.999999999999998224 ) ;
#1936 = VERTEX_POINT ( 'NONE', #3448 ) ;
#1937 = AXIS2_PLACEMENT_3D ( 'NONE', #2281, #774, #3696 ) ;
#1938 = CIRCLE ( 'NONE', #2244, 27.00000000000000000 ) ;
#1939 = AXIS2_PLACEMENT_3D ( 'NONE', #3728, #552, #1343 ) ;
#1940 = AXIS2_PLACEMENT_3D ( 'NONE', #1819, #609, #2110 ) ;
#1941 = ORIENTED_EDGE ( 'NONE', *, *, #2197, .T. ) ;
#1942 = ORIENTED_EDGE ( 'NONE', *, *, #2869, .F. ) ;
#1943 = ORIENTED_EDGE ( 'NONE', *, *, #2186, .T. ) ;
#1944 = DIRECTION ( 'NONE',  ( -1.000000000000000000, -0.000000000000000000, -0.000000000000000000 ) ) ;
#1945 = LINE ( 'NONE', #1621, #2149 ) ;
#1946 = AXIS2_PLACEMENT_3D ( 'NONE', #1624, #3399, #2827 ) ;
#1947 = ORIENTED_EDGE ( 'NONE', *, *, #3570, .F. ) ;
#1948 = DIRECTION ( 'NONE',  ( 1.000000000000000000, 0.000000000000000000, 0.000000000000000000 ) ) ;
#1949 = DIRECTION ( 'NONE',  ( -1.000000000000000000, 0.000000000000000000, -0.000000000000000000 ) ) ;
#1950 = DIRECTION ( 'NONE',  ( 0.000000000000000000, 0.000000000000000000, 1.000000000000000000 ) ) ;
#1951 = ORIENTED_EDGE ( 'NONE', *, *, #637, .F. ) ;
#1952 = DIRECTION ( 'NONE',  ( -1.000000000000000000, 0.000000000000000000, 0.000000000000000000 ) ) ;
#1953 = CARTESIAN_POINT ( 'NONE',  ( 1.000000000000000000, 16.76263966737385402, -21.16633911147094338 ) ) ;
#1954 = EDGE_CURVE ( 'NONE', #3208, #3214, #965, .T. ) ;
#1955 = CARTESIAN_POINT ( 'NONE',  ( 2.000000000000000000, 2.355761907506015884, 22.37532987097941017 ) ) ;
#1956 = EDGE_CURVE ( 'NONE', #2775, #3756, #3158, .T. ) ;
#1957 = ORIENTED_EDGE ( 'NONE', *, *, #679, .F. ) ;
#1958 = AXIS2_PLACEMENT_3D ( 'NONE', #419, #1136, #3617 ) ;
#1959 = ORIENTED_EDGE ( 'NONE', *, *, #180, .F. ) ;
#1960 = ORIENTED_EDGE ( 'NONE', *, *, #1682, .F. ) ;
#1961 = CYLINDRICAL_SURFACE ( 'NONE', #725, 9.999999999999998224 ) ;
#1962 = CARTESIAN_POINT ( 'NONE',  ( 2.000000000000000000, -13.59969078313241653, 17.92354350018943876 ) ) ;
#1963 = AXIS2_PLACEMENT_3D ( 'NONE', #598, #2938, #2921 ) ;
#1964 = CIRCLE ( 'NONE', #573, 4.000000000000000000 ) ;
#1965 = VERTEX_POINT ( 'NONE', #3213 ) ;
#1966 = CYLINDRICAL_SURFACE ( 'NONE', #517, 22.49899999999999878 ) ;
#1967 = DIRECTION ( 'NONE',  ( 0.000000000000000000, 0.000000000000000000, 1.000000000000000000 ) ) ;
#1968 = DIRECTION ( 'NONE',  ( 0.000000000000000000, 0.000000000000000000, 1.000000000000000000 ) ) ;
#1969 = AXIS2_PLACEMENT_3D ( 'NONE', #3106, #3702, #2515 ) ;
#1970 = ORIENTED_EDGE ( 'NONE', *, *, #3634, .T. ) ;
#1971 = CARTESIAN_POINT ( 'NONE',  ( 2.000000000000000000, -18.66423552949839859, 14.26657634943757991 ) ) ;
#1972 = DIRECTION ( 'NONE',  ( 0.000000000000000000, -0.4817536741017036661, -0.8763066800438700232 ) ) ;
#1973 = VECTOR ( 'NONE', #3759, 1000.000000000000000 ) ;
#1974 = DIRECTION ( 'NONE',  ( 1.000000000000000000, 0.000000000000000000, 0.000000000000000000 ) ) ;
#1975 = EDGE_CURVE ( 'NONE', #1965, #688, #17, .T. ) ;
#1976 = FACE_OUTER_BOUND ( 'NONE', #3432, .T. ) ;
#1977 = ORIENTED_EDGE ( 'NONE', *, *, #3425, .F. ) ;
#1978 = CIRCLE ( 'NONE', #2462, 9.999999999999996447 ) ;
#1979 = VECTOR ( 'NONE', #511, 1000.000000000000000 ) ;
#1980 = ORIENTED_EDGE ( 'NONE', *, *, #657, .F. ) ;
#1981 = VERTEX_POINT ( 'NONE', #945 ) ;
#1982 = CARTESIAN_POINT ( 'NONE',  ( -10.00000000000000000, 0.000000000000000000, 0.000000000000000000 ) ) ;
#1983 = CARTESIAN_POINT ( 'NONE',  ( 0.000000000000000000, -20.07203732282768627, -18.05860785639393029 ) ) ;
#1984 = VERTEX_POINT ( 'NONE', #623 ) ;
#1985 = DIRECTION ( 'NONE',  ( 1.000000000000000000, -0.000000000000000000, -0.000000000000000000 ) ) ;
#1986 = CYLINDRICAL_SURFACE ( 'NONE', #608, 9.999999999999998224 ) ;
#1987 = CARTESIAN_POINT ( 'NONE',  ( 0.000000000000000000, 0.000000000000000000, 0.000000000000000000 ) ) ;
#1988 = EDGE_CURVE ( 'NONE', #2513, #2865, #2721, .T. ) ;
#1989 = ORIENTED_EDGE ( 'NONE', *, *, #3428, .T. ) ;
#1990 = ADVANCED_FACE ( 'NONE', ( #2339 ), #890, .T. ) ;
#1991 = DIRECTION ( 'NONE',  ( 0.000000000000000000, 0.000000000000000000, -1.000000000000000000 ) ) ;
#1992 = CARTESIAN_POINT ( 'NONE',  ( -10.00000000000000000, 0.000000000000000000, 0.000000000000000000 ) ) ;
#1993 = CARTESIAN_POINT ( 'NONE',  ( 0.000000000000000000, 22.47909678269662592, 0.9461547622656854006 ) ) ;
#1994 = EDGE_CURVE ( 'NONE', #2529, #212, #2058, .T. ) ;
#1995 = DIRECTION ( 'NONE',  ( 0.000000000000000000, 0.000000000000000000, 1.000000000000000000 ) ) ;
#1996 = ORIENTED_EDGE ( 'NONE', *, *, #180, .T. ) ;
#1997 = ORIENTED_EDGE ( 'NONE', *, *, #3309, .F. ) ;
#1998 = ORIENTED_EDGE ( 'NONE', *, *, #1843, .F. ) ;
#1999 = AXIS2_PLACEMENT_3D ( 'NONE', #316, #3504, #2927 ) ;
#2000 = CIRCLE ( 'NONE', #3071, 9.999999999999998224 ) ;
#2001 = DIRECTION ( 'NONE',  ( -1.000000000000000000, -0.000000000000000000, -0.000000000000000000 ) ) ;
#2002 = CARTESIAN_POINT ( 'NONE',  ( 0.000000000000000000, 0.000000000000000000, 0.000000000000000000 ) ) ;
#2003 = EDGE_CURVE ( 'NONE', #222, #3460, #3090, .T. ) ;
#2004 = AXIS2_PLACEMENT_3D ( 'NONE', #1890, #2126, #162 ) ;
#2005 = VECTOR ( 'NONE', #28, 1000.000000000000000 ) ;
#2006 = ORIENTED_EDGE ( 'NONE', *, *, #1818, .F. ) ;
#2007 = DIRECTION ( 'NONE',  ( 0.000000000000000000, 0.7705132427757861446, 0.6374239897486935202 ) ) ;
#2008 = CARTESIAN_POINT ( 'NONE',  ( 2.000000000000000000, 19.24276913903923614, 11.65850920408090197 ) ) ;
#2009 = DIRECTION ( 'NONE',  ( 0.000000000000000000, 0.000000000000000000, 1.000000000000000000 ) ) ;
#2010 = ADVANCED_FACE ( 'NONE', ( #2392 ), #2963, .T. ) ;
#2011 = VECTOR ( 'NONE', #1164, 1000.000000000000000 ) ;
#2012 = ORIENTED_EDGE ( 'NONE', *, *, #1442, .F. ) ;
#2013 = DIRECTION ( 'NONE',  ( -1.000000000000000000, -0.000000000000000000, 0.000000000000000000 ) ) ;
#2014 = CARTESIAN_POINT ( 'NONE',  ( 0.000000000000000000, 0.000000000000000000, 0.000000000000000000 ) ) ;
#2015 = CYLINDRICAL_SURFACE ( 'NONE', #3197, 9.999999999999998224 ) ;
#2016 = ADVANCED_FACE ( 'NONE', ( #604 ), #2087, .T. ) ;
#2017 = DIRECTION ( 'NONE',  ( -1.000000000000000000, -0.000000000000000000, -0.000000000000000000 ) ) ;
#2018 = VERTEX_POINT ( 'NONE', #2 ) ;
#2019 = EDGE_LOOP ( 'NONE', ( #2381, #1871, #2242, #2779 ) ) ;
#2020 = ORIENTED_EDGE ( 'NONE', *, *, #3346, .F. ) ;
#2021 = CARTESIAN_POINT ( 'NONE',  ( 2.000000000000000000, 20.15439620502003848, -10.00026572702314631 ) ) ;
#2022 = AXIS2_PLACEMENT_3D ( 'NONE', #2435, #2640, #1538 ) ;
#2023 = ORIENTED_EDGE ( 'NONE', *, *, #2436, .T. ) ;
#2024 = DIRECTION ( 'NONE',  ( -1.000000000000000000, 0.000000000000000000, -0.000000000000000000 ) ) ;
#2025 = LINE ( 'NONE', #11, #872 ) ;
#2026 = CIRCLE ( 'NONE', #2626, 27.00000000000000000 ) ;
#2027 = CIRCLE ( 'NONE', #2272, 27.00000000000000000 ) ;
#2028 = VERTEX_POINT ( 'NONE', #2982 ) ;
#2029 = CARTESIAN_POINT ( 'NONE',  ( 0.000000000000000000, -26.00252233623291431, -7.271095663908470286 ) ) ;
#2030 = CARTESIAN_POINT ( 'NONE',  ( 2.000000000000000000, 12.84376727072286251, -18.47275407987417850 ) ) ;
#2031 = VECTOR ( 'NONE', #3353, 1000.000000000000000 ) ;
#2032 = CIRCLE ( 'NONE', #3128, 9.999999999999998224 ) ;
#2033 = ORIENTED_EDGE ( 'NONE', *, *, #1522, .F. ) ;
#2034 = DIRECTION ( 'NONE',  ( -1.000000000000000000, -0.000000000000000000, 0.000000000000000000 ) ) ;
#2035 = ORIENTED_EDGE ( 'NONE', *, *, #2943, .F. ) ;
#2036 = EDGE_CURVE ( 'NONE', #2233, #407, #1757, .T. ) ;
#2037 = CARTESIAN_POINT ( 'NONE',  ( 2.000000000000000000, 2.355761907506015884, 22.37532987097941017 ) ) ;
#2038 = ORIENTED_EDGE ( 'NONE', *, *, #1867, .T. ) ;
#2039 = ORIENTED_EDGE ( 'NONE', *, *, #3143, .F. ) ;
#2040 = DIRECTION ( 'NONE',  ( -1.000000000000000000, -0.000000000000000000, -0.000000000000000000 ) ) ;
#2041 = AXIS2_PLACEMENT_3D ( 'NONE', #2112, #3345, #737 ) ;
#2042 = DIRECTION ( 'NONE',  ( 1.000000000000000000, -0.000000000000000000, -0.000000000000000000 ) ) ;
#2043 = ADVANCED_FACE ( 'NONE', ( #2373 ), #2635, .T. ) ;
#2044 = LINE ( 'NONE', #2008, #368 ) ;
#2045 = CARTESIAN_POINT ( 'NONE',  ( 0.000000000000000000, 0.4671864235643103380, 22.49414896913499717 ) ) ;
#2046 = EDGE_CURVE ( 'NONE', #741, #936, #1193, .T. ) ;
#2047 = ORIENTED_EDGE ( 'NONE', *, *, #776, .F. ) ;
#2048 = CYLINDRICAL_SURFACE ( 'NONE', #667, 27.00000000000000000 ) ;
#2049 = LINE ( 'NONE', #1728, #806 ) ;
#2050 = ORIENTED_EDGE ( 'NONE', *, *, #1836, .T. ) ;
#2051 = DIRECTION ( 'NONE',  ( 0.000000000000000000, 0.000000000000000000, 1.000000000000000000 ) ) ;
#2052 = ORIENTED_EDGE ( 'NONE', *, *, #1152, .T. ) ;
#2053 = DIRECTION ( 'NONE',  ( -1.000000000000000000, 0.000000000000000000, 0.000000000000000000 ) ) ;
#2054 = ORIENTED_EDGE ( 'NONE', *, *, #1369, .T. ) ;
#2055 = ORIENTED_EDGE ( 'NONE', *, *, #1196, .T. ) ;
#2056 = CARTESIAN_POINT ( 'NONE',  ( 2.000000000000000000, 16.72898631184444085, -16.49332912462015344 ) ) ;
#2057 = EDGE_CURVE ( 'NONE', #1617, #246, #723, .T. ) ;
#2058 = CIRCLE ( 'NONE', #1509, 10.00000000000000000 ) ;
#2059 = CARTESIAN_POINT ( 'NONE',  ( 2.000000000000000000, 22.00817374216908107, 4.673894471904478820 ) ) ;
#2060 = CYLINDRICAL_SURFACE ( 'NONE', #1029, 10.00000000000000000 ) ;
#2061 = DIRECTION ( 'NONE',  ( -1.000000000000000000, 0.000000000000000000, 0.000000000000000000 ) ) ;
#2062 = AXIS2_PLACEMENT_3D ( 'NONE', #1074, #491, #223 ) ;
#2063 = AXIS2_PLACEMENT_3D ( 'NONE', #1085, #522, #819 ) ;
#2064 = VECTOR ( 'NONE', #922, 1000.000000000000000 ) ;
#2065 = VERTEX_POINT ( 'NONE', #1513 ) ;
#2066 = DIRECTION ( 'NONE',  ( 0.000000000000000000, 0.000000000000000000, 1.000000000000000000 ) ) ;
#2067 =( NAMED_UNIT ( * ) PLANE_ANGLE_UNIT ( ) SI_UNIT ( $, .RADIAN. ) );
#2068 = AXIS2_PLACEMENT_3D ( 'NONE', #2746, #3017, #2460 ) ;
#2069 = ORIENTED_EDGE ( 'NONE', *, *, #674, .T. ) ;
#2070 = DIRECTION ( 'NONE',  ( 0.000000000000000000, -0.1253332335643113360, 0.9921147013144768767 ) ) ;
#2071 = VERTEX_POINT ( 'NONE', #2599 ) ;
#2072 = EDGE_CURVE ( 'NONE', #3510, #379, #662, .T. ) ;
#2073 = LINE ( 'NONE', #75, #2308 ) ;
#2074 = ORIENTED_EDGE ( 'NONE', *, *, #1188, .F. ) ;
#2075 = DIRECTION ( 'NONE',  ( 0.000000000000000000, 0.000000000000000000, 1.000000000000000000 ) ) ;
#2076 = CARTESIAN_POINT ( 'NONE',  ( 2.000000000000000000, -20.55223281392796508, -9.154819897851764310 ) ) ;
#2077 = VERTEX_POINT ( 'NONE', #1157 ) ;
#2078 = CARTESIAN_POINT ( 'NONE',  ( 0.000000000000000000, 0.000000000000000000, 0.000000000000000000 ) ) ;
#2079 = DIRECTION ( 'NONE',  ( -1.000000000000000000, -0.000000000000000000, 0.000000000000000000 ) ) ;
#2080 = AXIS2_PLACEMENT_3D ( 'NONE', #3350, #168, #1972 ) ;
#2081 = VERTEX_POINT ( 'NONE', #3269 ) ;
#2082 = DIRECTION ( 'NONE',  ( 0.000000000000000000, 0.1253332335642974860, 0.9921147013144786531 ) ) ;
#2083 = SURFACE_SIDE_STYLE ('',( #3519 ) ) ;
#2084 = EDGE_CURVE ( 'NONE', #270, #285, #2320, .T. ) ;
#2085 = AXIS2_PLACEMENT_3D ( 'NONE', #3569, #1550, #2443 ) ;
#2086 = VERTEX_POINT ( 'NONE', #590 ) ;
#2087 = CYLINDRICAL_SURFACE ( 'NONE', #236, 27.00000000000000000 ) ;
#2088 = AXIS2_PLACEMENT_3D ( 'NONE', #938, #2720, #2439 ) ;
#2089 = VERTEX_POINT ( 'NONE', #2910 ) ;
#2090 = ADVANCED_FACE ( 'NONE', ( #301 ), #2615, .T. ) ;
#2091 = VECTOR ( 'NONE', #1108, 1000.000000000000000 ) ;
#2092 = CARTESIAN_POINT ( 'NONE',  ( 2.000000000000000000, 0.000000000000000000, 0.000000000000000000 ) ) ;
#2093 = ORIENTED_EDGE ( 'NONE', *, *, #472, .T. ) ;
#2094 = CARTESIAN_POINT ( 'NONE',  ( 0.000000000000000000, -21.62581751178128897, 9.176758991171979574 ) ) ;
#2095 = DIRECTION ( 'NONE',  ( -1.000000000000000000, -0.000000000000000000, -0.000000000000000000 ) ) ;
#2096 = ORIENTED_EDGE ( 'NONE', *, *, #3062, .F. ) ;
#2097 = CARTESIAN_POINT ( 'NONE',  ( 2.000000000000000000, 15.73886882308601542, -16.07771778486271685 ) ) ;
#2098 = DIRECTION ( 'NONE',  ( 0.000000000000000000, 0.000000000000000000, 1.000000000000000000 ) ) ;
#2099 = AXIS2_PLACEMENT_3D ( 'NONE', #3491, #2040, #25 ) ;
#2100 = VERTEX_POINT ( 'NONE', #3037 ) ;
#2101 = FACE_OUTER_BOUND ( 'NONE', #1600, .T. ) ;
#2102 = FACE_OUTER_BOUND ( 'NONE', #578, .T. ) ;
#2103 = CARTESIAN_POINT ( 'NONE',  ( 2.000000000000000000, 22.88961748313567313, -5.287182625051993767 ) ) ;
#2104 = PRODUCT_DEFINITION_FORMATION_WITH_SPECIFIED_SOURCE ( 'ANY', '', #3112, .NOT_KNOWN. ) ;
#2105 = ADVANCED_FACE ( 'NONE', ( #3364 ), #2693, .T. ) ;
#2106 = ORIENTED_EDGE ( 'NONE', *, *, #1076, .F. ) ;
#2107 = DIRECTION ( 'NONE',  ( -1.000000000000000000, 0.000000000000000000, -0.000000000000000000 ) ) ;
#2108 = ORIENTED_EDGE ( 'NONE', *, *, #2588, .F. ) ;
#2109 = ADVANCED_FACE ( 'NONE', ( #451 ), #2464, .T. ) ;
#2110 = DIRECTION ( 'NONE',  ( 0.000000000000000000, -0.4817536741017036661, -0.8763066800438700232 ) ) ;
#2111 = VERTEX_POINT ( 'NONE', #1533 ) ;
#2112 = CARTESIAN_POINT ( 'NONE',  ( 0.000000000000000000, 22.60544435938614072, 6.393963868338580880 ) ) ;
#2113 = ORIENTED_EDGE ( 'NONE', *, *, #3514, .T. ) ;
#2114 = VECTOR ( 'NONE', #2328, 1000.000000000000000 ) ;
#2115 = CARTESIAN_POINT ( 'NONE',  ( 2.000000000000000000, -18.74210713104690740, 12.44742629174242410 ) ) ;
#2116 = DIRECTION ( 'NONE',  ( -1.000000000000000000, -0.000000000000000000, -0.000000000000000000 ) ) ;
#2117 = EDGE_CURVE ( 'NONE', #3295, #2028, #3768, .T. ) ;
#2118 = ORIENTED_EDGE ( 'NONE', *, *, #1195, .F. ) ;
#2119 = CARTESIAN_POINT ( 'NONE',  ( 2.000000000000000000, 23.48536690928489179, 0.5713403286904776834 ) ) ;
#2120 = DIRECTION ( 'NONE',  ( -1.000000000000000000, -0.000000000000000000, 0.000000000000000000 ) ) ;
#2121 = DIRECTION ( 'NONE',  ( 0.000000000000000000, 0.000000000000000000, 1.000000000000000000 ) ) ;
#2122 = UNCERTAINTY_MEASURE_WITH_UNIT (LENGTH_MEASURE( 1.000000000000000082E-05 ), #868, 'distance_accuracy_value', 'NONE');
#2123 = CIRCLE ( 'NONE', #2181, 10.00000000000000000 ) ;
#2124 = CIRCLE ( 'NONE', #3651, 27.00000000000000000 ) ;
#2125 = VERTEX_POINT ( 'NONE', #92 ) ;
#2126 = DIRECTION ( 'NONE',  ( 1.000000000000000000, 0.000000000000000000, 0.000000000000000000 ) ) ;
#2127 = CARTESIAN_POINT ( 'NONE',  ( 2.000000000000000000, -23.37178570732655558, -2.376661836637297132 ) ) ;
#2128 = CIRCLE ( 'NONE', #2734, 10.00000000000000000 ) ;
#2129 = CYLINDRICAL_SURFACE ( 'NONE', #1325, 9.999999999999998224 ) ;
#2130 = EDGE_LOOP ( 'NONE', ( #2964, #1091, #2374, #3234 ) ) ;
#2131 = CYLINDRICAL_SURFACE ( 'NONE', #3360, 9.999999999999998224 ) ;
#2132 = ORIENTED_EDGE ( 'NONE', *, *, #2236, .T. ) ;
#2133 = CARTESIAN_POINT ( 'NONE',  ( 2.000000000000000000, 0.000000000000000000, 0.000000000000000000 ) ) ;
#2134 = DIRECTION ( 'NONE',  ( 0.000000000000000000, -0.3681245526846853022, 0.9297764858882484607 ) ) ;
#2135 = ORIENTED_EDGE ( 'NONE', *, *, #1956, .F. ) ;
#2136 = DIRECTION ( 'NONE',  ( 1.000000000000000000, 0.000000000000000000, 0.000000000000000000 ) ) ;
#2137 = CARTESIAN_POINT ( 'NONE',  ( 2.000000000000000000, -9.482618699217249869, 21.49346019700358568 ) ) ;
#2138 = DIRECTION ( 'NONE',  ( 0.000000000000000000, 0.000000000000000000, 1.000000000000000000 ) ) ;
#2139 = CIRCLE ( 'NONE', #138, 9.999999999999998224 ) ;
#2140 = VERTEX_POINT ( 'NONE', #2771 ) ;
#2141 = DIRECTION ( 'NONE',  ( -1.000000000000000000, 0.000000000000000000, -0.000000000000000000 ) ) ;
#2142 = DIRECTION ( 'NONE',  ( -1.000000000000000000, 0.000000000000000000, -0.000000000000000000 ) ) ;
#2143 = AXIS2_PLACEMENT_3D ( 'NONE', #990, #3582, #1223 ) ;
#2144 = EDGE_CURVE ( 'NONE', #2372, #3664, #3644, .T. ) ;
#2145 = CARTESIAN_POINT ( 'NONE',  ( 0.000000000000000000, -22.04646631764096298, -8.114321385060144110 ) ) ;
#2146 = VERTEX_POINT ( 'NONE', #2411 ) ;
#2147 = CARTESIAN_POINT ( 'NONE',  ( 2.000000000000000000, 0.000000000000000000, 0.000000000000000000 ) ) ;
#2148 = EDGE_CURVE ( 'NONE', #3114, #269, #2604, .T. ) ;
#2149 = VECTOR ( 'NONE', #3376, 1000.000000000000000 ) ;
#2150 = EDGE_CURVE ( 'NONE', #2682, #3525, #2974, .T. ) ;
#2151 = CIRCLE ( 'NONE', #2632, 9.999999999999998224 ) ;
#2152 = VERTEX_POINT ( 'NONE', #434 ) ;
#2153 = CARTESIAN_POINT ( 'NONE',  ( 0.000000000000000000, -13.59969078313216606, -17.92354350018963061 ) ) ;
#2154 = LINE ( 'NONE', #708, #85 ) ;
#2155 = EDGE_CURVE ( 'NONE', #809, #2825, #3219, .T. ) ;
#2156 = ORIENTED_EDGE ( 'NONE', *, *, #1546, .T. ) ;
#2157 = FACE_OUTER_BOUND ( 'NONE', #3010, .T. ) ;
#2158 = DIRECTION ( 'NONE',  ( -1.000000000000000000, -0.000000000000000000, 0.000000000000000000 ) ) ;
#2159 = CARTESIAN_POINT ( 'NONE',  ( 0.000000000000000000, -14.95044421027564674, 22.48297618011092780 ) ) ;
#2160 = AXIS2_PLACEMENT_3D ( 'NONE', #2681, #2658, #669 ) ;
#2161 = ORIENTED_EDGE ( 'NONE', *, *, #1292, .T. ) ;
#2162 = DIRECTION ( 'NONE',  ( -1.000000000000000000, -0.000000000000000000, 0.000000000000000000 ) ) ;
#2163 = FACE_OUTER_BOUND ( 'NONE', #873, .T. ) ;
#2164 = CYLINDRICAL_SURFACE ( 'NONE', #1144, 27.00000000000000000 ) ;
#2165 = VERTEX_POINT ( 'NONE', #1036 ) ;
#2166 = FACE_OUTER_BOUND ( 'NONE', #3125, .T. ) ;
#2167 = EDGE_CURVE ( 'NONE', #3218, #3300, #1392, .T. ) ;
#2168 = ORIENTED_EDGE ( 'NONE', *, *, #1588, .F. ) ;
#2169 = CARTESIAN_POINT ( 'NONE',  ( 0.9999999999999991118, -26.99385324196857994, -0.5760964772177425974 ) ) ;
#2170 = CARTESIAN_POINT ( 'NONE',  ( 2.000000000000000000, -23.22856984560565863, 13.51033211573229487 ) ) ;
#2171 = ORIENTED_EDGE ( 'NONE', *, *, #2637, .F. ) ;
#2172 = DIRECTION ( 'NONE',  ( 0.000000000000000000, 0.9048270524660174674, 0.4257792915650767673 ) ) ;
#2173 = DIRECTION ( 'NONE',  ( 0.000000000000000000, 0.000000000000000000, -1.000000000000000000 ) ) ;
#2174 = DIRECTION ( 'NONE',  ( -1.000000000000000000, 0.000000000000000000, 0.000000000000000000 ) ) ;
#2175 = EDGE_CURVE ( 'NONE', #777, #1062, #3338, .T. ) ;
#2176 = VECTOR ( 'NONE', #1119, 1000.000000000000000 ) ;
#2177 = VERTEX_POINT ( 'NONE', #1266 ) ;
#2178 = CIRCLE ( 'NONE', #844, 27.00000000000000000 ) ;
#2179 = DIRECTION ( 'NONE',  ( 0.000000000000000000, 0.000000000000000000, 1.000000000000000000 ) ) ;
#2180 = CARTESIAN_POINT ( 'NONE',  ( -10.00000000000000000, 0.000000000000000000, 0.000000000000000000 ) ) ;
#2181 = AXIS2_PLACEMENT_3D ( 'NONE', #600, #1760, #2369 ) ;
#2182 = DIRECTION ( 'NONE',  ( -1.000000000000000000, 0.000000000000000000, 0.000000000000000000 ) ) ;
#2183 = ORIENTED_EDGE ( 'NONE', *, *, #3645, .F. ) ;
#2184 = DIRECTION ( 'NONE',  ( -1.000000000000000000, -0.000000000000000000, 0.000000000000000000 ) ) ;
#2185 = AXIS2_PLACEMENT_3D ( 'NONE', #431, #1850, #677 ) ;
#2186 = EDGE_CURVE ( 'NONE', #403, #107, #3631, .T. ) ;
#2187 = EDGE_LOOP ( 'NONE', ( #1194, #2820, #71, #2289 ) ) ;
#2188 = CARTESIAN_POINT ( 'NONE',  ( 2.000000000000000000, -26.28906107206353227, -6.155100969871554639 ) ) ;
#2189 = LINE ( 'NONE', #1962, #2031 ) ;
#2190 = ORIENTED_EDGE ( 'NONE', *, *, #1122, .F. ) ;
#2191 = DIRECTION ( 'NONE',  ( -1.000000000000000000, 0.000000000000000000, -0.000000000000000000 ) ) ;
#2192 = ADVANCED_FACE ( 'NONE', ( #1854 ), #1322, .T. ) ;
#2193 = DIRECTION ( 'NONE',  ( 0.000000000000000000, -0.6845471059286791782, -0.7289686274214203232 ) ) ;
#2194 = DIRECTION ( 'NONE',  ( -1.000000000000000000, -0.000000000000000000, -0.000000000000000000 ) ) ;
#2195 = ORIENTED_EDGE ( 'NONE', *, *, #289, .F. ) ;
#2196 = ADVANCED_BREP_SHAPE_REPRESENTATION ( 'spur gear_am_Metric - Spur gear 2M 25T 20PA 2FW ---S25N75H50L8N', ( #319, #765 ), #1918 ) ;
#2197 = EDGE_CURVE ( 'NONE', #599, #1005, #2917, .T. ) ;
#2198 = DIRECTION ( 'NONE',  ( 0.000000000000000000, 0.000000000000000000, 1.000000000000000000 ) ) ;
#2199 = LINE ( 'NONE', #2733, #3620 ) ;
#2200 = DIRECTION ( 'NONE',  ( 0.000000000000000000, 0.000000000000000000, 1.000000000000000000 ) ) ;
#2201 = EDGE_CURVE ( 'NONE', #3295, #2146, #1570, .T. ) ;
#2202 = APPLICATION_PROTOCOL_DEFINITION ( 'draft international standard', 'automotive_design', 1998, #3066 ) ;
#2203 = DIRECTION ( 'NONE',  ( -1.000000000000000000, 0.000000000000000000, 0.000000000000000000 ) ) ;
#2204 = AXIS2_PLACEMENT_3D ( 'NONE', #3231, #1761, #568 ) ;
#2205 = EDGE_LOOP ( 'NONE', ( #856, #32, #3270, #302 ) ) ;
#2206 = DIRECTION ( 'NONE',  ( -1.000000000000000000, 0.000000000000000000, 0.000000000000000000 ) ) ;
#2207 = ADVANCED_FACE ( 'NONE', ( #2445 ), #716, .T. ) ;
#2208 = AXIS2_PLACEMENT_3D ( 'NONE', #787, #2521, #1341 ) ;
#2209 = EDGE_LOOP ( 'NONE', ( #411, #7, #483, #2736 ) ) ;
#2210 = ORIENTED_EDGE ( 'NONE', *, *, #383, .F. ) ;
#2211 = DIRECTION ( 'NONE',  ( 0.000000000000000000, -0.2486898871648415277, -0.9685831611286346288 ) ) ;
#2212 = CARTESIAN_POINT ( 'NONE',  ( 2.000000000000000000, 26.85320268081718709, -2.811673128753183981 ) ) ;
#2213 = AXIS2_PLACEMENT_3D ( 'NONE', #2973, #3028, #3623 ) ;
#2214 = VECTOR ( 'NONE', #1922, 1000.000000000000000 ) ;
#2215 = ORIENTED_EDGE ( 'NONE', *, *, #331, .F. ) ;
#2216 = DIRECTION ( 'NONE',  ( 0.000000000000000000, 0.000000000000000000, -1.000000000000000000 ) ) ;
#2217 = CARTESIAN_POINT ( 'NONE',  ( 2.000000000000000000, -21.24883841118704453, -7.395394997920123004 ) ) ;
#2218 = CYLINDRICAL_SURFACE ( 'NONE', #2208, 9.999999999999998224 ) ;
#2219 = ORIENTED_EDGE ( 'NONE', *, *, #1598, .T. ) ;
#2220 = DIRECTION ( 'NONE',  ( -1.000000000000000000, 0.000000000000000000, 0.000000000000000000 ) ) ;
#2221 = EDGE_CURVE ( 'NONE', #1936, #3142, #1332, .T. ) ;
#2222 = DIRECTION ( 'NONE',  ( 0.000000000000000000, 0.000000000000000000, 1.000000000000000000 ) ) ;
#2223 = LINE ( 'NONE', #2812, #3137 ) ;
#2224 = CIRCLE ( 'NONE', #587, 22.49899999999999878 ) ;
#2225 = CYLINDRICAL_SURFACE ( 'NONE', #1937, 9.999999999999998224 ) ;
#2226 = EDGE_LOOP ( 'NONE', ( #1695, #169, #3755, #1234 ) ) ;
#2227 = AXIS2_PLACEMENT_3D ( 'NONE', #2833, #3117, #1933 ) ;
#2228 = ORIENTED_EDGE ( 'NONE', *, *, #1316, .F. ) ;
#2229 = ORIENTED_EDGE ( 'NONE', *, *, #3710, .T. ) ;
#2230 = VERTEX_POINT ( 'NONE', #3714 ) ;
#2231 = FACE_OUTER_BOUND ( 'NONE', #54, .T. ) ;
#2232 = FACE_OUTER_BOUND ( 'NONE', #2209, .T. ) ;
#2233 = VERTEX_POINT ( 'NONE', #848 ) ;
#2234 = DIRECTION ( 'NONE',  ( 0.000000000000000000, 0.000000000000000000, 1.000000000000000000 ) ) ;
#2235 = DIRECTION ( 'NONE',  ( -1.000000000000000000, -0.000000000000000000, -0.000000000000000000 ) ) ;
#2236 = EDGE_CURVE ( 'NONE', #2896, #2334, #2295, .T. ) ;
#2237 = EDGE_LOOP ( 'NONE', ( #2715, #390, #3288, #153 ) ) ;
#2238 = DIRECTION ( 'NONE',  ( 0.000000000000000000, 0.000000000000000000, 1.000000000000000000 ) ) ;
#2239 = CARTESIAN_POINT ( 'NONE',  ( 2.000000000000000000, -9.482618699217249869, 21.49346019700358568 ) ) ;
#2240 = AXIS2_PLACEMENT_3D ( 'NONE', #738, #1384, #1077 ) ;
#2241 = DIRECTION ( 'NONE',  ( 0.000000000000000000, 0.000000000000000000, 1.000000000000000000 ) ) ;
#2242 = ORIENTED_EDGE ( 'NONE', *, *, #1609, .T. ) ;
#2243 = AXIS2_PLACEMENT_3D ( 'NONE', #3160, #556, #2070 ) ;
#2244 = AXIS2_PLACEMENT_3D ( 'NONE', #2438, #1944, #3375 ) ;
#2245 = EDGE_CURVE ( 'NONE', #3484, #1583, #550, .T. ) ;
#2246 = AXIS2_PLACEMENT_3D ( 'NONE', #1473, #2629, #3481 ) ;
#2247 = ORIENTED_EDGE ( 'NONE', *, *, #2501, .T. ) ;
#2248 = VERTEX_POINT ( 'NONE', #1689 ) ;
#2249 = ORIENTED_EDGE ( 'NONE', *, *, #186, .T. ) ;
#2250 = CARTESIAN_POINT ( 'NONE',  ( 2.000000000000000000, 0.4671864235646318031, -22.49414896913499362 ) ) ;
#2251 = DIRECTION ( 'NONE',  ( -1.000000000000000000, 0.000000000000000000, -0.000000000000000000 ) ) ;
#2252 = AXIS2_PLACEMENT_3D ( 'NONE', #3439, #485, #527 ) ;
#2253 = ADVANCED_FACE ( 'NONE', ( #3116, #2558 ), #3462, .F. ) ;
#2254 = ORIENTED_EDGE ( 'NONE', *, *, #330, .F. ) ;
#2255 = DIRECTION ( 'NONE',  ( 0.000000000000000000, 0.000000000000000000, 1.000000000000000000 ) ) ;
#2256 = CARTESIAN_POINT ( 'NONE',  ( 2.000000000000000000, 0.000000000000000000, 0.000000000000000000 ) ) ;
#2257 = CARTESIAN_POINT ( 'NONE',  ( 0.000000000000000000, 0.000000000000000000, 0.000000000000000000 ) ) ;
#2258 = EDGE_CURVE ( 'NONE', #6, #1650, #3154, .T. ) ;
#2259 = ORIENTED_EDGE ( 'NONE', *, *, #376, .F. ) ;
#2260 = DIRECTION ( 'NONE',  ( 0.000000000000000000, 0.9048270524660174674, 0.4257792915650767673 ) ) ;
#2261 = EDGE_CURVE ( 'NONE', #1349, #2089, #467, .T. ) ;
#2262 = CARTESIAN_POINT ( 'NONE',  ( -10.00000000000000000, 0.000000000000000000, 0.000000000000000000 ) ) ;
#2263 = VERTEX_POINT ( 'NONE', #1381 ) ;
#2264 = AXIS2_PLACEMENT_3D ( 'NONE', #1124, #1219, #3294 ) ;
#2265 = CIRCLE ( 'NONE', #1958, 27.00000000000000000 ) ;
#2266 = EDGE_LOOP ( 'NONE', ( #2647, #189, #3134, #3718 ) ) ;
#2267 = VERTEX_POINT ( 'NONE', #2523 ) ;
#2268 = CARTESIAN_POINT ( 'NONE',  ( 2.000000000000000000, 20.30513860337849508, -11.81483114278450230 ) ) ;
#2269 = DIRECTION ( 'NONE',  ( 0.000000000000000000, 0.000000000000000000, 1.000000000000000000 ) ) ;
#2270 = EDGE_CURVE ( 'NONE', #741, #1527, #3222, .T. ) ;
#2271 = AXIS2_PLACEMENT_3D ( 'NONE', #34, #2908, #586 ) ;
#2272 = AXIS2_PLACEMENT_3D ( 'NONE', #1451, #2609, #2098 ) ;
#2273 = ORIENTED_EDGE ( 'NONE', *, *, #1152, .F. ) ;
#2274 = CARTESIAN_POINT ( 'NONE',  ( 2.000000000000000000, 0.000000000000000000, 0.000000000000000000 ) ) ;
#2275 = CARTESIAN_POINT ( 'NONE',  ( 2.000000000000000000, -23.37178570732655558, -2.376661836637297132 ) ) ;
#2276 = VECTOR ( 'NONE', #2288, 1000.000000000000000 ) ;
#2277 = ORIENTED_EDGE ( 'NONE', *, *, #1900, .T. ) ;
#2278 = FACE_OUTER_BOUND ( 'NONE', #2706, .T. ) ;
#2279 = LINE ( 'NONE', #260, #507 ) ;
#2280 = DIRECTION ( 'NONE',  ( 0.000000000000000000, -0.1253332335643113360, 0.9921147013144768767 ) ) ;
#2281 = CARTESIAN_POINT ( 'NONE',  ( 2.000000000000000000, -23.22856984560565863, 3.510332115732296643 ) ) ;
#2282 = ORIENTED_EDGE ( 'NONE', *, *, #2958, .T. ) ;
#2283 = CIRCLE ( 'NONE', #2099, 27.00000000000000000 ) ;
#2284 = CIRCLE ( 'NONE', #3014, 10.00000000000000000 ) ;
#2285 = ORIENTED_EDGE ( 'NONE', *, *, #2742, .T. ) ;
#2286 = ORIENTED_EDGE ( 'NONE', *, *, #127, .T. ) ;
#2287 = DIRECTION ( 'NONE',  ( -1.000000000000000000, -0.000000000000000000, -0.000000000000000000 ) ) ;
#2288 = DIRECTION ( 'NONE',  ( -1.000000000000000000, -0.000000000000000000, 0.000000000000000000 ) ) ;
#2289 = ORIENTED_EDGE ( 'NONE', *, *, #2516, .F. ) ;
#2290 = CARTESIAN_POINT ( 'NONE',  ( 0.000000000000000000, -18.74210713104690740, 12.44742629174242410 ) ) ;
#2291 = CARTESIAN_POINT ( 'NONE',  ( 0.000000000000000000, -23.37178570732658756, 2.376661836636957847 ) ) ;
#2292 = DIRECTION ( 'NONE',  ( 0.000000000000000000, 0.000000000000000000, 1.000000000000000000 ) ) ;
#2293 = ADVANCED_FACE ( 'NONE', ( #201 ), #3694, .T. ) ;
#2294 = ORIENTED_EDGE ( 'NONE', *, *, #2117, .F. ) ;
#2295 = LINE ( 'NONE', #1099, #3583 ) ;
#2296 = CARTESIAN_POINT ( 'NONE',  ( 2.000000000000000000, -23.93243051059728188, -12.49955078614557458 ) ) ;
#2297 = EDGE_CURVE ( 'NONE', #1778, #1925, #360, .T. ) ;
#2298 = DIRECTION ( 'NONE',  ( 0.000000000000000000, 0.000000000000000000, 1.000000000000000000 ) ) ;
#2299 = VERTEX_POINT ( 'NONE', #1670 ) ;
#2300 = CIRCLE ( 'NONE', #1868, 9.999999999999998224 ) ;
#2301 = ORIENTED_EDGE ( 'NONE', *, *, #887, .T. ) ;
#2302 = ORIENTED_EDGE ( 'NONE', *, *, #1369, .F. ) ;
#2303 = AXIS2_PLACEMENT_3D ( 'NONE', #3535, #3522, #927 ) ;
#2304 = AXIS2_PLACEMENT_3D ( 'NONE', #3564, #2382, #1259 ) ;
#2305 = CARTESIAN_POINT ( 'NONE',  ( 2.000000000000000000, 0.000000000000000000, 0.000000000000000000 ) ) ;
#2306 = EDGE_CURVE ( 'NONE', #3104, #1965, #1758, .T. ) ;
#2307 = AXIS2_PLACEMENT_3D ( 'NONE', #772, #1931, #2832 ) ;
#2308 = VECTOR ( 'NONE', #2965, 1000.000000000000000 ) ;
#2309 = ORIENTED_EDGE ( 'NONE', *, *, #651, .T. ) ;
#2310 = LINE ( 'NONE', #2572, #2114 ) ;
#2311 = CARTESIAN_POINT ( 'NONE',  ( 2.000000000000000000, -15.41036156541595048, -17.73160018323424580 ) ) ;
#2312 = DIRECTION ( 'NONE',  ( -1.000000000000000000, -0.000000000000000000, -0.000000000000000000 ) ) ;
#2313 = CIRCLE ( 'NONE', #1644, 4.000000000000000000 ) ;
#2314 = EDGE_LOOP ( 'NONE', ( #2871, #1078, #3563, #3450 ) ) ;
#2315 = DIRECTION ( 'NONE',  ( 0.000000000000000000, -0.4817536741017036106, -0.8763066800438700232 ) ) ;
#2316 = CARTESIAN_POINT ( 'NONE',  ( 1.000000000000000000, 5.624035930974638831, 26.40776817239779817 ) ) ;
#2317 = CARTESIAN_POINT ( 'NONE',  ( 0.000000000000000000, 0.000000000000000000, 0.000000000000000000 ) ) ;
#2318 = EDGE_CURVE ( 'NONE', #250, #866, #1710, .T. ) ;
#2319 = EDGE_LOOP ( 'NONE', ( #3351, #3764, #2816, #559 ) ) ;
#2320 = LINE ( 'NONE', #907, #115 ) ;
#2321 = VERTEX_POINT ( 'NONE', #3093 ) ;
#2322 = EDGE_CURVE ( 'NONE', #2983, #2760, #3162, .T. ) ;
#2323 = EDGE_LOOP ( 'NONE', ( #1688, #2722, #2195, #3 ) ) ;
#2324 = ORIENTED_EDGE ( 'NONE', *, *, #1470, .F. ) ;
#2325 = EDGE_CURVE ( 'NONE', #2444, #2819, #1874, .T. ) ;
#2326 = DIRECTION ( 'NONE',  ( -1.000000000000000000, 0.000000000000000000, 0.000000000000000000 ) ) ;
#2327 = CIRCLE ( 'NONE', #2271, 27.00000000000000000 ) ;
#2328 = DIRECTION ( 'NONE',  ( -1.000000000000000000, 0.000000000000000000, 0.000000000000000000 ) ) ;
#2329 = EDGE_CURVE ( 'NONE', #3422, #2321, #2666, .T. ) ;
#2330 = DIRECTION ( 'NONE',  ( -1.000000000000000000, 0.000000000000000000, 0.000000000000000000 ) ) ;
#2331 = DIRECTION ( 'NONE',  ( 0.000000000000000000, 0.000000000000000000, 1.000000000000000000 ) ) ;
#2332 = AXIS2_PLACEMENT_3D ( 'NONE', #1052, #257, #528 ) ;
#2333 = CIRCLE ( 'NONE', #691, 10.00000000000000178 ) ;
#2334 = VERTEX_POINT ( 'NONE', #1652 ) ;
#2335 = DIRECTION ( 'NONE',  ( -1.000000000000000000, 0.000000000000000000, -0.000000000000000000 ) ) ;
#2336 = LINE ( 'NONE', #2316, #3487 ) ;
#2337 = CIRCLE ( 'NONE', #31, 10.00000000000000178 ) ;
#2338 = ORIENTED_EDGE ( 'NONE', *, *, #51, .F. ) ;
#2339 = FACE_OUTER_BOUND ( 'NONE', #3189, .T. ) ;
#2340 = ORIENTED_EDGE ( 'NONE', *, *, #679, .T. ) ;
#2341 = ADVANCED_FACE ( 'NONE', ( #2849 ), #240, .T. ) ;
#2342 = DIRECTION ( 'NONE',  ( 0.000000000000000000, 0.8443279255020164076, -0.5358267949789945472 ) ) ;
#2343 = EDGE_LOOP ( 'NONE', ( #1073, #519, #1128, #622 ) ) ;
#2344 = ORIENTED_EDGE ( 'NONE', *, *, #2634, .T. ) ;
#2345 = CYLINDRICAL_SURFACE ( 'NONE', #2524, 22.49899999999999878 ) ;
#2346 = AXIS2_PLACEMENT_3D ( 'NONE', #1323, #2142, #3344 ) ;
#2347 = CIRCLE ( 'NONE', #1067, 22.49899999999999878 ) ;
#2348 = CARTESIAN_POINT ( 'NONE',  ( 0.000000000000000000, 0.000000000000000000, 0.000000000000000000 ) ) ;
#2349 = CARTESIAN_POINT ( 'NONE',  ( 2.000000000000000000, -23.37178570732655558, -2.376661836637297132 ) ) ;
#2350 = DIRECTION ( 'NONE',  ( -1.000000000000000000, 0.000000000000000000, 0.000000000000000000 ) ) ;
#2351 = ORIENTED_EDGE ( 'NONE', *, *, #3428, .F. ) ;
#2352 = DIRECTION ( 'NONE',  ( -1.000000000000000000, 0.000000000000000000, 0.000000000000000000 ) ) ;
#2353 = ADVANCED_FACE ( 'NONE', ( #2278 ), #2577, .T. ) ;
#2354 = ORIENTED_EDGE ( 'NONE', *, *, #908, .F. ) ;
#2355 = CARTESIAN_POINT ( 'NONE',  ( 2.000000000000000000, 6.046576271975930617, 21.67126937646195373 ) ) ;
#2356 = ORIENTED_EDGE ( 'NONE', *, *, #2245, .F. ) ;
#2357 = EDGE_CURVE ( 'NONE', #1007, #3264, #606, .T. ) ;
#2358 = FACE_OUTER_BOUND ( 'NONE', #3007, .T. ) ;
#2359 = ORIENTED_EDGE ( 'NONE', *, *, #3354, .T. ) ;
#2360 = CARTESIAN_POINT ( 'NONE',  ( 2.000000000000000000, 0.000000000000000000, 0.000000000000000000 ) ) ;
#2361 = CARTESIAN_POINT ( 'NONE',  ( 0.000000000000000000, -19.33588636798659977, -13.34212827847311722 ) ) ;
#2362 = AXIS2_PLACEMENT_3D ( 'NONE', #1478, #1796, #38 ) ;
#2363 = DIRECTION ( 'NONE',  ( -1.000000000000000000, -0.000000000000000000, -0.000000000000000000 ) ) ;
#2364 = CARTESIAN_POINT ( 'NONE',  ( 2.000000000000000000, -23.37735732152403401, -13.50922516881654722 ) ) ;
#2365 = CYLINDRICAL_SURFACE ( 'NONE', #1539, 9.999999999999998224 ) ;
#2366 = AXIS2_PLACEMENT_3D ( 'NONE', #288, #3202, #3738 ) ;
#2367 = AXIS2_PLACEMENT_3D ( 'NONE', #2256, #1647, #2193 ) ;
#2368 = VERTEX_POINT ( 'NONE', #3249 ) ;
#2369 = DIRECTION ( 'NONE',  ( 0.000000000000000000, 0.7705132427757860336, 0.6374239897486935202 ) ) ;
#2370 = DIRECTION ( 'NONE',  ( -1.000000000000000000, 0.000000000000000000, -0.000000000000000000 ) ) ;
#2371 = VECTOR ( 'NONE', #2904, 1000.000000000000000 ) ;
#2372 = VERTEX_POINT ( 'NONE', #1457 ) ;
#2373 = FACE_OUTER_BOUND ( 'NONE', #671, .T. ) ;
#2374 = ORIENTED_EDGE ( 'NONE', *, *, #714, .F. ) ;
#2375 = DIRECTION ( 'NONE',  ( 0.000000000000000000, 0.5877852522924686962, 0.8090169943749507819 ) ) ;
#2376 = EDGE_CURVE ( 'NONE', #1547, #3484, #3281, .T. ) ;
#2377 = ORIENTED_EDGE ( 'NONE', *, *, #2148, .T. ) ;
#2378 = CARTESIAN_POINT ( 'NONE',  ( 2.000000000000000000, 22.88961748313567313, 4.712817374948004456 ) ) ;
#2379 = DIRECTION ( 'NONE',  ( -1.000000000000000000, 0.000000000000000000, 0.000000000000000000 ) ) ;
#2380 = EDGE_CURVE ( 'NONE', #746, #2111, #885, .T. ) ;
#2381 = ORIENTED_EDGE ( 'NONE', *, *, #2501, .F. ) ;
#2382 = DIRECTION ( 'NONE',  ( -1.000000000000000000, -0.000000000000000000, -0.000000000000000000 ) ) ;
#2383 = CARTESIAN_POINT ( 'NONE',  ( 0.000000000000000000, -26.28906107206362108, 6.155100969871190486 ) ) ;
#2384 = ADVANCED_FACE ( 'NONE', ( #333 ), #2048, .T. ) ;
#2385 = ORIENTED_EDGE ( 'NONE', *, *, #2270, .F. ) ;
#2386 = CARTESIAN_POINT ( 'NONE',  ( 2.000000000000000000, 0.000000000000000000, 0.000000000000000000 ) ) ;
#2387 = DIRECTION ( 'NONE',  ( -1.000000000000000000, -0.000000000000000000, 0.000000000000000000 ) ) ;
#2388 = DIRECTION ( 'NONE',  ( 1.000000000000000000, -0.000000000000000000, -0.000000000000000000 ) ) ;
#2389 = EDGE_CURVE ( 'NONE', #3756, #23, #1637, .T. ) ;
#2390 = CIRCLE ( 'NONE', #3299, 27.00000000000000000 ) ;
#2391 = ORIENTED_EDGE ( 'NONE', *, *, #2653, .F. ) ;
#2392 = FACE_OUTER_BOUND ( 'NONE', #706, .T. ) ;
#2393 = VECTOR ( 'NONE', #1740, 1000.000000000000000 ) ;
#2394 = ORIENTED_EDGE ( 'NONE', *, *, #917, .F. ) ;
#2395 = CARTESIAN_POINT ( 'NONE',  ( 2.000000000000000000, -23.22856984560560534, -3.510332115732631486 ) ) ;
#2396 = ORIENTED_EDGE ( 'NONE', *, *, #858, .F. ) ;
#2397 = DIRECTION ( 'NONE',  ( -1.000000000000000000, 0.000000000000000000, -0.000000000000000000 ) ) ;
#2398 = FACE_OUTER_BOUND ( 'NONE', #1258, .T. ) ;
#2399 = EDGE_CURVE ( 'NONE', #1102, #1656, #13, .T. ) ;
#2400 = VERTEX_POINT ( 'NONE', #1492 ) ;
#2401 = DIRECTION ( 'NONE',  ( -1.000000000000000000, 0.000000000000000000, -0.000000000000000000 ) ) ;
#2402 = CARTESIAN_POINT ( 'NONE',  ( 0.000000000000000000, 0.000000000000000000, 0.000000000000000000 ) ) ;
#2403 = AXIS2_PLACEMENT_3D ( 'NONE', #1058, #1345, #3673 ) ;
#2404 = EDGE_LOOP ( 'NONE', ( #2950, #2531, #2414, #1738 ) ) ;
#2405 = DIRECTION ( 'NONE',  ( 0.000000000000000000, 0.2486898871648553777, -0.9685831611286308540 ) ) ;
#2406 = CARTESIAN_POINT ( 'NONE',  ( 1.000000000000000000, 10.97215603256003469, 24.67005861357359109 ) ) ;
#2407 = DIRECTION ( 'NONE',  ( 0.000000000000000000, 0.000000000000000000, 1.000000000000000000 ) ) ;
#2408 = AXIS2_PLACEMENT_3D ( 'NONE', #3138, #1974, #1365 ) ;
#2409 = EDGE_CURVE ( 'NONE', #1289, #3723, #2648, .T. ) ;
#2410 = ORIENTED_EDGE ( 'NONE', *, *, #3479, .T. ) ;
#2411 = CARTESIAN_POINT ( 'NONE',  ( 0.000000000000000000, -15.05774033121435806, -16.71734001322341001 ) ) ;
#2412 = SHAPE_DEFINITION_REPRESENTATION ( #2875, #2196 ) ;
#2413 = CARTESIAN_POINT ( 'NONE',  ( 2.000000000000000000, -23.37178570732655558, -2.376661836637297132 ) ) ;
#2414 = ORIENTED_EDGE ( 'NONE', *, *, #1798, .T. ) ;
#2415 = LINE ( 'NONE', #2378, #3050 ) ;
#2416 = ORIENTED_EDGE ( 'NONE', *, *, #3538, .T. ) ;
#2417 = CARTESIAN_POINT ( 'NONE',  ( 2.000000000000000000, -17.62983549975459141, -13.97833685570614115 ) ) ;
#2418 = CARTESIAN_POINT ( 'NONE',  ( -10.00000000000000000, 0.000000000000000000, 0.000000000000000000 ) ) ;
#2419 = VECTOR ( 'NONE', #3078, 1000.000000000000000 ) ;
#2420 = ORIENTED_EDGE ( 'NONE', *, *, #2988, .T. ) ;
#2421 = CYLINDRICAL_SURFACE ( 'NONE', #1731, 9.999999999999998224 ) ;
#2422 = DIRECTION ( 'NONE',  ( -1.000000000000000000, 0.000000000000000000, 0.000000000000000000 ) ) ;
#2423 = CIRCLE ( 'NONE', #1088, 27.00000000000000000 ) ;
#2424 = CIRCLE ( 'NONE', #783, 22.49899999999999878 ) ;
#2425 = AXIS2_PLACEMENT_3D ( 'NONE', #829, #1114, #1991 ) ;
#2426 = AXIS2_PLACEMENT_3D ( 'NONE', #2348, #3455, #2007 ) ;
#2427 = VERTEX_POINT ( 'NONE', #3551 ) ;
#2428 = DIRECTION ( 'NONE',  ( -1.000000000000000000, 0.000000000000000000, 0.000000000000000000 ) ) ;
#2429 = EDGE_CURVE ( 'NONE', #1455, #3451, #2857, .T. ) ;
#2430 = DIRECTION ( 'NONE',  ( 0.000000000000000000, 0.000000000000000000, -1.000000000000000000 ) ) ;
#2431 = CIRCLE ( 'NONE', #2667, 22.49900000000000233 ) ;
#2432 = DIRECTION ( 'NONE',  ( 1.000000000000000000, 0.000000000000000000, 0.000000000000000000 ) ) ;
#2433 = CARTESIAN_POINT ( 'NONE',  ( 2.000000000000000000, 7.846269576128878320, 21.08651357476419008 ) ) ;
#2434 = ORIENTED_EDGE ( 'NONE', *, *, #129, .F. ) ;
#2435 = CARTESIAN_POINT ( 'NONE',  ( 0.000000000000000000, 0.000000000000000000, 0.000000000000000000 ) ) ;
#2436 = EDGE_CURVE ( 'NONE', #2077, #537, #4, .T. ) ;
#2437 = ORIENTED_EDGE ( 'NONE', *, *, #1497, .T. ) ;
#2438 = CARTESIAN_POINT ( 'NONE',  ( 0.000000000000000000, 0.000000000000000000, 0.000000000000000000 ) ) ;
#2439 = DIRECTION ( 'NONE',  ( 0.000000000000000000, 0.000000000000000000, 1.000000000000000000 ) ) ;
#2440 = ORIENTED_EDGE ( 'NONE', *, *, #474, .F. ) ;
#2441 = DIRECTION ( 'NONE',  ( 0.000000000000000000, 0.000000000000000000, 1.000000000000000000 ) ) ;
#2442 = CARTESIAN_POINT ( 'NONE',  ( 2.000000000000000000, 16.76263966737355915, 21.16633911147117786 ) ) ;
#2443 = DIRECTION ( 'NONE',  ( 0.000000000000000000, 0.000000000000000000, 1.000000000000000000 ) ) ;
#2444 = VERTEX_POINT ( 'NONE', #3765 ) ;
#2445 = FACE_OUTER_BOUND ( 'NONE', #619, .T. ) ;
#2446 = DIRECTION ( 'NONE',  ( 1.000000000000000000, -0.000000000000000000, -0.000000000000000000 ) ) ;
#2447 = AXIS2_PLACEMENT_3D ( 'NONE', #1396, #1413, #805 ) ;
#2448 = AXIS2_PLACEMENT_3D ( 'NONE', #3600, #1295, #426 ) ;
#2449 = DIRECTION ( 'NONE',  ( 0.000000000000000000, 0.000000000000000000, -1.000000000000000000 ) ) ;
#2450 = EDGE_LOOP ( 'NONE', ( #1787, #194, #2093, #2931 ) ) ;
#2451 = DIRECTION ( 'NONE',  ( 0.000000000000000000, -0.6845471059286791782, -0.7289686274214203232 ) ) ;
#2452 = EDGE_CURVE ( 'NONE', #37, #433, #2123, .T. ) ;
#2453 = CIRCLE ( 'NONE', #2575, 27.00000000000000000 ) ;
#2454 = CIRCLE ( 'NONE', #2517, 27.00000000000000000 ) ;
#2455 = ORIENTED_EDGE ( 'NONE', *, *, #3089, .F. ) ;
#2456 = DIRECTION ( 'NONE',  ( -1.000000000000000000, 0.000000000000000000, 0.000000000000000000 ) ) ;
#2457 = FACE_OUTER_BOUND ( 'NONE', #1791, .T. ) ;
#2458 = ORIENTED_EDGE ( 'NONE', *, *, #3056, .T. ) ;
#2459 = CARTESIAN_POINT ( 'NONE',  ( 0.000000000000000000, -23.22856984560565863, 3.510332115732296643 ) ) ;
#2460 = DIRECTION ( 'NONE',  ( 0.000000000000000000, 0.000000000000000000, 1.000000000000000000 ) ) ;
#2461 = DIRECTION ( 'NONE',  ( 0.000000000000000000, -0.8443279255020087470, -0.5358267949790065376 ) ) ;
#2462 = AXIS2_PLACEMENT_3D ( 'NONE', #2750, #1891, #1037 ) ;
#2463 = ORIENTED_EDGE ( 'NONE', *, *, #1120, .T. ) ;
#2464 = CYLINDRICAL_SURFACE ( 'NONE', #843, 9.999999999999998224 ) ;
#2465 = DIRECTION ( 'NONE',  ( -1.000000000000000000, 0.000000000000000000, 0.000000000000000000 ) ) ;
#2466 = FACE_OUTER_BOUND ( 'NONE', #2323, .T. ) ;
#2467 = ADVANCED_FACE ( 'NONE', ( #1153 ), #585, .T. ) ;
#2468 = DIRECTION ( 'NONE',  ( 0.000000000000000000, 0.000000000000000000, 1.000000000000000000 ) ) ;
#2469 = ORIENTED_EDGE ( 'NONE', *, *, #2587, .T. ) ;
#2470 = DIRECTION ( 'NONE',  ( 0.000000000000000000, 0.000000000000000000, 1.000000000000000000 ) ) ;
#2471 = EDGE_CURVE ( 'NONE', #2177, #2152, #970, .T. ) ;
#2472 = VERTEX_POINT ( 'NONE', #1507 ) ;
#2473 = CARTESIAN_POINT ( 'NONE',  ( 2.000000000000000000, 13.06648747438673297, 19.52321166500574989 ) ) ;
#2474 = FACE_OUTER_BOUND ( 'NONE', #802, .T. ) ;
#2475 = ORIENTED_EDGE ( 'NONE', *, *, #1311, .F. ) ;
#2476 = DIRECTION ( 'NONE',  ( -1.000000000000000000, 0.000000000000000000, 0.000000000000000000 ) ) ;
#2477 = CARTESIAN_POINT ( 'NONE',  ( 1.000000000000000000, 10.97215603256038463, -24.67005861357343832 ) ) ;
#2478 = DIRECTION ( 'NONE',  ( 0.000000000000000000, 0.000000000000000000, 1.000000000000000000 ) ) ;
#2479 = ADVANCED_FACE ( 'NONE', ( #567 ), #3533, .T. ) ;
#2480 = CIRCLE ( 'NONE', #3029, 27.00000000000000000 ) ;
#2481 = VERTEX_POINT ( 'NONE', #941 ) ;
#2482 = AXIS2_PLACEMENT_3D ( 'NONE', #1982, #763, #1335 ) ;
#2483 = CARTESIAN_POINT ( 'NONE',  ( 2.000000000000000000, -21.62581751178116107, -9.176758991172279778 ) ) ;
#2484 = CARTESIAN_POINT ( 'NONE',  ( 2.000000000000000000, 6.714000551476710932, 22.51246510779511212 ) ) ;
#2485 = CARTESIAN_POINT ( 'NONE',  ( 0.000000000000000000, -23.37178570732655558, 7.623338163362701536 ) ) ;
#2486 = AXIS2_PLACEMENT_3D ( 'NONE', #1363, #2220, #3384 ) ;
#2487 = CIRCLE ( 'NONE', #2426, 22.49899999999999878 ) ;
#2488 = FACE_OUTER_BOUND ( 'NONE', #2319, .T. ) ;
#2489 = ORIENTED_EDGE ( 'NONE', *, *, #1516, .F. ) ;
#2490 = CARTESIAN_POINT ( 'NONE',  ( 2.000000000000000000, 0.4671864235646318031, -22.49414896913499362 ) ) ;
#2491 = VECTOR ( 'NONE', #863, 1000.000000000000000 ) ;
#2492 = ORIENTED_EDGE ( 'NONE', *, *, #1292, .F. ) ;
#2493 = VERTEX_POINT ( 'NONE', #3172 ) ;
#2494 = CARTESIAN_POINT ( 'NONE',  ( 0.000000000000000000, -21.24883841118704453, -7.395394997920123004 ) ) ;
#2495 = DIRECTION ( 'NONE',  ( 0.000000000000000000, 0.000000000000000000, 1.000000000000000000 ) ) ;
#2496 = EDGE_CURVE ( 'NONE', #1981, #1845, #620, .T. ) ;
#2497 = VERTEX_POINT ( 'NONE', #348 ) ;
#2498 = CARTESIAN_POINT ( 'NONE',  ( 2.000000000000000000, -17.62983549975479391, 13.97833685570588891 ) ) ;
#2499 = CARTESIAN_POINT ( 'NONE',  ( 0.000000000000000000, 6.046576271976234374, -21.67126937646186491 ) ) ;
#2500 = CARTESIAN_POINT ( 'NONE',  ( 2.000000000000000000, 0.000000000000000000, 0.000000000000000000 ) ) ;
#2501 = EDGE_CURVE ( 'NONE', #777, #1797, #427, .T. ) ;
#2502 = VERTEX_POINT ( 'NONE', #2029 ) ;
#2503 = CARTESIAN_POINT ( 'NONE',  ( 0.000000000000000000, 2.044871308632879803, -23.40314914634464216 ) ) ;
#2504 = DIRECTION ( 'NONE',  ( -1.000000000000000000, -0.000000000000000000, -0.000000000000000000 ) ) ;
#2505 = CARTESIAN_POINT ( 'NONE',  ( 2.000000000000000000, 0.000000000000000000, 0.000000000000000000 ) ) ;
#2506 = AXIS2_PLACEMENT_3D ( 'NONE', #3155, #2850, #2470 ) ;
#2507 = FACE_OUTER_BOUND ( 'NONE', #1376, .T. ) ;
#2508 = AXIS2_PLACEMENT_3D ( 'NONE', #1013, #2174, #393 ) ;
#2509 = ORIENTED_EDGE ( 'NONE', *, *, #916, .F. ) ;
#2510 = AXIS2_PLACEMENT_3D ( 'NONE', #3226, #565, #1723 ) ;
#2511 = ORIENTED_EDGE ( 'NONE', *, *, #757, .F. ) ;
#2512 = VERTEX_POINT ( 'NONE', #123 ) ;
#2513 = VERTEX_POINT ( 'NONE', #3628 ) ;
#2514 = DIRECTION ( 'NONE',  ( -1.000000000000000000, 0.000000000000000000, 0.000000000000000000 ) ) ;
#2515 = DIRECTION ( 'NONE',  ( 0.000000000000000000, 0.000000000000000000, 1.000000000000000000 ) ) ;
#2516 = EDGE_CURVE ( 'NONE', #2089, #144, #1397, .T. ) ;
#2517 = AXIS2_PLACEMENT_3D ( 'NONE', #2274, #3438, #3047 ) ;
#2518 = VERTEX_POINT ( 'NONE', #447 ) ;
#2519 = DIRECTION ( 'NONE',  ( 0.000000000000000000, 0.000000000000000000, 1.000000000000000000 ) ) ;
#2520 = DIRECTION ( 'NONE',  ( -1.000000000000000000, 0.000000000000000000, 0.000000000000000000 ) ) ;
#2521 = DIRECTION ( 'NONE',  ( -1.000000000000000000, -0.000000000000000000, 0.000000000000000000 ) ) ;
#2522 = ORIENTED_EDGE ( 'NONE', *, *, #1195, .T. ) ;
#2523 = CARTESIAN_POINT ( 'NONE',  ( 0.000000000000000000, 0.000000000000000000, 4.000000000000000000 ) ) ;
#2524 = AXIS2_PLACEMENT_3D ( 'NONE', #3512, #3452, #896 ) ;
#2525 = FACE_OUTER_BOUND ( 'NONE', #593, .T. ) ;
#2526 = CARTESIAN_POINT ( 'NONE',  ( 2.000000000000000000, -20.07203732282768271, -18.05860785639392674 ) ) ;
#2527 = CARTESIAN_POINT ( 'NONE',  ( 0.000000000000000000, 0.000000000000000000, 0.000000000000000000 ) ) ;
#2528 = EDGE_LOOP ( 'NONE', ( #2277, #227, #3217, #290 ) ) ;
#2529 = VERTEX_POINT ( 'NONE', #159 ) ;
#2530 = VERTEX_POINT ( 'NONE', #1529 ) ;
#2531 = ORIENTED_EDGE ( 'NONE', *, *, #892, .T. ) ;
#2532 = DIRECTION ( 'NONE',  ( -1.000000000000000000, 0.000000000000000000, -0.000000000000000000 ) ) ;
#2533 = DIRECTION ( 'NONE',  ( -1.000000000000000000, 0.000000000000000000, 0.000000000000000000 ) ) ;
#2534 = ORIENTED_EDGE ( 'NONE', *, *, #834, .T. ) ;
#2535 = CARTESIAN_POINT ( 'NONE',  ( 0.000000000000000000, -15.05774033121459077, 16.71734001322319685 ) ) ;
#2536 = DIRECTION ( 'NONE',  ( 0.000000000000000000, -0.4817536741017036661, -0.8763066800438700232 ) ) ;
#2537 = CARTESIAN_POINT ( 'NONE',  ( 2.000000000000000000, 0.000000000000000000, 0.000000000000000000 ) ) ;
#2538 = VERTEX_POINT ( 'NONE', #2442 ) ;
#2539 = CARTESIAN_POINT ( 'NONE',  ( 2.000000000000000000, -21.24883841118715111, 7.395394997919818358 ) ) ;
#2540 = CARTESIAN_POINT ( 'NONE',  ( 2.000000000000000000, 0.000000000000000000, 0.000000000000000000 ) ) ;
#2541 = EDGE_CURVE ( 'NONE', #2018, #537, #1607, .T. ) ;
#2542 = CARTESIAN_POINT ( 'NONE',  ( 0.000000000000000000, -10.42724032787691257, 19.93684177959731940 ) ) ;
#2543 = ORIENTED_EDGE ( 'NONE', *, *, #815, .T. ) ;
#2544 = AXIS2_PLACEMENT_3D ( 'NONE', #3501, #2670, #278 ) ;
#2545 = CIRCLE ( 'NONE', #2915, 22.49900000000000233 ) ;
#2546 = VECTOR ( 'NONE', #1685, 1000.000000000000000 ) ;
#2547 = ORIENTED_EDGE ( 'NONE', *, *, #2167, .F. ) ;
#2548 = ORIENTED_EDGE ( 'NONE', *, *, #330, .T. ) ;
#2549 = DIRECTION ( 'NONE',  ( -1.000000000000000000, 0.000000000000000000, 0.000000000000000000 ) ) ;
#2550 = DIRECTION ( 'NONE',  ( 0.000000000000000000, 0.000000000000000000, -1.000000000000000000 ) ) ;
#2551 = EDGE_CURVE ( 'NONE', #2267, #2701, #2313, .T. ) ;
#2552 = ORIENTED_EDGE ( 'NONE', *, *, #2853, .F. ) ;
#2553 = CYLINDRICAL_SURFACE ( 'NONE', #1782, 9.999999999999998224 ) ;
#2554 = DIRECTION ( 'NONE',  ( -1.000000000000000000, 0.000000000000000000, -0.000000000000000000 ) ) ;
#2555 = FACE_OUTER_BOUND ( 'NONE', #2226, .T. ) ;
#2556 = EDGE_CURVE ( 'NONE', #1901, #2493, #3652, .T. ) ;
#2557 = ORIENTED_EDGE ( 'NONE', *, *, #1790, .T. ) ;
#2558 = FACE_OUTER_BOUND ( 'NONE', #3255, .T. ) ;
#2559 = CARTESIAN_POINT ( 'NONE',  ( 2.000000000000000000, -13.59969078313216606, -17.92354350018963061 ) ) ;
#2560 = DIRECTION ( 'NONE',  ( 0.000000000000000000, 0.000000000000000000, 1.000000000000000000 ) ) ;
#2561 = EDGE_CURVE ( 'NONE', #2230, #688, #790, .T. ) ;
#2562 = CARTESIAN_POINT ( 'NONE',  ( 0.000000000000000000, 23.48536690928489179, 10.57134032869047680 ) ) ;
#2563 = EDGE_LOOP ( 'NONE', ( #2006, #2756, #775, #39 ) ) ;
#2564 = AXIS2_PLACEMENT_3D ( 'NONE', #43, #1559, #1484 ) ;
#2565 = ORIENTED_EDGE ( 'NONE', *, *, #1360, .T. ) ;
#2566 = ORIENTED_EDGE ( 'NONE', *, *, #561, .T. ) ;
#2567 = DIRECTION ( 'NONE',  ( 0.000000000000000000, 0.9048270524660174674, 0.4257792915650767673 ) ) ;
#2568 = DIRECTION ( 'NONE',  ( -1.000000000000000000, 0.000000000000000000, -0.000000000000000000 ) ) ;
#2569 = CIRCLE ( 'NONE', #929, 27.00000000000000000 ) ;
#2570 = AXIS2_PLACEMENT_3D ( 'NONE', #47, #2061, #1504 ) ;
#2571 = ORIENTED_EDGE ( 'NONE', *, *, #753, .F. ) ;
#2572 = CARTESIAN_POINT ( 'NONE',  ( 0.9999999999999991118, 26.70879461214782680, 3.954780697599231676 ) ) ;
#2573 = DIRECTION ( 'NONE',  ( -1.000000000000000000, 0.000000000000000000, 0.000000000000000000 ) ) ;
#2574 = DIRECTION ( 'NONE',  ( -1.000000000000000000, -0.000000000000000000, -0.000000000000000000 ) ) ;
#2575 = AXIS2_PLACEMENT_3D ( 'NONE', #676, #1280, #3567 ) ;
#2576 = EDGE_LOOP ( 'NONE', ( #95, #1800, #2731, #1820 ) ) ;
#2577 = CYLINDRICAL_SURFACE ( 'NONE', #2793, 9.999999999999998224 ) ;
#2578 = DIRECTION ( 'NONE',  ( -1.000000000000000000, 0.000000000000000000, 0.000000000000000000 ) ) ;
#2579 = DIRECTION ( 'NONE',  ( 0.000000000000000000, 0.8443279255020162966, -0.5358267949789946583 ) ) ;
#2580 = CYLINDRICAL_SURFACE ( 'NONE', #548, 27.00000000000000000 ) ;
#2581 = ORIENTED_EDGE ( 'NONE', *, *, #385, .F. ) ;
#2582 = CIRCLE ( 'NONE', #2953, 22.49899999999999878 ) ;
#2583 = VECTOR ( 'NONE', #2446, 1000.000000000000000 ) ;
#2584 = ORIENTED_EDGE ( 'NONE', *, *, #2201, .F. ) ;
#2585 = ORIENTED_EDGE ( 'NONE', *, *, #1894, .T. ) ;
#2586 = DIRECTION ( 'NONE',  ( 0.000000000000000000, 0.000000000000000000, 1.000000000000000000 ) ) ;
#2587 = EDGE_CURVE ( 'NONE', #3327, #2513, #733, .T. ) ;
#2588 = EDGE_CURVE ( 'NONE', #1430, #222, #3336, .T. ) ;
#2589 = ORIENTED_EDGE ( 'NONE', *, *, #502, .T. ) ;
#2590 = DIRECTION ( 'NONE',  ( -1.000000000000000000, -0.000000000000000000, -0.000000000000000000 ) ) ;
#2591 = DIRECTION ( 'NONE',  ( 0.000000000000000000, 0.000000000000000000, -1.000000000000000000 ) ) ;
#2592 = EDGE_LOOP ( 'NONE', ( #294, #332, #3102, #2662 ) ) ;
#2593 = DIRECTION ( 'NONE',  ( -1.000000000000000000, 0.000000000000000000, 0.000000000000000000 ) ) ;
#2594 = SURFACE_STYLE_USAGE ( .BOTH. , #2083 ) ;
#2595 = DIRECTION ( 'NONE',  ( 0.000000000000000000, 0.000000000000000000, 1.000000000000000000 ) ) ;
#2596 = ADVANCED_FACE ( 'NONE', ( #3648 ), #2708, .T. ) ;
#2597 = EDGE_CURVE ( 'NONE', #900, #2898, #972, .T. ) ;
#2598 = ORIENTED_EDGE ( 'NONE', *, *, #268, .T. ) ;
#2599 = CARTESIAN_POINT ( 'NONE',  ( 0.000000000000000000, 24.88617474992178913, 10.47274110805549441 ) ) ;
#2600 = ORIENTED_EDGE ( 'NONE', *, *, #1475, .T. ) ;
#2601 = AXIS2_PLACEMENT_3D ( 'NONE', #453, #3657, #187 ) ;
#2602 = VERTEX_POINT ( 'NONE', #957 ) ;
#2603 = ORIENTED_EDGE ( 'NONE', *, *, #1232, .F. ) ;
#2604 = CIRCLE ( 'NONE', #1452, 10.00000000000000000 ) ;
#2605 = VECTOR ( 'NONE', #1276, 1000.000000000000000 ) ;
#2606 = FACE_OUTER_BOUND ( 'NONE', #977, .T. ) ;
#2607 = DIRECTION ( 'NONE',  ( 0.000000000000000000, 0.000000000000000000, 1.000000000000000000 ) ) ;
#2608 = DIRECTION ( 'NONE',  ( -1.000000000000000000, 0.000000000000000000, 0.000000000000000000 ) ) ;
#2609 = DIRECTION ( 'NONE',  ( -1.000000000000000000, -0.000000000000000000, -0.000000000000000000 ) ) ;
#2610 = AXIS2_PLACEMENT_3D ( 'NONE', #1412, #2573, #3707 ) ;
#2611 = ORIENTED_EDGE ( 'NONE', *, *, #1127, .T. ) ;
#2612 = DIRECTION ( 'NONE',  ( -1.000000000000000000, 0.000000000000000000, -0.000000000000000000 ) ) ;
#2613 = CARTESIAN_POINT ( 'NONE',  ( 2.000000000000000000, 0.4671864235643103380, 22.49414896913499717 ) ) ;
#2614 = ORIENTED_EDGE ( 'NONE', *, *, #2869, .T. ) ;
#2615 = CYLINDRICAL_SURFACE ( 'NONE', #481, 9.999999999999998224 ) ;
#2616 = VERTEX_POINT ( 'NONE', #3605 ) ;
#2617 = FACE_OUTER_BOUND ( 'NONE', #3390, .T. ) ;
#2618 = VERTEX_POINT ( 'NONE', #3590 ) ;
#2619 = ORIENTED_EDGE ( 'NONE', *, *, #3625, .F. ) ;
#2620 = DIRECTION ( 'NONE',  ( 1.000000000000000000, 0.000000000000000000, 0.000000000000000000 ) ) ;
#2621 = VECTOR ( 'NONE', #811, 1000.000000000000000 ) ;
#2622 = LINE ( 'NONE', #1487, #2005 ) ;
#2623 = DIRECTION ( 'NONE',  ( -1.000000000000000000, -0.000000000000000000, -0.000000000000000000 ) ) ;
#2624 = DIRECTION ( 'NONE',  ( 0.000000000000000000, 0.000000000000000000, 1.000000000000000000 ) ) ;
#2625 = ADVANCED_FACE ( 'NONE', ( #2102 ), #1887, .T. ) ;
#2626 = AXIS2_PLACEMENT_3D ( 'NONE', #448, #2725, #2407 ) ;
#2627 = CIRCLE ( 'NONE', #1355, 27.00000000000000000 ) ;
#2628 = ORIENTED_EDGE ( 'NONE', *, *, #2496, .T. ) ;
#2629 = DIRECTION ( 'NONE',  ( -1.000000000000000000, 0.000000000000000000, 0.000000000000000000 ) ) ;
#2630 = DIRECTION ( 'NONE',  ( -1.000000000000000000, -0.000000000000000000, 0.000000000000000000 ) ) ;
#2631 = AXIS2_PLACEMENT_3D ( 'NONE', #1126, #541, #3453 ) ;
#2632 = AXIS2_PLACEMENT_3D ( 'NONE', #3168, #2866, #3185 ) ;
#2633 = ORIENTED_EDGE ( 'NONE', *, *, #2258, .F. ) ;
#2634 = EDGE_CURVE ( 'NONE', #2840, #207, #2798, .T. ) ;
#2635 = CYLINDRICAL_SURFACE ( 'NONE', #2362, 27.00000000000000000 ) ;
#2636 = VERTEX_POINT ( 'NONE', #105 ) ;
#2637 = EDGE_CURVE ( 'NONE', #833, #1302, #3283, .T. ) ;
#2638 = DIRECTION ( 'NONE',  ( 0.000000000000000000, 0.000000000000000000, 1.000000000000000000 ) ) ;
#2639 = ORIENTED_EDGE ( 'NONE', *, *, #3465, .F. ) ;
#2640 = DIRECTION ( 'NONE',  ( -1.000000000000000000, -0.000000000000000000, -0.000000000000000000 ) ) ;
#2641 = CARTESIAN_POINT ( 'NONE',  ( 2.000000000000000000, 0.000000000000000000, 0.000000000000000000 ) ) ;
#2642 = AXIS2_PLACEMENT_3D ( 'NONE', #2751, #1914, #164 ) ;
#2643 = EDGE_CURVE ( 'NONE', #2518, #2770, #1515, .T. ) ;
#2644 = CARTESIAN_POINT ( 'NONE',  ( 2.000000000000000000, -18.74210713104672976, -12.44742629174269410 ) ) ;
#2645 = LINE ( 'NONE', #2937, #2371 ) ;
#2646 = CARTESIAN_POINT ( 'NONE',  ( 0.000000000000000000, -21.62581751178116107, -9.176758991172279778 ) ) ;
#2647 = ORIENTED_EDGE ( 'NONE', *, *, #1428, .F. ) ;
#2648 = LINE ( 'NONE', #1226, #724 ) ;
#2649 = CARTESIAN_POINT ( 'NONE',  ( 2.000000000000000000, -17.62983549975459141, -13.97833685570614115 ) ) ;
#2650 = ORIENTED_EDGE ( 'NONE', *, *, #3175, .F. ) ;
#2651 = DIRECTION ( 'NONE',  ( -1.000000000000000000, -0.000000000000000000, 0.000000000000000000 ) ) ;
#2652 = ORIENTED_EDGE ( 'NONE', *, *, #2778, .F. ) ;
#2653 = EDGE_CURVE ( 'NONE', #3383, #2513, #243, .T. ) ;
#2654 = ADVANCED_FACE ( 'NONE', ( #1549 ), #1566, .T. ) ;
#2655 = EDGE_LOOP ( 'NONE', ( #2055, #3030, #1840, #1715 ) ) ;
#2656 = DIRECTION ( 'NONE',  ( 0.000000000000000000, 0.000000000000000000, 1.000000000000000000 ) ) ;
#2657 = EDGE_CURVE ( 'NONE', #286, #2983, #3032, .T. ) ;
#2658 = DIRECTION ( 'NONE',  ( -1.000000000000000000, 0.000000000000000000, 0.000000000000000000 ) ) ;
#2659 = AXIS2_PLACEMENT_3D ( 'NONE', #2395, #3557, #377 ) ;
#2660 = CIRCLE ( 'NONE', #3403, 9.999999999999998224 ) ;
#2661 = VECTOR ( 'NONE', #3296, 1000.000000000000000 ) ;
#2662 = ORIENTED_EDGE ( 'NONE', *, *, #547, .F. ) ;
#2663 = ADVANCED_FACE ( 'NONE', ( #1109 ), #1378, .T. ) ;
#2664 = LINE ( 'NONE', #3261, #3340 ) ;
#2665 = FACE_OUTER_BOUND ( 'NONE', #2995, .T. ) ;
#2666 = CIRCLE ( 'NONE', #60, 9.999999999999996447 ) ;
#2667 = AXIS2_PLACEMENT_3D ( 'NONE', #2807, #1340, #3151 ) ;
#2668 = EDGE_LOOP ( 'NONE', ( #3640, #2534, #1848, #394 ) ) ;
#2669 = LINE ( 'NONE', #711, #1056 ) ;
#2670 = DIRECTION ( 'NONE',  ( -1.000000000000000000, -0.000000000000000000, -0.000000000000000000 ) ) ;
#2671 = PRESENTATION_STYLE_ASSIGNMENT (( #2594 ) ) ;
#2672 = EDGE_CURVE ( 'NONE', #2152, #2882, #2128, .T. ) ;
#2673 = CIRCLE ( 'NONE', #1707, 22.49899999999999878 ) ;
#2674 = VERTEX_POINT ( 'NONE', #3131 ) ;
#2675 = DIRECTION ( 'NONE',  ( -1.000000000000000000, 0.000000000000000000, 0.000000000000000000 ) ) ;
#2676 = EDGE_LOOP ( 'NONE', ( #1441, #2650, #2106, #191 ) ) ;
#2677 = EDGE_CURVE ( 'NONE', #1444, #2840, #3110, .T. ) ;
#2678 = CARTESIAN_POINT ( 'NONE',  ( 0.000000000000000000, 22.47909678269662592, -0.9461547622656881762 ) ) ;
#2679 = VERTEX_POINT ( 'NONE', #176 ) ;
#2680 = DIRECTION ( 'NONE',  ( -1.000000000000000000, 0.000000000000000000, 0.000000000000000000 ) ) ;
#2681 = CARTESIAN_POINT ( 'NONE',  ( 2.000000000000000000, 2.044871308632550289, 23.40314914634467769 ) ) ;
#2682 = VERTEX_POINT ( 'NONE', #2499 ) ;
#2683 = EDGE_CURVE ( 'NONE', #3300, #188, #489, .T. ) ;
#2684 = DIRECTION ( 'NONE',  ( 0.000000000000000000, 0.000000000000000000, 1.000000000000000000 ) ) ;
#2685 = CYLINDRICAL_SURFACE ( 'NONE', #1663, 27.00000000000000000 ) ;
#2686 = CIRCLE ( 'NONE', #198, 22.49899999999999878 ) ;
#2687 = ORIENTED_EDGE ( 'NONE', *, *, #2777, .T. ) ;
#2688 = DIRECTION ( 'NONE',  ( 0.000000000000000000, 0.000000000000000000, 1.000000000000000000 ) ) ;
#2689 = CARTESIAN_POINT ( 'NONE',  ( 1.000000000000000000, -23.93243051059728188, -12.49955078614557458 ) ) ;
#2690 = DIRECTION ( 'NONE',  ( 0.000000000000000000, 0.000000000000000000, 1.000000000000000000 ) ) ;
#2691 = VECTOR ( 'NONE', #3591, 1000.000000000000000 ) ;
#2692 = ORIENTED_EDGE ( 'NONE', *, *, #3618, .F. ) ;
#2693 = CYLINDRICAL_SURFACE ( 'NONE', #1635, 27.00000000000000000 ) ;
#2694 = AXIS2_PLACEMENT_3D ( 'NONE', #2957, #2312, #2331 ) ;
#2695 = CARTESIAN_POINT ( 'NONE',  ( 2.000000000000000000, 0.000000000000000000, 0.000000000000000000 ) ) ;
#2696 = ADVANCED_FACE ( 'NONE', ( #220 ), #2867, .T. ) ;
#2697 = DIRECTION ( 'NONE',  ( 0.000000000000000000, -0.6845471059286792892, -0.7289686274214204342 ) ) ;
#2698 = VERTEX_POINT ( 'NONE', #1927 ) ;
#2699 = CARTESIAN_POINT ( 'NONE',  ( 0.000000000000000000, -18.66423552949819609, -14.26657634943784103 ) ) ;
#2700 = CIRCLE ( 'NONE', #3193, 27.00000000000000000 ) ;
#2701 = VERTEX_POINT ( 'NONE', #1093 ) ;
#2702 = CARTESIAN_POINT ( 'NONE',  ( 2.000000000000000000, 0.000000000000000000, 0.000000000000000000 ) ) ;
#2703 = FACE_OUTER_BOUND ( 'NONE', #3232, .T. ) ;
#2704 = AXIS2_PLACEMENT_3D ( 'NONE', #3656, #629, #3055 ) ;
#2705 = EDGE_CURVE ( 'NONE', #2698, #2529, #910, .T. ) ;
#2706 = EDGE_LOOP ( 'NONE', ( #1082, #2351, #2830, #2557 ) ) ;
#2707 = DIRECTION ( 'NONE',  ( -1.000000000000000000, 0.000000000000000000, 0.000000000000000000 ) ) ;
#2708 = CYLINDRICAL_SURFACE ( 'NONE', #1878, 9.999999999999994671 ) ;
#2709 = CARTESIAN_POINT ( 'NONE',  ( 0.000000000000000000, 20.85562920839656442, -10.81349244956494537 ) ) ;
#2710 = CIRCLE ( 'NONE', #947, 10.00000000000000000 ) ;
#2711 = ORIENTED_EDGE ( 'NONE', *, *, #70, .T. ) ;
#2712 = DIRECTION ( 'NONE',  ( 0.000000000000000000, -0.8443279255020088581, -0.5358267949790065376 ) ) ;
#2713 = CARTESIAN_POINT ( 'NONE',  ( 1.000000000000000000, -26.00252233623301734, 7.271095663908092810 ) ) ;
#2714 = DIRECTION ( 'NONE',  ( 0.000000000000000000, 0.000000000000000000, 1.000000000000000000 ) ) ;
#2715 = ORIENTED_EDGE ( 'NONE', *, *, #3004, .T. ) ;
#2716 = FACE_OUTER_BOUND ( 'NONE', #1664, .T. ) ;
#2717 = EDGE_CURVE ( 'NONE', #2679, #779, #2431, .T. ) ;
#2718 = ORIENTED_EDGE ( 'NONE', *, *, #776, .T. ) ;
#2719 = LINE ( 'NONE', #118, #2605 ) ;
#2720 = DIRECTION ( 'NONE',  ( -1.000000000000000000, -0.000000000000000000, -0.000000000000000000 ) ) ;
#2721 = CIRCLE ( 'NONE', #1084, 9.999999999999998224 ) ;
#2722 = ORIENTED_EDGE ( 'NONE', *, *, #385, .T. ) ;
#2723 = CARTESIAN_POINT ( 'NONE',  ( 0.000000000000000000, 0.9044454705083720958, 23.47489865847771640 ) ) ;
#2724 = DIRECTION ( 'NONE',  ( -1.000000000000000000, 0.000000000000000000, 0.000000000000000000 ) ) ;
#2725 = DIRECTION ( 'NONE',  ( -1.000000000000000000, -0.000000000000000000, -0.000000000000000000 ) ) ;
#2726 = VECTOR ( 'NONE', #374, 1000.000000000000000 ) ;
#2727 = AXIS2_PLACEMENT_3D ( 'NONE', #3684, #2532, #2802 ) ;
#2728 = EDGE_CURVE ( 'NONE', #2321, #2840, #1706, .T. ) ;
#2729 = AXIS2_PLACEMENT_3D ( 'NONE', #412, #3075, #1015 ) ;
#2730 = EDGE_CURVE ( 'NONE', #3471, #1289, #62, .T. ) ;
#2731 = ORIENTED_EDGE ( 'NONE', *, *, #3235, .T. ) ;
#2732 = CARTESIAN_POINT ( 'NONE',  ( 2.000000000000000000, -15.05774033121435806, -16.71734001322341001 ) ) ;
#2733 = CARTESIAN_POINT ( 'NONE',  ( 1.000000000000000000, 16.76263966737355915, 21.16633911147117786 ) ) ;
#2734 = AXIS2_PLACEMENT_3D ( 'NONE', #1070, #196, #2536 ) ;
#2735 = CARTESIAN_POINT ( 'NONE',  ( 2.000000000000000000, -1.119998386744848418, 26.97676043585828154 ) ) ;
#2736 = ORIENTED_EDGE ( 'NONE', *, *, #1090, .T. ) ;
#2737 = CARTESIAN_POINT ( 'NONE',  ( 2.000000000000000000, 20.15439620501989637, 10.00026572702343408 ) ) ;
#2738 = VERTEX_POINT ( 'NONE', #3420 ) ;
#2739 = EDGE_CURVE ( 'NONE', #2911, #3181, #120, .T. ) ;
#2740 = DIRECTION ( 'NONE',  ( 0.000000000000000000, 0.4817536741017163782, -0.8763066800438630288 ) ) ;
#2741 = FACE_OUTER_BOUND ( 'NONE', #340, .T. ) ;
#2742 = EDGE_CURVE ( 'NONE', #2674, #2636, #2859, .T. ) ;
#2743 = ORIENTED_EDGE ( 'NONE', *, *, #1790, .F. ) ;
#2744 = CARTESIAN_POINT ( 'NONE',  ( 2.000000000000000000, 12.10169028542899383, 20.13549057933467523 ) ) ;
#2745 = PRODUCT_DEFINITION ( 'UNKNOWN', '', #2104, #2879 ) ;
#2746 = CARTESIAN_POINT ( 'NONE',  ( 2.000000000000000000, 0.000000000000000000, 0.000000000000000000 ) ) ;
#2747 = CARTESIAN_POINT ( 'NONE',  ( 0.000000000000000000, 0.000000000000000000, 0.000000000000000000 ) ) ;
#2748 = CIRCLE ( 'NONE', #1167, 10.00000000000000000 ) ;
#2749 = ORIENTED_EDGE ( 'NONE', *, *, #79, .F. ) ;
#2750 = CARTESIAN_POINT ( 'NONE',  ( 2.000000000000000000, 22.88961748313559852, 5.287182625052319729 ) ) ;
#2751 = CARTESIAN_POINT ( 'NONE',  ( 2.000000000000000000, 2.044871308632879803, -23.40314914634464216 ) ) ;
#2752 = CIRCLE ( 'NONE', #3245, 22.49899999999999523 ) ;
#2753 = EDGE_CURVE ( 'NONE', #23, #2518, #1216, .T. ) ;
#2754 = CIRCLE ( 'NONE', #3122, 22.49899999999999878 ) ;
#2755 = CARTESIAN_POINT ( 'NONE',  ( 2.000000000000000000, 26.70879461214788009, -3.954780697598852424 ) ) ;
#2756 = ORIENTED_EDGE ( 'NONE', *, *, #2728, .T. ) ;
#2757 = CYLINDRICAL_SURFACE ( 'NONE', #2506, 27.00000000000000000 ) ;
#2758 = ADVANCED_FACE ( 'NONE', ( #1395 ), #1986, .T. ) ;
#2759 = CIRCLE ( 'NONE', #3061, 22.49899999999999878 ) ;
#2760 = VERTEX_POINT ( 'NONE', #786 ) ;
#2761 = CYLINDRICAL_SURFACE ( 'NONE', #3092, 9.999999999999998224 ) ;
#2762 = LINE ( 'NONE', #1046, #205 ) ;
#2763 = EDGE_CURVE ( 'NONE', #250, #3104, #2976, .T. ) ;
#2764 = ORIENTED_EDGE ( 'NONE', *, *, #2677, .T. ) ;
#2765 = CARTESIAN_POINT ( 'NONE',  ( 2.000000000000000000, 0.000000000000000000, 0.000000000000000000 ) ) ;
#2766 = CARTESIAN_POINT ( 'NONE',  ( 0.000000000000000000, 0.000000000000000000, 0.000000000000000000 ) ) ;
#2767 = DIRECTION ( 'NONE',  ( 1.000000000000000000, -0.000000000000000000, -0.000000000000000000 ) ) ;
#2768 = AXIS2_PLACEMENT_3D ( 'NONE', #1934, #493, #203 ) ;
#2769 = CIRCLE ( 'NONE', #3073, 22.49899999999999878 ) ;
#2770 = VERTEX_POINT ( 'NONE', #1051 ) ;
#2771 = CARTESIAN_POINT ( 'NONE',  ( 2.000000000000001776, 4.898587196589412829E-16, -4.000000000000000000 ) ) ;
#2772 = CARTESIAN_POINT ( 'NONE',  ( 2.000000000000000000, 0.000000000000000000, 0.000000000000000000 ) ) ;
#2773 = CARTESIAN_POINT ( 'NONE',  ( -10.00000000000000000, 0.000000000000000000, 0.000000000000000000 ) ) ;
#2774 = CARTESIAN_POINT ( 'NONE',  ( 0.000000000000000000, 22.88961748313567313, -5.287182625051993767 ) ) ;
#2775 = VERTEX_POINT ( 'NONE', #748 ) ;
#2776 = FACE_OUTER_BOUND ( 'NONE', #926, .T. ) ;
#2777 = EDGE_CURVE ( 'NONE', #1640, #3103, #2785, .T. ) ;
#2778 = EDGE_CURVE ( 'NONE', #1885, #2071, #1579, .T. ) ;
#2779 = ORIENTED_EDGE ( 'NONE', *, *, #1406, .T. ) ;
#2780 = CYLINDRICAL_SURFACE ( 'NONE', #2366, 4.000000000000000000 ) ;
#2781 = DIRECTION ( 'NONE',  ( -1.000000000000000000, 0.000000000000000000, 0.000000000000000000 ) ) ;
#2782 = VECTOR ( 'NONE', #2949, 1000.000000000000000 ) ;
#2783 = ORIENTED_EDGE ( 'NONE', *, *, #3493, .T. ) ;
#2784 = DIRECTION ( 'NONE',  ( 0.000000000000000000, 0.9822872507286879440, 0.1873813145857286810 ) ) ;
#2785 = LINE ( 'NONE', #2217, #3227 ) ;
#2786 = CYLINDRICAL_SURFACE ( 'NONE', #1963, 9.999999999999998224 ) ;
#2787 = AXIS2_PLACEMENT_3D ( 'NONE', #2262, #2017, #2298 ) ;
#2788 = ORIENTED_EDGE ( 'NONE', *, *, #3619, .F. ) ;
#2789 = CIRCLE ( 'NONE', #239, 9.999999999999996447 ) ;
#2790 = CARTESIAN_POINT ( 'NONE',  ( 2.000000000000000000, 0.000000000000000000, 0.000000000000000000 ) ) ;
#2791 = CYLINDRICAL_SURFACE ( 'NONE', #3624, 22.49899999999999878 ) ;
#2792 = LINE ( 'NONE', #3386, #1852 ) ;
#2793 = AXIS2_PLACEMENT_3D ( 'NONE', #2893, #69, #634 ) ;
#2794 = VECTOR ( 'NONE', #948, 1000.000000000000000 ) ;
#2795 = FACE_OUTER_BOUND ( 'NONE', #2528, .T. ) ;
#2796 = EDGE_CURVE ( 'NONE', #1180, #2152, #10, .T. ) ;
#2797 = ORIENTED_EDGE ( 'NONE', *, *, #2993, .F. ) ;
#2798 = CIRCLE ( 'NONE', #1097, 9.999999999999998224 ) ;
#2799 = ORIENTED_EDGE ( 'NONE', *, *, #807, .F. ) ;
#2800 = ORIENTED_EDGE ( 'NONE', *, *, #3538, .F. ) ;
#2801 = ORIENTED_EDGE ( 'NONE', *, *, #1908, .T. ) ;
#2802 = DIRECTION ( 'NONE',  ( 0.000000000000000000, 0.8443279255020161855, -0.5358267949789946583 ) ) ;
#2803 = DIRECTION ( 'NONE',  ( -1.000000000000000000, -0.000000000000000000, -0.000000000000000000 ) ) ;
#2804 = EDGE_CURVE ( 'NONE', #918, #2679, #1130, .T. ) ;
#2805 = ORIENTED_EDGE ( 'NONE', *, *, #1096, .T. ) ;
#2806 = CARTESIAN_POINT ( 'NONE',  ( 0.000000000000000000, 0.000000000000000000, 0.000000000000000000 ) ) ;
#2807 = CARTESIAN_POINT ( 'NONE',  ( 0.000000000000000000, 0.000000000000000000, 0.000000000000000000 ) ) ;
#2808 = CARTESIAN_POINT ( 'NONE',  ( 2.000000000000000000, 0.000000000000000000, 0.000000000000000000 ) ) ;
#2809 = VERTEX_POINT ( 'NONE', #2920 ) ;
#2810 = DIRECTION ( 'NONE',  ( 0.000000000000000000, 0.000000000000000000, 1.000000000000000000 ) ) ;
#2811 = DIRECTION ( 'NONE',  ( 1.000000000000000000, 0.000000000000000000, 0.000000000000000000 ) ) ;
#2812 = CARTESIAN_POINT ( 'NONE',  ( 1.000000000000000000, 12.01469138739401998, -24.17947871368776802 ) ) ;
#2813 = CIRCLE ( 'NONE', #2022, 27.00000000000000000 ) ;
#2814 = CARTESIAN_POINT ( 'NONE',  ( 2.000000000000000000, 20.85562920839656442, -10.81349244956494537 ) ) ;
#2815 = CIRCLE ( 'NONE', #2508, 22.49900000000000233 ) ;
#2816 = ORIENTED_EDGE ( 'NONE', *, *, #1713, .F. ) ;
#2817 = AXIS2_PLACEMENT_3D ( 'NONE', #2402, #2116, #1277 ) ;
#2818 = ORIENTED_EDGE ( 'NONE', *, *, #253, .F. ) ;
#2819 = VERTEX_POINT ( 'NONE', #1468 ) ;
#2820 = ORIENTED_EDGE ( 'NONE', *, *, #414, .T. ) ;
#2821 = DIRECTION ( 'NONE',  ( 0.000000000000000000, -0.9822872507286904975, 0.1873813145857150253 ) ) ;
#2822 = CARTESIAN_POINT ( 'NONE',  ( 2.000000000000000000, 20.85562920839656442, -10.81349244956494537 ) ) ;
#2823 = AXIS2_PLACEMENT_3D ( 'NONE', #2744, #994, #1864 ) ;
#2824 = AXIS2_PLACEMENT_3D ( 'NONE', #767, #3357, #484 ) ;
#2825 = VERTEX_POINT ( 'NONE', #3477 ) ;
#2826 = DIRECTION ( 'NONE',  ( -1.000000000000000000, 0.000000000000000000, -0.000000000000000000 ) ) ;
#2827 = DIRECTION ( 'NONE',  ( 0.000000000000000000, 0.000000000000000000, -1.000000000000000000 ) ) ;
#2828 = DIRECTION ( 'NONE',  ( -1.000000000000000000, 0.000000000000000000, 0.000000000000000000 ) ) ;
#2829 = EDGE_CURVE ( 'NONE', #1265, #1622, #2645, .T. ) ;
#2830 = ORIENTED_EDGE ( 'NONE', *, *, #3493, .F. ) ;
#2831 = EDGE_CURVE ( 'NONE', #3300, #18, #2044, .T. ) ;
#2832 = DIRECTION ( 'NONE',  ( 0.000000000000000000, 0.000000000000000000, -1.000000000000000000 ) ) ;
#2833 = CARTESIAN_POINT ( 'NONE',  ( 2.000000000000000000, 0.000000000000000000, 0.000000000000000000 ) ) ;
#2834 = CIRCLE ( 'NONE', #2227, 27.00000000000000000 ) ;
#2835 = EDGE_CURVE ( 'NONE', #1145, #833, #3186, .T. ) ;
#2836 = CARTESIAN_POINT ( 'NONE',  ( -10.00000000000000000, 0.000000000000000000, 0.000000000000000000 ) ) ;
#2837 = ORIENTED_EDGE ( 'NONE', *, *, #1447, .T. ) ;
#2838 = EDGE_CURVE ( 'NONE', #3723, #1650, #2673, .T. ) ;
#2839 = ORIENTED_EDGE ( 'NONE', *, *, #770, .F. ) ;
#2840 = VERTEX_POINT ( 'NONE', #344 ) ;
#2841 = ORIENTED_EDGE ( 'NONE', *, *, #998, .T. ) ;
#2842 = CYLINDRICAL_SURFACE ( 'NONE', #3769, 22.49899999999999878 ) ;
#2843 = DIRECTION ( 'NONE',  ( -1.000000000000000000, -0.000000000000000000, -0.000000000000000000 ) ) ;
#2844 = ORIENTED_EDGE ( 'NONE', *, *, #2541, .T. ) ;
#2845 = LINE ( 'NONE', #3378, #698 ) ;
#2846 = CARTESIAN_POINT ( 'NONE',  ( 2.000000000000000000, -19.33588636798678451, 13.34212827847284721 ) ) ;
#2847 = CARTESIAN_POINT ( 'NONE',  ( 0.000000000000000000, 10.97215603256003469, 24.67005861357359109 ) ) ;
#2848 = ORIENTED_EDGE ( 'NONE', *, *, #1248, .T. ) ;
#2849 = FACE_OUTER_BOUND ( 'NONE', #1387, .T. ) ;
#2850 = DIRECTION ( 'NONE',  ( -1.000000000000000000, -0.000000000000000000, -0.000000000000000000 ) ) ;
#2851 = CIRCLE ( 'NONE', #2659, 10.00000000000000000 ) ;
#2852 = FACE_OUTER_BOUND ( 'NONE', #894, .T. ) ;
#2853 = EDGE_CURVE ( 'NONE', #3103, #2502, #1880, .T. ) ;
#2854 = AXIS2_PLACEMENT_3D ( 'NONE', #1059, #570, #2876 ) ;
#2855 = DIRECTION ( 'NONE',  ( 0.000000000000000000, 0.000000000000000000, 1.000000000000000000 ) ) ;
#2856 = ORIENTED_EDGE ( 'NONE', *, *, #3704, .T. ) ;
#2857 = CIRCLE ( 'NONE', #788, 22.49900000000000233 ) ;
#2858 = AXIS2_PLACEMENT_3D ( 'NONE', #1581, #1825, #1860 ) ;
#2859 = CIRCLE ( 'NONE', #2252, 22.49899999999999878 ) ;
#2860 = ORIENTED_EDGE ( 'NONE', *, *, #714, .T. ) ;
#2861 = ORIENTED_EDGE ( 'NONE', *, *, #943, .F. ) ;
#2862 = CARTESIAN_POINT ( 'NONE',  ( 2.000000000000000000, 0.000000000000000000, 0.000000000000000000 ) ) ;
#2863 = CARTESIAN_POINT ( 'NONE',  ( 0.9999999999999991118, -13.97761552327908241, -23.10035203808347859 ) ) ;
#2864 = AXIS2_PLACEMENT_3D ( 'NONE', #880, #2608, #2956 ) ;
#2865 = VERTEX_POINT ( 'NONE', #1450 ) ;
#2866 = DIRECTION ( 'NONE',  ( 1.000000000000000000, 0.000000000000000000, 0.000000000000000000 ) ) ;
#2867 = CYLINDRICAL_SURFACE ( 'NONE', #2610, 9.999999999999998224 ) ;
#2868 = DIRECTION ( 'NONE',  ( 0.000000000000000000, 0.000000000000000000, 1.000000000000000000 ) ) ;
#2869 = EDGE_CURVE ( 'NONE', #2636, #1213, #247, .T. ) ;
#2870 = ADVANCED_FACE ( 'NONE', ( #3496 ), #3243, .T. ) ;
#2871 = ORIENTED_EDGE ( 'NONE', *, *, #459, .T. ) ;
#2872 = CARTESIAN_POINT ( 'NONE',  ( 2.000000000000000000, -3.839498604289850014, -23.17643499554187869 ) ) ;
#2873 = DIRECTION ( 'NONE',  ( -1.000000000000000000, -0.000000000000000000, 0.000000000000000000 ) ) ;
#2874 = CARTESIAN_POINT ( 'NONE',  ( 0.000000000000000000, -22.18325775457730487, 3.756071936742660267 ) ) ;
#2875 = PRODUCT_DEFINITION_SHAPE ( 'NONE', 'NONE',  #2745 ) ;
#2876 = DIRECTION ( 'NONE',  ( 0.000000000000000000, 0.000000000000000000, -1.000000000000000000 ) ) ;
#2877 = ORIENTED_EDGE ( 'NONE', *, *, #2322, .F. ) ;
#2878 = ADVANCED_FACE ( 'NONE', ( #1503 ), #1755, .T. ) ;
#2879 = PRODUCT_DEFINITION_CONTEXT ( 'detailed design', #397, 'design' ) ;
#2880 = VECTOR ( 'NONE', #942, 1000.000000000000000 ) ;
#2881 = ORIENTED_EDGE ( 'NONE', *, *, #421, .T. ) ;
#2882 = VERTEX_POINT ( 'NONE', #1204 ) ;
#2883 = CARTESIAN_POINT ( 'NONE',  ( 2.000000000000000000, 12.01469138739401821, -24.17947871368776802 ) ) ;
#2884 = AXIS2_PLACEMENT_3D ( 'NONE', #1811, #3048, #2690 ) ;
#2885 = CIRCLE ( 'NONE', #2510, 22.49900000000000588 ) ;
#2886 = ORIENTED_EDGE ( 'NONE', *, *, #2556, .F. ) ;
#2887 = CARTESIAN_POINT ( 'NONE',  ( 2.000000000000000000, 0.000000000000000000, 0.000000000000000000 ) ) ;
#2888 = ADVANCED_FACE ( 'NONE', ( #898 ), #2060, .T. ) ;
#2889 = DIRECTION ( 'NONE',  ( 0.000000000000000000, 0.000000000000000000, 1.000000000000000000 ) ) ;
#2890 = LINE ( 'NONE', #615, #2393 ) ;
#2891 = CIRCLE ( 'NONE', #1481, 10.00000000000000178 ) ;
#2892 = ORIENTED_EDGE ( 'NONE', *, *, #2717, .F. ) ;
#2893 = CARTESIAN_POINT ( 'NONE',  ( 2.000000000000000000, 22.60544435938614072, 6.393963868338580880 ) ) ;
#2894 =( NAMED_UNIT ( * ) PLANE_ANGLE_UNIT ( ) SI_UNIT ( $, .RADIAN. ) );
#2895 = DIRECTION ( 'NONE',  ( -1.000000000000000000, -0.000000000000000000, -0.000000000000000000 ) ) ;
#2896 = VERTEX_POINT ( 'NONE', #2364 ) ;
#2897 = CIRCLE ( 'NONE', #2954, 22.49900000000000233 ) ;
#2898 = VERTEX_POINT ( 'NONE', #919 ) ;
#2899 = ORIENTED_EDGE ( 'NONE', *, *, #3425, .T. ) ;
#2900 = CYLINDRICAL_SURFACE ( 'NONE', #1061, 9.999999999999998224 ) ;
#2901 = ADVANCED_FACE ( 'NONE', ( #3745 ), #3457, .T. ) ;
#2902 = ORIENTED_EDGE ( 'NONE', *, *, #2683, .F. ) ;
#2903 = LINE ( 'NONE', #2644, #1973 ) ;
#2904 = DIRECTION ( 'NONE',  ( -1.000000000000000000, -0.000000000000000000, 0.000000000000000000 ) ) ;
#2905 = FACE_OUTER_BOUND ( 'NONE', #993, .T. ) ;
#2906 = EDGE_LOOP ( 'NONE', ( #3410, #317, #2096, #1769 ) ) ;
#2907 = DIRECTION ( 'NONE',  ( -1.000000000000000000, 0.000000000000000000, -0.000000000000000000 ) ) ;
#2908 = DIRECTION ( 'NONE',  ( -1.000000000000000000, -0.000000000000000000, -0.000000000000000000 ) ) ;
#2909 = ORIENTED_EDGE ( 'NONE', *, *, #1994, .F. ) ;
#2910 = CARTESIAN_POINT ( 'NONE',  ( 0.000000000000000000, -8.889459704104115900, 25.49465642382946839 ) ) ;
#2911 = VERTEX_POINT ( 'NONE', #3760 ) ;
#2912 = DIRECTION ( 'NONE',  ( 0.000000000000000000, 0.000000000000000000, -1.000000000000000000 ) ) ;
#2913 = ORIENTED_EDGE ( 'NONE', *, *, #3556, .F. ) ;
#2914 = ORIENTED_EDGE ( 'NONE', *, *, #1137, .T. ) ;
#2915 = AXIS2_PLACEMENT_3D ( 'NONE', #3082, #1352, #2821 ) ;
#2916 = CARTESIAN_POINT ( 'NONE',  ( 2.000000000000000000, -22.18325775457725513, -3.756071936742966244 ) ) ;
#2917 = CIRCLE ( 'NONE', #1272, 9.999999999999998224 ) ;
#2918 = AXIS2_PLACEMENT_3D ( 'NONE', #1217, #1768, #2375 ) ;
#2919 = CARTESIAN_POINT ( 'NONE',  ( 0.000000000000000000, 0.000000000000000000, 0.000000000000000000 ) ) ;
#2920 = CARTESIAN_POINT ( 'NONE',  ( 2.000000000000000000, -7.793659086759224586, 25.85070362754900941 ) ) ;
#2921 = DIRECTION ( 'NONE',  ( 0.000000000000000000, 0.000000000000000000, 1.000000000000000000 ) ) ;
#2922 = AXIS2_PLACEMENT_3D ( 'NONE', #995, #3302, #3266 ) ;
#2923 = ORIENTED_EDGE ( 'NONE', *, *, #2046, .T. ) ;
#2924 = CARTESIAN_POINT ( 'NONE',  ( 2.000000000000000000, 7.800754436723295271, 22.15935736552086510 ) ) ;
#2925 = CARTESIAN_POINT ( 'NONE',  ( 2.000000000000000000, -5.141558466031329822, 21.90363845438426793 ) ) ;
#2926 = EDGE_LOOP ( 'NONE', ( #1943, #1250, #2856, #1425 ) ) ;
#2927 = DIRECTION ( 'NONE',  ( 0.000000000000000000, 0.2486898871648553500, -0.9685831611286308540 ) ) ;
#2928 = ORIENTED_EDGE ( 'NONE', *, *, #2318, .T. ) ;
#2929 = ADVANCED_FACE ( 'NONE', ( #275 ), #1147, .T. ) ;
#2930 = DIRECTION ( 'NONE',  ( 1.000000000000000000, 0.000000000000000000, -0.000000000000000000 ) ) ;
#2931 = ORIENTED_EDGE ( 'NONE', *, *, #1242, .T. ) ;
#2932 = ORIENTED_EDGE ( 'NONE', *, *, #402, .F. ) ;
#2933 = LINE ( 'NONE', #1409, #97 ) ;
#2934 = ADVANCED_FACE ( 'NONE', ( #727 ), #1805, .T. ) ;
#2935 = VECTOR ( 'NONE', #3191, 1000.000000000000000 ) ;
#2936 = CARTESIAN_POINT ( 'NONE',  ( 2.000000000000000000, 7.846269576128878320, 21.08651357476419008 ) ) ;
#2937 = CARTESIAN_POINT ( 'NONE',  ( 2.000000000000000000, -10.42724032787663546, -19.93684177959746506 ) ) ;
#2938 = DIRECTION ( 'NONE',  ( -1.000000000000000000, 0.000000000000000000, -0.000000000000000000 ) ) ;
#2939 = AXIS2_PLACEMENT_3D ( 'NONE', #3206, #276, #899 ) ;
#2940 = VERTEX_POINT ( 'NONE', #2972 ) ;
#2941 = CARTESIAN_POINT ( 'NONE',  ( 0.9999999999999991118, 12.01469138739368070, 24.17947871368794210 ) ) ;
#2942 = CARTESIAN_POINT ( 'NONE',  ( 2.000000000000000000, -5.141558466031033170, -21.90363845438434609 ) ) ;
#2943 = EDGE_CURVE ( 'NONE', #1102, #1265, #911, .T. ) ;
#2944 = ADVANCED_FACE ( 'NONE', ( #3622 ), #64, .T. ) ;
#2945 = ORIENTED_EDGE ( 'NONE', *, *, #719, .T. ) ;
#2946 = CARTESIAN_POINT ( 'NONE',  ( 2.000000000000000000, -15.41036156541595048, -17.73160018323424580 ) ) ;
#2947 = EDGE_LOOP ( 'NONE', ( #791, #2394 ) ) ;
#2948 = EDGE_CURVE ( 'NONE', #2081, #2481, #355, .T. ) ;
#2949 = DIRECTION ( 'NONE',  ( -1.000000000000000000, 0.000000000000000000, 0.000000000000000000 ) ) ;
#2950 = ORIENTED_EDGE ( 'NONE', *, *, #1560, .T. ) ;
#2951 = DIRECTION ( 'NONE',  ( 0.000000000000000000, 0.000000000000000000, -1.000000000000000000 ) ) ;
#2952 = DIRECTION ( 'NONE',  ( 0.000000000000000000, -0.1253332335643113360, 0.9921147013144769877 ) ) ;
#2953 = AXIS2_PLACEMENT_3D ( 'NONE', #2987, #1786, #1613 ) ;
#2954 = AXIS2_PLACEMENT_3D ( 'NONE', #1913, #1571, #468 ) ;
#2955 = EDGE_LOOP ( 'NONE', ( #1784, #1261, #624, #2286 ) ) ;
#2956 = DIRECTION ( 'NONE',  ( 0.000000000000000000, -0.1253332335643113360, 0.9921147013144768767 ) ) ;
#2957 = CARTESIAN_POINT ( 'NONE',  ( 0.000000000000000000, 0.000000000000000000, 0.000000000000000000 ) ) ;
#2958 = EDGE_CURVE ( 'NONE', #3268, #2177, #3545, .T. ) ;
#2959 = EDGE_LOOP ( 'NONE', ( #58, #3180, #921, #543 ) ) ;
#2960 = CARTESIAN_POINT ( 'NONE',  ( 0.000000000000000000, 0.000000000000000000, 0.000000000000000000 ) ) ;
#2961 = DIRECTION ( 'NONE',  ( 0.000000000000000000, -0.9510565162951499785, -0.3090169943749582204 ) ) ;
#2962 = ORIENTED_EDGE ( 'NONE', *, *, #3704, .F. ) ;
#2963 = CYLINDRICAL_SURFACE ( 'NONE', #420, 9.999999999999998224 ) ;
#2964 = ORIENTED_EDGE ( 'NONE', *, *, #3556, .T. ) ;
#2965 = DIRECTION ( 'NONE',  ( -1.000000000000000000, 0.000000000000000000, -0.000000000000000000 ) ) ;
#2966 = ORIENTED_EDGE ( 'NONE', *, *, #2325, .F. ) ;
#2967 = CYLINDRICAL_SURFACE ( 'NONE', #3601, 22.49899999999999878 ) ;
#2968 = DIRECTION ( 'NONE',  ( -1.000000000000000000, 0.000000000000000000, 0.000000000000000000 ) ) ;
#2969 = AXIS2_PLACEMENT_3D ( 'NONE', #3233, #336, #1495 ) ;
#2970 = VECTOR ( 'NONE', #3044, 1000.000000000000000 ) ;
#2971 = ORIENTED_EDGE ( 'NONE', *, *, #415, .T. ) ;
#2972 = CARTESIAN_POINT ( 'NONE',  ( 0.000000000000000000, 25.31032526587978637, -9.401459191815241923 ) ) ;
#2973 = CARTESIAN_POINT ( 'NONE',  ( 2.000000000000000000, 0.000000000000000000, 0.000000000000000000 ) ) ;
#2974 = CIRCLE ( 'NONE', #3711, 9.999999999999996447 ) ;
#2975 = CIRCLE ( 'NONE', #110, 22.49899999999999878 ) ;
#2976 = CIRCLE ( 'NONE', #363, 22.49899999999999878 ) ;
#2977 = ORIENTED_EDGE ( 'NONE', *, *, #3309, .T. ) ;
#2978 = CARTESIAN_POINT ( 'NONE',  ( 0.000000000000000000, -26.99385324196857994, -0.5760964772177409321 ) ) ;
#2979 = DIRECTION ( 'NONE',  ( -1.000000000000000000, -0.000000000000000000, -0.000000000000000000 ) ) ;
#2980 = FACE_OUTER_BOUND ( 'NONE', #895, .T. ) ;
#2981 = EDGE_LOOP ( 'NONE', ( #1298, #3653, #1827, #2050 ) ) ;
#2982 = CARTESIAN_POINT ( 'NONE',  ( 2.000000000000000000, -19.28330697039769603, -18.89852037291310438 ) ) ;
#2983 = VERTEX_POINT ( 'NONE', #2153 ) ;
#2984 = DIRECTION ( 'NONE',  ( -1.000000000000000000, -0.000000000000000000, -0.000000000000000000 ) ) ;
#2985 = ORIENTED_EDGE ( 'NONE', *, *, #495, .T. ) ;
#2986 = DIRECTION ( 'NONE',  ( -1.000000000000000000, 0.000000000000000000, 0.000000000000000000 ) ) ;
#2987 = CARTESIAN_POINT ( 'NONE',  ( 0.000000000000000000, 0.000000000000000000, 0.000000000000000000 ) ) ;
#2988 = EDGE_CURVE ( 'NONE', #2529, #3067, #3279, .T. ) ;
#2989 = ORIENTED_EDGE ( 'NONE', *, *, #618, .F. ) ;
#2990 = DIRECTION ( 'NONE',  ( -1.000000000000000000, 0.000000000000000000, -0.000000000000000000 ) ) ;
#2991 = DIRECTION ( 'NONE',  ( 0.000000000000000000, 0.000000000000000000, 1.000000000000000000 ) ) ;
#2992 =( GEOMETRIC_REPRESENTATION_CONTEXT ( 3 ) GLOBAL_UNCERTAINTY_ASSIGNED_CONTEXT ( ( #2122 ) ) GLOBAL_UNIT_ASSIGNED_CONTEXT ( ( #868, #2067, #296 ) ) REPRESENTATION_CONTEXT ( 'NONE', 'WORKASPACE' ) );
#2993 = EDGE_CURVE ( 'NONE', #2081, #1455, #100, .T. ) ;
#2994 = VECTOR ( 'NONE', #2828, 1000.000000000000000 ) ;
#2995 = EDGE_LOOP ( 'NONE', ( #1980, #2966, #2210, #2565 ) ) ;
#2996 = DIRECTION ( 'NONE',  ( -1.000000000000000000, -0.000000000000000000, -0.000000000000000000 ) ) ;
#2997 = DIRECTION ( 'NONE',  ( 0.000000000000000000, 0.000000000000000000, 1.000000000000000000 ) ) ;
#2998 = ADVANCED_FACE ( 'NONE', ( #1222 ), #81, .T. ) ;
#2999 = AXIS2_PLACEMENT_3D ( 'NONE', #3244, #1756, #881 ) ;
#3000 = ORIENTED_EDGE ( 'NONE', *, *, #406, .F. ) ;
#3001 = DIRECTION ( 'NONE',  ( -1.000000000000000000, -0.000000000000000000, 0.000000000000000000 ) ) ;
#3002 = CIRCLE ( 'NONE', #577, 27.00000000000000000 ) ;
#3003 = DIRECTION ( 'NONE',  ( -1.000000000000000000, 0.000000000000000000, 0.000000000000000000 ) ) ;
#3004 = EDGE_CURVE ( 'NONE', #3200, #1155, #1846, .T. ) ;
#3005 = CIRCLE ( 'NONE', #3498, 27.00000000000000000 ) ;
#3006 = DIRECTION ( 'NONE',  ( -1.000000000000000000, -0.000000000000000000, -0.000000000000000000 ) ) ;
#3007 = EDGE_LOOP ( 'NONE', ( #1168, #499, #784, #3334 ) ) ;
#3008 = CARTESIAN_POINT ( 'NONE',  ( 2.000000000000000000, -23.37178570732658756, 2.376661836636957847 ) ) ;
#3009 = AXIS2_PLACEMENT_3D ( 'NONE', #2180, #1236, #1305 ) ;
#3010 = EDGE_LOOP ( 'NONE', ( #2416, #715, #906, #3555 ) ) ;
#3011 = DIRECTION ( 'NONE',  ( 0.000000000000000000, -0.2486898871648415554, -0.9685831611286345177 ) ) ;
#3012 = CARTESIAN_POINT ( 'NONE',  ( 2.000000000000000000, -14.52991098664018921, -18.45997224687065952 ) ) ;
#3013 = EDGE_CURVE ( 'NONE', #379, #777, #425, .T. ) ;
#3014 = AXIS2_PLACEMENT_3D ( 'NONE', #3715, #3385, #2280 ) ;
#3015 = ORIENTED_EDGE ( 'NONE', *, *, #3263, .T. ) ;
#3016 = DIRECTION ( 'NONE',  ( -1.000000000000000000, 0.000000000000000000, 0.000000000000000000 ) ) ;
#3017 = DIRECTION ( 'NONE',  ( -1.000000000000000000, -0.000000000000000000, -0.000000000000000000 ) ) ;
#3018 = CARTESIAN_POINT ( 'NONE',  ( 2.000000000000000000, -10.42724032787691257, 19.93684177959731940 ) ) ;
#3019 = ORIENTED_EDGE ( 'NONE', *, *, #3675, .T. ) ;
#3020 = CARTESIAN_POINT ( 'NONE',  ( 2.000000000000000000, -23.22856984560565863, 3.510332115732296643 ) ) ;
#3021 = EDGE_CURVE ( 'NONE', #226, #1885, #56, .T. ) ;
#3022 = CARTESIAN_POINT ( 'NONE',  ( 1.000000000000000000, 4.492251481453591211, 26.62366760285626199 ) ) ;
#3023 = ORIENTED_EDGE ( 'NONE', *, *, #646, .F. ) ;
#3024 = CARTESIAN_POINT ( 'NONE',  ( 2.000000000000000000, -22.18325775457730131, 3.756071936742659378 ) ) ;
#3025 = EDGE_CURVE ( 'NONE', #746, #2530, #482, .T. ) ;
#3026 = ORIENTED_EDGE ( 'NONE', *, *, #2452, .T. ) ;
#3027 = CARTESIAN_POINT ( 'NONE',  ( 0.000000000000000000, -1.119998386744853747, 26.97676043585828864 ) ) ;
#3028 = DIRECTION ( 'NONE',  ( -1.000000000000000000, -0.000000000000000000, -0.000000000000000000 ) ) ;
#3029 = AXIS2_PLACEMENT_3D ( 'NONE', #245, #1673, #1693 ) ;
#3030 = ORIENTED_EDGE ( 'NONE', *, *, #2167, .T. ) ;
#3031 = CARTESIAN_POINT ( 'NONE',  ( 2.000000000000000000, 6.714000551477021794, -22.51246510779502685 ) ) ;
#3032 = LINE ( 'NONE', #142, #3716 ) ;
#3033 = CARTESIAN_POINT ( 'NONE',  ( 2.000000000000000000, 22.88961748313567313, 4.712817374948004456 ) ) ;
#3034 = CIRCLE ( 'NONE', #1268, 10.00000000000000178 ) ;
#3035 = AXIS2_PLACEMENT_3D ( 'NONE', #979, #2158, #712 ) ;
#3036 = ORIENTED_EDGE ( 'NONE', *, *, #2597, .F. ) ;
#3037 = CARTESIAN_POINT ( 'NONE',  ( 2.000000000000000000, -14.95044421027564674, 22.48297618011092425 ) ) ;
#3038 = DIRECTION ( 'NONE',  ( 1.000000000000000000, 0.000000000000000000, 0.000000000000000000 ) ) ;
#3039 = AXIS2_PLACEMENT_3D ( 'NONE', #2291, #2330, #3169 ) ;
#3040 = CYLINDRICAL_SURFACE ( 'NONE', #2240, 22.49899999999999878 ) ;
#3041 = ORIENTED_EDGE ( 'NONE', *, *, #1127, .F. ) ;
#3042 = CARTESIAN_POINT ( 'NONE',  ( 0.000000000000000000, -3.282766945651697021, 22.25822190069405693 ) ) ;
#3043 = ORIENTED_EDGE ( 'NONE', *, *, #924, .T. ) ;
#3044 = DIRECTION ( 'NONE',  ( -1.000000000000000000, -0.000000000000000000, 0.000000000000000000 ) ) ;
#3045 = DIRECTION ( 'NONE',  ( -1.000000000000000000, 0.000000000000000000, 0.000000000000000000 ) ) ;
#3046 = ORIENTED_EDGE ( 'NONE', *, *, #1200, .T. ) ;
#3047 = DIRECTION ( 'NONE',  ( 0.000000000000000000, 0.000000000000000000, 1.000000000000000000 ) ) ;
#3048 = DIRECTION ( 'NONE',  ( -1.000000000000000000, -0.000000000000000000, -0.000000000000000000 ) ) ;
#3049 = VECTOR ( 'NONE', #2986, 1000.000000000000000 ) ;
#3050 = VECTOR ( 'NONE', #1199, 1000.000000000000000 ) ;
#3051 = ORIENTED_EDGE ( 'NONE', *, *, #1651, .F. ) ;
#3052 = DIRECTION ( 'NONE',  ( 0.000000000000000000, 0.000000000000000000, 1.000000000000000000 ) ) ;
#3053 = EDGE_CURVE ( 'NONE', #2738, #1213, #1882, .T. ) ;
#3054 = DIRECTION ( 'NONE',  ( 0.000000000000000000, 0.3681245526846719240, 0.9297764858882536787 ) ) ;
#3055 = DIRECTION ( 'NONE',  ( 0.000000000000000000, 0.000000000000000000, -1.000000000000000000 ) ) ;
#3056 = EDGE_CURVE ( 'NONE', #1656, #270, #3220, .T. ) ;
#3057 = AXIS2_PLACEMENT_3D ( 'NONE', #2822, #1602, #3417 ) ;
#3058 = CARTESIAN_POINT ( 'NONE',  ( 0.000000000000000000, -18.74210713104672976, -12.44742629174269410 ) ) ;
#3059 = ORIENTED_EDGE ( 'NONE', *, *, #3263, .F. ) ;
#3060 = DIRECTION ( 'NONE',  ( 0.000000000000000000, -0.9048270524660233516, 0.4257792915650641663 ) ) ;
#3061 = AXIS2_PLACEMENT_3D ( 'NONE', #171, #1336, #3739 ) ;
#3062 = EDGE_CURVE ( 'NONE', #1062, #3510, #2664, .T. ) ;
#3063 = ORIENTED_EDGE ( 'NONE', *, *, #244, .F. ) ;
#3064 = CARTESIAN_POINT ( 'NONE',  ( 2.000000000000000000, 23.48536690928489179, 0.5713403286904776834 ) ) ;
#3065 = LINE ( 'NONE', #458, #692 ) ;
#3066 = APPLICATION_CONTEXT ( 'automotive_design' ) ;
#3067 = VERTEX_POINT ( 'NONE', #3316 ) ;
#3068 = CARTESIAN_POINT ( 'NONE',  ( 0.000000000000000000, -26.99385324196858704, 0.5760964772173662318 ) ) ;
#3069 = CARTESIAN_POINT ( 'NONE',  ( 0.9999999999999991118, 4.492251481453974904, -26.62366760285619094 ) ) ;
#3070 = CARTESIAN_POINT ( 'NONE',  ( 0.9999999999999991118, -2.269917751577470000, -26.90441364165132043 ) ) ;
#3071 = AXIS2_PLACEMENT_3D ( 'NONE', #2361, #2620, #251 ) ;
#3072 = EDGE_CURVE ( 'NONE', #1416, #746, #2424, .T. ) ;
#3073 = AXIS2_PLACEMENT_3D ( 'NONE', #202, #3767, #281 ) ;
#3074 = ORIENTED_EDGE ( 'NONE', *, *, #580, .T. ) ;
#3075 = DIRECTION ( 'NONE',  ( -1.000000000000000000, -0.000000000000000000, 0.000000000000000000 ) ) ;
#3076 = FACE_BOUND ( 'NONE', #1512, .T. ) ;
#3077 = CARTESIAN_POINT ( 'NONE',  ( 0.9999999999999991118, -26.28906107206362108, 6.155100969871188710 ) ) ;
#3078 = DIRECTION ( 'NONE',  ( -1.000000000000000000, 0.000000000000000000, -0.000000000000000000 ) ) ;
#3079 = ORIENTED_EDGE ( 'NONE', *, *, #1408, .F. ) ;
#3080 = ORIENTED_EDGE ( 'NONE', *, *, #1522, .T. ) ;
#3081 = ORIENTED_EDGE ( 'NONE', *, *, #2429, .F. ) ;
#3082 = CARTESIAN_POINT ( 'NONE',  ( 0.000000000000000000, 0.000000000000000000, 0.000000000000000000 ) ) ;
#3083 = FACE_OUTER_BOUND ( 'NONE', #644, .T. ) ;
#3084 = ORIENTED_EDGE ( 'NONE', *, *, #3248, .T. ) ;
#3085 = DIRECTION ( 'NONE',  ( 1.000000000000000000, 0.000000000000000000, 0.000000000000000000 ) ) ;
#3086 = CARTESIAN_POINT ( 'NONE',  ( 2.000000000000000000, 0.000000000000000000, 0.000000000000000000 ) ) ;
#3087 = CARTESIAN_POINT ( 'NONE',  ( 0.000000000000000000, 2.355761907506015884, 22.37532987097941017 ) ) ;
#3088 = AXIS2_PLACEMENT_3D ( 'NONE', #3292, #3635, #2449 ) ;
#3089 = EDGE_CURVE ( 'NONE', #2825, #1817, #2719, .T. ) ;
#3090 = CIRCLE ( 'NONE', #298, 9.999999999999998224 ) ;
#3091 = VERTEX_POINT ( 'NONE', #3027 ) ;
#3092 = AXIS2_PLACEMENT_3D ( 'NONE', #2473, #3642, #1024 ) ;
#3093 = CARTESIAN_POINT ( 'NONE',  ( 2.000000000000000000, 5.624035930975010977, -26.40776817239772001 ) ) ;
#3094 = DIRECTION ( 'NONE',  ( 0.000000000000000000, 0.000000000000000000, 1.000000000000000000 ) ) ;
#3095 = DIRECTION ( 'NONE',  ( -1.000000000000000000, 0.000000000000000000, -0.000000000000000000 ) ) ;
#3096 = EDGE_CURVE ( 'NONE', #688, #450, #1938, .T. ) ;
#3097 = AXIS2_PLACEMENT_3D ( 'NONE', #2960, #2387, #2315 ) ;
#3098 = AXIS2_PLACEMENT_3D ( 'NONE', #3150, #544, #2912 ) ;
#3099 = FACE_OUTER_BOUND ( 'NONE', #2187, .T. ) ;
#3100 = ORIENTED_EDGE ( 'NONE', *, *, #55, .F. ) ;
#3101 = AXIS2_PLACEMENT_3D ( 'NONE', #1909, #2235, #1666 ) ;
#3102 = ORIENTED_EDGE ( 'NONE', *, *, #2587, .F. ) ;
#3103 = VERTEX_POINT ( 'NONE', #2494 ) ;
#3104 = VERTEX_POINT ( 'NONE', #3701 ) ;
#3105 = DIRECTION ( 'NONE',  ( -1.000000000000000000, -0.000000000000000000, 0.000000000000000000 ) ) ;
#3106 = CARTESIAN_POINT ( 'NONE',  ( 2.000000000000000000, 0.000000000000000000, 0.000000000000000000 ) ) ;
#3107 = EDGE_CURVE ( 'NONE', #1334, #3149, #663, .T. ) ;
#3108 = ORIENTED_EDGE ( 'NONE', *, *, #3570, .T. ) ;
#3109 = FACE_OUTER_BOUND ( 'NONE', #228, .T. ) ;
#3110 = LINE ( 'NONE', #3069, #2546 ) ;
#3111 = CARTESIAN_POINT ( 'NONE',  ( 2.000000000000000000, -4.961939245689758415, 22.96231799181010302 ) ) ;
#3112 = PRODUCT ( 'spur gear_am_Metric - Spur gear 2M 25T 20PA 2FW ---S25N75H50L8N', 'spur gear_am_Metric - Spur gear 2M 25T 20PA 2FW ---S25N75H50L8N', '', ( #1615 ) ) ;
#3113 = ADVANCED_FACE ( 'NONE', ( #500 ), #1660, .T. ) ;
#3114 = VERTEX_POINT ( 'NONE', #2250 ) ;
#3115 = ADVANCED_FACE ( 'NONE', ( #3721 ), #3662, .T. ) ;
#3116 = FACE_BOUND ( 'NONE', #2947, .T. ) ;
#3117 = DIRECTION ( 'NONE',  ( -1.000000000000000000, -0.000000000000000000, -0.000000000000000000 ) ) ;
#3118 = AXIS2_PLACEMENT_3D ( 'NONE', #1992, #722, #553 ) ;
#3119 = DIRECTION ( 'NONE',  ( -1.000000000000000000, -0.000000000000000000, -0.000000000000000000 ) ) ;
#3120 = CIRCLE ( 'NONE', #1354, 9.999999999999998224 ) ;
#3121 = VERTEX_POINT ( 'NONE', #1390 ) ;
#3122 = AXIS2_PLACEMENT_3D ( 'NONE', #3761, #3478, #864 ) ;
#3123 = ORIENTED_EDGE ( 'NONE', *, *, #2561, .T. ) ;
#3124 = VERTEX_POINT ( 'NONE', #1921 ) ;
#3125 = EDGE_LOOP ( 'NONE', ( #1853, #1959, #2215, #2161 ) ) ;
#3126 = DIRECTION ( 'NONE',  ( 0.000000000000000000, 0.000000000000000000, 1.000000000000000000 ) ) ;
#3127 = CARTESIAN_POINT ( 'NONE',  ( 0.9999999999999991118, 24.88617474992194190, -10.47274110805513381 ) ) ;
#3128 = AXIS2_PLACEMENT_3D ( 'NONE', #1904, #231, #2550 ) ;
#3129 = ORIENTED_EDGE ( 'NONE', *, *, #3607, .T. ) ;
#3130 = DIRECTION ( 'NONE',  ( -1.000000000000000000, 0.000000000000000000, -0.000000000000000000 ) ) ;
#3131 = CARTESIAN_POINT ( 'NONE',  ( 0.000000000000000000, -22.18325775457725513, -3.756071936742966244 ) ) ;
#3132 = CARTESIAN_POINT ( 'NONE',  ( 2.000000000000000000, -21.62581751178128897, 9.176758991171979574 ) ) ;
#3133 = EDGE_CURVE ( 'NONE', #16, #3200, #602, .T. ) ;
#3134 = ORIENTED_EDGE ( 'NONE', *, *, #1590, .F. ) ;
#3135 = DIRECTION ( 'NONE',  ( 0.000000000000000000, 0.9510565162951544194, -0.3090169943749446757 ) ) ;
#3136 = DIRECTION ( 'NONE',  ( -1.000000000000000000, -0.000000000000000000, 0.000000000000000000 ) ) ;
#3137 = VECTOR ( 'NONE', #3095, 1000.000000000000000 ) ;
#3138 = CARTESIAN_POINT ( 'NONE',  ( 0.000000000000000000, -3.839498604290179085, 23.17643499554183251 ) ) ;
#3139 = EDGE_CURVE ( 'NONE', #2111, #2940, #2789, .T. ) ;
#3140 = AXIS2_PLACEMENT_3D ( 'NONE', #554, #1712, #2579 ) ;
#3141 = DIRECTION ( 'NONE',  ( 0.000000000000000000, 0.000000000000000000, 1.000000000000000000 ) ) ;
#3142 = VERTEX_POINT ( 'NONE', #799 ) ;
#3143 = EDGE_CURVE ( 'NONE', #3212, #1764, #2545, .T. ) ;
#3144 = ORIENTED_EDGE ( 'NONE', *, *, #3276, .F. ) ;
#3145 = ORIENTED_EDGE ( 'NONE', *, *, #2561, .F. ) ;
#3146 = DIRECTION ( 'NONE',  ( 0.000000000000000000, 0.000000000000000000, 1.000000000000000000 ) ) ;
#3147 = FACE_OUTER_BOUND ( 'NONE', #125, .T. ) ;
#3148 = EDGE_CURVE ( 'NONE', #2865, #3422, #1211, .T. ) ;
#3149 = VERTEX_POINT ( 'NONE', #479 ) ;
#3150 = CARTESIAN_POINT ( 'NONE',  ( 0.000000000000000000, 2.044871308632550289, 23.40314914634467769 ) ) ;
#3151 = DIRECTION ( 'NONE',  ( 0.000000000000000000, 0.8443279255020162966, -0.5358267949789946583 ) ) ;
#3152 = FACE_OUTER_BOUND ( 'NONE', #151, .T. ) ;
#3153 = ORIENTED_EDGE ( 'NONE', *, *, #1286, .T. ) ;
#3154 = LINE ( 'NONE', #792, #904 ) ;
#3155 = CARTESIAN_POINT ( 'NONE',  ( -10.00000000000000000, 0.000000000000000000, 0.000000000000000000 ) ) ;
#3156 = AXIS2_PLACEMENT_3D ( 'NONE', #2774, #399, #1326 ) ;
#3157 = DIRECTION ( 'NONE',  ( 0.000000000000000000, 0.000000000000000000, 1.000000000000000000 ) ) ;
#3158 = CIRCLE ( 'NONE', #2969, 10.00000000000000000 ) ;
#3159 = VECTOR ( 'NONE', #612, 1000.000000000000000 ) ;
#3160 = CARTESIAN_POINT ( 'NONE',  ( 2.000000000000000000, -19.33588636798659977, -13.34212827847311722 ) ) ;
#3161 = ORIENTED_EDGE ( 'NONE', *, *, #917, .T. ) ;
#3162 = CIRCLE ( 'NONE', #2307, 9.999999999999998224 ) ;
#3163 = AXIS2_PLACEMENT_3D ( 'NONE', #3321, #2724, #409 ) ;
#3164 = EDGE_LOOP ( 'NONE', ( #2764, #2344, #1380, #3472 ) ) ;
#3165 = ORIENTED_EDGE ( 'NONE', *, *, #834, .F. ) ;
#3166 = DIRECTION ( 'NONE',  ( 0.000000000000000000, 0.000000000000000000, 1.000000000000000000 ) ) ;
#3167 = ORIENTED_EDGE ( 'NONE', *, *, #998, .F. ) ;
#3168 = CARTESIAN_POINT ( 'NONE',  ( 0.000000000000000000, -14.52991098664044145, 18.45997224687045701 ) ) ;
#3169 = DIRECTION ( 'NONE',  ( 0.000000000000000000, -0.3681245526846854688, 0.9297764858882483496 ) ) ;
#3170 = DIRECTION ( 'NONE',  ( 0.000000000000000000, 0.000000000000000000, -1.000000000000000000 ) ) ;
#3171 = ORIENTED_EDGE ( 'NONE', *, *, #3679, .T. ) ;
#3172 = CARTESIAN_POINT ( 'NONE',  ( 0.000000000000000000, -8.715027478441816911, 20.74254798837413460 ) ) ;
#3173 = CARTESIAN_POINT ( 'NONE',  ( 0.000000000000000000, 0.000000000000000000, 0.000000000000000000 ) ) ;
#3174 = DIRECTION ( 'NONE',  ( -1.000000000000000000, -0.000000000000000000, -0.000000000000000000 ) ) ;
#3175 = EDGE_CURVE ( 'NONE', #1764, #86, #3034, .T. ) ;
#3176 = DIRECTION ( 'NONE',  ( 0.000000000000000000, -0.3681245526846854688, 0.9297764858882483496 ) ) ;
#3177 = ORIENTED_EDGE ( 'NONE', *, *, #2988, .F. ) ;
#3178 = EDGE_CURVE ( 'NONE', #1845, #918, #3405, .T. ) ;
#3179 = CIRCLE ( 'NONE', #1415, 27.00000000000000000 ) ;
#3180 = ORIENTED_EDGE ( 'NONE', *, *, #2297, .F. ) ;
#3181 = VERTEX_POINT ( 'NONE', #1065 ) ;
#3182 = CARTESIAN_POINT ( 'NONE',  ( 2.000000000000000000, -15.05774033121435806, -16.71734001322341001 ) ) ;
#3183 = CIRCLE ( 'NONE', #3368, 9.999999999999996447 ) ;
#3184 = VERTEX_POINT ( 'NONE', #3416 ) ;
#3185 = DIRECTION ( 'NONE',  ( 0.000000000000000000, 0.000000000000000000, -1.000000000000000000 ) ) ;
#3186 = LINE ( 'NONE', #581, #730 ) ;
#3187 = CARTESIAN_POINT ( 'NONE',  ( 0.000000000000000000, 21.53757550003239274, 6.506753613008893211 ) ) ;
#3188 = VECTOR ( 'NONE', #2568, 1000.000000000000000 ) ;
#3189 = EDGE_LOOP ( 'NONE', ( #665, #1532, #440, #3705 ) ) ;
#3190 = DIRECTION ( 'NONE',  ( 0.000000000000000000, -0.5877852522924802425, 0.8090169943749421222 ) ) ;
#3191 = DIRECTION ( 'NONE',  ( -1.000000000000000000, 0.000000000000000000, -0.000000000000000000 ) ) ;
#3192 = ADVANCED_FACE ( 'NONE', ( #2231 ), #1961, .T. ) ;
#3193 = AXIS2_PLACEMENT_3D ( 'NONE', #933, #2095, #3257 ) ;
#3194 = ORIENTED_EDGE ( 'NONE', *, *, #3625, .T. ) ;
#3195 = DIRECTION ( 'NONE',  ( 0.000000000000000000, 0.000000000000000000, 1.000000000000000000 ) ) ;
#3196 = ORIENTED_EDGE ( 'NONE', *, *, #971, .F. ) ;
#3197 = AXIS2_PLACEMENT_3D ( 'NONE', #242, #1403, #3157 ) ;
#3198 = CARTESIAN_POINT ( 'NONE',  ( 2.000000000000001776, 0.000000000000000000, 0.000000000000000000 ) ) ;
#3199 = CIRCLE ( 'NONE', #3259, 9.999999999999998224 ) ;
#3200 = VERTEX_POINT ( 'NONE', #3392 ) ;
#3201 = ORIENTED_EDGE ( 'NONE', *, *, #2853, .T. ) ;
#3202 = DIRECTION ( 'NONE',  ( -1.000000000000000000, 0.000000000000000000, 0.000000000000000000 ) ) ;
#3203 = ADVANCED_FACE ( 'NONE', ( #1680 ), #2842, .T. ) ;
#3204 = CARTESIAN_POINT ( 'NONE',  ( 0.000000000000000000, 0.000000000000000000, 0.000000000000000000 ) ) ;
#3205 = DIRECTION ( 'NONE',  ( -1.000000000000000000, 0.000000000000000000, -0.000000000000000000 ) ) ;
#3206 = CARTESIAN_POINT ( 'NONE',  ( 2.000000000000000000, 16.72898631184420992, 16.49332912462039147 ) ) ;
#3207 = ADVANCED_FACE ( 'NONE', ( #1601 ), #2761, .T. ) ;
#3208 = VERTEX_POINT ( 'NONE', #2188 ) ;
#3209 = DIRECTION ( 'NONE',  ( -1.000000000000000000, 0.000000000000000000, 0.000000000000000000 ) ) ;
#3210 = DIRECTION ( 'NONE',  ( -1.000000000000000000, 0.000000000000000000, -0.000000000000000000 ) ) ;
#3211 = AXIS2_PLACEMENT_3D ( 'NONE', #1233, #3574, #2342 ) ;
#3212 = VERTEX_POINT ( 'NONE', #3352 ) ;
#3213 = CARTESIAN_POINT ( 'NONE',  ( 2.000000000000000000, -23.93243051059745952, 12.49955078614522641 ) ) ;
#3214 = VERTEX_POINT ( 'NONE', #742 ) ;
#3215 = AXIS2_PLACEMENT_3D ( 'NONE', #352, #2107, #659 ) ;
#3216 = DIRECTION ( 'NONE',  ( 0.000000000000000000, 0.3681245526846719240, 0.9297764858882536787 ) ) ;
#3217 = ORIENTED_EDGE ( 'NONE', *, *, #40, .T. ) ;
#3218 = VERTEX_POINT ( 'NONE', #1903 ) ;
#3219 = CIRCLE ( 'NONE', #2004, 9.999999999999998224 ) ;
#3220 = CIRCLE ( 'NONE', #299, 10.00000000000000178 ) ;
#3221 = LINE ( 'NONE', #2916, #3159 ) ;
#3222 = CIRCLE ( 'NONE', #178, 22.49900000000000588 ) ;
#3223 = ADVANCED_FACE ( 'NONE', ( #1620 ), #2780, .F. ) ;
#3224 = DIRECTION ( 'NONE',  ( -1.000000000000000000, 0.000000000000000000, -0.000000000000000000 ) ) ;
#3225 = DIRECTION ( 'NONE',  ( -1.000000000000000000, 0.000000000000000000, 0.000000000000000000 ) ) ;
#3226 = CARTESIAN_POINT ( 'NONE',  ( 0.000000000000000000, 0.000000000000000000, 0.000000000000000000 ) ) ;
#3227 = VECTOR ( 'NONE', #3379, 1000.000000000000000 ) ;
#3228 = EDGE_CURVE ( 'NONE', #2334, #1430, #1636, .T. ) ;
#3229 = ORIENTED_EDGE ( 'NONE', *, *, #3178, .F. ) ;
#3230 = DIRECTION ( 'NONE',  ( -1.000000000000000000, -0.000000000000000000, -0.000000000000000000 ) ) ;
#3231 = CARTESIAN_POINT ( 'NONE',  ( 0.000000000000000000, 22.60544435938623664, -6.393963868338249590 ) ) ;
#3232 = EDGE_LOOP ( 'NONE', ( #2749, #24, #798, #1356 ) ) ;
#3233 = CARTESIAN_POINT ( 'NONE',  ( 2.000000000000000000, -22.04646631764096298, -8.114321385060144110 ) ) ;
#3234 = ORIENTED_EDGE ( 'NONE', *, *, #1682, .T. ) ;
#3235 = EDGE_CURVE ( 'NONE', #3268, #1180, #1089, .T. ) ;
#3236 = CARTESIAN_POINT ( 'NONE',  ( 0.000000000000000000, -5.141558466031329822, 21.90363845438426793 ) ) ;
#3237 = ORIENTED_EDGE ( 'NONE', *, *, #513, .T. ) ;
#3238 = CARTESIAN_POINT ( 'NONE',  ( 2.000000000000000000, 21.49986500320993699, -16.33266067864475701 ) ) ;
#3239 = CARTESIAN_POINT ( 'NONE',  ( 2.000000000000000000, 12.10169028542899383, 20.13549057933467523 ) ) ;
#3240 = ADVANCED_FACE ( 'NONE', ( #2606 ), #1698, .T. ) ;
#3241 = AXIS2_PLACEMENT_3D ( 'NONE', #2014, #3136, #1597 ) ;
#3242 = ORIENTED_EDGE ( 'NONE', *, *, #1034, .T. ) ;
#3243 = CYLINDRICAL_SURFACE ( 'NONE', #3347, 9.999999999999998224 ) ;
#3244 = CARTESIAN_POINT ( 'NONE',  ( 2.000000000000000000, 0.000000000000000000, 0.000000000000000000 ) ) ;
#3245 = AXIS2_PLACEMENT_3D ( 'NONE', #3606, #3267, #3322 ) ;
#3246 = CIRCLE ( 'NONE', #2143, 9.999999999999996447 ) ;
#3247 = ORIENTED_EDGE ( 'NONE', *, *, #3499, .T. ) ;
#3248 = EDGE_CURVE ( 'NONE', #2530, #67, #2178, .T. ) ;
#3249 = CARTESIAN_POINT ( 'NONE',  ( 0.000000000000000000, 17.65041959699908602, -20.43190368149455338 ) ) ;
#3250 = AXIS2_PLACEMENT_3D ( 'NONE', #219, #2191, #747 ) ;
#3251 = EDGE_LOOP ( 'NONE', ( #1464, #2511, #2190, #1103 ) ) ;
#3252 = DIRECTION ( 'NONE',  ( -1.000000000000000000, 0.000000000000000000, 0.000000000000000000 ) ) ;
#3253 = ORIENTED_EDGE ( 'NONE', *, *, #2144, .T. ) ;
#3254 = LINE ( 'NONE', #94, #789 ) ;
#3255 = EDGE_LOOP ( 'NONE', ( #1696, #311, #1679, #3587, #2023, #1610, #1308, #949, #1857, #3517, #76, #3074, #1989, #1996, #610, #2437, #1068, #796, #3441, #2171, #3046, #3748, #797, #557, #497, #566, #3237, #2977, #1889, #1659, #3743, #2711, #2839, #1010, #1746, #2249, #3500, #3449, #1505, #3509, #3036, #2985, #574, #287, #1998, #1553, #1227, #1035, #1317, #2600, #2113, #384, #3414, #3272, #675, #1107, #1766, #3153, #1083, #3683, #2877, #454, #2945, #999, #1645, #2247, #2718, #1702, #961, #2589, #3201, #249, #3144, #2285, #2614, #2801, #3284, #3253, #1462, #1134, #2183, #466, #3129, #3123, #575, #857, #1694, #3377, #2971, #3349, #1477, #3080, #3026, #322, #3475, #112, #353, #232, #3467, #1023, #631, #3753, #1385, #509 ) ) ;
#3256 = DIRECTION ( 'NONE',  ( -1.000000000000000000, 0.000000000000000000, 0.000000000000000000 ) ) ;
#3257 = DIRECTION ( 'NONE',  ( 0.000000000000000000, 0.000000000000000000, 1.000000000000000000 ) ) ;
#3258 = CIRCLE ( 'NONE', #827, 27.00000000000000000 ) ;
#3259 = AXIS2_PLACEMENT_3D ( 'NONE', #3424, #2811, #3672 ) ;
#3260 = ORIENTED_EDGE ( 'NONE', *, *, #1188, .T. ) ;
#3261 = CARTESIAN_POINT ( 'NONE',  ( 1.000000000000000000, -20.07203732282768627, -18.05860785639393029 ) ) ;
#3262 = CYLINDRICAL_SURFACE ( 'NONE', #1237, 27.00000000000000000 ) ;
#3263 = EDGE_CURVE ( 'NONE', #3214, #2674, #3221, .T. ) ;
#3264 = VERTEX_POINT ( 'NONE', #1161 ) ;
#3265 = CYLINDRICAL_SURFACE ( 'NONE', #754, 22.49899999999999878 ) ;
#3266 = DIRECTION ( 'NONE',  ( 0.000000000000000000, 0.000000000000000000, 1.000000000000000000 ) ) ;
#3267 = DIRECTION ( 'NONE',  ( -1.000000000000000000, 0.000000000000000000, 0.000000000000000000 ) ) ;
#3268 = VERTEX_POINT ( 'NONE', #2021 ) ;
#3269 = CARTESIAN_POINT ( 'NONE',  ( 2.000000000000000000, -18.74210713104690740, 12.44742629174242410 ) ) ;
#3270 = ORIENTED_EDGE ( 'NONE', *, *, #3013, .T. ) ;
#3271 = CARTESIAN_POINT ( 'NONE',  ( 0.000000000000000000, -10.42724032787663546, -19.93684177959746506 ) ) ;
#3272 = ORIENTED_EDGE ( 'NONE', *, *, #3143, .T. ) ;
#3273 = DIRECTION ( 'NONE',  ( -1.000000000000000000, 0.000000000000000000, 0.000000000000000000 ) ) ;
#3274 = CARTESIAN_POINT ( 'NONE',  ( 0.000000000000000000, -17.62983549975479391, 13.97833685570588891 ) ) ;
#3275 = CIRCLE ( 'NONE', #960, 10.00000000000000000 ) ;
#3276 = EDGE_CURVE ( 'NONE', #2674, #1174, #2000, .T. ) ;
#3277 = AXIS2_PLACEMENT_3D ( 'NONE', #404, #3581, #649 ) ;
#3278 = EDGE_LOOP ( 'NONE', ( #860, #1735, #3670, #1049 ) ) ;
#3279 = LINE ( 'NONE', #2097, #1331 ) ;
#3280 = DIRECTION ( 'NONE',  ( 0.000000000000000000, 0.000000000000000000, 1.000000000000000000 ) ) ;
#3281 = CIRCLE ( 'NONE', #237, 9.999999999999998224 ) ;
#3282 = ADVANCED_FACE ( 'NONE', ( #308 ), #877, .T. ) ;
#3283 = CIRCLE ( 'NONE', #2185, 9.999999999999998224 ) ;
#3284 = ORIENTED_EDGE ( 'NONE', *, *, #1836, .F. ) ;
#3285 = DIRECTION ( 'NONE',  ( -1.000000000000000000, 0.000000000000000000, 0.000000000000000000 ) ) ;
#3286 = CARTESIAN_POINT ( 'NONE',  ( 0.000000000000000000, 0.000000000000000000, 0.000000000000000000 ) ) ;
#3287 = DIRECTION ( 'NONE',  ( -1.000000000000000000, 0.000000000000000000, 0.000000000000000000 ) ) ;
#3288 = ORIENTED_EDGE ( 'NONE', *, *, #1242, .F. ) ;
#3289 = DIRECTION ( 'NONE',  ( 0.000000000000000000, 0.4817536741017163782, -0.8763066800438630288 ) ) ;
#3290 = LINE ( 'NONE', #755, #1677 ) ;
#3291 =( NAMED_UNIT ( * ) SI_UNIT ( $, .STERADIAN. ) SOLID_ANGLE_UNIT ( ) );
#3292 = CARTESIAN_POINT ( 'NONE',  ( 0.000000000000000000, -15.41036156541595048, -17.73160018323424580 ) ) ;
#3293 = VERTEX_POINT ( 'NONE', #324 ) ;
#3294 = DIRECTION ( 'NONE',  ( 0.000000000000000000, 0.000000000000000000, 1.000000000000000000 ) ) ;
#3295 = VERTEX_POINT ( 'NONE', #3182 ) ;
#3296 = DIRECTION ( 'NONE',  ( -1.000000000000000000, -0.000000000000000000, 0.000000000000000000 ) ) ;
#3297 = CYLINDRICAL_SURFACE ( 'NONE', #2088, 27.00000000000000000 ) ;
#3298 = COLOUR_RGB ( '',0.7921568627450980005, 0.8196078431372548767, 0.9333333333333333481 ) ;
#3299 = AXIS2_PLACEMENT_3D ( 'NONE', #2257, #1033, #235 ) ;
#3300 = VERTEX_POINT ( 'NONE', #1771 ) ;
#3301 = CARTESIAN_POINT ( 'NONE',  ( 2.000000000000000000, 19.24276913903940311, -11.65850920408062841 ) ) ;
#3302 = DIRECTION ( 'NONE',  ( -1.000000000000000000, -0.000000000000000000, -0.000000000000000000 ) ) ;
#3303 = CARTESIAN_POINT ( 'NONE',  ( 2.000000000000000000, -15.05774033121459077, 16.71734001322319685 ) ) ;
#3304 = ADVANCED_FACE ( 'NONE', ( #1736 ), #2900, .T. ) ;
#3305 = VERTEX_POINT ( 'NONE', #1427 ) ;
#3306 = CARTESIAN_POINT ( 'NONE',  ( 0.000000000000000000, 0.000000000000000000, 0.000000000000000000 ) ) ;
#3307 = VECTOR ( 'NONE', #1245, 1000.000000000000000 ) ;
#3308 = CARTESIAN_POINT ( 'NONE',  ( 0.000000000000000000, 0.000000000000000000, 0.000000000000000000 ) ) ;
#3309 = EDGE_CURVE ( 'NONE', #1368, #2825, #2283, .T. ) ;
#3310 = AXIS2_PLACEMENT_3D ( 'NONE', #2765, #1665, #2255 ) ;
#3311 = CYLINDRICAL_SURFACE ( 'NONE', #350, 10.00000000000000178 ) ;
#3312 = ORIENTED_EDGE ( 'NONE', *, *, #2148, .F. ) ;
#3313 = CARTESIAN_POINT ( 'NONE',  ( 0.000000000000000000, 19.24276913903923614, 11.65850920408090197 ) ) ;
#3314 = AXIS2_PLACEMENT_3D ( 'NONE', #2773, #756, #3542 ) ;
#3315 = ORIENTED_EDGE ( 'NONE', *, *, #1869, .F. ) ;
#3316 = CARTESIAN_POINT ( 'NONE',  ( 0.000000000000000000, 15.73886882308601542, -16.07771778486271685 ) ) ;
#3317 = CYLINDRICAL_SURFACE ( 'NONE', #1117, 9.999999999999998224 ) ;
#3318 = AXIS2_PLACEMENT_3D ( 'NONE', #3020, #413, #3365 ) ;
#3319 = ORIENTED_EDGE ( 'NONE', *, *, #2541, .F. ) ;
#3320 = DIRECTION ( 'NONE',  ( -1.000000000000000000, 0.000000000000000000, 0.000000000000000000 ) ) ;
#3321 = CARTESIAN_POINT ( 'NONE',  ( 0.000000000000000000, -15.41036156541620805, 17.73160018323402554 ) ) ;
#3322 = DIRECTION ( 'NONE',  ( 0.000000000000000000, 0.9822872507286879440, 0.1873813145857285423 ) ) ;
#3323 = ORIENTED_EDGE ( 'NONE', *, *, #2634, .F. ) ;
#3324 = CARTESIAN_POINT ( 'NONE',  ( 0.000000000000000000, -3.839498604289850014, -23.17643499554187869 ) ) ;
#3325 = DIRECTION ( 'NONE',  ( -0.000000000000000000, 0.000000000000000000, 1.000000000000000000 ) ) ;
#3326 = DIRECTION ( 'NONE',  ( 0.000000000000000000, 0.000000000000000000, -1.000000000000000000 ) ) ;
#3327 = VERTEX_POINT ( 'NONE', #1485 ) ;
#3328 = LINE ( 'NONE', #1115, #1414 ) ;
#3329 = ORIENTED_EDGE ( 'NONE', *, *, #2777, .F. ) ;
#3330 = CARTESIAN_POINT ( 'NONE',  ( 0.9999999999999991118, -2.269917751577839482, 26.90441364165128491 ) ) ;
#3331 = DIRECTION ( 'NONE',  ( -1.000000000000000000, 0.000000000000000000, 0.000000000000000000 ) ) ;
#3332 = AXIS2_PLACEMENT_3D ( 'NONE', #595, #1750, #1445 ) ;
#3333 = ADVANCED_FACE ( 'NONE', ( #1182 ), #2345, .T. ) ;
#3334 = ORIENTED_EDGE ( 'NONE', *, *, #637, .T. ) ;
#3335 = CARTESIAN_POINT ( 'NONE',  ( 0.000000000000000000, -26.28906107206353227, -6.155100969871552863 ) ) ;
#3336 = LINE ( 'NONE', #2689, #181 ) ;
#3337 = LINE ( 'NONE', #3018, #2691 ) ;
#3338 = CIRCLE ( 'NONE', #845, 9.999999999999998224 ) ;
#3339 = EDGE_CURVE ( 'NONE', #2140, #2701, #2933, .T. ) ;
#3340 = VECTOR ( 'NONE', #975, 1000.000000000000000 ) ;
#3341 = AXIS2_PLACEMENT_3D ( 'NONE', #2766, #371, #1319 ) ;
#3342 = EDGE_LOOP ( 'NONE', ( #648, #3108, #1060, #3637 ) ) ;
#3343 = DIRECTION ( 'NONE',  ( -1.000000000000000000, 0.000000000000000000, -0.000000000000000000 ) ) ;
#3344 = DIRECTION ( 'NONE',  ( 0.000000000000000000, 0.4817536741017163782, -0.8763066800438630288 ) ) ;
#3345 = DIRECTION ( 'NONE',  ( -1.000000000000000000, 0.000000000000000000, -0.000000000000000000 ) ) ;
#3346 = EDGE_CURVE ( 'NONE', #3142, #2248, #2224, .T. ) ;
#3347 = AXIS2_PLACEMENT_3D ( 'NONE', #29, #3205, #597 ) ;
#3348 = FACE_OUTER_BOUND ( 'NONE', #3251, .T. ) ;
#3349 = ORIENTED_EDGE ( 'NONE', *, *, #2357, .T. ) ;
#3350 = CARTESIAN_POINT ( 'NONE',  ( 2.000000000000000000, 13.06648747438701363, -19.52321166500556160 ) ) ;
#3351 = ORIENTED_EDGE ( 'NONE', *, *, #3734, .T. ) ;
#3352 = CARTESIAN_POINT ( 'NONE',  ( 0.000000000000000000, -3.282766945651393709, -22.25822190069410311 ) ) ;
#3353 = DIRECTION ( 'NONE',  ( -1.000000000000000000, 0.000000000000000000, 0.000000000000000000 ) ) ;
#3354 = EDGE_CURVE ( 'NONE', #3460, #2616, #1125, .T. ) ;
#3355 = CLOSED_SHELL ( 'NONE', ( #1072, #1173, #1915, #2878, #1762, #3585, #3402, #1873, #3412, #883, #2043, #229, #2998, #1708, #215, #1924, #1879, #2384, #709, #1831, #3747, #934, #2479, #862, #312, #3115, #1884, #2016, #3461, #850, #2253, #2105, #1923, #2696, #444, #903, #530, #3203, #1079, #3571, #1166, #2293, #3304, #1990, #325, #3192, #2901, #2207, #661, #1327, #2090, #1424, #617, #436, #2870, #1429, #963, #642, #1432, #801, #398, #3754, #35, #2929, #1027, #2192, #2109, #2625, #1243, #1162, #535, #616, #2341, #1730, #3537, #1763, #133, #1593, #2888, #1375, #1822, #2467, #1202, #2010, #5, #2944, #3740, #2758, #3333, #2934, #3614, #3282, #2353, #2654, #1842, #3113, #3207, #1028, #2663, #3459, #262, #3387, #3240, #15, #3456, #2596, #20, #3223 ) ) ;
#3356 = ORIENTED_EDGE ( 'NONE', *, *, #1988, .F. ) ;
#3357 = DIRECTION ( 'NONE',  ( -1.000000000000000000, -0.000000000000000000, 0.000000000000000000 ) ) ;
#3358 = CARTESIAN_POINT ( 'NONE',  ( 2.000000000000000000, 23.48536690928489179, 0.5713403286904776834 ) ) ;
#3359 = DIRECTION ( 'NONE',  ( -1.000000000000000000, 0.000000000000000000, 0.000000000000000000 ) ) ;
#3360 = AXIS2_PLACEMENT_3D ( 'NONE', #3008, #1271, #628 ) ;
#3361 = AXIS2_PLACEMENT_3D ( 'NONE', #3482, #2370, #349 ) ;
#3362 = EDGE_CURVE ( 'NONE', #2100, #1936, #3561, .T. ) ;
#3363 = ORIENTED_EDGE ( 'NONE', *, *, #1312, .T. ) ;
#3364 = FACE_OUTER_BOUND ( 'NONE', #2266, .T. ) ;
#3365 = DIRECTION ( 'NONE',  ( 0.000000000000000000, 0.000000000000000000, 1.000000000000000000 ) ) ;
#3366 = CARTESIAN_POINT ( 'NONE',  ( 2.000000000000000000, -20.55223281392796508, -9.154819897851764310 ) ) ;
#3367 = CIRCLE ( 'NONE', #745, 27.00000000000000000 ) ;
#3368 = AXIS2_PLACEMENT_3D ( 'NONE', #2646, #3531, #1789 ) ;
#3369 = DIRECTION ( 'NONE',  ( -1.000000000000000000, -0.000000000000000000, 0.000000000000000000 ) ) ;
#3370 = VERTEX_POINT ( 'NONE', #560 ) ;
#3371 = DIRECTION ( 'NONE',  ( -1.000000000000000000, 0.000000000000000000, 0.000000000000000000 ) ) ;
#3372 = AXIS2_PLACEMENT_3D ( 'NONE', #1353, #2803, #3722 ) ;
#3373 = VERTEX_POINT ( 'NONE', #1718 ) ;
#3374 = ORIENTED_EDGE ( 'NONE', *, *, #697, .T. ) ;
#3375 = DIRECTION ( 'NONE',  ( 0.000000000000000000, 0.000000000000000000, 1.000000000000000000 ) ) ;
#3376 = DIRECTION ( 'NONE',  ( -1.000000000000000000, -0.000000000000000000, 0.000000000000000000 ) ) ;
#3377 = ORIENTED_EDGE ( 'NONE', *, *, #2429, .T. ) ;
#3378 = CARTESIAN_POINT ( 'NONE',  ( 1.000000000000000000, -14.95044421027564674, 22.48297618011092780 ) ) ;
#3379 = DIRECTION ( 'NONE',  ( -1.000000000000000000, -0.000000000000000000, 0.000000000000000000 ) ) ;
#3380 = DIRECTION ( 'NONE',  ( -1.000000000000000000, 0.000000000000000000, -0.000000000000000000 ) ) ;
#3381 = CIRCLE ( 'NONE', #2041, 10.00000000000000000 ) ;
#3382 = CIRCLE ( 'NONE', #282, 9.999999999999998224 ) ;
#3383 = VERTEX_POINT ( 'NONE', #2883 ) ;
#3384 = DIRECTION ( 'NONE',  ( 0.000000000000000000, 0.3681245526846720351, 0.9297764858882536787 ) ) ;
#3385 = DIRECTION ( 'NONE',  ( -1.000000000000000000, 0.000000000000000000, 0.000000000000000000 ) ) ;
#3386 = CARTESIAN_POINT ( 'NONE',  ( 2.000000000000000000, 17.03424383162502309, 14.69828350810885276 ) ) ;
#3387 = ADVANCED_FACE ( 'NONE', ( #271 ), #1630, .T. ) ;
#3388 = DIRECTION ( 'NONE',  ( 1.000000000000000000, -0.000000000000000000, -0.000000000000000000 ) ) ;
#3389 = ORIENTED_EDGE ( 'NONE', *, *, #697, .F. ) ;
#3390 = EDGE_LOOP ( 'NONE', ( #3000, #1881, #182, #2841 ) ) ;
#3391 = ORIENTED_EDGE ( 'NONE', *, *, #2730, .T. ) ;
#3392 = CARTESIAN_POINT ( 'NONE',  ( 2.000000000000000000, -2.269917751577841258, 26.90441364165128491 ) ) ;
#3393 = CARTESIAN_POINT ( 'NONE',  ( 50.00005079999999680, 0.000000000000000000, 0.000000000000000000 ) ) ;
#3394 = EDGE_CURVE ( 'NONE', #2602, #3149, #1249, .T. ) ;
#3395 = EDGE_CURVE ( 'NONE', #2983, #2146, #2582, .T. ) ;
#3396 = CIRCLE ( 'NONE', #1932, 22.49899999999999878 ) ;
#3397 = EDGE_LOOP ( 'NONE', ( #211, #503, #3194, #3247 ) ) ;
#3398 = CARTESIAN_POINT ( 'NONE',  ( 0.000000000000000000, 20.30513860337833165, 11.81483114278478830 ) ) ;
#3399 = DIRECTION ( 'NONE',  ( -1.000000000000000000, -0.000000000000000000, -0.000000000000000000 ) ) ;
#3400 = DIRECTION ( 'NONE',  ( 0.000000000000000000, 0.9980267284282717810, -0.06279051952930997382 ) ) ;
#3401 = AXIS2_PLACEMENT_3D ( 'NONE', #1632, #1895, #1269 ) ;
#3402 = ADVANCED_FACE ( 'NONE', ( #2466 ), #148, .T. ) ;
#3403 = AXIS2_PLACEMENT_3D ( 'NONE', #206, #3752, #3176 ) ;
#3404 = ORIENTED_EDGE ( 'NONE', *, *, #3436, .F. ) ;
#3405 = CIRCLE ( 'NONE', #2727, 10.00000000000000178 ) ;
#3406 = DIRECTION ( 'NONE',  ( -1.000000000000000000, 0.000000000000000000, 0.000000000000000000 ) ) ;
#3407 = CARTESIAN_POINT ( 'NONE',  ( 0.000000000000000000, 6.714000551476710932, 22.51246510779511212 ) ) ;
#3408 = CIRCLE ( 'NONE', #3584, 22.49899999999999878 ) ;
#3409 = CARTESIAN_POINT ( 'NONE',  ( -10.00000000000000000, 0.000000000000000000, 0.000000000000000000 ) ) ;
#3410 = ORIENTED_EDGE ( 'NONE', *, *, #209, .F. ) ;
#3411 = AXIS2_PLACEMENT_3D ( 'NONE', #464, #1704, #1967 ) ;
#3412 = ADVANCED_FACE ( 'NONE', ( #1521 ), #381, .T. ) ;
#3413 = VERTEX_POINT ( 'NONE', #2485 ) ;
#3414 = ORIENTED_EDGE ( 'NONE', *, *, #1169, .F. ) ;
#3415 = ORIENTED_EDGE ( 'NONE', *, *, #3053, .T. ) ;
#3416 = CARTESIAN_POINT ( 'NONE',  ( 2.000000000000000000, -3.282766945651393709, -22.25822190069410311 ) ) ;
#3417 = DIRECTION ( 'NONE',  ( 0.000000000000000000, 0.000000000000000000, -1.000000000000000000 ) ) ;
#3418 = ORIENTED_EDGE ( 'NONE', *, *, #1096, .F. ) ;
#3419 = CARTESIAN_POINT ( 'NONE',  ( 2.000000000000000000, -18.74210713104672976, -12.44742629174269410 ) ) ;
#3420 = CARTESIAN_POINT ( 'NONE',  ( 2.000000000000000000, -26.99385324196857283, -0.5760964772177461501 ) ) ;
#3421 = DIRECTION ( 'NONE',  ( 0.000000000000000000, 0.7705132427757861446, 0.6374239897486935202 ) ) ;
#3422 = VERTEX_POINT ( 'NONE', #1038 ) ;
#3423 = DIRECTION ( 'NONE',  ( -1.000000000000000000, 0.000000000000000000, 0.000000000000000000 ) ) ;
#3424 = CARTESIAN_POINT ( 'NONE',  ( 0.000000000000000000, -23.37178570732655558, -2.376661836637297132 ) ) ;
#3425 = EDGE_CURVE ( 'NONE', #3214, #2086, #1490, .T. ) ;
#3426 = CIRCLE ( 'NONE', #625, 22.49900000000000233 ) ;
#3427 = CARTESIAN_POINT ( 'NONE',  ( 0.000000000000000000, 0.000000000000000000, 0.000000000000000000 ) ) ;
#3428 = EDGE_CURVE ( 'NONE', #641, #358, #3381, .T. ) ;
#3429 = CIRCLE ( 'NONE', #83, 9.999999999999998224 ) ;
#3430 = ORIENTED_EDGE ( 'NONE', *, *, #3763, .T. ) ;
#3431 = CIRCLE ( 'NONE', #2817, 4.000000000000000000 ) ;
#3432 = EDGE_LOOP ( 'NONE', ( #3315, #3575, #3727, #2463 ) ) ;
#3433 = CARTESIAN_POINT ( 'NONE',  ( 0.000000000000000000, -13.97761552327908241, -23.10035203808347859 ) ) ;
#3434 = CARTESIAN_POINT ( 'NONE',  ( 2.000000000000000000, 0.000000000000000000, 0.000000000000000000 ) ) ;
#3435 = CYLINDRICAL_SURFACE ( 'NONE', #1969, 22.49899999999999878 ) ;
#3436 = EDGE_CURVE ( 'NONE', #2248, #2493, #1892, .T. ) ;
#3437 = ORIENTED_EDGE ( 'NONE', *, *, #2389, .T. ) ;
#3438 = DIRECTION ( 'NONE',  ( -1.000000000000000000, -0.000000000000000000, -0.000000000000000000 ) ) ;
#3439 = CARTESIAN_POINT ( 'NONE',  ( 0.000000000000000000, 0.000000000000000000, 0.000000000000000000 ) ) ;
#3440 = CARTESIAN_POINT ( 'NONE',  ( 0.000000000000000000, 0.000000000000000000, 0.000000000000000000 ) ) ;
#3441 = ORIENTED_EDGE ( 'NONE', *, *, #1435, .T. ) ;
#3442 = DIRECTION ( 'NONE',  ( 0.000000000000000000, 0.6845471059286899473, -0.7289686274214103312 ) ) ;
#3443 = CARTESIAN_POINT ( 'NONE',  ( 2.000000000000000000, 17.65041959699908602, -20.43190368149455338 ) ) ;
#3444 = AXIS2_PLACEMENT_3D ( 'NONE', #1017, #2968, #951 ) ;
#3445 = CARTESIAN_POINT ( 'NONE',  ( 0.000000000000000000, 22.00817374216908107, 4.673894471904478820 ) ) ;
#3446 = CIRCLE ( 'NONE', #1434, 9.999999999999998224 ) ;
#3447 = EDGE_CURVE ( 'NONE', #1289, #6, #524, .T. ) ;
#3448 = CARTESIAN_POINT ( 'NONE',  ( 2.000000000000000000, -13.97761552327940393, 23.10035203808328319 ) ) ;
#3449 = ORIENTED_EDGE ( 'NONE', *, *, #216, .T. ) ;
#3450 = ORIENTED_EDGE ( 'NONE', *, *, #646, .T. ) ;
#3451 = VERTEX_POINT ( 'NONE', #3274 ) ;
#3452 = DIRECTION ( 'NONE',  ( -1.000000000000000000, 0.000000000000000000, 0.000000000000000000 ) ) ;
#3453 = DIRECTION ( 'NONE',  ( 0.000000000000000000, 0.000000000000000000, 1.000000000000000000 ) ) ;
#3454 = ORIENTED_EDGE ( 'NONE', *, *, #651, .F. ) ;
#3455 = DIRECTION ( 'NONE',  ( -1.000000000000000000, 0.000000000000000000, 0.000000000000000000 ) ) ;
#3456 = ADVANCED_FACE ( 'NONE', ( #2398 ), #61, .T. ) ;
#3457 = CYLINDRICAL_SURFACE ( 'NONE', #1517, 22.49899999999999878 ) ;
#3458 = CARTESIAN_POINT ( 'NONE',  ( 0.000000000000000000, -17.62983549975459141, -13.97833685570614115 ) ) ;
#3459 = ADVANCED_FACE ( 'NONE', ( #1501 ), #647, .T. ) ;
#3460 = VERTEX_POINT ( 'NONE', #3366 ) ;
#3461 = ADVANCED_FACE ( 'NONE', ( #3560 ), #1220, .T. ) ;
#3462 = PLANE ( 'NONE',  #2425 ) ;
#3463 = CARTESIAN_POINT ( 'NONE',  ( 2.000000000000000000, 0.9044454705087033863, -23.47489865847770218 ) ) ;
#3464 = DIRECTION ( 'NONE',  ( 1.000000000000000000, -0.000000000000000000, 0.000000000000000000 ) ) ;
#3465 = EDGE_CURVE ( 'NONE', #2618, #3383, #1675, .T. ) ;
#3466 = CARTESIAN_POINT ( 'NONE',  ( 2.000000000000000000, 12.01469138739368248, 24.17947871368793500 ) ) ;
#3467 = ORIENTED_EDGE ( 'NONE', *, *, #1398, .F. ) ;
#3468 = VECTOR ( 'NONE', #1284, 1000.000000000000000 ) ;
#3469 = CIRCLE ( 'NONE', #2918, 9.999999999999998224 ) ;
#3470 = AXIS2_PLACEMENT_3D ( 'NONE', #1246, #3568, #2173 ) ;
#3471 = VERTEX_POINT ( 'NONE', #1823 ) ;
#3472 = ORIENTED_EDGE ( 'NONE', *, *, #1278, .T. ) ;
#3473 = DIRECTION ( 'NONE',  ( 0.000000000000000000, 0.000000000000000000, 1.000000000000000000 ) ) ;
#3474 = EDGE_CURVE ( 'NONE', #433, #3293, #2700, .T. ) ;
#3475 = ORIENTED_EDGE ( 'NONE', *, *, #815, .F. ) ;
#3476 = CARTESIAN_POINT ( 'NONE',  ( 2.000000000000000000, -23.22856984560565863, 3.510332115732296643 ) ) ;
#3477 = CARTESIAN_POINT ( 'NONE',  ( 0.000000000000000000, 26.70879461214788009, -3.954780697598852424 ) ) ;
#3478 = DIRECTION ( 'NONE',  ( -1.000000000000000000, 0.000000000000000000, 0.000000000000000000 ) ) ;
#3479 = EDGE_CURVE ( 'NONE', #2518, #870, #469, .T. ) ;
#3480 = ORIENTED_EDGE ( 'NONE', *, *, #1651, .T. ) ;
#3481 = DIRECTION ( 'NONE',  ( 0.000000000000000000, 0.000000000000000000, 1.000000000000000000 ) ) ;
#3482 = CARTESIAN_POINT ( 'NONE',  ( 2.000000000000000000, 2.044871308632879803, -23.40314914634464216 ) ) ;
#3483 =( LENGTH_UNIT ( ) NAMED_UNIT ( * ) SI_UNIT ( .MILLI., .METRE. ) );
#3484 = VERTEX_POINT ( 'NONE', #78 ) ;
#3485 = CARTESIAN_POINT ( 'NONE',  ( 0.9999999999999991118, -23.93243051059745952, 12.49955078614522641 ) ) ;
#3486 = VERTEX_POINT ( 'NONE', #1592 ) ;
#3487 = VECTOR ( 'NONE', #2388, 1000.000000000000000 ) ;
#3488 = CIRCLE ( 'NONE', #2884, 27.00000000000000000 ) ;
#3489 = ORIENTED_EDGE ( 'NONE', *, *, #1954, .T. ) ;
#3490 = ORIENTED_EDGE ( 'NONE', *, *, #3362, .F. ) ;
#3491 = CARTESIAN_POINT ( 'NONE',  ( 0.000000000000000000, 0.000000000000000000, 0.000000000000000000 ) ) ;
#3492 = CIRCLE ( 'NONE', #2570, 10.00000000000000000 ) ;
#3493 = EDGE_CURVE ( 'NONE', #1583, #641, #2792, .T. ) ;
#3494 = CIRCLE ( 'NONE', #3250, 10.00000000000000000 ) ;
#3495 = FACE_OUTER_BOUND ( 'NONE', #946, .T. ) ;
#3496 = FACE_OUTER_BOUND ( 'NONE', #2926, .T. ) ;
#3497 = CARTESIAN_POINT ( 'NONE',  ( 0.000000000000000000, 0.000000000000000000, 0.000000000000000000 ) ) ;
#3498 = AXIS2_PLACEMENT_3D ( 'NONE', #309, #2363, #2607 ) ;
#3499 = EDGE_CURVE ( 'NONE', #2618, #1778, #1366, .T. ) ;
#3500 = ORIENTED_EDGE ( 'NONE', *, *, #356, .F. ) ;
#3501 = CARTESIAN_POINT ( 'NONE',  ( 0.000000000000000000, 0.000000000000000000, 0.000000000000000000 ) ) ;
#3502 = CYLINDRICAL_SURFACE ( 'NONE', #3361, 9.999999999999998224 ) ;
#3503 = ORIENTED_EDGE ( 'NONE', *, *, #2409, .T. ) ;
#3504 = DIRECTION ( 'NONE',  ( -1.000000000000000000, 0.000000000000000000, -0.000000000000000000 ) ) ;
#3505 = ORIENTED_EDGE ( 'NONE', *, *, #3742, .F. ) ;
#3506 = CIRCLE ( 'NONE', #1253, 22.49899999999999878 ) ;
#3507 = EDGE_CURVE ( 'NONE', #3383, #1925, #2223, .T. ) ;
#3508 = CARTESIAN_POINT ( 'NONE',  ( -10.00000000000000000, 0.000000000000000000, 0.000000000000000000 ) ) ;
#3509 = ORIENTED_EDGE ( 'NONE', *, *, #102, .T. ) ;
#3510 = VERTEX_POINT ( 'NONE', #2526 ) ;
#3511 = EDGE_CURVE ( 'NONE', #516, #968, #3687, .T. ) ;
#3512 = CARTESIAN_POINT ( 'NONE',  ( 2.000000000000000000, 0.000000000000000000, 0.000000000000000000 ) ) ;
#3513 = LINE ( 'NONE', #2059, #1333 ) ;
#3514 = EDGE_CURVE ( 'NONE', #3486, #2444, #882, .T. ) ;
#3515 = DIRECTION ( 'NONE',  ( -1.000000000000000000, 0.000000000000000000, 0.000000000000000000 ) ) ;
#3516 = CARTESIAN_POINT ( 'NONE',  ( 0.000000000000000000, 23.48536690928490245, -0.5713403286901376221 ) ) ;
#3517 = ORIENTED_EDGE ( 'NONE', *, *, #3394, .T. ) ;
#3518 = DIRECTION ( 'NONE',  ( 0.000000000000000000, 0.000000000000000000, 1.000000000000000000 ) ) ;
#3519 = SURFACE_STYLE_FILL_AREA ( #50 ) ;
#3520 = CIRCLE ( 'NONE', #478, 10.00000000000000000 ) ;
#3521 = ORIENTED_EDGE ( 'NONE', *, *, #3133, .F. ) ;
#3522 = DIRECTION ( 'NONE',  ( -1.000000000000000000, 0.000000000000000000, 0.000000000000000000 ) ) ;
#3523 = EDGE_LOOP ( 'NONE', ( #2455, #1997, #2259, #3596 ) ) ;
#3524 = CYLINDRICAL_SURFACE ( 'NONE', #656, 9.999999999999994671 ) ;
#3525 = VERTEX_POINT ( 'NONE', #1016 ) ;
#3526 = FACE_OUTER_BOUND ( 'NONE', #1081, .T. ) ;
#3527 = AXIS2_PLACEMENT_3D ( 'NONE', #1971, #3406, #2260 ) ;
#3528 = DIRECTION ( 'NONE',  ( 0.000000000000000000, 0.000000000000000000, 1.000000000000000000 ) ) ;
#3529 = VECTOR ( 'NONE', #1012, 1000.000000000000000 ) ;
#3530 = DIRECTION ( 'NONE',  ( 0.000000000000000000, 0.000000000000000000, 1.000000000000000000 ) ) ;
#3531 = DIRECTION ( 'NONE',  ( -1.000000000000000000, 0.000000000000000000, 0.000000000000000000 ) ) ;
#3532 = ORIENTED_EDGE ( 'NONE', *, *, #1818, .T. ) ;
#3533 = CYLINDRICAL_SURFACE ( 'NONE', #1459, 27.00000000000000000 ) ;
#3534 = EDGE_LOOP ( 'NONE', ( #2469, #1275, #190, #1229 ) ) ;
#3535 = CARTESIAN_POINT ( 'NONE',  ( 0.000000000000000000, 0.000000000000000000, 0.000000000000000000 ) ) ;
#3536 = ORIENTED_EDGE ( 'NONE', *, *, #2117, .T. ) ;
#3537 = ADVANCED_FACE ( 'NONE', ( #983 ), #1612, .T. ) ;
#3538 = EDGE_CURVE ( 'NONE', #188, #2911, #217, .T. ) ;
#3539 = CARTESIAN_POINT ( 'NONE',  ( 2.000000000000000000, 17.65041959699878404, 20.43190368149481273 ) ) ;
#3540 = EDGE_LOOP ( 'NONE', ( #2861, #1270, #323, #1480 ) ) ;
#3541 = DIRECTION ( 'NONE',  ( 0.000000000000000000, -0.9048270524660235736, 0.4257792915650639998 ) ) ;
#3542 = DIRECTION ( 'NONE',  ( 0.000000000000000000, 0.000000000000000000, 1.000000000000000000 ) ) ;
#3543 = AXIS2_PLACEMENT_3D ( 'NONE', #2699, #950, #3541 ) ;
#3544 = ORIENTED_EDGE ( 'NONE', *, *, #2380, .T. ) ;
#3545 = LINE ( 'NONE', #3599, #173 ) ;
#3546 = DIRECTION ( 'NONE',  ( 0.000000000000000000, -0.9822872507286903865, 0.1873813145857150808 ) ) ;
#3547 = AXIS2_PLACEMENT_3D ( 'NONE', #3132, #1071, #3421 ) ;
#3548 = AXIS2_PLACEMENT_3D ( 'NONE', #3663, #2843, #3643 ) ;
#3549 = ORIENTED_EDGE ( 'NONE', *, *, #3276, .T. ) ;
#3550 = CARTESIAN_POINT ( 'NONE',  ( 2.000000000000000000, 21.53757550003239274, 6.506753613008893211 ) ) ;
#3551 = CARTESIAN_POINT ( 'NONE',  ( 0.000000000000000000, -26.00252233623301734, 7.271095663908092810 ) ) ;
#3552 = DIRECTION ( 'NONE',  ( -1.000000000000000000, 0.000000000000000000, -0.000000000000000000 ) ) ;
#3553 = ORIENTED_EDGE ( 'NONE', *, *, #2835, .F. ) ;
#3554 = CARTESIAN_POINT ( 'NONE',  ( 2.000000000000000000, -10.51654707034488290, -21.00693043621895839 ) ) ;
#3555 = ORIENTED_EDGE ( 'NONE', *, *, #1090, .F. ) ;
#3556 = EDGE_CURVE ( 'NONE', #2538, #2602, #2199, .T. ) ;
#3557 = DIRECTION ( 'NONE',  ( -1.000000000000000000, 0.000000000000000000, 0.000000000000000000 ) ) ;
#3558 = ORIENTED_EDGE ( 'NONE', *, *, #1767, .T. ) ;
#3559 = CARTESIAN_POINT ( 'NONE',  ( 0.000000000000000000, -13.59969078313241653, 17.92354350018943876 ) ) ;
#3560 = FACE_OUTER_BOUND ( 'NONE', #2592, .T. ) ;
#3561 = CIRCLE ( 'NONE', #1187, 27.00000000000000000 ) ;
#3562 = AXIS2_PLACEMENT_3D ( 'NONE', #2239, #812, #261 ) ;
#3563 = ORIENTED_EDGE ( 'NONE', *, *, #1291, .F. ) ;
#3564 = CARTESIAN_POINT ( 'NONE',  ( -10.00000000000000000, 0.000000000000000000, 0.000000000000000000 ) ) ;
#3565 = DIRECTION ( 'NONE',  ( -1.000000000000000000, -0.000000000000000000, -0.000000000000000000 ) ) ;
#3566 = ORIENTED_EDGE ( 'NONE', *, *, #2380, .F. ) ;
#3567 = DIRECTION ( 'NONE',  ( 0.000000000000000000, 0.000000000000000000, 1.000000000000000000 ) ) ;
#3568 = DIRECTION ( 'NONE',  ( 1.000000000000000000, 0.000000000000000000, 0.000000000000000000 ) ) ;
#3569 = CARTESIAN_POINT ( 'NONE',  ( 2.000000000000000000, 7.800754436723621232, -22.15935736552075142 ) ) ;
#3570 = EDGE_CURVE ( 'NONE', #1817, #1416, #1978, .T. ) ;
#3571 = ADVANCED_FACE ( 'NONE', ( #1001 ), #3594, .T. ) ;
#3572 = ORIENTED_EDGE ( 'NONE', *, *, #3025, .F. ) ;
#3573 = DIRECTION ( 'NONE',  ( 0.000000000000000000, 0.000000000000000000, 1.000000000000000000 ) ) ;
#3574 = DIRECTION ( 'NONE',  ( -1.000000000000000000, 0.000000000000000000, -0.000000000000000000 ) ) ;
#3575 = ORIENTED_EDGE ( 'NONE', *, *, #1908, .F. ) ;
#3576 = CYLINDRICAL_SURFACE ( 'NONE', #1106, 22.49899999999999878 ) ;
#3577 = AXIS2_PLACEMENT_3D ( 'NONE', #2145, #703, #3326 ) ;
#3578 = AXIS2_PLACEMENT_3D ( 'NONE', #1294, #2401, #2740 ) ;
#3579 = ORIENTED_EDGE ( 'NONE', *, *, #1598, .F. ) ;
#3580 = EDGE_CURVE ( 'NONE', #3712, #1062, #3258, .T. ) ;
#3581 = DIRECTION ( 'NONE',  ( -1.000000000000000000, -0.000000000000000000, 0.000000000000000000 ) ) ;
#3582 = DIRECTION ( 'NONE',  ( -1.000000000000000000, 0.000000000000000000, -0.000000000000000000 ) ) ;
#3583 = VECTOR ( 'NONE', #2013, 1000.000000000000000 ) ;
#3584 = AXIS2_PLACEMENT_3D ( 'NONE', #2092, #1197, #1783 ) ;
#3585 = ADVANCED_FACE ( 'NONE', ( #3076, #1285 ), #717, .F. ) ;
#3586 = AXIS2_PLACEMENT_3D ( 'NONE', #1829, #2996, #392 ) ;
#3587 = ORIENTED_EDGE ( 'NONE', *, *, #807, .T. ) ;
#3588 = DIRECTION ( 'NONE',  ( 1.000000000000000000, 0.000000000000000000, 0.000000000000000000 ) ) ;
#3589 = EDGE_CURVE ( 'NONE', #866, #3413, #3446, .T. ) ;
#3590 = CARTESIAN_POINT ( 'NONE',  ( 2.000000000000000000, 11.24603749546759701, -19.48670422751207099 ) ) ;
#3591 = DIRECTION ( 'NONE',  ( -1.000000000000000000, 0.000000000000000000, 0.000000000000000000 ) ) ;
#3592 = ORIENTED_EDGE ( 'NONE', *, *, #1767, .F. ) ;
#3593 = DIRECTION ( 'NONE',  ( 0.000000000000000000, 0.1253332335642974860, 0.9921147013144786531 ) ) ;
#3594 = CYLINDRICAL_SURFACE ( 'NONE', #1614, 9.999999999999998224 ) ;
#3595 = FACE_OUTER_BOUND ( 'NONE', #1759, .T. ) ;
#3596 = ORIENTED_EDGE ( 'NONE', *, *, #686, .T. ) ;
#3597 = CARTESIAN_POINT ( 'NONE',  ( 0.000000000000000000, -7.793659086758864873, -25.85070362754911244 ) ) ;
#3598 = ORIENTED_EDGE ( 'NONE', *, *, #289, .T. ) ;
#3599 = CARTESIAN_POINT ( 'NONE',  ( 2.000000000000000000, 20.15439620502003848, -10.00026572702314631 ) ) ;
#3600 = CARTESIAN_POINT ( 'NONE',  ( 2.000000000000000000, -3.839498604290179085, 23.17643499554183251 ) ) ;
#3601 = AXIS2_PLACEMENT_3D ( 'NONE', #1520, #2680, #77 ) ;
#3602 = EDGE_CURVE ( 'NONE', #2770, #3373, #1794, .T. ) ;
#3603 = ORIENTED_EDGE ( 'NONE', *, *, #2829, .F. ) ;
#3604 = FACE_OUTER_BOUND ( 'NONE', #1483, .T. ) ;
#3605 = CARTESIAN_POINT ( 'NONE',  ( 0.000000000000000000, -20.55223281392796508, -9.154819897851764310 ) ) ;
#3606 = CARTESIAN_POINT ( 'NONE',  ( 2.000000000000000000, 0.000000000000000000, 0.000000000000000000 ) ) ;
#3607 = EDGE_CURVE ( 'NONE', #866, #2230, #2347, .T. ) ;
#3608 = AXIS2_PLACEMENT_3D ( 'NONE', #1433, #582, #2591 ) ;
#3609 = ORIENTED_EDGE ( 'NONE', *, *, #2739, .T. ) ;
#3610 = CARTESIAN_POINT ( 'NONE',  ( 2.000000000000000000, 17.51120504885525264, -15.66035077422815114 ) ) ;
#3611 = CIRCLE ( 'NONE', #3372, 27.00000000000000000 ) ;
#3612 = DIRECTION ( 'NONE',  ( -1.000000000000000000, -0.000000000000000000, -0.000000000000000000 ) ) ;
#3613 = VECTOR ( 'NONE', #175, 1000.000000000000000 ) ;
#3614 = ADVANCED_FACE ( 'NONE', ( #2163 ), #1304, .T. ) ;
#3615 = LINE ( 'NONE', #150, #2419 ) ;
#3616 = ORIENTED_EDGE ( 'NONE', *, *, #1200, .F. ) ;
#3617 = DIRECTION ( 'NONE',  ( 0.000000000000000000, 0.000000000000000000, 1.000000000000000000 ) ) ;
#3618 = EDGE_CURVE ( 'NONE', #400, #1283, #3290, .T. ) ;
#3619 = EDGE_CURVE ( 'NONE', #3184, #373, #2897, .T. ) ;
#3620 = VECTOR ( 'NONE', #435, 1000.000000000000000 ) ;
#3621 = ORIENTED_EDGE ( 'NONE', *, *, #1687, .F. ) ;
#3622 = FACE_OUTER_BOUND ( 'NONE', #766, .T. ) ;
#3623 = DIRECTION ( 'NONE',  ( 0.000000000000000000, 0.000000000000000000, 1.000000000000000000 ) ) ;
#3624 = AXIS2_PLACEMENT_3D ( 'NONE', #184, #1344, #2222 ) ;
#3625 = EDGE_CURVE ( 'NONE', #1005, #2618, #3506, .T. ) ;
#3626 = EDGE_LOOP ( 'NONE', ( #1436, #1930, #273, #1020 ) ) ;
#3627 = DIRECTION ( 'NONE',  ( -1.000000000000000000, 0.000000000000000000, -0.000000000000000000 ) ) ;
#3628 = CARTESIAN_POINT ( 'NONE',  ( 2.000000000000000000, 10.97215603256038463, -24.67005861357343832 ) ) ;
#3629 = DIRECTION ( 'NONE',  ( -1.000000000000000000, -0.000000000000000000, 0.000000000000000000 ) ) ;
#3630 = ORIENTED_EDGE ( 'NONE', *, *, #376, .T. ) ;
#3631 = LINE ( 'NONE', #982, #3468 ) ;
#3632 = CARTESIAN_POINT ( 'NONE',  ( 0.000000000000000000, -9.482618699216939007, -21.49346019700372423 ) ) ;
#3633 = DIRECTION ( 'NONE',  ( -1.000000000000000000, -0.000000000000000000, -0.000000000000000000 ) ) ;
#3634 = EDGE_CURVE ( 'NONE', #2427, #2770, #396, .T. ) ;
#3635 = DIRECTION ( 'NONE',  ( 1.000000000000000000, 0.000000000000000000, 0.000000000000000000 ) ) ;
#3636 = EDGE_CURVE ( 'NONE', #1561, #2882, #109, .T. ) ;
#3637 = ORIENTED_EDGE ( 'NONE', *, *, #2155, .T. ) ;
#3638 = FACE_OUTER_BOUND ( 'NONE', #445, .T. ) ;
#3639 = EDGE_CURVE ( 'NONE', #2018, #1845, #529, .T. ) ;
#3640 = ORIENTED_EDGE ( 'NONE', *, *, #1719, .F. ) ;
#3641 = CIRCLE ( 'NONE', #2601, 9.999999999999998224 ) ;
#3642 = DIRECTION ( 'NONE',  ( -1.000000000000000000, 0.000000000000000000, 0.000000000000000000 ) ) ;
#3643 = DIRECTION ( 'NONE',  ( 0.000000000000000000, 0.000000000000000000, 1.000000000000000000 ) ) ;
#3644 = CIRCLE ( 'NONE', #354, 22.49899999999999878 ) ;
#3645 = EDGE_CURVE ( 'NONE', #3413, #2427, #3199, .T. ) ;
#3646 = ORIENTED_EDGE ( 'NONE', *, *, #770, .T. ) ;
#3647 = CARTESIAN_POINT ( 'NONE',  ( 2.000000000000000000, -14.52991098664044145, 18.45997224687045701 ) ) ;
#3648 = FACE_OUTER_BOUND ( 'NONE', #1141, .T. ) ;
#3649 = CARTESIAN_POINT ( 'NONE',  ( 2.000000000000000000, 0.000000000000000000, 0.000000000000000000 ) ) ;
#3650 = VECTOR ( 'NONE', #1777, 1000.000000000000000 ) ;
#3651 = AXIS2_PLACEMENT_3D ( 'NONE', #2919, #2590, #1449 ) ;
#3652 = CIRCLE ( 'NONE', #3341, 22.49899999999999878 ) ;
#3653 = ORIENTED_EDGE ( 'NONE', *, *, #1956, .T. ) ;
#3654 = DIRECTION ( 'NONE',  ( -1.000000000000000000, -0.000000000000000000, 0.000000000000000000 ) ) ;
#3655 = DIRECTION ( 'NONE',  ( 0.000000000000000000, 0.3681245526846718685, 0.9297764858882537897 ) ) ;
#3656 = CARTESIAN_POINT ( 'NONE',  ( 2.000000000000000000, 0.000000000000000000, 0.000000000000000000 ) ) ;
#3657 = DIRECTION ( 'NONE',  ( 1.000000000000000000, 0.000000000000000000, 0.000000000000000000 ) ) ;
#3658 = ORIENTED_EDGE ( 'NONE', *, *, #461, .F. ) ;
#3659 = CARTESIAN_POINT ( 'NONE',  ( 2.000000000000000000, 0.000000000000000000, 0.000000000000000000 ) ) ;
#3660 = ORIENTED_EDGE ( 'NONE', *, *, #3004, .F. ) ;
#3661 = ORIENTED_EDGE ( 'NONE', *, *, #3025, .T. ) ;
#3662 = CYLINDRICAL_SURFACE ( 'NONE', #2482, 27.00000000000000000 ) ;
#3663 = CARTESIAN_POINT ( 'NONE',  ( 0.000000000000000000, 0.000000000000000000, 0.000000000000000000 ) ) ;
#3664 = VERTEX_POINT ( 'NONE', #2874 ) ;
#3665 = CYLINDRICAL_SURFACE ( 'NONE', #1671, 22.49899999999999878 ) ;
#3666 = DIRECTION ( 'NONE',  ( -1.000000000000000000, 0.000000000000000000, 0.000000000000000000 ) ) ;
#3667 = CYLINDRICAL_SURFACE ( 'NONE', #2332, 9.999999999999998224 ) ;
#3668 = EDGE_CURVE ( 'NONE', #246, #1155, #3382, .T. ) ;
#3669 = CIRCLE ( 'NONE', #139, 10.00000000000000000 ) ;
#3670 = ORIENTED_EDGE ( 'NONE', *, *, #2796, .F. ) ;
#3671 = DIRECTION ( 'NONE',  ( -1.000000000000000000, 0.000000000000000000, 0.000000000000000000 ) ) ;
#3672 = DIRECTION ( 'NONE',  ( 0.000000000000000000, 0.000000000000000000, -1.000000000000000000 ) ) ;
#3673 = DIRECTION ( 'NONE',  ( 0.000000000000000000, 0.000000000000000000, 1.000000000000000000 ) ) ;
#3674 = AXIS2_PLACEMENT_3D ( 'NONE', #1847, #3565, #137 ) ;
#3675 = EDGE_CURVE ( 'NONE', #1720, #306, #460, .T. ) ;
#3676 = CIRCLE ( 'NONE', #1053, 27.00000000000000000 ) ;
#3677 = CARTESIAN_POINT ( 'NONE',  ( 1.000000000000000000, -7.793659086759222809, 25.85070362754900941 ) ) ;
#3678 = ORIENTED_EDGE ( 'NONE', *, *, #971, .T. ) ;
#3679 = EDGE_CURVE ( 'NONE', #2898, #599, #1419, .T. ) ;
#3680 = VECTOR ( 'NONE', #104, 1000.000000000000000 ) ;
#3681 = ORIENTED_EDGE ( 'NONE', *, *, #1609, .F. ) ;
#3682 = ORIENTED_EDGE ( 'NONE', *, *, #1526, .T. ) ;
#3683 = ORIENTED_EDGE ( 'NONE', *, *, #757, .T. ) ;
#3684 = CARTESIAN_POINT ( 'NONE',  ( 2.000000000000000000, 2.044871308632550289, 23.40314914634467769 ) ) ;
#3685 = CYLINDRICAL_SURFACE ( 'NONE', #449, 9.999999999999998224 ) ;
#3686 = EDGE_CURVE ( 'NONE', #2086, #2738, #2284, .T. ) ;
#3687 = CIRCLE ( 'NONE', #2768, 27.00000000000000000 ) ;
#3688 = ORIENTED_EDGE ( 'NONE', *, *, #1719, .T. ) ;
#3689 = CARTESIAN_POINT ( 'NONE',  ( 0.000000000000000000, 25.31032526587965492, 9.401459191815604299 ) ) ;
#3690 = CARTESIAN_POINT ( 'NONE',  ( 0.000000000000000000, 23.48536690928489179, 0.5713403286904776834 ) ) ;
#3691 = DIRECTION ( 'NONE',  ( -1.000000000000000000, 0.000000000000000000, -0.000000000000000000 ) ) ;
#3692 = AXIS2_PLACEMENT_3D ( 'NONE', #3751, #3174, #3094 ) ;
#3693 = ORIENTED_EDGE ( 'NONE', *, *, #2804, .F. ) ;
#3694 = CYLINDRICAL_SURFACE ( 'NONE', #1939, 9.999999999999998224 ) ;
#3695 = DIRECTION ( 'NONE',  ( -1.000000000000000000, 0.000000000000000000, 0.000000000000000000 ) ) ;
#3696 = DIRECTION ( 'NONE',  ( 0.000000000000000000, 0.000000000000000000, 1.000000000000000000 ) ) ;
#3697 = VERTEX_POINT ( 'NONE', #3445 ) ;
#3698 = ORIENTED_EDGE ( 'NONE', *, *, #165, .T. ) ;
#3699 = ORIENTED_EDGE ( 'NONE', *, *, #3719, .T. ) ;
#3700 = ORIENTED_EDGE ( 'NONE', *, *, #583, .T. ) ;
#3701 = CARTESIAN_POINT ( 'NONE',  ( 2.000000000000000000, -20.55223281392809298, 9.154819897851471211 ) ) ;
#3702 = DIRECTION ( 'NONE',  ( -1.000000000000000000, -0.000000000000000000, 0.000000000000000000 ) ) ;
#3703 = VECTOR ( 'NONE', #2203, 1000.000000000000000 ) ;
#3704 = EDGE_CURVE ( 'NONE', #2698, #3124, #1382, .T. ) ;
#3705 = ORIENTED_EDGE ( 'NONE', *, *, #1588, .T. ) ;
#3706 = CARTESIAN_POINT ( 'NONE',  ( 0.000000000000000000, 15.73886882308577562, 16.07771778486295133 ) ) ;
#3707 = DIRECTION ( 'NONE',  ( 0.000000000000000000, 0.000000000000000000, 1.000000000000000000 ) ) ;
#3708 = CYLINDRICAL_SURFACE ( 'NONE', #687, 22.49899999999999878 ) ;
#3709 = AXIS2_PLACEMENT_3D ( 'NONE', #832, #3119, #3141 ) ;
#3710 = EDGE_CURVE ( 'NONE', #2538, #1547, #2834, .T. ) ;
#3711 = AXIS2_PLACEMENT_3D ( 'NONE', #3324, #1611, #145 ) ;
#3712 = VERTEX_POINT ( 'NONE', #1057 ) ;
#3713 = VECTOR ( 'NONE', #1240, 1000.000000000000000 ) ;
#3714 = CARTESIAN_POINT ( 'NONE',  ( 0.000000000000000000, -20.55223281392809298, 9.154819897851471211 ) ) ;
#3715 = CARTESIAN_POINT ( 'NONE',  ( 2.000000000000000000, -22.04646631764107667, 8.114321385059838576 ) ) ;
#3716 = VECTOR ( 'NONE', #3725, 1000.000000000000000 ) ;
#3717 = DIRECTION ( 'NONE',  ( -1.000000000000000000, -0.000000000000000000, -0.000000000000000000 ) ) ;
#3718 = ORIENTED_EDGE ( 'NONE', *, *, #1649, .F. ) ;
#3719 = EDGE_CURVE ( 'NONE', #936, #968, #338, .T. ) ;
#3720 = EDGE_LOOP ( 'NONE', ( #3616, #3553, #2805, #3682 ) ) ;
#3721 = FACE_OUTER_BOUND ( 'NONE', #462, .T. ) ;
#3722 = DIRECTION ( 'NONE',  ( 0.000000000000000000, 0.000000000000000000, 1.000000000000000000 ) ) ;
#3723 = VERTEX_POINT ( 'NONE', #1993 ) ;
#3724 = CARTESIAN_POINT ( 'NONE',  ( 0.000000000000000000, 20.85562920839656442, 10.81349244956494537 ) ) ;
#3725 = DIRECTION ( 'NONE',  ( -1.000000000000000000, -0.000000000000000000, 0.000000000000000000 ) ) ;
#3726 = DIRECTION ( 'NONE',  ( -1.000000000000000000, -0.000000000000000000, 0.000000000000000000 ) ) ;
#3727 = ORIENTED_EDGE ( 'NONE', *, *, #3053, .F. ) ;
#3728 = CARTESIAN_POINT ( 'NONE',  ( 2.000000000000000000, -3.839498604289850014, -23.17643499554187869 ) ) ;
#3729 = DIRECTION ( 'NONE',  ( 0.000000000000000000, -0.7705132427757950264, 0.6374239897486827511 ) ) ;
#3730 = CIRCLE ( 'NONE', #19, 27.00000000000000000 ) ;
#3731 = LINE ( 'NONE', #3677, #2176 ) ;
#3732 = CIRCLE ( 'NONE', #199, 22.49899999999999878 ) ;
#3733 = ORIENTED_EDGE ( 'NONE', *, *, #1862, .F. ) ;
#3734 = EDGE_CURVE ( 'NONE', #2400, #475, #2710, .T. ) ;
#3735 = CIRCLE ( 'NONE', #1176, 22.49900000000000233 ) ;
#3736 = ORIENTED_EDGE ( 'NONE', *, *, #1254, .F. ) ;
#3737 = CYLINDRICAL_SURFACE ( 'NONE', #2264, 9.999999999999998224 ) ;
#3738 = DIRECTION ( 'NONE',  ( 0.000000000000000000, 0.000000000000000000, 1.000000000000000000 ) ) ;
#3739 = DIRECTION ( 'NONE',  ( 0.000000000000000000, 0.2486898871648553777, -0.9685831611286308540 ) ) ;
#3740 = ADVANCED_FACE ( 'NONE', ( #2852 ), #2015, .T. ) ;
#3741 = VECTOR ( 'NONE', #1092, 1000.000000000000000 ) ;
#3742 = EDGE_CURVE ( 'NONE', #918, #2165, #1552, .T. ) ;
#3743 = ORIENTED_EDGE ( 'NONE', *, *, #3139, .T. ) ;
#3744 = DIRECTION ( 'NONE',  ( 0.000000000000000000, 0.000000000000000000, 1.000000000000000000 ) ) ;
#3745 = FACE_OUTER_BOUND ( 'NONE', #3397, .T. ) ;
#3746 = CARTESIAN_POINT ( 'NONE',  ( 0.000000000000000000, 12.84376727072260493, 18.47275407987435614 ) ) ;
#3747 = ADVANCED_FACE ( 'NONE', ( #2525 ), #224, .T. ) ;
#3748 = ORIENTED_EDGE ( 'NONE', *, *, #1713, .T. ) ;
#3749 = DIRECTION ( 'NONE',  ( -1.000000000000000000, -0.000000000000000000, 0.000000000000000000 ) ) ;
#3750 = CARTESIAN_POINT ( 'NONE',  ( 2.000000000000000000, -4.961939245689439559, -22.96231799181016697 ) ) ;
#3751 = CARTESIAN_POINT ( 'NONE',  ( -10.00000000000000000, 0.000000000000000000, 0.000000000000000000 ) ) ;
#3752 = DIRECTION ( 'NONE',  ( -1.000000000000000000, 0.000000000000000000, 0.000000000000000000 ) ) ;
#3753 = ORIENTED_EDGE ( 'NONE', *, *, #753, .T. ) ;
#3754 = ADVANCED_FACE ( 'NONE', ( #1629 ), #2791, .T. ) ;
#3755 = ORIENTED_EDGE ( 'NONE', *, *, #2943, .T. ) ;
#3756 = VERTEX_POINT ( 'NONE', #492 ) ;
#3757 = DIRECTION ( 'NONE',  ( 0.000000000000000000, 0.000000000000000000, 1.000000000000000000 ) ) ;
#3758 = VERTEX_POINT ( 'NONE', #1653 ) ;
#3759 = DIRECTION ( 'NONE',  ( -1.000000000000000000, -0.000000000000000000, 0.000000000000000000 ) ) ;
#3760 = CARTESIAN_POINT ( 'NONE',  ( 2.000000000000000000, 23.48536690928489179, 10.57134032869047680 ) ) ;
#3761 = CARTESIAN_POINT ( 'NONE',  ( 2.000000000000000000, 0.000000000000000000, 0.000000000000000000 ) ) ;
#3762 = VECTOR ( 'NONE', #2042, 1000.000000000000000 ) ;
#3763 = EDGE_CURVE ( 'NONE', #207, #3114, #2769, .T. ) ;
#3764 = ORIENTED_EDGE ( 'NONE', *, *, #79, .T. ) ;
#3765 = CARTESIAN_POINT ( 'NONE',  ( 0.000000000000000000, -1.119998386744461616, -26.97676043585830286 ) ) ;
#3766 = LINE ( 'NONE', #1154, #2880 ) ;
#3767 = DIRECTION ( 'NONE',  ( -1.000000000000000000, -0.000000000000000000, 0.000000000000000000 ) ) ;
#3768 = CIRCLE ( 'NONE', #1022, 9.999999999999996447 ) ;
#3769 = AXIS2_PLACEMENT_3D ( 'NONE', #3434, #780, #154 ) ;
ENDSEC;
END-ISO-10303-21;
